ISO-10303-21;
HEADER;
FILE_DESCRIPTION(('STEP AP214'),'1');
FILE_NAME('UC1.stp','2026-06-17T13:29:12',(' '),(' '),'Spatial InterOp 3D',' ',' ');
FILE_SCHEMA(('AUTOMOTIVE_DESIGN { 1 0 10303 214 1 1 1 1 }'));
ENDSEC;
DATA;
#1=MECHANICAL_DESIGN_GEOMETRIC_PRESENTATION_REPRESENTATION(' ',(#10),#6);
#2=PRODUCT_DEFINITION_CONTEXT('',#11,'design');
#3=APPLICATION_PROTOCOL_DEFINITION('INTERNATIONAL STANDARD','automotive_design',1994,#11);
#4=PRODUCT_CATEGORY_RELATIONSHIP('NONE','NONE',#12,#13);
#5=SHAPE_DEFINITION_REPRESENTATION(#14,#15);
#6= (GEOMETRIC_REPRESENTATION_CONTEXT(3)GLOBAL_UNCERTAINTY_ASSIGNED_CONTEXT((#18))GLOBAL_UNIT_ASSIGNED_CONTEXT((#20,#21,#22))REPRESENTATION_CONTEXT('NONE','WORKSPACE'));
#10=STYLED_ITEM('',(#24),#25);
#11=APPLICATION_CONTEXT(' ');
#12=PRODUCT_CATEGORY('part','NONE');
#13=PRODUCT_RELATED_PRODUCT_CATEGORY('detail',' ',(#26));
#14=PRODUCT_DEFINITION_SHAPE('NONE','NONE',#27);
#15=ADVANCED_BREP_SHAPE_REPRESENTATION('\X2\5B9E4F53\X0\111',(#25,#28),#6);
#18=UNCERTAINTY_MEASURE_WITH_UNIT(LENGTH_MEASURE(1.0E-08),#20,'','');
#20= (CONVERSION_BASED_UNIT('METRE',#31)LENGTH_UNIT()NAMED_UNIT(#34));
#21= (NAMED_UNIT(#36)PLANE_ANGLE_UNIT()SI_UNIT($,.RADIAN.));
#22= (NAMED_UNIT(#36)SOLID_ANGLE_UNIT()SI_UNIT($,.STERADIAN.));
#24=PRESENTATION_STYLE_ASSIGNMENT((#42));
#25=MANIFOLD_SOLID_BREP('\X2\5B9E4F53\X0\111',#43);
#26=PRODUCT('\X2\5B9E4F53\X0\111','','PART--DESC',(#44));
#27=PRODUCT_DEFINITION('','NONE',#45,#2);
#28=AXIS2_PLACEMENT_3D('',#46,#47,#48);
#31=LENGTH_MEASURE_WITH_UNIT(LENGTH_MEASURE(1.0),#49);
#34=DIMENSIONAL_EXPONENTS(1.0,0.0,0.0,0.0,0.0,0.0,0.0);
#36=DIMENSIONAL_EXPONENTS(0.0,0.0,0.0,0.0,0.0,0.0,0.0);
#42=SURFACE_STYLE_USAGE(.BOTH.,#50);
#43=CLOSED_SHELL('',(#51,#52,#53,#54,#55,#56,#57,#58,#59,#60,#61,#62,#63,#64,#65,#66,#67,#68,#69,#70,#71,#72,#73,#74,#75,#76,#77,#78,#79,#80,#81,#82,#83,#84,#85,#86,#87,#88,#89,#90,#91,#92,#93,#94,#95,#96,#97,#98,#99,#100,#101,#102,#103,#104,#105,#106,#107,#108,#109,#110,#111,#112,#113,#114,#115,#116,#117,#118,#119,#120));
#44=PRODUCT_CONTEXT('',#11,'mechanical');
#45=PRODUCT_DEFINITION_FORMATION_WITH_SPECIFIED_SOURCE(' ','NONE',#26,.NOT_KNOWN.);
#46=CARTESIAN_POINT('',(0.0,0.0,0.0));
#47=DIRECTION('',(0.0,0.0,1.0));
#48=DIRECTION('',(1.0,0.0,0.0));
#49= (NAMED_UNIT(#34)LENGTH_UNIT()SI_UNIT($,.METRE.));
#50=SURFACE_SIDE_STYLE('',(#122));
#51=ADVANCED_FACE('5:49844',(#123),#124,.T.);
#52=ADVANCED_FACE('5:49834',(#125),#126,.T.);
#53=ADVANCED_FACE('5:49804',(#127),#128,.T.);
#54=ADVANCED_FACE('5:49761',(#129),#130,.T.);
#55=ADVANCED_FACE('5:49728',(#131),#132,.T.);
#56=ADVANCED_FACE('5:49698',(#133),#134,.T.);
#57=ADVANCED_FACE('5:49821',(#135),#136,.T.);
#58=ADVANCED_FACE('5:50856',(#137),#138,.T.);
#59=ADVANCED_FACE('5:49685',(#139),#140,.T.);
#60=ADVANCED_FACE('5:49791',(#141),#142,.T.);
#61=ADVANCED_FACE('5:37507',(#143),#144,.T.);
#62=ADVANCED_FACE('5:37687',(#145),#146,.T.);
#63=ADVANCED_FACE('5:37327',(#147),#148,.T.);
#64=ADVANCED_FACE('5:50886',(#149),#150,.T.);
#65=ADVANCED_FACE('5:50919',(#151),#152,.T.);
#66=ADVANCED_FACE('5:51002',(#153),#154,.T.);
#67=ADVANCED_FACE('5:37282',(#155),#156,.T.);
#68=ADVANCED_FACE('5:50992',(#157),#158,.T.);
#69=ADVANCED_FACE('5:49639',(#159),#160,.T.);
#70=ADVANCED_FACE('5:49715',(#161),#162,.T.);
#71=ADVANCED_FACE('5:50962',(#163),#164,.T.);
#72=ADVANCED_FACE('5:49768',(#165),#166,.T.);
#73=ADVANCED_FACE('5:50803',(#167),#168,.T.);
#74=ADVANCED_FACE('5:50849',(#169),#170,.T.);
#75=ADVANCED_FACE('5:50879',(#171),#172,.T.);
#76=ADVANCED_FACE('5:50932',(#173),#174,.T.);
#77=ADVANCED_FACE('5:50955',(#175),#176,.T.);
#78=ADVANCED_FACE('5:50985',(#177),#178,.T.);
#79=ADVANCED_FACE('5:50793',(#179),#180,.F.);
#80=ADVANCED_FACE('5:50985',(#181),#182,.T.);
#81=ADVANCED_FACE('5:50955',(#183),#184,.T.);
#82=ADVANCED_FACE('5:50942',(#185),#186,.F.);
#83=ADVANCED_FACE('5:50932',(#187),#188,.T.);
#84=ADVANCED_FACE('5:50909',(#189),#190,.T.);
#85=ADVANCED_FACE('5:50879',(#191),#192,.T.);
#86=ADVANCED_FACE('5:50869',(#193),#194,.T.);
#87=ADVANCED_FACE('5:50849',(#195),#196,.T.);
#88=ADVANCED_FACE('5:50813',(#197),#198,.T.);
#89=ADVANCED_FACE('5:50803',(#199),#200,.T.);
#90=ADVANCED_FACE('5:49635',(#201),#202,.T.);
#91=ADVANCED_FACE('5:49768',(#203),#204,.T.);
#92=ADVANCED_FACE('5:50962',(#205),#206,.T.);
#93=ADVANCED_FACE('5:49715',(#207),#208,.T.);
#94=ADVANCED_FACE('5:49639',(#209),#210,.T.);
#95=ADVANCED_FACE('5:50972',(#211),#212,.T.);
#96=ADVANCED_FACE('5:50896',(#213),#214,.T.);
#97=ADVANCED_FACE('5:50992',(#215),#216,.T.);
#98=ADVANCED_FACE('5:37282',(#217),#218,.T.);
#99=ADVANCED_FACE('5:51002',(#219),#220,.T.);
#100=ADVANCED_FACE('5:50919',(#221),#222,.T.);
#101=ADVANCED_FACE('5:50886',(#223),#224,.T.);
#102=ADVANCED_FACE('5:37327',(#225),#226,.T.);
#103=ADVANCED_FACE('5:37687',(#227),#228,.T.);
#104=ADVANCED_FACE('5:37507',(#229),#230,.T.);
#105=ADVANCED_FACE('5:49791',(#231),#232,.T.);
#106=ADVANCED_FACE('5:49685',(#233),#234,.T.);
#107=ADVANCED_FACE('5:50823',(#235),#236,.T.);
#108=ADVANCED_FACE('5:50856',(#237),#238,.T.);
#109=ADVANCED_FACE('5:49705',(#239),#240,.T.);
#110=ADVANCED_FACE('5:49821',(#241),#242,.T.);
#111=ADVANCED_FACE('5:50833',(#243),#244,.F.);
#112=ADVANCED_FACE('5:49665',(#245),#246,.T.);
#113=ADVANCED_FACE('5:49698',(#247),#248,.T.);
#114=ADVANCED_FACE('5:49728',(#249),#250,.T.);
#115=ADVANCED_FACE('5:49738',(#251),#252,.T.);
#116=ADVANCED_FACE('5:49761',(#253),#254,.T.);
#117=ADVANCED_FACE('5:49804',(#255),#256,.T.);
#118=ADVANCED_FACE('5:49814',(#257),#258,.T.);
#119=ADVANCED_FACE('5:49834',(#259),#260,.T.);
#120=ADVANCED_FACE('5:49844',(#261),#262,.T.);
#122=SURFACE_STYLE_FILL_AREA(#263);
#123=FACE_OUTER_BOUND('',#264,.T.);
#124=CYLINDRICAL_SURFACE('',#265,0.0002404);
#125=FACE_OUTER_BOUND('',#266,.T.);
#126=CYLINDRICAL_SURFACE('',#267,0.0002404);
#127=FACE_OUTER_BOUND('',#268,.T.);
#128=CYLINDRICAL_SURFACE('',#269,0.0002404);
#129=FACE_OUTER_BOUND('',#270,.T.);
#130=CYLINDRICAL_SURFACE('',#271,0.0002404);
#131=FACE_OUTER_BOUND('',#272,.T.);
#132=CYLINDRICAL_SURFACE('',#273,0.0002404);
#133=FACE_OUTER_BOUND('',#274,.T.);
#134=CYLINDRICAL_SURFACE('',#275,0.0002404);
#135=FACE_OUTER_BOUND('',#276,.T.);
#136=CYLINDRICAL_SURFACE('',#277,0.0002404);
#137=FACE_OUTER_BOUND('',#278,.T.);
#138=CYLINDRICAL_SURFACE('',#279,0.0002404);
#139=FACE_OUTER_BOUND('',#280,.T.);
#140=CYLINDRICAL_SURFACE('',#281,0.0002404);
#141=FACE_OUTER_BOUND('',#282,.T.);
#142=CYLINDRICAL_SURFACE('',#283,0.0002404);
#143=FACE_OUTER_BOUND('',#284,.T.);
#144=CYLINDRICAL_SURFACE('',#285,0.000240400000000001);
#145=FACE_OUTER_BOUND('',#286,.T.);
#146=CYLINDRICAL_SURFACE('',#287,0.000240400000000001);
#147=FACE_OUTER_BOUND('',#288,.T.);
#148=CYLINDRICAL_SURFACE('',#289,0.000240400000000001);
#149=FACE_OUTER_BOUND('',#290,.T.);
#150=CYLINDRICAL_SURFACE('',#291,0.0002404);
#151=FACE_OUTER_BOUND('',#292,.T.);
#152=CYLINDRICAL_SURFACE('',#293,0.0002404);
#153=FACE_OUTER_BOUND('',#294,.T.);
#154=CYLINDRICAL_SURFACE('',#295,0.0002404);
#155=FACE_OUTER_BOUND('',#296,.T.);
#156=CYLINDRICAL_SURFACE('',#297,0.000240400000000001);
#157=FACE_OUTER_BOUND('',#298,.T.);
#158=CYLINDRICAL_SURFACE('',#299,0.0002404);
#159=FACE_OUTER_BOUND('',#300,.T.);
#160=CYLINDRICAL_SURFACE('',#301,0.0002404);
#161=FACE_OUTER_BOUND('',#302,.T.);
#162=CYLINDRICAL_SURFACE('',#303,0.0002404);
#163=FACE_OUTER_BOUND('',#304,.T.);
#164=CYLINDRICAL_SURFACE('',#305,0.0002404);
#165=FACE_OUTER_BOUND('',#306,.T.);
#166=CYLINDRICAL_SURFACE('',#307,0.0002404);
#167=FACE_OUTER_BOUND('',#308,.T.);
#168=CYLINDRICAL_SURFACE('',#309,0.0002404);
#169=FACE_OUTER_BOUND('',#310,.T.);
#170=CYLINDRICAL_SURFACE('',#311,0.0002404);
#171=FACE_OUTER_BOUND('',#312,.T.);
#172=CYLINDRICAL_SURFACE('',#313,0.0002404);
#173=FACE_OUTER_BOUND('',#314,.T.);
#174=CYLINDRICAL_SURFACE('',#315,0.0002404);
#175=FACE_OUTER_BOUND('',#316,.T.);
#176=CYLINDRICAL_SURFACE('',#317,0.0002404);
#177=FACE_OUTER_BOUND('',#318,.T.);
#178=CYLINDRICAL_SURFACE('',#319,0.0002404);
#179=FACE_OUTER_BOUND('',#320,.T.);
#180=PLANE('',#321);
#181=FACE_OUTER_BOUND('',#322,.T.);
#182=CYLINDRICAL_SURFACE('',#323,0.0002404);
#183=FACE_OUTER_BOUND('',#324,.T.);
#184=CYLINDRICAL_SURFACE('',#325,0.0002404);
#185=FACE_OUTER_BOUND('',#326,.T.);
#186=PLANE('',#327);
#187=FACE_OUTER_BOUND('',#328,.T.);
#188=CYLINDRICAL_SURFACE('',#329,0.0002404);
#189=FACE_OUTER_BOUND('',#330,.T.);
#190=PLANE('',#331);
#191=FACE_OUTER_BOUND('',#332,.T.);
#192=CYLINDRICAL_SURFACE('',#333,0.0002404);
#193=FACE_OUTER_BOUND('',#334,.T.);
#194=CYLINDRICAL_SURFACE('',#335,0.0002404);
#195=FACE_OUTER_BOUND('',#336,.T.);
#196=CYLINDRICAL_SURFACE('',#337,0.0002404);
#197=FACE_OUTER_BOUND('',#338,.T.);
#198=PLANE('',#339);
#199=FACE_OUTER_BOUND('',#340,.T.);
#200=CYLINDRICAL_SURFACE('',#341,0.0002404);
#201=FACE_OUTER_BOUND('',#342,.T.);
#202=PLANE('',#343);
#203=FACE_OUTER_BOUND('',#344,.T.);
#204=CYLINDRICAL_SURFACE('',#345,0.0002404);
#205=FACE_OUTER_BOUND('',#346,.T.);
#206=CYLINDRICAL_SURFACE('',#347,0.0002404);
#207=FACE_OUTER_BOUND('',#348,.T.);
#208=CYLINDRICAL_SURFACE('',#349,0.0002404);
#209=FACE_OUTER_BOUND('',#350,.T.);
#210=CYLINDRICAL_SURFACE('',#351,0.0002404);
#211=FACE_OUTER_BOUND('',#352,.T.);
#212=CYLINDRICAL_SURFACE('',#353,0.000240400000000001);
#213=FACE_OUTER_BOUND('',#354,.T.);
#214=CYLINDRICAL_SURFACE('',#355,0.000240400000000001);
#215=FACE_OUTER_BOUND('',#356,.T.);
#216=CYLINDRICAL_SURFACE('',#357,0.0002404);
#217=FACE_OUTER_BOUND('',#358,.T.);
#218=CYLINDRICAL_SURFACE('',#359,0.000240400000000001);
#219=FACE_OUTER_BOUND('',#360,.T.);
#220=CYLINDRICAL_SURFACE('',#361,0.0002404);
#221=FACE_OUTER_BOUND('',#362,.T.);
#222=CYLINDRICAL_SURFACE('',#363,0.0002404);
#223=FACE_OUTER_BOUND('',#364,.T.);
#224=CYLINDRICAL_SURFACE('',#365,0.0002404);
#225=FACE_OUTER_BOUND('',#366,.T.);
#226=CYLINDRICAL_SURFACE('',#367,0.000240400000000001);
#227=FACE_OUTER_BOUND('',#368,.T.);
#228=CYLINDRICAL_SURFACE('',#369,0.000240400000000001);
#229=FACE_OUTER_BOUND('',#370,.T.);
#230=CYLINDRICAL_SURFACE('',#371,0.000240400000000001);
#231=FACE_OUTER_BOUND('',#372,.T.);
#232=CYLINDRICAL_SURFACE('',#373,0.0002404);
#233=FACE_OUTER_BOUND('',#374,.T.);
#234=CYLINDRICAL_SURFACE('',#375,0.0002404);
#235=FACE_OUTER_BOUND('',#376,.T.);
#236=CYLINDRICAL_SURFACE('',#377,0.0002404);
#237=FACE_OUTER_BOUND('',#378,.T.);
#238=CYLINDRICAL_SURFACE('',#379,0.0002404);
#239=FACE_OUTER_BOUND('',#380,.T.);
#240=CYLINDRICAL_SURFACE('',#381,0.000240400000000001);
#241=FACE_OUTER_BOUND('',#382,.T.);
#242=CYLINDRICAL_SURFACE('',#383,0.0002404);
#243=FACE_OUTER_BOUND('',#384,.T.);
#244=PLANE('',#385);
#245=FACE_OUTER_BOUND('',#386,.T.);
#246=CYLINDRICAL_SURFACE('',#387,0.000240400000000001);
#247=FACE_OUTER_BOUND('',#388,.T.);
#248=CYLINDRICAL_SURFACE('',#389,0.0002404);
#249=FACE_OUTER_BOUND('',#390,.T.);
#250=CYLINDRICAL_SURFACE('',#391,0.0002404);
#251=FACE_OUTER_BOUND('',#392,.T.);
#252=CYLINDRICAL_SURFACE('',#393,0.000240400000000001);
#253=FACE_OUTER_BOUND('',#394,.T.);
#254=CYLINDRICAL_SURFACE('',#395,0.0002404);
#255=FACE_OUTER_BOUND('',#396,.T.);
#256=CYLINDRICAL_SURFACE('',#397,0.0002404);
#257=FACE_OUTER_BOUND('',#398,.T.);
#258=CYLINDRICAL_SURFACE('',#399,0.000240400000000001);
#259=FACE_OUTER_BOUND('',#400,.T.);
#260=CYLINDRICAL_SURFACE('',#401,0.0002404);
#261=FACE_OUTER_BOUND('',#402,.T.);
#262=CYLINDRICAL_SURFACE('',#403,0.0002404);
#263=FILL_AREA_STYLE('',(#404));
#264=EDGE_LOOP('',(#405,#406,#407,#408,#409,#410));
#265=AXIS2_PLACEMENT_3D('',#411,#412,#413);
#266=EDGE_LOOP('',(#414,#415,#416,#417,#418,#419,#420,#421,#422));
#267=AXIS2_PLACEMENT_3D('',#423,#424,#425);
#268=EDGE_LOOP('',(#426,#427,#428,#429,#430,#431));
#269=AXIS2_PLACEMENT_3D('',#432,#433,#434);
#270=EDGE_LOOP('',(#435,#436,#437,#438,#439,#440));
#271=AXIS2_PLACEMENT_3D('',#441,#442,#443);
#272=EDGE_LOOP('',(#444,#445,#446,#447,#448,#449,#450,#451,#452));
#273=AXIS2_PLACEMENT_3D('',#453,#454,#455);
#274=EDGE_LOOP('',(#456,#457,#458,#459,#460,#461));
#275=AXIS2_PLACEMENT_3D('',#462,#463,#464);
#276=EDGE_LOOP('',(#465,#466,#467,#468,#469,#470));
#277=AXIS2_PLACEMENT_3D('',#471,#472,#473);
#278=EDGE_LOOP('',(#474,#475,#476,#477,#478,#479));
#279=AXIS2_PLACEMENT_3D('',#480,#481,#482);
#280=EDGE_LOOP('',(#483,#484,#485,#486,#487,#488,#489,#490,#491));
#281=AXIS2_PLACEMENT_3D('',#492,#493,#494);
#282=EDGE_LOOP('',(#495,#496,#497,#498,#499,#500,#501,#502,#503));
#283=AXIS2_PLACEMENT_3D('',#504,#505,#506);
#284=EDGE_LOOP('',(#507,#508,#509,#510,#511,#512,#513,#514,#515,#516));
#285=AXIS2_PLACEMENT_3D('',#517,#518,#519);
#286=EDGE_LOOP('',(#520,#521,#522,#523,#524,#525,#526,#527,#528,#529));
#287=AXIS2_PLACEMENT_3D('',#530,#531,#532);
#288=EDGE_LOOP('',(#533,#534,#535,#536,#537,#538,#539,#540,#541,#542));
#289=AXIS2_PLACEMENT_3D('',#543,#544,#545);
#290=EDGE_LOOP('',(#546,#547,#548,#549,#550,#551,#552,#553,#554));
#291=AXIS2_PLACEMENT_3D('',#555,#556,#557);
#292=EDGE_LOOP('',(#558,#559,#560,#561,#562,#563));
#293=AXIS2_PLACEMENT_3D('',#564,#565,#566);
#294=EDGE_LOOP('',(#567,#568,#569,#570,#571,#572));
#295=AXIS2_PLACEMENT_3D('',#573,#574,#575);
#296=EDGE_LOOP('',(#576,#577,#578,#579,#580,#581,#582,#583,#584,#585));
#297=AXIS2_PLACEMENT_3D('',#586,#587,#588);
#298=EDGE_LOOP('',(#589,#590,#591,#592,#593,#594,#595,#596,#597));
#299=AXIS2_PLACEMENT_3D('',#598,#599,#600);
#300=EDGE_LOOP('',(#601,#602,#603,#604,#605,#606));
#301=AXIS2_PLACEMENT_3D('',#607,#608,#609);
#302=EDGE_LOOP('',(#610,#611,#612,#613,#614,#615));
#303=AXIS2_PLACEMENT_3D('',#616,#617,#618);
#304=EDGE_LOOP('',(#619,#620,#621,#622,#623,#624));
#305=AXIS2_PLACEMENT_3D('',#625,#626,#627);
#306=EDGE_LOOP('',(#628,#629,#630,#631,#632,#633));
#307=AXIS2_PLACEMENT_3D('',#634,#635,#636);
#308=EDGE_LOOP('',(#637,#638,#639,#640,#641,#642));
#309=AXIS2_PLACEMENT_3D('',#643,#644,#645);
#310=EDGE_LOOP('',(#646,#647,#648,#649,#650,#651,#652,#653,#654));
#311=AXIS2_PLACEMENT_3D('',#655,#656,#657);
#312=EDGE_LOOP('',(#658,#659,#660,#661,#662,#663));
#313=AXIS2_PLACEMENT_3D('',#664,#665,#666);
#314=EDGE_LOOP('',(#667,#668,#669,#670,#671,#672));
#315=AXIS2_PLACEMENT_3D('',#673,#674,#675);
#316=EDGE_LOOP('',(#676,#677,#678,#679,#680,#681,#682,#683,#684));
#317=AXIS2_PLACEMENT_3D('',#685,#686,#687);
#318=EDGE_LOOP('',(#688,#689,#690,#691,#692,#693));
#319=AXIS2_PLACEMENT_3D('',#694,#695,#696);
#320=EDGE_LOOP('',(#697,#698,#699,#700,#701,#702,#703,#704,#705,#706,#707,#708,#709,#710,#711,#712,#713,#714,#715,#716,#717,#718,#719,#720,#721,#722,#723,#724));
#321=AXIS2_PLACEMENT_3D('',#725,#726,#727);
#322=EDGE_LOOP('',(#728,#729,#730,#731,#732,#733));
#323=AXIS2_PLACEMENT_3D('',#734,#735,#736);
#324=EDGE_LOOP('',(#737,#738,#739,#740,#741,#742,#743,#744,#745));
#325=AXIS2_PLACEMENT_3D('',#746,#747,#748);
#326=EDGE_LOOP('',(#749,#750,#751,#752,#753,#754,#755,#756,#757,#758,#759,#760,#761,#762,#763,#764));
#327=AXIS2_PLACEMENT_3D('',#765,#766,#767);
#328=EDGE_LOOP('',(#768,#769,#770,#771,#772,#773));
#329=AXIS2_PLACEMENT_3D('',#774,#775,#776);
#330=EDGE_LOOP('',(#777,#778,#779,#780,#781,#782,#783,#784,#785,#786,#787,#788,#789,#790,#791,#792));
#331=AXIS2_PLACEMENT_3D('',#793,#794,#795);
#332=EDGE_LOOP('',(#796,#797,#798,#799,#800,#801));
#333=AXIS2_PLACEMENT_3D('',#802,#803,#804);
#334=EDGE_LOOP('',(#805,#806,#807,#808,#809,#810,#811,#812,#813,#814));
#335=AXIS2_PLACEMENT_3D('',#815,#816,#817);
#336=EDGE_LOOP('',(#818,#819,#820,#821,#822,#823,#824,#825,#826));
#337=AXIS2_PLACEMENT_3D('',#827,#828,#829);
#338=EDGE_LOOP('',(#830,#831,#832,#833,#834,#835,#836,#837,#838,#839,#840,#841,#842,#843,#844,#845));
#339=AXIS2_PLACEMENT_3D('',#846,#847,#848);
#340=EDGE_LOOP('',(#849,#850,#851,#852,#853,#854));
#341=AXIS2_PLACEMENT_3D('',#855,#856,#857);
#342=EDGE_LOOP('',(#858,#859,#860,#861,#862,#863,#864,#865,#866,#867,#868,#869,#870,#871,#872,#873,#874,#875,#876,#877,#878,#879,#880,#881,#882,#883,#884,#885));
#343=AXIS2_PLACEMENT_3D('',#886,#887,#888);
#344=EDGE_LOOP('',(#889,#890,#891,#892,#893,#894));
#345=AXIS2_PLACEMENT_3D('',#895,#896,#897);
#346=EDGE_LOOP('',(#898,#899,#900,#901,#902,#903));
#347=AXIS2_PLACEMENT_3D('',#904,#905,#906);
#348=EDGE_LOOP('',(#907,#908,#909,#910,#911,#912));
#349=AXIS2_PLACEMENT_3D('',#913,#914,#915);
#350=EDGE_LOOP('',(#916,#917,#918,#919,#920,#921));
#351=AXIS2_PLACEMENT_3D('',#922,#923,#924);
#352=EDGE_LOOP('',(#925,#926,#927,#928,#929,#930,#931,#932,#933,#934));
#353=AXIS2_PLACEMENT_3D('',#935,#936,#937);
#354=EDGE_LOOP('',(#938,#939,#940,#941,#942,#943,#944,#945,#946,#947));
#355=AXIS2_PLACEMENT_3D('',#948,#949,#950);
#356=EDGE_LOOP('',(#951,#952,#953,#954,#955,#956,#957,#958,#959));
#357=AXIS2_PLACEMENT_3D('',#960,#961,#962);
#358=EDGE_LOOP('',(#963,#964,#965,#966,#967,#968,#969,#970,#971,#972));
#359=AXIS2_PLACEMENT_3D('',#973,#974,#975);
#360=EDGE_LOOP('',(#976,#977,#978,#979,#980,#981));
#361=AXIS2_PLACEMENT_3D('',#982,#983,#984);
#362=EDGE_LOOP('',(#985,#986,#987,#988,#989,#990));
#363=AXIS2_PLACEMENT_3D('',#991,#992,#993);
#364=EDGE_LOOP('',(#994,#995,#996,#997,#998,#999,#1000,#1001,#1002));
#365=AXIS2_PLACEMENT_3D('',#1003,#1004,#1005);
#366=EDGE_LOOP('',(#1006,#1007,#1008,#1009,#1010,#1011,#1012,#1013,#1014,#1015));
#367=AXIS2_PLACEMENT_3D('',#1016,#1017,#1018);
#368=EDGE_LOOP('',(#1019,#1020,#1021,#1022,#1023,#1024,#1025,#1026,#1027,#1028));
#369=AXIS2_PLACEMENT_3D('',#1029,#1030,#1031);
#370=EDGE_LOOP('',(#1032,#1033,#1034,#1035,#1036,#1037,#1038,#1039,#1040,#1041));
#371=AXIS2_PLACEMENT_3D('',#1042,#1043,#1044);
#372=EDGE_LOOP('',(#1045,#1046,#1047,#1048,#1049,#1050,#1051,#1052,#1053));
#373=AXIS2_PLACEMENT_3D('',#1054,#1055,#1056);
#374=EDGE_LOOP('',(#1057,#1058,#1059,#1060,#1061,#1062,#1063,#1064,#1065));
#375=AXIS2_PLACEMENT_3D('',#1066,#1067,#1068);
#376=EDGE_LOOP('',(#1069,#1070,#1071,#1072,#1073,#1074,#1075,#1076,#1077,#1078));
#377=AXIS2_PLACEMENT_3D('',#1079,#1080,#1081);
#378=EDGE_LOOP('',(#1082,#1083,#1084,#1085,#1086,#1087));
#379=AXIS2_PLACEMENT_3D('',#1088,#1089,#1090);
#380=EDGE_LOOP('',(#1091,#1092,#1093,#1094,#1095,#1096,#1097,#1098,#1099,#1100));
#381=AXIS2_PLACEMENT_3D('',#1101,#1102,#1103);
#382=EDGE_LOOP('',(#1104,#1105,#1106,#1107,#1108,#1109));
#383=AXIS2_PLACEMENT_3D('',#1110,#1111,#1112);
#384=EDGE_LOOP('',(#1113,#1114,#1115,#1116,#1117,#1118,#1119,#1120,#1121,#1122,#1123,#1124,#1125,#1126,#1127,#1128));
#385=AXIS2_PLACEMENT_3D('',#1129,#1130,#1131);
#386=EDGE_LOOP('',(#1132,#1133,#1134,#1135,#1136,#1137,#1138,#1139,#1140,#1141));
#387=AXIS2_PLACEMENT_3D('',#1142,#1143,#1144);
#388=EDGE_LOOP('',(#1145,#1146,#1147,#1148,#1149,#1150));
#389=AXIS2_PLACEMENT_3D('',#1151,#1152,#1153);
#390=EDGE_LOOP('',(#1154,#1155,#1156,#1157,#1158,#1159,#1160,#1161,#1162));
#391=AXIS2_PLACEMENT_3D('',#1163,#1164,#1165);
#392=EDGE_LOOP('',(#1166,#1167,#1168,#1169,#1170,#1171,#1172,#1173,#1174,#1175));
#393=AXIS2_PLACEMENT_3D('',#1176,#1177,#1178);
#394=EDGE_LOOP('',(#1179,#1180,#1181,#1182,#1183,#1184));
#395=AXIS2_PLACEMENT_3D('',#1185,#1186,#1187);
#396=EDGE_LOOP('',(#1188,#1189,#1190,#1191,#1192,#1193));
#397=AXIS2_PLACEMENT_3D('',#1194,#1195,#1196);
#398=EDGE_LOOP('',(#1197,#1198,#1199,#1200,#1201,#1202,#1203,#1204,#1205,#1206));
#399=AXIS2_PLACEMENT_3D('',#1207,#1208,#1209);
#400=EDGE_LOOP('',(#1210,#1211,#1212,#1213,#1214,#1215,#1216,#1217,#1218));
#401=AXIS2_PLACEMENT_3D('',#1219,#1220,#1221);
#402=EDGE_LOOP('',(#1222,#1223,#1224,#1225,#1226,#1227));
#403=AXIS2_PLACEMENT_3D('',#1228,#1229,#1230);
#404=FILL_AREA_STYLE_COLOUR('',#1231);
#405=ORIENTED_EDGE('',*,*,#1232,.F.);
#406=ORIENTED_EDGE('',*,*,#1233,.F.);
#407=ORIENTED_EDGE('',*,*,#1234,.T.);
#408=ORIENTED_EDGE('',*,*,#1235,.T.);
#409=ORIENTED_EDGE('',*,*,#1236,.T.);
#410=ORIENTED_EDGE('',*,*,#1237,.T.);
#411=CARTESIAN_POINT('',(0.0,0.01,0.0));
#412=DIRECTION('',(-0.81923192051904,0.0,0.573462344363328));
#413=DIRECTION('',(0.0,-1.0,0.0));
#414=ORIENTED_EDGE('',*,*,#1238,.F.);
#415=ORIENTED_EDGE('',*,*,#1239,.F.);
#416=ORIENTED_EDGE('',*,*,#1240,.F.);
#417=ORIENTED_EDGE('',*,*,#1234,.F.);
#418=ORIENTED_EDGE('',*,*,#1241,.F.);
#419=ORIENTED_EDGE('',*,*,#1242,.F.);
#420=ORIENTED_EDGE('',*,*,#1243,.T.);
#421=ORIENTED_EDGE('',*,*,#1244,.T.);
#422=ORIENTED_EDGE('',*,*,#1245,.T.);
#423=CARTESIAN_POINT('',(0.0,0.01,0.0));
#424=DIRECTION('',(0.0,-0.81923192051904,0.573462344363328));
#425=DIRECTION('',(1.0,0.0,0.0));
#426=ORIENTED_EDGE('',*,*,#1246,.F.);
#427=ORIENTED_EDGE('',*,*,#1247,.T.);
#428=ORIENTED_EDGE('',*,*,#1248,.T.);
#429=ORIENTED_EDGE('',*,*,#1249,.T.);
#430=ORIENTED_EDGE('',*,*,#1240,.T.);
#431=ORIENTED_EDGE('',*,*,#1250,.F.);
#432=CARTESIAN_POINT('',(0.0,0.01,0.0));
#433=DIRECTION('',(0.81923192051904,-0.0,0.573462344363328));
#434=DIRECTION('',(0.0,1.0,0.0));
#435=ORIENTED_EDGE('',*,*,#1251,.F.);
#436=ORIENTED_EDGE('',*,*,#1252,.F.);
#437=ORIENTED_EDGE('',*,*,#1253,.T.);
#438=ORIENTED_EDGE('',*,*,#1254,.T.);
#439=ORIENTED_EDGE('',*,*,#1255,.T.);
#440=ORIENTED_EDGE('',*,*,#1256,.T.);
#441=CARTESIAN_POINT('',(0.01,0.0,0.0));
#442=DIRECTION('',(0.0,0.81923192051904,0.573462344363328));
#443=DIRECTION('',(-1.0,0.0,0.0));
#444=ORIENTED_EDGE('',*,*,#1257,.F.);
#445=ORIENTED_EDGE('',*,*,#1258,.F.);
#446=ORIENTED_EDGE('',*,*,#1259,.F.);
#447=ORIENTED_EDGE('',*,*,#1253,.F.);
#448=ORIENTED_EDGE('',*,*,#1260,.F.);
#449=ORIENTED_EDGE('',*,*,#1261,.F.);
#450=ORIENTED_EDGE('',*,*,#1262,.T.);
#451=ORIENTED_EDGE('',*,*,#1263,.T.);
#452=ORIENTED_EDGE('',*,*,#1264,.T.);
#453=CARTESIAN_POINT('',(0.01,0.0,0.0));
#454=DIRECTION('',(-0.81923192051904,0.0,0.573462344363328));
#455=DIRECTION('',(0.0,-1.0,0.0));
#456=ORIENTED_EDGE('',*,*,#1265,.F.);
#457=ORIENTED_EDGE('',*,*,#1266,.T.);
#458=ORIENTED_EDGE('',*,*,#1267,.T.);
#459=ORIENTED_EDGE('',*,*,#1268,.T.);
#460=ORIENTED_EDGE('',*,*,#1259,.T.);
#461=ORIENTED_EDGE('',*,*,#1269,.F.);
#462=CARTESIAN_POINT('',(0.01,0.0,0.0));
#463=DIRECTION('',(0.0,-0.81923192051904,0.573462344363328));
#464=DIRECTION('',(1.0,0.0,0.0));
#465=ORIENTED_EDGE('',*,*,#1270,.F.);
#466=ORIENTED_EDGE('',*,*,#1271,.T.);
#467=ORIENTED_EDGE('',*,*,#1272,.T.);
#468=ORIENTED_EDGE('',*,*,#1273,.F.);
#469=ORIENTED_EDGE('',*,*,#1274,.T.);
#470=ORIENTED_EDGE('',*,*,#1275,.F.);
#471=CARTESIAN_POINT('',(-0.01,0.01,0.007));
#472=DIRECTION('',(0.0,-0.81923192051904,-0.573462344363328));
#473=DIRECTION('',(1.0,0.0,0.0));
#474=ORIENTED_EDGE('',*,*,#1276,.F.);
#475=ORIENTED_EDGE('',*,*,#1277,.F.);
#476=ORIENTED_EDGE('',*,*,#1278,.T.);
#477=ORIENTED_EDGE('',*,*,#1279,.F.);
#478=ORIENTED_EDGE('',*,*,#1280,.T.);
#479=ORIENTED_EDGE('',*,*,#1281,.T.);
#480=CARTESIAN_POINT('',(-0.01,0.01,-0.007));
#481=DIRECTION('',(0.0,-0.81923192051904,0.573462344363328));
#482=DIRECTION('',(1.0,0.0,0.0));
#483=ORIENTED_EDGE('',*,*,#1282,.F.);
#484=ORIENTED_EDGE('',*,*,#1283,.F.);
#485=ORIENTED_EDGE('',*,*,#1284,.F.);
#486=ORIENTED_EDGE('',*,*,#1285,.F.);
#487=ORIENTED_EDGE('',*,*,#1286,.F.);
#488=ORIENTED_EDGE('',*,*,#1287,.F.);
#489=ORIENTED_EDGE('',*,*,#1288,.T.);
#490=ORIENTED_EDGE('',*,*,#1289,.T.);
#491=ORIENTED_EDGE('',*,*,#1290,.T.);
#492=CARTESIAN_POINT('',(0.0,-0.01,0.0));
#493=DIRECTION('',(0.0,0.81923192051904,0.573462344363328));
#494=DIRECTION('',(-1.0,0.0,0.0));
#495=ORIENTED_EDGE('',*,*,#1291,.F.);
#496=ORIENTED_EDGE('',*,*,#1292,.T.);
#497=ORIENTED_EDGE('',*,*,#1293,.T.);
#498=ORIENTED_EDGE('',*,*,#1294,.T.);
#499=ORIENTED_EDGE('',*,*,#1295,.F.);
#500=ORIENTED_EDGE('',*,*,#1296,.F.);
#501=ORIENTED_EDGE('',*,*,#1274,.F.);
#502=ORIENTED_EDGE('',*,*,#1297,.F.);
#503=ORIENTED_EDGE('',*,*,#1298,.F.);
#504=CARTESIAN_POINT('',(0.0,0.0,0.007));
#505=DIRECTION('',(-0.81923192051904,-0.0,-0.573462344363328));
#506=DIRECTION('',(0.0,-1.0,0.0));
#507=ORIENTED_EDGE('',*,*,#1299,.F.);
#508=ORIENTED_EDGE('',*,*,#1300,.T.);
#509=ORIENTED_EDGE('',*,*,#1241,.T.);
#510=ORIENTED_EDGE('',*,*,#1233,.T.);
#511=ORIENTED_EDGE('',*,*,#1301,.T.);
#512=ORIENTED_EDGE('',*,*,#1302,.F.);
#513=ORIENTED_EDGE('',*,*,#1303,.T.);
#514=ORIENTED_EDGE('',*,*,#1275,.T.);
#515=ORIENTED_EDGE('',*,*,#1296,.T.);
#516=ORIENTED_EDGE('',*,*,#1304,.T.);
#517=CARTESIAN_POINT('',(-6.229004505276E-20,0.01,0.0));
#518=DIRECTION('',(-0.707106781186547,-0.707106781186548,0.0));
#519=DIRECTION('',(0.707106781186548,-0.707106781186547,0.0));
#520=ORIENTED_EDGE('',*,*,#1305,.F.);
#521=ORIENTED_EDGE('',*,*,#1306,.T.);
#522=ORIENTED_EDGE('',*,*,#1260,.T.);
#523=ORIENTED_EDGE('',*,*,#1252,.T.);
#524=ORIENTED_EDGE('',*,*,#1307,.T.);
#525=ORIENTED_EDGE('',*,*,#1308,.F.);
#526=ORIENTED_EDGE('',*,*,#1309,.T.);
#527=ORIENTED_EDGE('',*,*,#1250,.T.);
#528=ORIENTED_EDGE('',*,*,#1239,.T.);
#529=ORIENTED_EDGE('',*,*,#1310,.T.);
#530=CARTESIAN_POINT('',(0.01,6.229004505276E-20,0.0));
#531=DIRECTION('',(-0.707106781186548,0.707106781186547,0.0));
#532=DIRECTION('',(-0.707106781186547,-0.707106781186548,0.0));
#533=ORIENTED_EDGE('',*,*,#1311,.F.);
#534=ORIENTED_EDGE('',*,*,#1312,.T.);
#535=ORIENTED_EDGE('',*,*,#1269,.T.);
#536=ORIENTED_EDGE('',*,*,#1258,.T.);
#537=ORIENTED_EDGE('',*,*,#1313,.T.);
#538=ORIENTED_EDGE('',*,*,#1314,.F.);
#539=ORIENTED_EDGE('',*,*,#1315,.T.);
#540=ORIENTED_EDGE('',*,*,#1286,.T.);
#541=ORIENTED_EDGE('',*,*,#1316,.T.);
#542=ORIENTED_EDGE('',*,*,#1317,.T.);
#543=CARTESIAN_POINT('',(0.01,6.229004505276E-20,0.0));
#544=DIRECTION('',(-0.707106781186548,-0.707106781186547,0.0));
#545=DIRECTION('',(0.707106781186547,-0.707106781186548,0.0));
#546=ORIENTED_EDGE('',*,*,#1318,.F.);
#547=ORIENTED_EDGE('',*,*,#1319,.F.);
#548=ORIENTED_EDGE('',*,*,#1320,.F.);
#549=ORIENTED_EDGE('',*,*,#1321,.T.);
#550=ORIENTED_EDGE('',*,*,#1322,.F.);
#551=ORIENTED_EDGE('',*,*,#1323,.F.);
#552=ORIENTED_EDGE('',*,*,#1324,.T.);
#553=ORIENTED_EDGE('',*,*,#1325,.T.);
#554=ORIENTED_EDGE('',*,*,#1326,.T.);
#555=CARTESIAN_POINT('',(0.0,0.0,-0.007));
#556=DIRECTION('',(-0.81923192051904,0.0,0.573462344363328));
#557=DIRECTION('',(0.0,-1.0,0.0));
#558=ORIENTED_EDGE('',*,*,#1327,.F.);
#559=ORIENTED_EDGE('',*,*,#1328,.T.);
#560=ORIENTED_EDGE('',*,*,#1329,.T.);
#561=ORIENTED_EDGE('',*,*,#1330,.F.);
#562=ORIENTED_EDGE('',*,*,#1331,.F.);
#563=ORIENTED_EDGE('',*,*,#1332,.F.);
#564=CARTESIAN_POINT('',(-0.01,-0.01,-0.007));
#565=DIRECTION('',(0.0,0.81923192051904,0.573462344363328));
#566=DIRECTION('',(-1.0,0.0,0.0));
#567=ORIENTED_EDGE('',*,*,#1333,.F.);
#568=ORIENTED_EDGE('',*,*,#1334,.T.);
#569=ORIENTED_EDGE('',*,*,#1335,.T.);
#570=ORIENTED_EDGE('',*,*,#1336,.F.);
#571=ORIENTED_EDGE('',*,*,#1337,.T.);
#572=ORIENTED_EDGE('',*,*,#1338,.F.);
#573=CARTESIAN_POINT('',(0.01,-0.01,-0.007));
#574=DIRECTION('',(-0.81923192051904,0.0,0.573462344363328));
#575=DIRECTION('',(0.0,-1.0,0.0));
#576=ORIENTED_EDGE('',*,*,#1339,.F.);
#577=ORIENTED_EDGE('',*,*,#1340,.T.);
#578=ORIENTED_EDGE('',*,*,#1341,.T.);
#579=ORIENTED_EDGE('',*,*,#1283,.T.);
#580=ORIENTED_EDGE('',*,*,#1342,.T.);
#581=ORIENTED_EDGE('',*,*,#1343,.F.);
#582=ORIENTED_EDGE('',*,*,#1344,.T.);
#583=ORIENTED_EDGE('',*,*,#1298,.T.);
#584=ORIENTED_EDGE('',*,*,#1345,.T.);
#585=ORIENTED_EDGE('',*,*,#1346,.T.);
#586=CARTESIAN_POINT('',(6.229004505276E-20,-0.01,0.0));
#587=DIRECTION('',(-0.707106781186547,0.707106781186548,0.0));
#588=DIRECTION('',(-0.707106781186548,-0.707106781186547,0.0));
#589=ORIENTED_EDGE('',*,*,#1347,.F.);
#590=ORIENTED_EDGE('',*,*,#1348,.F.);
#591=ORIENTED_EDGE('',*,*,#1349,.T.);
#592=ORIENTED_EDGE('',*,*,#1320,.T.);
#593=ORIENTED_EDGE('',*,*,#1350,.F.);
#594=ORIENTED_EDGE('',*,*,#1351,.F.);
#595=ORIENTED_EDGE('',*,*,#1352,.T.);
#596=ORIENTED_EDGE('',*,*,#1353,.T.);
#597=ORIENTED_EDGE('',*,*,#1354,.T.);
#598=CARTESIAN_POINT('',(0.0,0.0,-0.007));
#599=DIRECTION('',(0.0,-0.81923192051904,0.573462344363328));
#600=DIRECTION('',(1.0,0.0,0.0));
#601=ORIENTED_EDGE('',*,*,#1355,.F.);
#602=ORIENTED_EDGE('',*,*,#1316,.F.);
#603=ORIENTED_EDGE('',*,*,#1285,.T.);
#604=ORIENTED_EDGE('',*,*,#1356,.F.);
#605=ORIENTED_EDGE('',*,*,#1357,.T.);
#606=ORIENTED_EDGE('',*,*,#1358,.T.);
#607=CARTESIAN_POINT('',(0.01,-0.01,0.007));
#608=DIRECTION('',(-0.81923192051904,-0.0,-0.573462344363328));
#609=DIRECTION('',(0.0,-1.0,0.0));
#610=ORIENTED_EDGE('',*,*,#1359,.F.);
#611=ORIENTED_EDGE('',*,*,#1360,.T.);
#612=ORIENTED_EDGE('',*,*,#1361,.T.);
#613=ORIENTED_EDGE('',*,*,#1362,.F.);
#614=ORIENTED_EDGE('',*,*,#1284,.T.);
#615=ORIENTED_EDGE('',*,*,#1341,.F.);
#616=CARTESIAN_POINT('',(-0.01,-0.01,0.007));
#617=DIRECTION('',(0.81923192051904,0.0,-0.573462344363328));
#618=DIRECTION('',(0.0,1.0,0.0));
#619=ORIENTED_EDGE('',*,*,#1363,.F.);
#620=ORIENTED_EDGE('',*,*,#1364,.F.);
#621=ORIENTED_EDGE('',*,*,#1331,.T.);
#622=ORIENTED_EDGE('',*,*,#1365,.F.);
#623=ORIENTED_EDGE('',*,*,#1366,.T.);
#624=ORIENTED_EDGE('',*,*,#1367,.T.);
#625=CARTESIAN_POINT('',(-0.01,-0.01,-0.007));
#626=DIRECTION('',(0.81923192051904,-0.0,0.573462344363328));
#627=DIRECTION('',(0.0,1.0,0.0));
#628=ORIENTED_EDGE('',*,*,#1368,.F.);
#629=ORIENTED_EDGE('',*,*,#1345,.F.);
#630=ORIENTED_EDGE('',*,*,#1297,.T.);
#631=ORIENTED_EDGE('',*,*,#1369,.F.);
#632=ORIENTED_EDGE('',*,*,#1370,.T.);
#633=ORIENTED_EDGE('',*,*,#1371,.T.);
#634=CARTESIAN_POINT('',(-0.01,-0.01,0.007));
#635=DIRECTION('',(0.0,0.81923192051904,-0.573462344363328));
#636=DIRECTION('',(-1.0,0.0,0.0));
#637=ORIENTED_EDGE('',*,*,#1372,.F.);
#638=ORIENTED_EDGE('',*,*,#1373,.T.);
#639=ORIENTED_EDGE('',*,*,#1374,.T.);
#640=ORIENTED_EDGE('',*,*,#1375,.T.);
#641=ORIENTED_EDGE('',*,*,#1278,.F.);
#642=ORIENTED_EDGE('',*,*,#1376,.F.);
#643=CARTESIAN_POINT('',(0.0,0.01,0.0));
#644=DIRECTION('',(-0.81923192051904,-0.0,-0.573462344363328));
#645=DIRECTION('',(0.0,-1.0,0.0));
#646=ORIENTED_EDGE('',*,*,#1377,.F.);
#647=ORIENTED_EDGE('',*,*,#1378,.T.);
#648=ORIENTED_EDGE('',*,*,#1379,.T.);
#649=ORIENTED_EDGE('',*,*,#1380,.T.);
#650=ORIENTED_EDGE('',*,*,#1381,.F.);
#651=ORIENTED_EDGE('',*,*,#1382,.F.);
#652=ORIENTED_EDGE('',*,*,#1321,.F.);
#653=ORIENTED_EDGE('',*,*,#1383,.F.);
#654=ORIENTED_EDGE('',*,*,#1384,.F.);
#655=CARTESIAN_POINT('',(0.0,0.01,0.0));
#656=DIRECTION('',(0.0,-0.81923192051904,-0.573462344363328));
#657=DIRECTION('',(1.0,0.0,0.0));
#658=ORIENTED_EDGE('',*,*,#1385,.F.);
#659=ORIENTED_EDGE('',*,*,#1386,.F.);
#660=ORIENTED_EDGE('',*,*,#1387,.F.);
#661=ORIENTED_EDGE('',*,*,#1388,.T.);
#662=ORIENTED_EDGE('',*,*,#1389,.T.);
#663=ORIENTED_EDGE('',*,*,#1390,.T.);
#664=CARTESIAN_POINT('',(0.0,0.01,0.0));
#665=DIRECTION('',(0.81923192051904,0.0,-0.573462344363328));
#666=DIRECTION('',(0.0,1.0,0.0));
#667=ORIENTED_EDGE('',*,*,#1391,.F.);
#668=ORIENTED_EDGE('',*,*,#1392,.T.);
#669=ORIENTED_EDGE('',*,*,#1393,.T.);
#670=ORIENTED_EDGE('',*,*,#1394,.T.);
#671=ORIENTED_EDGE('',*,*,#1387,.T.);
#672=ORIENTED_EDGE('',*,*,#1395,.F.);
#673=CARTESIAN_POINT('',(0.01,0.0,0.0));
#674=DIRECTION('',(0.0,0.81923192051904,-0.573462344363328));
#675=DIRECTION('',(-1.0,0.0,0.0));
#676=ORIENTED_EDGE('',*,*,#1396,.F.);
#677=ORIENTED_EDGE('',*,*,#1397,.T.);
#678=ORIENTED_EDGE('',*,*,#1398,.T.);
#679=ORIENTED_EDGE('',*,*,#1399,.T.);
#680=ORIENTED_EDGE('',*,*,#1400,.F.);
#681=ORIENTED_EDGE('',*,*,#1401,.F.);
#682=ORIENTED_EDGE('',*,*,#1383,.T.);
#683=ORIENTED_EDGE('',*,*,#1349,.F.);
#684=ORIENTED_EDGE('',*,*,#1402,.F.);
#685=CARTESIAN_POINT('',(0.01,0.0,0.0));
#686=DIRECTION('',(-0.81923192051904,-0.0,-0.573462344363328));
#687=DIRECTION('',(0.0,-1.0,0.0));
#688=ORIENTED_EDGE('',*,*,#1403,.F.);
#689=ORIENTED_EDGE('',*,*,#1404,.F.);
#690=ORIENTED_EDGE('',*,*,#1337,.F.);
#691=ORIENTED_EDGE('',*,*,#1405,.T.);
#692=ORIENTED_EDGE('',*,*,#1406,.T.);
#693=ORIENTED_EDGE('',*,*,#1407,.T.);
#694=CARTESIAN_POINT('',(0.01,0.0,0.0));
#695=DIRECTION('',(0.0,-0.81923192051904,-0.573462344363328));
#696=DIRECTION('',(1.0,0.0,0.0));
#697=ORIENTED_EDGE('',*,*,#1408,.T.);
#698=ORIENTED_EDGE('',*,*,#1409,.T.);
#699=ORIENTED_EDGE('',*,*,#1410,.T.);
#700=ORIENTED_EDGE('',*,*,#1411,.T.);
#701=ORIENTED_EDGE('',*,*,#1412,.T.);
#702=ORIENTED_EDGE('',*,*,#1413,.T.);
#703=ORIENTED_EDGE('',*,*,#1414,.T.);
#704=ORIENTED_EDGE('',*,*,#1415,.T.);
#705=ORIENTED_EDGE('',*,*,#1416,.T.);
#706=ORIENTED_EDGE('',*,*,#1417,.T.);
#707=ORIENTED_EDGE('',*,*,#1418,.T.);
#708=ORIENTED_EDGE('',*,*,#1419,.T.);
#709=ORIENTED_EDGE('',*,*,#1420,.T.);
#710=ORIENTED_EDGE('',*,*,#1421,.T.);
#711=ORIENTED_EDGE('',*,*,#1422,.T.);
#712=ORIENTED_EDGE('',*,*,#1423,.T.);
#713=ORIENTED_EDGE('',*,*,#1424,.T.);
#714=ORIENTED_EDGE('',*,*,#1425,.T.);
#715=ORIENTED_EDGE('',*,*,#1426,.T.);
#716=ORIENTED_EDGE('',*,*,#1427,.T.);
#717=ORIENTED_EDGE('',*,*,#1428,.T.);
#718=ORIENTED_EDGE('',*,*,#1429,.T.);
#719=ORIENTED_EDGE('',*,*,#1430,.T.);
#720=ORIENTED_EDGE('',*,*,#1431,.T.);
#721=ORIENTED_EDGE('',*,*,#1432,.T.);
#722=ORIENTED_EDGE('',*,*,#1433,.T.);
#723=ORIENTED_EDGE('',*,*,#1434,.T.);
#724=ORIENTED_EDGE('',*,*,#1435,.T.);
#725=CARTESIAN_POINT('',(0.0,0.0,-0.007));
#726=DIRECTION('',(0.0,0.0,1.0));
#727=DIRECTION('',(1.0,0.0,0.0));
#728=ORIENTED_EDGE('',*,*,#1403,.T.);
#729=ORIENTED_EDGE('',*,*,#1436,.T.);
#730=ORIENTED_EDGE('',*,*,#1437,.T.);
#731=ORIENTED_EDGE('',*,*,#1438,.T.);
#732=ORIENTED_EDGE('',*,*,#1419,.F.);
#733=ORIENTED_EDGE('',*,*,#1439,.F.);
#734=CARTESIAN_POINT('',(0.01,0.0,0.0));
#735=DIRECTION('',(0.0,-0.81923192051904,-0.573462344363328));
#736=DIRECTION('',(1.0,0.0,0.0));
#737=ORIENTED_EDGE('',*,*,#1396,.T.);
#738=ORIENTED_EDGE('',*,*,#1440,.F.);
#739=ORIENTED_EDGE('',*,*,#1417,.F.);
#740=ORIENTED_EDGE('',*,*,#1441,.F.);
#741=ORIENTED_EDGE('',*,*,#1400,.T.);
#742=ORIENTED_EDGE('',*,*,#1442,.T.);
#743=ORIENTED_EDGE('',*,*,#1443,.T.);
#744=ORIENTED_EDGE('',*,*,#1437,.F.);
#745=ORIENTED_EDGE('',*,*,#1444,.T.);
#746=CARTESIAN_POINT('',(0.01,0.0,0.0));
#747=DIRECTION('',(-0.81923192051904,-0.0,-0.573462344363328));
#748=DIRECTION('',(0.0,-1.0,0.0));
#749=ORIENTED_EDGE('',*,*,#1421,.F.);
#750=ORIENTED_EDGE('',*,*,#1445,.T.);
#751=ORIENTED_EDGE('',*,*,#1336,.T.);
#752=ORIENTED_EDGE('',*,*,#1446,.T.);
#753=ORIENTED_EDGE('',*,*,#1447,.T.);
#754=ORIENTED_EDGE('',*,*,#1448,.T.);
#755=ORIENTED_EDGE('',*,*,#1356,.T.);
#756=ORIENTED_EDGE('',*,*,#1362,.T.);
#757=ORIENTED_EDGE('',*,*,#1449,.T.);
#758=ORIENTED_EDGE('',*,*,#1450,.F.);
#759=ORIENTED_EDGE('',*,*,#1451,.T.);
#760=ORIENTED_EDGE('',*,*,#1365,.T.);
#761=ORIENTED_EDGE('',*,*,#1452,.F.);
#762=ORIENTED_EDGE('',*,*,#1427,.F.);
#763=ORIENTED_EDGE('',*,*,#1453,.T.);
#764=ORIENTED_EDGE('',*,*,#1454,.T.);
#765=CARTESIAN_POINT('',(0.0,-0.01,0.0));
#766=DIRECTION('',(0.0,1.0,-0.0));
#767=DIRECTION('',(-1.0,0.0,0.0));
#768=ORIENTED_EDGE('',*,*,#1391,.T.);
#769=ORIENTED_EDGE('',*,*,#1455,.F.);
#770=ORIENTED_EDGE('',*,*,#1415,.F.);
#771=ORIENTED_EDGE('',*,*,#1456,.T.);
#772=ORIENTED_EDGE('',*,*,#1443,.F.);
#773=ORIENTED_EDGE('',*,*,#1457,.T.);
#774=CARTESIAN_POINT('',(0.01,0.0,0.0));
#775=DIRECTION('',(0.0,0.81923192051904,-0.573462344363328));
#776=DIRECTION('',(-1.0,0.0,0.0));
#777=ORIENTED_EDGE('',*,*,#1420,.F.);
#778=ORIENTED_EDGE('',*,*,#1438,.F.);
#779=ORIENTED_EDGE('',*,*,#1456,.F.);
#780=ORIENTED_EDGE('',*,*,#1414,.F.);
#781=ORIENTED_EDGE('',*,*,#1458,.F.);
#782=ORIENTED_EDGE('',*,*,#1394,.F.);
#783=ORIENTED_EDGE('',*,*,#1459,.F.);
#784=ORIENTED_EDGE('',*,*,#1460,.F.);
#785=ORIENTED_EDGE('',*,*,#1461,.T.);
#786=ORIENTED_EDGE('',*,*,#1254,.F.);
#787=ORIENTED_EDGE('',*,*,#1268,.F.);
#788=ORIENTED_EDGE('',*,*,#1462,.T.);
#789=ORIENTED_EDGE('',*,*,#1447,.F.);
#790=ORIENTED_EDGE('',*,*,#1463,.F.);
#791=ORIENTED_EDGE('',*,*,#1405,.F.);
#792=ORIENTED_EDGE('',*,*,#1445,.F.);
#793=CARTESIAN_POINT('',(0.01,0.0,0.0));
#794=DIRECTION('',(1.0,0.0,0.0));
#795=DIRECTION('',(0.0,1.0,0.0));
#796=ORIENTED_EDGE('',*,*,#1385,.T.);
#797=ORIENTED_EDGE('',*,*,#1464,.T.);
#798=ORIENTED_EDGE('',*,*,#1465,.F.);
#799=ORIENTED_EDGE('',*,*,#1466,.T.);
#800=ORIENTED_EDGE('',*,*,#1412,.F.);
#801=ORIENTED_EDGE('',*,*,#1467,.F.);
#802=CARTESIAN_POINT('',(0.0,0.01,0.0));
#803=DIRECTION('',(0.81923192051904,0.0,-0.573462344363328));
#804=DIRECTION('',(0.0,1.0,0.0));
#805=ORIENTED_EDGE('',*,*,#1416,.F.);
#806=ORIENTED_EDGE('',*,*,#1455,.T.);
#807=ORIENTED_EDGE('',*,*,#1395,.T.);
#808=ORIENTED_EDGE('',*,*,#1386,.T.);
#809=ORIENTED_EDGE('',*,*,#1467,.T.);
#810=ORIENTED_EDGE('',*,*,#1411,.F.);
#811=ORIENTED_EDGE('',*,*,#1468,.T.);
#812=ORIENTED_EDGE('',*,*,#1384,.T.);
#813=ORIENTED_EDGE('',*,*,#1401,.T.);
#814=ORIENTED_EDGE('',*,*,#1441,.T.);
#815=CARTESIAN_POINT('',(0.0,0.0,-0.007));
#816=DIRECTION('',(0.707106781186547,0.707106781186547,0.0));
#817=DIRECTION('',(-0.707106781186547,0.707106781186547,0.0));
#818=ORIENTED_EDGE('',*,*,#1377,.T.);
#819=ORIENTED_EDGE('',*,*,#1468,.F.);
#820=ORIENTED_EDGE('',*,*,#1410,.F.);
#821=ORIENTED_EDGE('',*,*,#1469,.F.);
#822=ORIENTED_EDGE('',*,*,#1381,.T.);
#823=ORIENTED_EDGE('',*,*,#1470,.T.);
#824=ORIENTED_EDGE('',*,*,#1471,.T.);
#825=ORIENTED_EDGE('',*,*,#1465,.T.);
#826=ORIENTED_EDGE('',*,*,#1472,.T.);
#827=CARTESIAN_POINT('',(0.0,0.01,0.0));
#828=DIRECTION('',(0.0,-0.81923192051904,-0.573462344363328));
#829=DIRECTION('',(1.0,0.0,0.0));
#830=ORIENTED_EDGE('',*,*,#1413,.F.);
#831=ORIENTED_EDGE('',*,*,#1466,.F.);
#832=ORIENTED_EDGE('',*,*,#1473,.F.);
#833=ORIENTED_EDGE('',*,*,#1435,.F.);
#834=ORIENTED_EDGE('',*,*,#1474,.F.);
#835=ORIENTED_EDGE('',*,*,#1375,.F.);
#836=ORIENTED_EDGE('',*,*,#1475,.F.);
#837=ORIENTED_EDGE('',*,*,#1476,.F.);
#838=ORIENTED_EDGE('',*,*,#1477,.T.);
#839=ORIENTED_EDGE('',*,*,#1235,.F.);
#840=ORIENTED_EDGE('',*,*,#1249,.F.);
#841=ORIENTED_EDGE('',*,*,#1478,.T.);
#842=ORIENTED_EDGE('',*,*,#1460,.T.);
#843=ORIENTED_EDGE('',*,*,#1479,.F.);
#844=ORIENTED_EDGE('',*,*,#1388,.F.);
#845=ORIENTED_EDGE('',*,*,#1458,.T.);
#846=CARTESIAN_POINT('',(0.0,0.01,0.0));
#847=DIRECTION('',(0.0,1.0,-0.0));
#848=DIRECTION('',(-1.0,0.0,0.0));
#849=ORIENTED_EDGE('',*,*,#1372,.T.);
#850=ORIENTED_EDGE('',*,*,#1480,.F.);
#851=ORIENTED_EDGE('',*,*,#1408,.F.);
#852=ORIENTED_EDGE('',*,*,#1473,.T.);
#853=ORIENTED_EDGE('',*,*,#1471,.F.);
#854=ORIENTED_EDGE('',*,*,#1481,.T.);
#855=CARTESIAN_POINT('',(0.0,0.01,0.0));
#856=DIRECTION('',(-0.81923192051904,-0.0,-0.573462344363328));
#857=DIRECTION('',(0.0,-1.0,0.0));
#858=ORIENTED_EDGE('',*,*,#1357,.F.);
#859=ORIENTED_EDGE('',*,*,#1448,.F.);
#860=ORIENTED_EDGE('',*,*,#1462,.F.);
#861=ORIENTED_EDGE('',*,*,#1267,.F.);
#862=ORIENTED_EDGE('',*,*,#1482,.F.);
#863=ORIENTED_EDGE('',*,*,#1263,.F.);
#864=ORIENTED_EDGE('',*,*,#1483,.F.);
#865=ORIENTED_EDGE('',*,*,#1255,.F.);
#866=ORIENTED_EDGE('',*,*,#1461,.F.);
#867=ORIENTED_EDGE('',*,*,#1478,.F.);
#868=ORIENTED_EDGE('',*,*,#1248,.F.);
#869=ORIENTED_EDGE('',*,*,#1484,.F.);
#870=ORIENTED_EDGE('',*,*,#1244,.F.);
#871=ORIENTED_EDGE('',*,*,#1485,.F.);
#872=ORIENTED_EDGE('',*,*,#1236,.F.);
#873=ORIENTED_EDGE('',*,*,#1477,.F.);
#874=ORIENTED_EDGE('',*,*,#1486,.F.);
#875=ORIENTED_EDGE('',*,*,#1272,.F.);
#876=ORIENTED_EDGE('',*,*,#1487,.F.);
#877=ORIENTED_EDGE('',*,*,#1293,.F.);
#878=ORIENTED_EDGE('',*,*,#1488,.F.);
#879=ORIENTED_EDGE('',*,*,#1370,.F.);
#880=ORIENTED_EDGE('',*,*,#1489,.F.);
#881=ORIENTED_EDGE('',*,*,#1449,.F.);
#882=ORIENTED_EDGE('',*,*,#1361,.F.);
#883=ORIENTED_EDGE('',*,*,#1490,.F.);
#884=ORIENTED_EDGE('',*,*,#1289,.F.);
#885=ORIENTED_EDGE('',*,*,#1491,.F.);
#886=CARTESIAN_POINT('',(0.0,0.0,0.007));
#887=DIRECTION('',(0.0,0.0,1.0));
#888=DIRECTION('',(1.0,0.0,0.0));
#889=ORIENTED_EDGE('',*,*,#1368,.T.);
#890=ORIENTED_EDGE('',*,*,#1492,.T.);
#891=ORIENTED_EDGE('',*,*,#1493,.F.);
#892=ORIENTED_EDGE('',*,*,#1494,.F.);
#893=ORIENTED_EDGE('',*,*,#1329,.F.);
#894=ORIENTED_EDGE('',*,*,#1346,.F.);
#895=CARTESIAN_POINT('',(-0.01,-0.01,0.007));
#896=DIRECTION('',(0.0,0.81923192051904,-0.573462344363328));
#897=DIRECTION('',(-1.0,0.0,0.0));
#898=ORIENTED_EDGE('',*,*,#1363,.T.);
#899=ORIENTED_EDGE('',*,*,#1495,.T.);
#900=ORIENTED_EDGE('',*,*,#1496,.T.);
#901=ORIENTED_EDGE('',*,*,#1453,.F.);
#902=ORIENTED_EDGE('',*,*,#1426,.F.);
#903=ORIENTED_EDGE('',*,*,#1497,.F.);
#904=CARTESIAN_POINT('',(-0.01,-0.01,-0.007));
#905=DIRECTION('',(0.81923192051904,-0.0,0.573462344363328));
#906=DIRECTION('',(0.0,1.0,0.0));
#907=ORIENTED_EDGE('',*,*,#1359,.T.);
#908=ORIENTED_EDGE('',*,*,#1340,.F.);
#909=ORIENTED_EDGE('',*,*,#1366,.F.);
#910=ORIENTED_EDGE('',*,*,#1451,.F.);
#911=ORIENTED_EDGE('',*,*,#1493,.T.);
#912=ORIENTED_EDGE('',*,*,#1498,.T.);
#913=CARTESIAN_POINT('',(-0.01,-0.01,0.007));
#914=DIRECTION('',(0.81923192051904,0.0,-0.573462344363328));
#915=DIRECTION('',(0.0,1.0,0.0));
#916=ORIENTED_EDGE('',*,*,#1355,.T.);
#917=ORIENTED_EDGE('',*,*,#1499,.T.);
#918=ORIENTED_EDGE('',*,*,#1500,.T.);
#919=ORIENTED_EDGE('',*,*,#1446,.F.);
#920=ORIENTED_EDGE('',*,*,#1335,.F.);
#921=ORIENTED_EDGE('',*,*,#1317,.F.);
#922=CARTESIAN_POINT('',(0.01,-0.01,0.007));
#923=DIRECTION('',(-0.81923192051904,-0.0,-0.573462344363328));
#924=DIRECTION('',(0.0,-1.0,0.0));
#925=ORIENTED_EDGE('',*,*,#1423,.F.);
#926=ORIENTED_EDGE('',*,*,#1501,.T.);
#927=ORIENTED_EDGE('',*,*,#1338,.T.);
#928=ORIENTED_EDGE('',*,*,#1404,.T.);
#929=ORIENTED_EDGE('',*,*,#1439,.T.);
#930=ORIENTED_EDGE('',*,*,#1418,.F.);
#931=ORIENTED_EDGE('',*,*,#1440,.T.);
#932=ORIENTED_EDGE('',*,*,#1402,.T.);
#933=ORIENTED_EDGE('',*,*,#1348,.T.);
#934=ORIENTED_EDGE('',*,*,#1502,.T.);
#935=CARTESIAN_POINT('',(0.01,-0.01,-0.007));
#936=DIRECTION('',(-0.707106781186547,0.707106781186547,0.0));
#937=DIRECTION('',(-0.707106781186547,-0.707106781186547,0.0));
#938=ORIENTED_EDGE('',*,*,#1425,.F.);
#939=ORIENTED_EDGE('',*,*,#1503,.T.);
#940=ORIENTED_EDGE('',*,*,#1350,.T.);
#941=ORIENTED_EDGE('',*,*,#1319,.T.);
#942=ORIENTED_EDGE('',*,*,#1504,.T.);
#943=ORIENTED_EDGE('',*,*,#1430,.F.);
#944=ORIENTED_EDGE('',*,*,#1505,.T.);
#945=ORIENTED_EDGE('',*,*,#1332,.T.);
#946=ORIENTED_EDGE('',*,*,#1364,.T.);
#947=ORIENTED_EDGE('',*,*,#1497,.T.);
#948=CARTESIAN_POINT('',(-0.01,-0.01,-0.007));
#949=DIRECTION('',(0.707106781186547,0.707106781186547,0.0));
#950=DIRECTION('',(-0.707106781186547,0.707106781186547,0.0));
#951=ORIENTED_EDGE('',*,*,#1347,.T.);
#952=ORIENTED_EDGE('',*,*,#1506,.T.);
#953=ORIENTED_EDGE('',*,*,#1507,.F.);
#954=ORIENTED_EDGE('',*,*,#1496,.F.);
#955=ORIENTED_EDGE('',*,*,#1508,.T.);
#956=ORIENTED_EDGE('',*,*,#1351,.T.);
#957=ORIENTED_EDGE('',*,*,#1503,.F.);
#958=ORIENTED_EDGE('',*,*,#1424,.F.);
#959=ORIENTED_EDGE('',*,*,#1502,.F.);
#960=CARTESIAN_POINT('',(0.0,0.0,-0.007));
#961=DIRECTION('',(0.0,-0.81923192051904,0.573462344363328));
#962=DIRECTION('',(1.0,0.0,0.0));
#963=ORIENTED_EDGE('',*,*,#1339,.T.);
#964=ORIENTED_EDGE('',*,*,#1328,.F.);
#965=ORIENTED_EDGE('',*,*,#1509,.F.);
#966=ORIENTED_EDGE('',*,*,#1510,.F.);
#967=ORIENTED_EDGE('',*,*,#1326,.F.);
#968=ORIENTED_EDGE('',*,*,#1343,.T.);
#969=ORIENTED_EDGE('',*,*,#1352,.F.);
#970=ORIENTED_EDGE('',*,*,#1508,.F.);
#971=ORIENTED_EDGE('',*,*,#1495,.F.);
#972=ORIENTED_EDGE('',*,*,#1367,.F.);
#973=CARTESIAN_POINT('',(6.229004505276E-20,-0.01,0.0));
#974=DIRECTION('',(-0.707106781186547,0.707106781186548,0.0));
#975=DIRECTION('',(-0.707106781186548,-0.707106781186547,0.0));
#976=ORIENTED_EDGE('',*,*,#1333,.T.);
#977=ORIENTED_EDGE('',*,*,#1501,.F.);
#978=ORIENTED_EDGE('',*,*,#1422,.F.);
#979=ORIENTED_EDGE('',*,*,#1454,.F.);
#980=ORIENTED_EDGE('',*,*,#1507,.T.);
#981=ORIENTED_EDGE('',*,*,#1511,.T.);
#982=CARTESIAN_POINT('',(0.01,-0.01,-0.007));
#983=DIRECTION('',(-0.81923192051904,0.0,0.573462344363328));
#984=DIRECTION('',(0.0,-1.0,0.0));
#985=ORIENTED_EDGE('',*,*,#1327,.T.);
#986=ORIENTED_EDGE('',*,*,#1505,.F.);
#987=ORIENTED_EDGE('',*,*,#1429,.F.);
#988=ORIENTED_EDGE('',*,*,#1512,.F.);
#989=ORIENTED_EDGE('',*,*,#1513,.T.);
#990=ORIENTED_EDGE('',*,*,#1509,.T.);
#991=CARTESIAN_POINT('',(-0.01,-0.01,-0.007));
#992=DIRECTION('',(0.0,0.81923192051904,0.573462344363328));
#993=DIRECTION('',(-1.0,0.0,0.0));
#994=ORIENTED_EDGE('',*,*,#1318,.T.);
#995=ORIENTED_EDGE('',*,*,#1510,.T.);
#996=ORIENTED_EDGE('',*,*,#1513,.F.);
#997=ORIENTED_EDGE('',*,*,#1514,.T.);
#998=ORIENTED_EDGE('',*,*,#1515,.T.);
#999=ORIENTED_EDGE('',*,*,#1323,.T.);
#1000=ORIENTED_EDGE('',*,*,#1516,.F.);
#1001=ORIENTED_EDGE('',*,*,#1431,.F.);
#1002=ORIENTED_EDGE('',*,*,#1504,.F.);
#1003=CARTESIAN_POINT('',(0.0,0.0,-0.007));
#1004=DIRECTION('',(-0.81923192051904,0.0,0.573462344363328));
#1005=DIRECTION('',(0.0,-1.0,0.0));
#1006=ORIENTED_EDGE('',*,*,#1311,.T.);
#1007=ORIENTED_EDGE('',*,*,#1334,.F.);
#1008=ORIENTED_EDGE('',*,*,#1511,.F.);
#1009=ORIENTED_EDGE('',*,*,#1506,.F.);
#1010=ORIENTED_EDGE('',*,*,#1354,.F.);
#1011=ORIENTED_EDGE('',*,*,#1314,.T.);
#1012=ORIENTED_EDGE('',*,*,#1397,.F.);
#1013=ORIENTED_EDGE('',*,*,#1444,.F.);
#1014=ORIENTED_EDGE('',*,*,#1436,.F.);
#1015=ORIENTED_EDGE('',*,*,#1407,.F.);
#1016=CARTESIAN_POINT('',(0.01,6.229004505276E-20,0.0));
#1017=DIRECTION('',(-0.707106781186548,-0.707106781186547,0.0));
#1018=DIRECTION('',(0.707106781186547,-0.707106781186548,0.0));
#1019=ORIENTED_EDGE('',*,*,#1305,.T.);
#1020=ORIENTED_EDGE('',*,*,#1378,.F.);
#1021=ORIENTED_EDGE('',*,*,#1472,.F.);
#1022=ORIENTED_EDGE('',*,*,#1464,.F.);
#1023=ORIENTED_EDGE('',*,*,#1390,.F.);
#1024=ORIENTED_EDGE('',*,*,#1308,.T.);
#1025=ORIENTED_EDGE('',*,*,#1392,.F.);
#1026=ORIENTED_EDGE('',*,*,#1457,.F.);
#1027=ORIENTED_EDGE('',*,*,#1442,.F.);
#1028=ORIENTED_EDGE('',*,*,#1399,.F.);
#1029=CARTESIAN_POINT('',(0.01,6.229004505276E-20,0.0));
#1030=DIRECTION('',(-0.707106781186548,0.707106781186547,0.0));
#1031=DIRECTION('',(-0.707106781186547,-0.707106781186548,0.0));
#1032=ORIENTED_EDGE('',*,*,#1299,.T.);
#1033=ORIENTED_EDGE('',*,*,#1324,.F.);
#1034=ORIENTED_EDGE('',*,*,#1515,.F.);
#1035=ORIENTED_EDGE('',*,*,#1517,.F.);
#1036=ORIENTED_EDGE('',*,*,#1281,.F.);
#1037=ORIENTED_EDGE('',*,*,#1302,.T.);
#1038=ORIENTED_EDGE('',*,*,#1373,.F.);
#1039=ORIENTED_EDGE('',*,*,#1481,.F.);
#1040=ORIENTED_EDGE('',*,*,#1470,.F.);
#1041=ORIENTED_EDGE('',*,*,#1380,.F.);
#1042=CARTESIAN_POINT('',(-6.229004505276E-20,0.01,0.0));
#1043=DIRECTION('',(-0.707106781186547,-0.707106781186548,0.0));
#1044=DIRECTION('',(0.707106781186548,-0.707106781186547,0.0));
#1045=ORIENTED_EDGE('',*,*,#1291,.T.);
#1046=ORIENTED_EDGE('',*,*,#1344,.F.);
#1047=ORIENTED_EDGE('',*,*,#1325,.F.);
#1048=ORIENTED_EDGE('',*,*,#1304,.F.);
#1049=ORIENTED_EDGE('',*,*,#1295,.T.);
#1050=ORIENTED_EDGE('',*,*,#1518,.T.);
#1051=ORIENTED_EDGE('',*,*,#1519,.T.);
#1052=ORIENTED_EDGE('',*,*,#1520,.F.);
#1053=ORIENTED_EDGE('',*,*,#1521,.T.);
#1054=CARTESIAN_POINT('',(0.0,0.0,0.007));
#1055=DIRECTION('',(-0.81923192051904,-0.0,-0.573462344363328));
#1056=DIRECTION('',(0.0,-1.0,0.0));
#1057=ORIENTED_EDGE('',*,*,#1282,.T.);
#1058=ORIENTED_EDGE('',*,*,#1522,.T.);
#1059=ORIENTED_EDGE('',*,*,#1520,.T.);
#1060=ORIENTED_EDGE('',*,*,#1523,.T.);
#1061=ORIENTED_EDGE('',*,*,#1524,.T.);
#1062=ORIENTED_EDGE('',*,*,#1287,.T.);
#1063=ORIENTED_EDGE('',*,*,#1315,.F.);
#1064=ORIENTED_EDGE('',*,*,#1353,.F.);
#1065=ORIENTED_EDGE('',*,*,#1342,.F.);
#1066=CARTESIAN_POINT('',(0.0,-0.01,0.0));
#1067=DIRECTION('',(0.0,0.81923192051904,0.573462344363328));
#1068=DIRECTION('',(-1.0,0.0,0.0));
#1069=ORIENTED_EDGE('',*,*,#1432,.F.);
#1070=ORIENTED_EDGE('',*,*,#1516,.T.);
#1071=ORIENTED_EDGE('',*,*,#1322,.T.);
#1072=ORIENTED_EDGE('',*,*,#1382,.T.);
#1073=ORIENTED_EDGE('',*,*,#1469,.T.);
#1074=ORIENTED_EDGE('',*,*,#1409,.F.);
#1075=ORIENTED_EDGE('',*,*,#1480,.T.);
#1076=ORIENTED_EDGE('',*,*,#1376,.T.);
#1077=ORIENTED_EDGE('',*,*,#1277,.T.);
#1078=ORIENTED_EDGE('',*,*,#1525,.T.);
#1079=CARTESIAN_POINT('',(0.0,0.0,-0.007));
#1080=DIRECTION('',(-0.707106781186547,0.707106781186547,0.0));
#1081=DIRECTION('',(-0.707106781186547,-0.707106781186547,0.0));
#1082=ORIENTED_EDGE('',*,*,#1276,.T.);
#1083=ORIENTED_EDGE('',*,*,#1517,.T.);
#1084=ORIENTED_EDGE('',*,*,#1514,.F.);
#1085=ORIENTED_EDGE('',*,*,#1526,.F.);
#1086=ORIENTED_EDGE('',*,*,#1433,.F.);
#1087=ORIENTED_EDGE('',*,*,#1525,.F.);
#1088=CARTESIAN_POINT('',(-0.01,0.01,-0.007));
#1089=DIRECTION('',(0.0,-0.81923192051904,0.573462344363328));
#1090=DIRECTION('',(1.0,0.0,0.0));
#1091=ORIENTED_EDGE('',*,*,#1488,.T.);
#1092=ORIENTED_EDGE('',*,*,#1292,.F.);
#1093=ORIENTED_EDGE('',*,*,#1521,.F.);
#1094=ORIENTED_EDGE('',*,*,#1522,.F.);
#1095=ORIENTED_EDGE('',*,*,#1290,.F.);
#1096=ORIENTED_EDGE('',*,*,#1490,.T.);
#1097=ORIENTED_EDGE('',*,*,#1360,.F.);
#1098=ORIENTED_EDGE('',*,*,#1498,.F.);
#1099=ORIENTED_EDGE('',*,*,#1492,.F.);
#1100=ORIENTED_EDGE('',*,*,#1371,.F.);
#1101=CARTESIAN_POINT('',(-0.01,-0.01,0.007));
#1102=DIRECTION('',(0.707106781186547,0.707106781186547,0.0));
#1103=DIRECTION('',(-0.707106781186547,0.707106781186547,0.0));
#1104=ORIENTED_EDGE('',*,*,#1270,.T.);
#1105=ORIENTED_EDGE('',*,*,#1303,.F.);
#1106=ORIENTED_EDGE('',*,*,#1280,.F.);
#1107=ORIENTED_EDGE('',*,*,#1527,.F.);
#1108=ORIENTED_EDGE('',*,*,#1528,.T.);
#1109=ORIENTED_EDGE('',*,*,#1529,.T.);
#1110=CARTESIAN_POINT('',(-0.01,0.01,0.007));
#1111=DIRECTION('',(0.0,-0.81923192051904,-0.573462344363328));
#1112=DIRECTION('',(1.0,0.0,0.0));
#1113=ORIENTED_EDGE('',*,*,#1428,.F.);
#1114=ORIENTED_EDGE('',*,*,#1452,.T.);
#1115=ORIENTED_EDGE('',*,*,#1330,.T.);
#1116=ORIENTED_EDGE('',*,*,#1494,.T.);
#1117=ORIENTED_EDGE('',*,*,#1450,.T.);
#1118=ORIENTED_EDGE('',*,*,#1489,.T.);
#1119=ORIENTED_EDGE('',*,*,#1369,.T.);
#1120=ORIENTED_EDGE('',*,*,#1273,.T.);
#1121=ORIENTED_EDGE('',*,*,#1486,.T.);
#1122=ORIENTED_EDGE('',*,*,#1476,.T.);
#1123=ORIENTED_EDGE('',*,*,#1527,.T.);
#1124=ORIENTED_EDGE('',*,*,#1279,.T.);
#1125=ORIENTED_EDGE('',*,*,#1474,.T.);
#1126=ORIENTED_EDGE('',*,*,#1434,.F.);
#1127=ORIENTED_EDGE('',*,*,#1526,.T.);
#1128=ORIENTED_EDGE('',*,*,#1512,.T.);
#1129=CARTESIAN_POINT('',(-0.01,0.0,0.0));
#1130=DIRECTION('',(1.0,0.0,0.0));
#1131=DIRECTION('',(0.0,1.0,0.0));
#1132=ORIENTED_EDGE('',*,*,#1482,.T.);
#1133=ORIENTED_EDGE('',*,*,#1266,.F.);
#1134=ORIENTED_EDGE('',*,*,#1530,.F.);
#1135=ORIENTED_EDGE('',*,*,#1499,.F.);
#1136=ORIENTED_EDGE('',*,*,#1358,.F.);
#1137=ORIENTED_EDGE('',*,*,#1491,.T.);
#1138=ORIENTED_EDGE('',*,*,#1288,.F.);
#1139=ORIENTED_EDGE('',*,*,#1524,.F.);
#1140=ORIENTED_EDGE('',*,*,#1531,.F.);
#1141=ORIENTED_EDGE('',*,*,#1264,.F.);
#1142=CARTESIAN_POINT('',(0.01,-0.01,0.007));
#1143=DIRECTION('',(-0.707106781186547,0.707106781186547,0.0));
#1144=DIRECTION('',(-0.707106781186547,-0.707106781186547,0.0));
#1145=ORIENTED_EDGE('',*,*,#1265,.T.);
#1146=ORIENTED_EDGE('',*,*,#1312,.F.);
#1147=ORIENTED_EDGE('',*,*,#1406,.F.);
#1148=ORIENTED_EDGE('',*,*,#1463,.T.);
#1149=ORIENTED_EDGE('',*,*,#1500,.F.);
#1150=ORIENTED_EDGE('',*,*,#1530,.T.);
#1151=CARTESIAN_POINT('',(0.01,0.0,0.0));
#1152=DIRECTION('',(0.0,-0.81923192051904,0.573462344363328));
#1153=DIRECTION('',(1.0,0.0,0.0));
#1154=ORIENTED_EDGE('',*,*,#1257,.T.);
#1155=ORIENTED_EDGE('',*,*,#1531,.T.);
#1156=ORIENTED_EDGE('',*,*,#1523,.F.);
#1157=ORIENTED_EDGE('',*,*,#1532,.T.);
#1158=ORIENTED_EDGE('',*,*,#1533,.T.);
#1159=ORIENTED_EDGE('',*,*,#1261,.T.);
#1160=ORIENTED_EDGE('',*,*,#1306,.F.);
#1161=ORIENTED_EDGE('',*,*,#1398,.F.);
#1162=ORIENTED_EDGE('',*,*,#1313,.F.);
#1163=CARTESIAN_POINT('',(0.01,0.0,0.0));
#1164=DIRECTION('',(-0.81923192051904,0.0,0.573462344363328));
#1165=DIRECTION('',(0.0,-1.0,0.0));
#1166=ORIENTED_EDGE('',*,*,#1484,.T.);
#1167=ORIENTED_EDGE('',*,*,#1247,.F.);
#1168=ORIENTED_EDGE('',*,*,#1534,.F.);
#1169=ORIENTED_EDGE('',*,*,#1535,.F.);
#1170=ORIENTED_EDGE('',*,*,#1256,.F.);
#1171=ORIENTED_EDGE('',*,*,#1483,.T.);
#1172=ORIENTED_EDGE('',*,*,#1262,.F.);
#1173=ORIENTED_EDGE('',*,*,#1533,.F.);
#1174=ORIENTED_EDGE('',*,*,#1536,.F.);
#1175=ORIENTED_EDGE('',*,*,#1245,.F.);
#1176=CARTESIAN_POINT('',(0.01,0.01,0.007));
#1177=DIRECTION('',(-0.707106781186547,-0.707106781186547,0.0));
#1178=DIRECTION('',(0.707106781186547,-0.707106781186547,0.0));
#1179=ORIENTED_EDGE('',*,*,#1251,.T.);
#1180=ORIENTED_EDGE('',*,*,#1535,.T.);
#1181=ORIENTED_EDGE('',*,*,#1537,.T.);
#1182=ORIENTED_EDGE('',*,*,#1459,.T.);
#1183=ORIENTED_EDGE('',*,*,#1393,.F.);
#1184=ORIENTED_EDGE('',*,*,#1307,.F.);
#1185=CARTESIAN_POINT('',(0.01,0.0,0.0));
#1186=DIRECTION('',(0.0,0.81923192051904,0.573462344363328));
#1187=DIRECTION('',(-1.0,0.0,0.0));
#1188=ORIENTED_EDGE('',*,*,#1246,.T.);
#1189=ORIENTED_EDGE('',*,*,#1309,.F.);
#1190=ORIENTED_EDGE('',*,*,#1389,.F.);
#1191=ORIENTED_EDGE('',*,*,#1479,.T.);
#1192=ORIENTED_EDGE('',*,*,#1537,.F.);
#1193=ORIENTED_EDGE('',*,*,#1534,.T.);
#1194=CARTESIAN_POINT('',(0.0,0.01,0.0));
#1195=DIRECTION('',(0.81923192051904,-0.0,0.573462344363328));
#1196=DIRECTION('',(0.0,1.0,0.0));
#1197=ORIENTED_EDGE('',*,*,#1485,.T.);
#1198=ORIENTED_EDGE('',*,*,#1243,.F.);
#1199=ORIENTED_EDGE('',*,*,#1538,.F.);
#1200=ORIENTED_EDGE('',*,*,#1518,.F.);
#1201=ORIENTED_EDGE('',*,*,#1294,.F.);
#1202=ORIENTED_EDGE('',*,*,#1487,.T.);
#1203=ORIENTED_EDGE('',*,*,#1271,.F.);
#1204=ORIENTED_EDGE('',*,*,#1529,.F.);
#1205=ORIENTED_EDGE('',*,*,#1539,.F.);
#1206=ORIENTED_EDGE('',*,*,#1237,.F.);
#1207=CARTESIAN_POINT('',(-0.01,0.01,0.007));
#1208=DIRECTION('',(0.707106781186547,-0.707106781186547,0.0));
#1209=DIRECTION('',(0.707106781186547,0.707106781186547,0.0));
#1210=ORIENTED_EDGE('',*,*,#1238,.T.);
#1211=ORIENTED_EDGE('',*,*,#1536,.T.);
#1212=ORIENTED_EDGE('',*,*,#1532,.F.);
#1213=ORIENTED_EDGE('',*,*,#1519,.F.);
#1214=ORIENTED_EDGE('',*,*,#1538,.T.);
#1215=ORIENTED_EDGE('',*,*,#1242,.T.);
#1216=ORIENTED_EDGE('',*,*,#1300,.F.);
#1217=ORIENTED_EDGE('',*,*,#1379,.F.);
#1218=ORIENTED_EDGE('',*,*,#1310,.F.);
#1219=CARTESIAN_POINT('',(0.0,0.01,0.0));
#1220=DIRECTION('',(0.0,-0.81923192051904,0.573462344363328));
#1221=DIRECTION('',(1.0,0.0,0.0));
#1222=ORIENTED_EDGE('',*,*,#1232,.T.);
#1223=ORIENTED_EDGE('',*,*,#1539,.T.);
#1224=ORIENTED_EDGE('',*,*,#1528,.F.);
#1225=ORIENTED_EDGE('',*,*,#1475,.T.);
#1226=ORIENTED_EDGE('',*,*,#1374,.F.);
#1227=ORIENTED_EDGE('',*,*,#1301,.F.);
#1228=CARTESIAN_POINT('',(0.0,0.01,0.0));
#1229=DIRECTION('',(-0.81923192051904,0.0,0.573462344363328));
#1230=DIRECTION('',(0.0,-1.0,0.0));
#1231=COLOUR_RGB('',0.560784339904785,0.686274528503418,0.560784339904785);
#1232=EDGE_CURVE('',#1540,#1541,#1542,.T.);
#1233=EDGE_CURVE('5:41248',#1543,#1540,#1544,.T.);
#1234=EDGE_CURVE('5:41146',#1543,#1545,#1546,.T.);
#1235=EDGE_CURVE('5:50301',#1545,#1547,#1548,.T.);
#1236=EDGE_CURVE('5:50027',#1547,#1549,#1550,.T.);
#1237=EDGE_CURVE('5:50294',#1549,#1541,#1551,.T.);
#1238=EDGE_CURVE('',#1552,#1553,#1554,.T.);
#1239=EDGE_CURVE('5:41140',#1555,#1552,#1556,.T.);
#1240=EDGE_CURVE('5:41119',#1545,#1555,#1557,.T.);
#1241=EDGE_CURVE('5:41203',#1558,#1543,#1559,.T.);
#1242=EDGE_CURVE('',#1560,#1558,#1561,.T.);
#1243=EDGE_CURVE('5:50271',#1560,#1562,#1563,.T.);
#1244=EDGE_CURVE('5:50015',#1562,#1564,#1565,.T.);
#1245=EDGE_CURVE('5:50254',#1564,#1553,#1566,.T.);
#1246=EDGE_CURVE('',#1567,#1568,#1569,.T.);
#1247=EDGE_CURVE('5:50231',#1567,#1570,#1571,.T.);
#1248=EDGE_CURVE('5:50003',#1570,#1572,#1573,.T.);
#1249=EDGE_CURVE('5:50214',#1572,#1545,#1574,.T.);
#1250=EDGE_CURVE('5:41047',#1568,#1555,#1575,.T.);
#1251=EDGE_CURVE('',#1576,#1577,#1578,.T.);
#1252=EDGE_CURVE('5:40966',#1579,#1576,#1580,.T.);
#1253=EDGE_CURVE('5:40819',#1579,#1581,#1582,.T.);
#1254=EDGE_CURVE('5:50171',#1581,#1583,#1584,.T.);
#1255=EDGE_CURVE('5:49985',#1583,#1585,#1586,.T.);
#1256=EDGE_CURVE('5:50154',#1585,#1577,#1587,.T.);
#1257=EDGE_CURVE('',#1588,#1589,#1590,.T.);
#1258=EDGE_CURVE('5:40855',#1591,#1588,#1592,.T.);
#1259=EDGE_CURVE('5:40840',#1581,#1591,#1593,.T.);
#1260=EDGE_CURVE('5:40867',#1594,#1579,#1595,.T.);
#1261=EDGE_CURVE('',#1596,#1594,#1597,.T.);
#1262=EDGE_CURVE('5:50131',#1596,#1598,#1599,.T.);
#1263=EDGE_CURVE('5:49973',#1598,#1600,#1601,.T.);
#1264=EDGE_CURVE('5:50114',#1600,#1589,#1602,.T.);
#1265=EDGE_CURVE('',#1603,#1604,#1605,.T.);
#1266=EDGE_CURVE('5:50091',#1603,#1606,#1607,.T.);
#1267=EDGE_CURVE('5:49961',#1606,#1608,#1609,.T.);
#1268=EDGE_CURVE('5:50074',#1608,#1581,#1610,.T.);
#1269=EDGE_CURVE('5:40702',#1604,#1591,#1611,.T.);
#1270=EDGE_CURVE('',#1612,#1613,#1614,.T.);
#1271=EDGE_CURVE('5:50241',#1612,#1615,#1616,.T.);
#1272=EDGE_CURVE('5:50012',#1615,#1617,#1618,.T.);
#1273=EDGE_CURVE('5:50261',#1619,#1617,#1620,.T.);
#1274=EDGE_CURVE('5:40453',#1619,#1621,#1622,.T.);
#1275=EDGE_CURVE('5:40393',#1613,#1621,#1623,.T.);
#1276=EDGE_CURVE('',#1624,#1625,#1626,.T.);
#1277=EDGE_CURVE('5:51252',#1627,#1624,#1628,.T.);
#1278=EDGE_CURVE('5:45979',#1627,#1629,#1630,.T.);
#1279=EDGE_CURVE('5:48571',#1631,#1629,#1632,.T.);
#1280=EDGE_CURVE('5:48702',#1631,#1633,#1634,.T.);
#1281=EDGE_CURVE('5:40447',#1633,#1625,#1635,.T.);
#1282=EDGE_CURVE('',#1636,#1637,#1638,.T.);
#1283=EDGE_CURVE('5:40141',#1639,#1636,#1640,.T.);
#1284=EDGE_CURVE('5:40129',#1641,#1639,#1642,.T.);
#1285=EDGE_CURVE('5:40111',#1643,#1641,#1644,.T.);
#1286=EDGE_CURVE('5:40153',#1645,#1643,#1646,.T.);
#1287=EDGE_CURVE('',#1647,#1645,#1648,.T.);
#1288=EDGE_CURVE('5:50061',#1647,#1649,#1650,.T.);
#1289=EDGE_CURVE('5:49958',#1649,#1651,#1652,.T.);
#1290=EDGE_CURVE('5:50084',#1651,#1637,#1653,.T.);
#1291=EDGE_CURVE('',#1654,#1655,#1656,.T.);
#1292=EDGE_CURVE('5:50201',#1654,#1657,#1658,.T.);
#1293=EDGE_CURVE('5:50000',#1657,#1659,#1660,.T.);
#1294=EDGE_CURVE('5:50224',#1659,#1661,#1662,.T.);
#1295=EDGE_CURVE('',#1663,#1661,#1664,.T.);
#1296=EDGE_CURVE('5:40465',#1621,#1663,#1665,.T.);
#1297=EDGE_CURVE('5:40477',#1666,#1619,#1667,.T.);
#1298=EDGE_CURVE('5:40519',#1655,#1666,#1668,.T.);
#1299=EDGE_CURVE('',#1669,#1670,#1671,.T.);
#1300=EDGE_CURVE('5:41203',#1669,#1558,#1672,.T.);
#1301=EDGE_CURVE('5:41248',#1540,#1673,#1674,.T.);
#1302=EDGE_CURVE('',#1633,#1673,#1675,.T.);
#1303=EDGE_CURVE('5:40393',#1633,#1613,#1676,.T.);
#1304=EDGE_CURVE('5:40465',#1663,#1670,#1677,.T.);
#1305=EDGE_CURVE('',#1678,#1679,#1680,.T.);
#1306=EDGE_CURVE('5:40867',#1678,#1594,#1681,.T.);
#1307=EDGE_CURVE('5:40966',#1576,#1682,#1683,.T.);
#1308=EDGE_CURVE('',#1684,#1682,#1685,.T.);
#1309=EDGE_CURVE('5:41047',#1684,#1568,#1686,.T.);
#1310=EDGE_CURVE('5:41140',#1552,#1679,#1687,.T.);
#1311=EDGE_CURVE('',#1688,#1689,#1690,.T.);
#1312=EDGE_CURVE('5:40702',#1688,#1604,#1691,.T.);
#1313=EDGE_CURVE('5:40855',#1588,#1692,#1693,.T.);
#1314=EDGE_CURVE('',#1694,#1692,#1695,.T.);
#1315=EDGE_CURVE('5:40153',#1694,#1645,#1696,.T.);
#1316=EDGE_CURVE('5:40228',#1643,#1697,#1698,.T.);
#1317=EDGE_CURVE('5:40228',#1697,#1689,#1699,.T.);
#1318=EDGE_CURVE('',#1700,#1701,#1702,.T.);
#1319=EDGE_CURVE('5:51292',#1703,#1700,#1704,.T.);
#1320=EDGE_CURVE('5:39550',#1705,#1703,#1706,.T.);
#1321=EDGE_CURVE('5:39571',#1705,#1707,#1708,.T.);
#1322=EDGE_CURVE('5:51275',#1709,#1707,#1710,.T.);
#1323=EDGE_CURVE('',#1711,#1709,#1712,.T.);
#1324=EDGE_CURVE('5:40246',#1711,#1670,#1713,.T.);
#1325=EDGE_CURVE('5:40510',#1670,#1714,#1715,.T.);
#1326=EDGE_CURVE('5:40567',#1714,#1701,#1716,.T.);
#1327=EDGE_CURVE('',#1717,#1718,#1719,.T.);
#1328=EDGE_CURVE('5:39841',#1717,#1720,#1721,.T.);
#1329=EDGE_CURVE('5:48669',#1720,#1722,#1723,.T.);
#1330=EDGE_CURVE('5:48580',#1724,#1722,#1725,.T.);
#1331=EDGE_CURVE('5:46885',#1726,#1724,#1727,.T.);
#1332=EDGE_CURVE('5:51315',#1718,#1726,#1728,.T.);
#1333=EDGE_CURVE('',#1729,#1730,#1731,.T.);
#1334=EDGE_CURVE('5:39946',#1729,#1689,#1732,.T.);
#1335=EDGE_CURVE('5:46735',#1689,#1733,#1734,.T.);
#1336=EDGE_CURVE('5:46606',#1735,#1733,#1736,.T.);
#1337=EDGE_CURVE('5:46758',#1735,#1737,#1738,.T.);
#1338=EDGE_CURVE('5:51455',#1730,#1737,#1739,.T.);
#1339=EDGE_CURVE('',#1740,#1720,#1741,.T.);
#1340=EDGE_CURVE('5:40000',#1740,#1742,#1743,.T.);
#1341=EDGE_CURVE('5:40000',#1742,#1639,#1744,.T.);
#1342=EDGE_CURVE('5:40141',#1636,#1745,#1746,.T.);
#1343=EDGE_CURVE('',#1714,#1745,#1747,.T.);
#1344=EDGE_CURVE('5:40519',#1714,#1655,#1748,.T.);
#1345=EDGE_CURVE('5:40570',#1666,#1749,#1750,.T.);
#1346=EDGE_CURVE('5:40570',#1749,#1720,#1751,.T.);
#1347=EDGE_CURVE('',#1752,#1753,#1754,.T.);
#1348=EDGE_CURVE('5:51432',#1755,#1752,#1756,.T.);
#1349=EDGE_CURVE('5:39472',#1755,#1705,#1757,.T.);
#1350=EDGE_CURVE('5:51415',#1758,#1703,#1759,.T.);
#1351=EDGE_CURVE('',#1760,#1758,#1761,.T.);
#1352=EDGE_CURVE('5:39850',#1760,#1745,#1762,.T.);
#1353=EDGE_CURVE('5:40183',#1745,#1694,#1763,.T.);
#1354=EDGE_CURVE('5:40225',#1694,#1753,#1764,.T.);
#1355=EDGE_CURVE('',#1697,#1765,#1766,.T.);
#1356=EDGE_CURVE('5:50034',#1767,#1641,#1768,.T.);
#1357=EDGE_CURVE('5:49946',#1767,#1769,#1770,.T.);
#1358=EDGE_CURVE('5:50044',#1769,#1765,#1771,.T.);
#1359=EDGE_CURVE('',#1772,#1742,#1773,.T.);
#1360=EDGE_CURVE('5:50101',#1772,#1774,#1775,.T.);
#1361=EDGE_CURVE('5:49970',#1774,#1776,#1777,.T.);
#1362=EDGE_CURVE('5:50121',#1641,#1776,#1778,.T.);
#1363=EDGE_CURVE('',#1779,#1780,#1781,.T.);
#1364=EDGE_CURVE('5:51392',#1726,#1779,#1782,.T.);
#1365=EDGE_CURVE('5:46600',#1783,#1724,#1784,.T.);
#1366=EDGE_CURVE('5:46868',#1783,#1740,#1785,.T.);
#1367=EDGE_CURVE('5:40036',#1740,#1780,#1786,.T.);
#1368=EDGE_CURVE('',#1749,#1787,#1788,.T.);
#1369=EDGE_CURVE('5:50164',#1789,#1619,#1790,.T.);
#1370=EDGE_CURVE('5:49988',#1789,#1791,#1792,.T.);
#1371=EDGE_CURVE('5:50184',#1791,#1787,#1793,.T.);
#1372=EDGE_CURVE('',#1794,#1795,#1796,.T.);
#1373=EDGE_CURVE('5:40261',#1794,#1673,#1797,.T.);
#1374=EDGE_CURVE('5:45999',#1673,#1798,#1799,.T.);
#1375=EDGE_CURVE('5:45875',#1798,#1629,#1800,.T.);
#1376=EDGE_CURVE('5:51205',#1795,#1627,#1801,.T.);
#1377=EDGE_CURVE('',#1802,#1803,#1804,.T.);
#1378=EDGE_CURVE('5:40639',#1802,#1679,#1805,.T.);
#1379=EDGE_CURVE('5:41197',#1679,#1669,#1806,.T.);
#1380=EDGE_CURVE('5:41254',#1669,#1807,#1808,.T.);
#1381=EDGE_CURVE('',#1809,#1807,#1810,.T.);
#1382=EDGE_CURVE('5:51222',#1707,#1809,#1811,.T.);
#1383=EDGE_CURVE('5:39562',#1812,#1705,#1813,.T.);
#1384=EDGE_CURVE('5:51245',#1803,#1812,#1814,.T.);
#1385=EDGE_CURVE('',#1815,#1816,#1817,.T.);
#1386=EDGE_CURVE('5:51262',#1818,#1815,#1819,.T.);
#1387=EDGE_CURVE('5:45972',#1820,#1818,#1821,.T.);
#1388=EDGE_CURVE('5:45872',#1820,#1822,#1823,.T.);
#1389=EDGE_CURVE('5:45992',#1822,#1684,#1824,.T.);
#1390=EDGE_CURVE('5:41098',#1684,#1816,#1825,.T.);
#1391=EDGE_CURVE('',#1826,#1827,#1828,.T.);
#1392=EDGE_CURVE('5:40627',#1826,#1682,#1829,.T.);
#1393=EDGE_CURVE('5:48087',#1682,#1830,#1831,.T.);
#1394=EDGE_CURVE('5:48041',#1830,#1820,#1832,.T.);
#1395=EDGE_CURVE('5:51345',#1827,#1818,#1833,.T.);
#1396=EDGE_CURVE('',#1834,#1835,#1836,.T.);
#1397=EDGE_CURVE('5:39919',#1834,#1692,#1837,.T.);
#1398=EDGE_CURVE('5:40903',#1692,#1678,#1838,.T.);
#1399=EDGE_CURVE('5:40963',#1678,#1839,#1840,.T.);
#1400=EDGE_CURVE('',#1841,#1839,#1842,.T.);
#1401=EDGE_CURVE('5:51362',#1812,#1841,#1843,.T.);
#1402=EDGE_CURVE('5:51385',#1835,#1755,#1844,.T.);
#1403=EDGE_CURVE('',#1845,#1846,#1847,.T.);
#1404=EDGE_CURVE('5:51402',#1737,#1845,#1848,.T.);
#1405=EDGE_CURVE('5:48074',#1735,#1849,#1850,.T.);
#1406=EDGE_CURVE('5:48140',#1849,#1688,#1851,.T.);
#1407=EDGE_CURVE('5:40744',#1688,#1846,#1852,.T.);
#1408=EDGE_CURVE('5:51077',#1853,#1854,#1855,.T.);
#1409=EDGE_CURVE('5:51083',#1854,#1856,#1857,.T.);
#1410=EDGE_CURVE('5:51074',#1856,#1858,#1859,.T.);
#1411=EDGE_CURVE('5:51044',#1858,#1860,#1861,.T.);
#1412=EDGE_CURVE('5:51065',#1860,#1862,#1863,.T.);
#1413=EDGE_CURVE('5:51092',#1862,#1864,#1865,.T.);
#1414=EDGE_CURVE('5:51101',#1864,#1866,#1867,.T.);
#1415=EDGE_CURVE('5:51071',#1866,#1868,#1869,.T.);
#1416=EDGE_CURVE('5:51047',#1868,#1870,#1871,.T.);
#1417=EDGE_CURVE('5:51053',#1870,#1872,#1873,.T.);
#1418=EDGE_CURVE('5:51035',#1872,#1874,#1875,.T.);
#1419=EDGE_CURVE('5:51068',#1874,#1876,#1877,.T.);
#1420=EDGE_CURVE('5:51104',#1876,#1878,#1879,.T.);
#1421=EDGE_CURVE('5:51023',#1878,#1880,#1881,.T.);
#1422=EDGE_CURVE('5:51056',#1880,#1882,#1883,.T.);
#1423=EDGE_CURVE('5:51032',#1882,#1884,#1885,.T.);
#1424=EDGE_CURVE('5:51050',#1884,#1886,#1887,.T.);
#1425=EDGE_CURVE('5:51041',#1886,#1888,#1889,.T.);
#1426=EDGE_CURVE('5:51029',#1888,#1890,#1891,.T.);
#1427=EDGE_CURVE('5:51026',#1890,#1892,#1893,.T.);
#1428=EDGE_CURVE('5:51095',#1892,#1894,#1895,.T.);
#1429=EDGE_CURVE('5:51059',#1894,#1896,#1897,.T.);
#1430=EDGE_CURVE('5:51038',#1896,#1898,#1899,.T.);
#1431=EDGE_CURVE('5:51062',#1898,#1900,#1901,.T.);
#1432=EDGE_CURVE('5:51080',#1900,#1902,#1903,.T.);
#1433=EDGE_CURVE('5:51086',#1902,#1904,#1905,.T.);
#1434=EDGE_CURVE('5:51098',#1904,#1906,#1907,.T.);
#1435=EDGE_CURVE('5:51089',#1906,#1853,#1908,.T.);
#1436=EDGE_CURVE('5:40744',#1846,#1909,#1910,.T.);
#1437=EDGE_CURVE('5:39973',#1909,#1911,#1912,.T.);
#1438=EDGE_CURVE('5:51422',#1911,#1876,#1913,.T.);
#1439=EDGE_CURVE('5:51402',#1845,#1874,#1914,.T.);
#1440=EDGE_CURVE('5:51385',#1872,#1835,#1915,.T.);
#1441=EDGE_CURVE('5:51362',#1841,#1870,#1916,.T.);
#1442=EDGE_CURVE('5:40963',#1839,#1917,#1918,.T.);
#1443=EDGE_CURVE('5:40675',#1917,#1911,#1919,.T.);
#1444=EDGE_CURVE('5:39919',#1909,#1834,#1920,.T.);
#1445=EDGE_CURVE('5:51445',#1878,#1735,#1921,.T.);
#1446=EDGE_CURVE('5:46633',#1733,#1922,#1923,.T.);
#1447=EDGE_CURVE('5:50051',#1922,#1924,#1925,.T.);
#1448=EDGE_CURVE('5:49949',#1924,#1767,#1926,.T.);
#1449=EDGE_CURVE('5:49976',#1776,#1927,#1928,.T.);
#1450=EDGE_CURVE('5:50141',#1929,#1927,#1930,.T.);
#1451=EDGE_CURVE('5:46615',#1929,#1783,#1931,.T.);
#1452=EDGE_CURVE('5:51355',#1892,#1724,#1932,.T.);
#1453=EDGE_CURVE('5:51375',#1890,#1933,#1934,.T.);
#1454=EDGE_CURVE('5:51462',#1933,#1880,#1935,.T.);
#1455=EDGE_CURVE('5:51345',#1868,#1827,#1936,.T.);
#1456=EDGE_CURVE('5:51325',#1866,#1911,#1937,.T.);
#1457=EDGE_CURVE('5:40627',#1917,#1826,#1938,.T.);
#1458=EDGE_CURVE('5:51302',#1820,#1864,#1939,.T.);
#1459=EDGE_CURVE('5:48047',#1940,#1830,#1941,.T.);
#1460=EDGE_CURVE('5:50194',#1942,#1940,#1943,.T.);
#1461=EDGE_CURVE('5:49991',#1942,#1583,#1944,.T.);
#1462=EDGE_CURVE('5:49955',#1608,#1924,#1945,.T.);
#1463=EDGE_CURVE('5:48080',#1849,#1922,#1946,.T.);
#1464=EDGE_CURVE('5:41098',#1816,#1947,#1948,.T.);
#1465=EDGE_CURVE('5:39790',#1949,#1947,#1950,.T.);
#1466=EDGE_CURVE('5:51282',#1949,#1862,#1951,.T.);
#1467=EDGE_CURVE('5:51262',#1815,#1860,#1952,.T.);
#1468=EDGE_CURVE('5:51245',#1858,#1803,#1953,.T.);
#1469=EDGE_CURVE('5:51222',#1809,#1856,#1954,.T.);
#1470=EDGE_CURVE('5:41254',#1807,#1955,#1956,.T.);
#1471=EDGE_CURVE('5:40309',#1955,#1949,#1957,.T.);
#1472=EDGE_CURVE('5:40639',#1947,#1802,#1958,.T.);
#1473=EDGE_CURVE('5:51195',#1853,#1949,#1959,.T.);
#1474=EDGE_CURVE('5:51212',#1629,#1906,#1960,.T.);
#1475=EDGE_CURVE('5:45881',#1961,#1798,#1962,.T.);
#1476=EDGE_CURVE('5:50284',#1963,#1961,#1964,.T.);
#1477=EDGE_CURVE('5:50024',#1963,#1547,#1965,.T.);
#1478=EDGE_CURVE('5:49997',#1572,#1942,#1966,.T.);
#1479=EDGE_CURVE('5:45878',#1822,#1940,#1967,.T.);
#1480=EDGE_CURVE('5:51205',#1854,#1795,#1968,.T.);
#1481=EDGE_CURVE('5:40261',#1955,#1794,#1969,.T.);
#1482=EDGE_CURVE('5:49967',#1600,#1606,#1970,.T.);
#1483=EDGE_CURVE('5:49979',#1585,#1598,#1971,.T.);
#1484=EDGE_CURVE('5:50009',#1564,#1570,#1972,.T.);
#1485=EDGE_CURVE('5:50021',#1549,#1562,#1973,.T.);
#1486=EDGE_CURVE('5:50018',#1617,#1963,#1974,.T.);
#1487=EDGE_CURVE('5:50006',#1659,#1615,#1975,.T.);
#1488=EDGE_CURVE('5:49994',#1791,#1657,#1976,.T.);
#1489=EDGE_CURVE('5:49982',#1927,#1789,#1977,.T.);
#1490=EDGE_CURVE('5:49964',#1651,#1774,#1978,.T.);
#1491=EDGE_CURVE('5:49952',#1769,#1649,#1979,.T.);
#1492=EDGE_CURVE('5:50184',#1787,#1980,#1981,.T.);
#1493=EDGE_CURVE('5:46848',#1929,#1980,#1982,.T.);
#1494=EDGE_CURVE('5:48595',#1722,#1929,#1983,.T.);
#1495=EDGE_CURVE('5:40036',#1780,#1984,#1985,.T.);
#1496=EDGE_CURVE('5:39889',#1984,#1933,#1986,.T.);
#1497=EDGE_CURVE('5:51392',#1779,#1888,#1987,.T.);
#1498=EDGE_CURVE('5:50101',#1980,#1772,#1988,.T.);
#1499=EDGE_CURVE('5:50044',#1765,#1989,#1990,.T.);
#1500=EDGE_CURVE('5:46715',#1989,#1922,#1991,.T.);
#1501=EDGE_CURVE('5:51455',#1882,#1730,#1992,.T.);
#1502=EDGE_CURVE('5:51432',#1752,#1884,#1993,.T.);
#1503=EDGE_CURVE('5:51415',#1886,#1758,#1994,.T.);
#1504=EDGE_CURVE('5:51292',#1700,#1898,#1995,.T.);
#1505=EDGE_CURVE('5:51315',#1896,#1718,#1996,.T.);
#1506=EDGE_CURVE('5:40225',#1753,#1997,#1998,.T.);
#1507=EDGE_CURVE('5:39310',#1933,#1997,#1999,.T.);
#1508=EDGE_CURVE('5:39850',#1984,#1760,#2000,.T.);
#1509=EDGE_CURVE('5:39841',#2001,#1717,#2002,.T.);
#1510=EDGE_CURVE('5:40567',#1701,#2001,#2003,.T.);
#1511=EDGE_CURVE('5:39946',#1997,#1729,#2004,.T.);
#1512=EDGE_CURVE('5:51332',#2005,#1894,#2006,.T.);
#1513=EDGE_CURVE('5:39694',#2005,#2001,#2007,.T.);
#1514=EDGE_CURVE('5:39664',#2005,#2008,#2009,.T.);
#1515=EDGE_CURVE('5:40246',#2008,#1711,#2010,.T.);
#1516=EDGE_CURVE('5:51275',#1900,#1709,#2011,.T.);
#1517=EDGE_CURVE('5:40447',#1625,#2008,#2012,.T.);
#1518=EDGE_CURVE('5:50224',#1661,#2013,#2014,.T.);
#1519=EDGE_CURVE('5:41548',#2013,#2015,#2016,.T.);
#1520=EDGE_CURVE('5:41347',#2017,#2015,#2018,.T.);
#1521=EDGE_CURVE('5:50201',#2017,#1654,#2019,.T.);
#1522=EDGE_CURVE('5:50084',#1637,#2017,#2020,.T.);
#1523=EDGE_CURVE('5:40891',#2015,#2021,#2022,.T.);
#1524=EDGE_CURVE('5:50061',#2021,#1647,#2023,.T.);
#1525=EDGE_CURVE('5:51252',#1624,#1902,#2024,.T.);
#1526=EDGE_CURVE('5:51235',#1904,#2005,#2025,.T.);
#1527=EDGE_CURVE('5:48568',#1961,#1631,#2026,.T.);
#1528=EDGE_CURVE('5:46022',#1961,#2027,#2028,.T.);
#1529=EDGE_CURVE('5:50241',#2027,#1612,#2029,.T.);
#1530=EDGE_CURVE('5:50091',#1989,#1603,#2030,.T.);
#1531=EDGE_CURVE('5:50114',#1589,#2021,#2031,.T.);
#1532=EDGE_CURVE('5:41170',#2015,#2032,#2033,.T.);
#1533=EDGE_CURVE('5:50131',#2032,#1596,#2034,.T.);
#1534=EDGE_CURVE('5:50231',#2035,#1567,#2036,.T.);
#1535=EDGE_CURVE('5:50154',#1577,#2035,#2037,.T.);
#1536=EDGE_CURVE('5:50254',#1553,#2032,#2038,.T.);
#1537=EDGE_CURVE('5:46009',#2035,#1940,#2039,.T.);
#1538=EDGE_CURVE('5:50271',#2013,#1560,#2040,.T.);
#1539=EDGE_CURVE('5:50294',#1541,#2027,#2041,.T.);
#1540=VERTEX_POINT('',#2042);
#1541=VERTEX_POINT('',#2043);
#1542=LINE('',#2044,#2045);
#1543=VERTEX_POINT('',#2046);
#1544=ELLIPSE('',#2047,0.0005241495016133,0.0002404);
#1545=VERTEX_POINT('',#2048);
#1546=ELLIPSE('',#2049,0.000414994743099235,0.0002404);
#1547=VERTEX_POINT('',#2050);
#1548=LINE('',#2051,#2052);
#1549=VERTEX_POINT('',#2053);
#1550=ELLIPSE('',#2054,0.000419207995717483,0.0002404);
#1551=ELLIPSE('',#2055,0.000524149501613297,0.000240400000000001);
#1552=VERTEX_POINT('',#2056);
#1553=VERTEX_POINT('',#2057);
#1554=LINE('',#2058,#2059);
#1555=VERTEX_POINT('',#2060);
#1556=ELLIPSE('',#2061,0.000524149501613299,0.0002404);
#1557=ELLIPSE('',#2062,0.000414994743099235,0.0002404);
#1558=VERTEX_POINT('',#2063);
#1559=ELLIPSE('',#2064,0.0005241495016133,0.0002404);
#1560=VERTEX_POINT('',#2065);
#1561=LINE('',#2066,#2067);
#1562=VERTEX_POINT('',#2068);
#1563=ELLIPSE('',#2069,0.000524149501613295,0.000240400000000001);
#1564=VERTEX_POINT('',#2070);
#1565=ELLIPSE('',#2071,0.000419207995717483,0.0002404);
#1566=ELLIPSE('',#2072,0.000524149501613295,0.000240400000000001);
#1567=VERTEX_POINT('',#2073);
#1568=VERTEX_POINT('',#2074);
#1569=LINE('',#2075,#2076);
#1570=VERTEX_POINT('',#2077);
#1571=ELLIPSE('',#2078,0.000524149501613297,0.000240400000000001);
#1572=VERTEX_POINT('',#2079);
#1573=ELLIPSE('',#2080,0.000419207995717483,0.0002404);
#1574=LINE('',#2081,#2082);
#1575=ELLIPSE('',#2083,0.000524149501613299,0.0002404);
#1576=VERTEX_POINT('',#2084);
#1577=VERTEX_POINT('',#2085);
#1578=LINE('',#2086,#2087);
#1579=VERTEX_POINT('',#2088);
#1580=ELLIPSE('',#2089,0.0005241495016133,0.0002404);
#1581=VERTEX_POINT('',#2090);
#1582=ELLIPSE('',#2091,0.000414994743099235,0.0002404);
#1583=VERTEX_POINT('',#2092);
#1584=LINE('',#2093,#2094);
#1585=VERTEX_POINT('',#2095);
#1586=ELLIPSE('',#2096,0.000419207995717483,0.0002404);
#1587=ELLIPSE('',#2097,0.000524149501613297,0.000240400000000001);
#1588=VERTEX_POINT('',#2098);
#1589=VERTEX_POINT('',#2099);
#1590=LINE('',#2100,#2101);
#1591=VERTEX_POINT('',#2102);
#1592=ELLIPSE('',#2103,0.0005241495016133,0.0002404);
#1593=ELLIPSE('',#2104,0.000414994743099235,0.0002404);
#1594=VERTEX_POINT('',#2105);
#1595=ELLIPSE('',#2106,0.0005241495016133,0.0002404);
#1596=VERTEX_POINT('',#2107);
#1597=LINE('',#2108,#2109);
#1598=VERTEX_POINT('',#2110);
#1599=ELLIPSE('',#2111,0.000524149501613295,0.000240400000000001);
#1600=VERTEX_POINT('',#2112);
#1601=ELLIPSE('',#2113,0.000419207995717483,0.0002404);
#1602=ELLIPSE('',#2114,0.000524149501613295,0.000240400000000001);
#1603=VERTEX_POINT('',#2115);
#1604=VERTEX_POINT('',#2116);
#1605=LINE('',#2117,#2118);
#1606=VERTEX_POINT('',#2119);
#1607=ELLIPSE('',#2120,0.000524149501613297,0.000240400000000001);
#1608=VERTEX_POINT('',#2121);
#1609=ELLIPSE('',#2122,0.000419207995717483,0.0002404);
#1610=LINE('',#2123,#2124);
#1611=ELLIPSE('',#2125,0.0005241495016133,0.0002404);
#1612=VERTEX_POINT('',#2126);
#1613=VERTEX_POINT('',#2127);
#1614=LINE('',#2128,#2129);
#1615=VERTEX_POINT('',#2130);
#1616=ELLIPSE('',#2131,0.000524149501613301,0.000240400000000001);
#1617=VERTEX_POINT('',#2132);
#1618=ELLIPSE('',#2133,0.000419207995717483,0.0002404);
#1619=VERTEX_POINT('',#2134);
#1620=LINE('',#2135,#2136);
#1621=VERTEX_POINT('',#2137);
#1622=ELLIPSE('',#2138,0.000414994743099237,0.0002404);
#1623=ELLIPSE('',#2139,0.000524149501613301,0.0002404);
#1624=VERTEX_POINT('',#2140);
#1625=VERTEX_POINT('',#2141);
#1626=LINE('',#2142,#2143);
#1627=VERTEX_POINT('',#2144);
#1628=ELLIPSE('',#2145,0.000524149501613299,0.0002404);
#1629=VERTEX_POINT('',#2146);
#1630=ELLIPSE('',#2147,0.000414994743099235,0.0002404);
#1631=VERTEX_POINT('',#2148);
#1632=LINE('',#2149,#2150);
#1633=VERTEX_POINT('',#2151);
#1634=ELLIPSE('',#2152,0.000419207995717484,0.0002404);
#1635=ELLIPSE('',#2153,0.000524149501613297,0.000240400000000001);
#1636=VERTEX_POINT('',#2154);
#1637=VERTEX_POINT('',#2155);
#1638=LINE('',#2156,#2157);
#1639=VERTEX_POINT('',#2158);
#1640=ELLIPSE('',#2159,0.0005241495016133,0.0002404);
#1641=VERTEX_POINT('',#2160);
#1642=ELLIPSE('',#2161,0.000414994743099235,0.0002404);
#1643=VERTEX_POINT('',#2162);
#1644=ELLIPSE('',#2163,0.000414994743099235,0.0002404);
#1645=VERTEX_POINT('',#2164);
#1646=ELLIPSE('',#2165,0.000524149501613299,0.0002404);
#1647=VERTEX_POINT('',#2166);
#1648=LINE('',#2167,#2168);
#1649=VERTEX_POINT('',#2169);
#1650=ELLIPSE('',#2170,0.000524149501613295,0.000240400000000001);
#1651=VERTEX_POINT('',#2171);
#1652=ELLIPSE('',#2172,0.000419207995717483,0.0002404);
#1653=ELLIPSE('',#2173,0.000524149501613295,0.000240400000000001);
#1654=VERTEX_POINT('',#2174);
#1655=VERTEX_POINT('',#2175);
#1656=LINE('',#2176,#2177);
#1657=VERTEX_POINT('',#2178);
#1658=ELLIPSE('',#2179,0.000524149501613303,0.000240400000000001);
#1659=VERTEX_POINT('',#2180);
#1660=ELLIPSE('',#2181,0.000419207995717483,0.0002404);
#1661=VERTEX_POINT('',#2182);
#1662=ELLIPSE('',#2183,0.000524149501613303,0.000240400000000001);
#1663=VERTEX_POINT('',#2184);
#1664=LINE('',#2185,#2186);
#1665=ELLIPSE('',#2187,0.000524149501613303,0.0002404);
#1666=VERTEX_POINT('',#2188);
#1667=ELLIPSE('',#2189,0.000414994743099237,0.0002404);
#1668=ELLIPSE('',#2190,0.000524149501613303,0.0002404);
#1669=VERTEX_POINT('',#2191);
#1670=VERTEX_POINT('',#2192);
#1671=LINE('',#2193,#2194);
#1672=ELLIPSE('',#2195,0.0005241495016133,0.0002404);
#1673=VERTEX_POINT('',#2196);
#1674=ELLIPSE('',#2197,0.0005241495016133,0.0002404);
#1675=LINE('',#2198,#2199);
#1676=ELLIPSE('',#2200,0.000524149501613301,0.0002404);
#1677=ELLIPSE('',#2201,0.000524149501613303,0.0002404);
#1678=VERTEX_POINT('',#2202);
#1679=VERTEX_POINT('',#2203);
#1680=LINE('',#2204,#2205);
#1681=ELLIPSE('',#2206,0.0005241495016133,0.0002404);
#1682=VERTEX_POINT('',#2207);
#1683=ELLIPSE('',#2208,0.0005241495016133,0.0002404);
#1684=VERTEX_POINT('',#2209);
#1685=LINE('',#2210,#2211);
#1686=ELLIPSE('',#2212,0.000524149501613299,0.0002404);
#1687=ELLIPSE('',#2213,0.000524149501613299,0.0002404);
#1688=VERTEX_POINT('',#2214);
#1689=VERTEX_POINT('',#2215);
#1690=LINE('',#2216,#2217);
#1691=ELLIPSE('',#2218,0.0005241495016133,0.0002404);
#1692=VERTEX_POINT('',#2219);
#1693=ELLIPSE('',#2220,0.0005241495016133,0.0002404);
#1694=VERTEX_POINT('',#2221);
#1695=LINE('',#2222,#2223);
#1696=ELLIPSE('',#2224,0.000524149501613299,0.0002404);
#1697=VERTEX_POINT('',#2225);
#1698=ELLIPSE('',#2226,0.000524149501613301,0.0002404);
#1699=ELLIPSE('',#2227,0.000524149501613301,0.0002404);
#1700=VERTEX_POINT('',#2228);
#1701=VERTEX_POINT('',#2229);
#1702=LINE('',#2230,#2231);
#1703=VERTEX_POINT('',#2232);
#1704=ELLIPSE('',#2233,0.0005241495016133,0.0002404);
#1705=VERTEX_POINT('',#2234);
#1706=ELLIPSE('',#2235,0.000414994743099235,0.0002404);
#1707=VERTEX_POINT('',#2236);
#1708=ELLIPSE('',#2237,0.000414994743099235,0.0002404);
#1709=VERTEX_POINT('',#2238);
#1710=ELLIPSE('',#2239,0.0005241495016133,0.0002404);
#1711=VERTEX_POINT('',#2240);
#1712=LINE('',#2241,#2242);
#1713=ELLIPSE('',#2243,0.0005241495016133,0.000240400000000001);
#1714=VERTEX_POINT('',#2244);
#1715=ELLIPSE('',#2245,0.000419207995717484,0.0002404);
#1716=ELLIPSE('',#2246,0.0005241495016133,0.000240400000000001);
#1717=VERTEX_POINT('',#2247);
#1718=VERTEX_POINT('',#2248);
#1719=LINE('',#2249,#2250);
#1720=VERTEX_POINT('',#2251);
#1721=ELLIPSE('',#2252,0.000524149501613294,0.000240400000000001);
#1722=VERTEX_POINT('',#2253);
#1723=ELLIPSE('',#2254,0.000419207995717484,0.0002404);
#1724=VERTEX_POINT('',#2255);
#1725=LINE('',#2256,#2257);
#1726=VERTEX_POINT('',#2258);
#1727=ELLIPSE('',#2259,0.000414994743099235,0.0002404);
#1728=ELLIPSE('',#2260,0.000524149501613302,0.0002404);
#1729=VERTEX_POINT('',#2261);
#1730=VERTEX_POINT('',#2262);
#1731=LINE('',#2263,#2264);
#1732=ELLIPSE('',#2265,0.000524149501613294,0.000240400000000001);
#1733=VERTEX_POINT('',#2266);
#1734=ELLIPSE('',#2267,0.000419207995717484,0.0002404);
#1735=VERTEX_POINT('',#2268);
#1736=LINE('',#2269,#2270);
#1737=VERTEX_POINT('',#2271);
#1738=ELLIPSE('',#2272,0.000414994743099235,0.0002404);
#1739=ELLIPSE('',#2273,0.000524149501613302,0.0002404);
#1740=VERTEX_POINT('',#2274);
#1741=LINE('',#2275,#2276);
#1742=VERTEX_POINT('',#2277);
#1743=ELLIPSE('',#2278,0.0005241495016133,0.0002404);
#1744=ELLIPSE('',#2279,0.0005241495016133,0.0002404);
#1745=VERTEX_POINT('',#2280);
#1746=ELLIPSE('',#2281,0.0005241495016133,0.0002404);
#1747=LINE('',#2282,#2283);
#1748=ELLIPSE('',#2284,0.000524149501613303,0.0002404);
#1749=VERTEX_POINT('',#2285);
#1750=ELLIPSE('',#2286,0.000524149501613301,0.0002404);
#1751=ELLIPSE('',#2287,0.000524149501613301,0.0002404);
#1752=VERTEX_POINT('',#2288);
#1753=VERTEX_POINT('',#2289);
#1754=LINE('',#2290,#2291);
#1755=VERTEX_POINT('',#2292);
#1756=ELLIPSE('',#2293,0.0005241495016133,0.0002404);
#1757=ELLIPSE('',#2294,0.000414994743099234,0.0002404);
#1758=VERTEX_POINT('',#2295);
#1759=ELLIPSE('',#2296,0.0005241495016133,0.0002404);
#1760=VERTEX_POINT('',#2297);
#1761=LINE('',#2298,#2299);
#1762=ELLIPSE('',#2300,0.000524149501613299,0.000240400000000001);
#1763=ELLIPSE('',#2301,0.000419207995717483,0.0002404);
#1764=ELLIPSE('',#2302,0.0005241495016133,0.000240400000000001);
#1765=VERTEX_POINT('',#2303);
#1766=LINE('',#2304,#2305);
#1767=VERTEX_POINT('',#2306);
#1768=LINE('',#2307,#2308);
#1769=VERTEX_POINT('',#2309);
#1770=ELLIPSE('',#2310,0.000419207995717483,0.0002404);
#1771=ELLIPSE('',#2311,0.000524149501613301,0.000240400000000001);
#1772=VERTEX_POINT('',#2312);
#1773=LINE('',#2313,#2314);
#1774=VERTEX_POINT('',#2315);
#1775=ELLIPSE('',#2316,0.000524149501613301,0.000240400000000001);
#1776=VERTEX_POINT('',#2317);
#1777=ELLIPSE('',#2318,0.000419207995717483,0.0002404);
#1778=LINE('',#2319,#2320);
#1779=VERTEX_POINT('',#2321);
#1780=VERTEX_POINT('',#2322);
#1781=LINE('',#2323,#2324);
#1782=ELLIPSE('',#2325,0.000524149501613302,0.0002404);
#1783=VERTEX_POINT('',#2326);
#1784=LINE('',#2327,#2328);
#1785=ELLIPSE('',#2329,0.000419207995717484,0.0002404);
#1786=ELLIPSE('',#2330,0.0005241495016133,0.000240400000000001);
#1787=VERTEX_POINT('',#2331);
#1788=LINE('',#2332,#2333);
#1789=VERTEX_POINT('',#2334);
#1790=LINE('',#2335,#2336);
#1791=VERTEX_POINT('',#2337);
#1792=ELLIPSE('',#2338,0.000419207995717483,0.0002404);
#1793=ELLIPSE('',#2339,0.000524149501613301,0.000240400000000001);
#1794=VERTEX_POINT('',#2340);
#1795=VERTEX_POINT('',#2341);
#1796=LINE('',#2342,#2343);
#1797=ELLIPSE('',#2344,0.000524149501613301,0.000240400000000001);
#1798=VERTEX_POINT('',#2345);
#1799=ELLIPSE('',#2346,0.000419207995717483,0.0002404);
#1800=LINE('',#2347,#2348);
#1801=ELLIPSE('',#2349,0.0005241495016133,0.0002404);
#1802=VERTEX_POINT('',#2350);
#1803=VERTEX_POINT('',#2351);
#1804=LINE('',#2352,#2353);
#1805=ELLIPSE('',#2354,0.000524149501613302,0.000240400000000001);
#1806=ELLIPSE('',#2355,0.000419207995717483,0.0002404);
#1807=VERTEX_POINT('',#2356);
#1808=ELLIPSE('',#2357,0.0005241495016133,0.000240400000000001);
#1809=VERTEX_POINT('',#2358);
#1810=LINE('',#2359,#2360);
#1811=ELLIPSE('',#2361,0.0005241495016133,0.0002404);
#1812=VERTEX_POINT('',#2362);
#1813=ELLIPSE('',#2363,0.000414994743099235,0.0002404);
#1814=ELLIPSE('',#2364,0.0005241495016133,0.0002404);
#1815=VERTEX_POINT('',#2365);
#1816=VERTEX_POINT('',#2366);
#1817=LINE('',#2367,#2368);
#1818=VERTEX_POINT('',#2369);
#1819=ELLIPSE('',#2370,0.0005241495016133,0.0002404);
#1820=VERTEX_POINT('',#2371);
#1821=ELLIPSE('',#2372,0.000414994743099237,0.0002404);
#1822=VERTEX_POINT('',#2373);
#1823=LINE('',#2374,#2375);
#1824=ELLIPSE('',#2376,0.000419207995717483,0.0002404);
#1825=ELLIPSE('',#2377,0.000524149501613303,0.000240400000000001);
#1826=VERTEX_POINT('',#2378);
#1827=VERTEX_POINT('',#2379);
#1828=LINE('',#2380,#2381);
#1829=ELLIPSE('',#2382,0.000524149501613301,0.000240400000000001);
#1830=VERTEX_POINT('',#2383);
#1831=ELLIPSE('',#2384,0.000419207995717483,0.0002404);
#1832=LINE('',#2385,#2386);
#1833=ELLIPSE('',#2387,0.0005241495016133,0.0002404);
#1834=VERTEX_POINT('',#2388);
#1835=VERTEX_POINT('',#2389);
#1836=LINE('',#2390,#2391);
#1837=ELLIPSE('',#2392,0.0005241495016133,0.000240400000000001);
#1838=ELLIPSE('',#2393,0.000419207995717483,0.0002404);
#1839=VERTEX_POINT('',#2394);
#1840=ELLIPSE('',#2395,0.0005241495016133,0.000240400000000001);
#1841=VERTEX_POINT('',#2396);
#1842=LINE('',#2397,#2398);
#1843=ELLIPSE('',#2399,0.0005241495016133,0.0002404);
#1844=ELLIPSE('',#2400,0.0005241495016133,0.0002404);
#1845=VERTEX_POINT('',#2401);
#1846=VERTEX_POINT('',#2402);
#1847=LINE('',#2403,#2404);
#1848=ELLIPSE('',#2405,0.000524149501613304,0.0002404);
#1849=VERTEX_POINT('',#2406);
#1850=LINE('',#2407,#2408);
#1851=ELLIPSE('',#2409,0.000419207995717483,0.0002404);
#1852=ELLIPSE('',#2410,0.000524149501613301,0.000240400000000001);
#1853=VERTEX_POINT('',#2411);
#1854=VERTEX_POINT('',#2412);
#1855=ELLIPSE('',#2413,0.000419207995717483,0.0002404);
#1856=VERTEX_POINT('',#2414);
#1857=LINE('',#2415,#2416);
#1858=VERTEX_POINT('',#2417);
#1859=ELLIPSE('',#2418,0.000419207995717483,0.0002404);
#1860=VERTEX_POINT('',#2419);
#1861=LINE('',#2420,#2421);
#1862=VERTEX_POINT('',#2422);
#1863=ELLIPSE('',#2423,0.000419207995717483,0.0002404);
#1864=VERTEX_POINT('',#2424);
#1865=LINE('',#2425,#2426);
#1866=VERTEX_POINT('',#2427);
#1867=LINE('',#2428,#2429);
#1868=VERTEX_POINT('',#2430);
#1869=ELLIPSE('',#2431,0.000419207995717483,0.0002404);
#1870=VERTEX_POINT('',#2432);
#1871=LINE('',#2433,#2434);
#1872=VERTEX_POINT('',#2435);
#1873=ELLIPSE('',#2436,0.000419207995717483,0.0002404);
#1874=VERTEX_POINT('',#2437);
#1875=LINE('',#2438,#2439);
#1876=VERTEX_POINT('',#2440);
#1877=ELLIPSE('',#2441,0.000419207995717483,0.0002404);
#1878=VERTEX_POINT('',#2442);
#1879=LINE('',#2443,#2444);
#1880=VERTEX_POINT('',#2445);
#1881=LINE('',#2446,#2447);
#1882=VERTEX_POINT('',#2448);
#1883=ELLIPSE('',#2449,0.000419207995717483,0.0002404);
#1884=VERTEX_POINT('',#2450);
#1885=LINE('',#2451,#2452);
#1886=VERTEX_POINT('',#2453);
#1887=ELLIPSE('',#2454,0.000419207995717483,0.0002404);
#1888=VERTEX_POINT('',#2455);
#1889=LINE('',#2456,#2457);
#1890=VERTEX_POINT('',#2458);
#1891=ELLIPSE('',#2459,0.000419207995717483,0.0002404);
#1892=VERTEX_POINT('',#2460);
#1893=LINE('',#2461,#2462);
#1894=VERTEX_POINT('',#2463);
#1895=LINE('',#2464,#2465);
#1896=VERTEX_POINT('',#2466);
#1897=ELLIPSE('',#2467,0.000419207995717483,0.0002404);
#1898=VERTEX_POINT('',#2468);
#1899=LINE('',#2469,#2470);
#1900=VERTEX_POINT('',#2471);
#1901=ELLIPSE('',#2472,0.000419207995717483,0.0002404);
#1902=VERTEX_POINT('',#2473);
#1903=LINE('',#2474,#2475);
#1904=VERTEX_POINT('',#2476);
#1905=ELLIPSE('',#2477,0.000419207995717483,0.0002404);
#1906=VERTEX_POINT('',#2478);
#1907=LINE('',#2479,#2480);
#1908=LINE('',#2481,#2482);
#1909=VERTEX_POINT('',#2483);
#1910=ELLIPSE('',#2484,0.000524149501613301,0.000240400000000001);
#1911=VERTEX_POINT('',#2485);
#1912=ELLIPSE('',#2486,0.000414994743099235,0.0002404);
#1913=LINE('',#2487,#2488);
#1914=ELLIPSE('',#2489,0.000524149501613304,0.0002404);
#1915=ELLIPSE('',#2490,0.0005241495016133,0.0002404);
#1916=ELLIPSE('',#2491,0.0005241495016133,0.0002404);
#1917=VERTEX_POINT('',#2492);
#1918=ELLIPSE('',#2493,0.0005241495016133,0.000240400000000001);
#1919=ELLIPSE('',#2494,0.000414994743099235,0.0002404);
#1920=ELLIPSE('',#2495,0.0005241495016133,0.000240400000000001);
#1921=LINE('',#2496,#2497);
#1922=VERTEX_POINT('',#2498);
#1923=LINE('',#2499,#2500);
#1924=VERTEX_POINT('',#2501);
#1925=LINE('',#2502,#2503);
#1926=LINE('',#2504,#2505);
#1927=VERTEX_POINT('',#2506);
#1928=LINE('',#2507,#2508);
#1929=VERTEX_POINT('',#2509);
#1930=LINE('',#2510,#2511);
#1931=LINE('',#2512,#2513);
#1932=LINE('',#2514,#2515);
#1933=VERTEX_POINT('',#2516);
#1934=LINE('',#2517,#2518);
#1935=LINE('',#2519,#2520);
#1936=ELLIPSE('',#2521,0.0005241495016133,0.0002404);
#1937=LINE('',#2522,#2523);
#1938=ELLIPSE('',#2524,0.000524149501613301,0.000240400000000001);
#1939=LINE('',#2525,#2526);
#1940=VERTEX_POINT('',#2527);
#1941=LINE('',#2528,#2529);
#1942=VERTEX_POINT('',#2530);
#1943=LINE('',#2531,#2532);
#1944=LINE('',#2533,#2534);
#1945=LINE('',#2535,#2536);
#1946=LINE('',#2537,#2538);
#1947=VERTEX_POINT('',#2539);
#1948=ELLIPSE('',#2540,0.000524149501613303,0.000240400000000001);
#1949=VERTEX_POINT('',#2541);
#1950=ELLIPSE('',#2542,0.000414994743099235,0.0002404);
#1951=LINE('',#2543,#2544);
#1952=ELLIPSE('',#2545,0.0005241495016133,0.0002404);
#1953=ELLIPSE('',#2546,0.0005241495016133,0.0002404);
#1954=ELLIPSE('',#2547,0.0005241495016133,0.0002404);
#1955=VERTEX_POINT('',#2548);
#1956=ELLIPSE('',#2549,0.0005241495016133,0.000240400000000001);
#1957=ELLIPSE('',#2550,0.000414994743099235,0.0002404);
#1958=ELLIPSE('',#2551,0.000524149501613302,0.000240400000000001);
#1959=LINE('',#2552,#2553);
#1960=LINE('',#2554,#2555);
#1961=VERTEX_POINT('',#2556);
#1962=LINE('',#2557,#2558);
#1963=VERTEX_POINT('',#2559);
#1964=LINE('',#2560,#2561);
#1965=LINE('',#2562,#2563);
#1966=LINE('',#2564,#2565);
#1967=LINE('',#2566,#2567);
#1968=ELLIPSE('',#2568,0.0005241495016133,0.0002404);
#1969=ELLIPSE('',#2569,0.000524149501613301,0.000240400000000001);
#1970=LINE('',#2570,#2571);
#1971=LINE('',#2572,#2573);
#1972=LINE('',#2574,#2575);
#1973=LINE('',#2576,#2577);
#1974=LINE('',#2578,#2579);
#1975=LINE('',#2580,#2581);
#1976=LINE('',#2582,#2583);
#1977=LINE('',#2584,#2585);
#1978=LINE('',#2586,#2587);
#1979=LINE('',#2588,#2589);
#1980=VERTEX_POINT('',#2590);
#1981=ELLIPSE('',#2591,0.000524149501613301,0.000240400000000001);
#1982=ELLIPSE('',#2592,0.000414994743099235,0.0002404);
#1983=LINE('',#2593,#2594);
#1984=VERTEX_POINT('',#2595);
#1985=ELLIPSE('',#2596,0.0005241495016133,0.000240400000000001);
#1986=ELLIPSE('',#2597,0.000414994743099237,0.0002404);
#1987=ELLIPSE('',#2598,0.000524149501613302,0.0002404);
#1988=ELLIPSE('',#2599,0.000524149501613301,0.000240400000000001);
#1989=VERTEX_POINT('',#2600);
#1990=ELLIPSE('',#2601,0.000524149501613301,0.000240400000000001);
#1991=ELLIPSE('',#2602,0.000414994743099235,0.0002404);
#1992=ELLIPSE('',#2603,0.000524149501613302,0.0002404);
#1993=ELLIPSE('',#2604,0.0005241495016133,0.0002404);
#1994=ELLIPSE('',#2605,0.0005241495016133,0.0002404);
#1995=ELLIPSE('',#2606,0.0005241495016133,0.0002404);
#1996=ELLIPSE('',#2607,0.000524149501613302,0.0002404);
#1997=VERTEX_POINT('',#2608);
#1998=ELLIPSE('',#2609,0.0005241495016133,0.000240400000000001);
#1999=ELLIPSE('',#2610,0.000414994743099237,0.0002404);
#2000=ELLIPSE('',#2611,0.000524149501613299,0.000240400000000001);
#2001=VERTEX_POINT('',#2612);
#2002=ELLIPSE('',#2613,0.000524149501613294,0.000240400000000001);
#2003=ELLIPSE('',#2614,0.0005241495016133,0.000240400000000001);
#2004=ELLIPSE('',#2615,0.000524149501613294,0.000240400000000001);
#2005=VERTEX_POINT('',#2616);
#2006=LINE('',#2617,#2618);
#2007=ELLIPSE('',#2619,0.000414994743099237,0.0002404);
#2008=VERTEX_POINT('',#2620);
#2009=ELLIPSE('',#2621,0.000414994743099235,0.0002404);
#2010=ELLIPSE('',#2622,0.0005241495016133,0.000240400000000001);
#2011=ELLIPSE('',#2623,0.0005241495016133,0.0002404);
#2012=ELLIPSE('',#2624,0.000524149501613297,0.000240400000000001);
#2013=VERTEX_POINT('',#2625);
#2014=ELLIPSE('',#2626,0.000524149501613303,0.000240400000000001);
#2015=VERTEX_POINT('',#2627);
#2016=ELLIPSE('',#2628,0.000414994743099234,0.0002404);
#2017=VERTEX_POINT('',#2629);
#2018=ELLIPSE('',#2630,0.000414994743099234,0.0002404);
#2019=ELLIPSE('',#2631,0.000524149501613303,0.000240400000000001);
#2020=ELLIPSE('',#2632,0.000524149501613295,0.000240400000000001);
#2021=VERTEX_POINT('',#2633);
#2022=ELLIPSE('',#2634,0.000414994743099235,0.0002404);
#2023=ELLIPSE('',#2635,0.000524149501613295,0.000240400000000001);
#2024=ELLIPSE('',#2636,0.000524149501613299,0.0002404);
#2025=LINE('',#2637,#2638);
#2026=LINE('',#2639,#2640);
#2027=VERTEX_POINT('',#2641);
#2028=ELLIPSE('',#2642,0.000414994743099235,0.0002404);
#2029=ELLIPSE('',#2643,0.000524149501613301,0.000240400000000001);
#2030=ELLIPSE('',#2644,0.000524149501613297,0.000240400000000001);
#2031=ELLIPSE('',#2645,0.000524149501613295,0.000240400000000001);
#2032=VERTEX_POINT('',#2646);
#2033=ELLIPSE('',#2647,0.000414994743099235,0.0002404);
#2034=ELLIPSE('',#2648,0.000524149501613295,0.000240400000000001);
#2035=VERTEX_POINT('',#2649);
#2036=ELLIPSE('',#2650,0.000524149501613297,0.000240400000000001);
#2037=ELLIPSE('',#2651,0.000524149501613297,0.000240400000000001);
#2038=ELLIPSE('',#2652,0.000524149501613295,0.000240400000000001);
#2039=ELLIPSE('',#2653,0.000414994743099237,0.0002404);
#2040=ELLIPSE('',#2654,0.000524149501613295,0.000240400000000001);
#2041=ELLIPSE('',#2655,0.000524149501613297,0.000240400000000001);
#2042=CARTESIAN_POINT('',(-0.000331007446009715,0.0097596,0.0002317052122068));
#2043=CARTESIAN_POINT('',(-0.00966899255399029,0.0097596,0.0067682947877932));
#2044=CARTESIAN_POINT('',(-1.26622675049433E-20,0.0097596,-1.80889535784905E-20));
#2045=VECTOR('',#2656,1.0);
#2046=CARTESIAN_POINT('',(-0.0002317052122068,0.0097682947877932,0.0002404));
#2047=AXIS2_PLACEMENT_3D('',#2657,#2658,#2659);
#2048=CARTESIAN_POINT('',(0.0,0.01,0.000293445597002238));
#2049=AXIS2_PLACEMENT_3D('',#2660,#2661,#2662);
#2050=CARTESIAN_POINT('',(-0.00958079200428252,0.01,0.007));
#2051=CARTESIAN_POINT('',(0.000137860347584944,0.01,0.000196943353692777));
#2052=VECTOR('',#2663,1.0);
#2053=CARTESIAN_POINT('',(-0.00959595392010605,0.00993593086050054,0.007));
#2054=AXIS2_PLACEMENT_3D('',#2664,#2665,#2666);
#2055=AXIS2_PLACEMENT_3D('',#2667,#2668,#2669);
#2056=CARTESIAN_POINT('',(0.0002404,0.00966899255399029,0.000231705212206799));
#2057=CARTESIAN_POINT('',(0.000240399999999993,0.000331007446009714,0.0067682947877932));
#2058=CARTESIAN_POINT('',(0.0002404,0.01,-1.61869830680003E-20));
#2059=VECTOR('',#2670,1.0);
#2060=CARTESIAN_POINT('',(0.000231705212206801,0.0097682947877932,0.000240399999999999));
#2061=AXIS2_PLACEMENT_3D('',#2671,#2672,#2673);
#2062=AXIS2_PLACEMENT_3D('',#2674,#2675,#2676);
#2063=CARTESIAN_POINT('',(-0.0002404,0.00966899255399029,0.0002317052122068));
#2064=AXIS2_PLACEMENT_3D('',#2677,#2678,#2679);
#2065=CARTESIAN_POINT('',(-0.000240399999999993,0.000331007446009714,0.0067682947877932));
#2066=CARTESIAN_POINT('',(-0.0002404,0.01,1.61869830680003E-20));
#2067=VECTOR('',#2680,1.0);
#2068=CARTESIAN_POINT('',(-6.40691394994556E-05,0.000404046079893949,0.007));
#2069=AXIS2_PLACEMENT_3D('',#2681,#2682,#2683);
#2070=CARTESIAN_POINT('',(6.40691394994556E-05,0.000404046079893949,0.007));
#2071=AXIS2_PLACEMENT_3D('',#2684,#2685,#2686);
#2072=AXIS2_PLACEMENT_3D('',#2687,#2688,#2689);
#2073=CARTESIAN_POINT('',(0.00966899255399029,0.0097596,0.0067682947877932));
#2074=CARTESIAN_POINT('',(0.000331007446009713,0.0097596,0.000231705212206799));
#2075=CARTESIAN_POINT('',(-1.26622675049433E-20,0.0097596,1.80889535784905E-20));
#2076=VECTOR('',#2690,1.0);
#2077=CARTESIAN_POINT('',(0.00959595392010605,0.00993593086050054,0.007));
#2078=AXIS2_PLACEMENT_3D('',#2691,#2692,#2693);
#2079=CARTESIAN_POINT('',(0.00958079200428252,0.01,0.007));
#2080=AXIS2_PLACEMENT_3D('',#2694,#2695,#2696);
#2081=CARTESIAN_POINT('',(-0.000137860347584944,0.01,0.000196943353692777));
#2082=VECTOR('',#2697,1.0);
#2083=AXIS2_PLACEMENT_3D('',#2698,#2699,#2700);
#2084=CARTESIAN_POINT('',(0.0097596,0.000331007446009715,0.0002317052122068));
#2085=CARTESIAN_POINT('',(0.0097596,0.00966899255399029,0.0067682947877932));
#2086=CARTESIAN_POINT('',(0.0097596,1.26622675049433E-20,-1.80889535784905E-20));
#2087=VECTOR('',#2701,1.0);
#2088=CARTESIAN_POINT('',(0.0097682947877932,0.0002317052122068,0.0002404));
#2089=AXIS2_PLACEMENT_3D('',#2702,#2703,#2704);
#2090=CARTESIAN_POINT('',(0.01,0.0,0.000293445597002238));
#2091=AXIS2_PLACEMENT_3D('',#2705,#2706,#2707);
#2092=CARTESIAN_POINT('',(0.01,0.00958079200428252,0.007));
#2093=CARTESIAN_POINT('',(0.01,-0.000137860347584944,0.000196943353692777));
#2094=VECTOR('',#2708,1.0);
#2095=CARTESIAN_POINT('',(0.00993593086050054,0.00959595392010605,0.007));
#2096=AXIS2_PLACEMENT_3D('',#2709,#2710,#2711);
#2097=AXIS2_PLACEMENT_3D('',#2712,#2713,#2714);
#2098=CARTESIAN_POINT('',(0.00966899255399029,-0.0002404,0.0002317052122068));
#2099=CARTESIAN_POINT('',(0.000331007446009714,-0.000240399999999992,0.0067682947877932));
#2100=CARTESIAN_POINT('',(0.01,-0.0002404,3.39098228130486E-19));
#2101=VECTOR('',#2715,1.0);
#2102=CARTESIAN_POINT('',(0.0097682947877932,-0.0002317052122068,0.0002404));
#2103=AXIS2_PLACEMENT_3D('',#2716,#2717,#2718);
#2104=AXIS2_PLACEMENT_3D('',#2719,#2720,#2721);
#2105=CARTESIAN_POINT('',(0.00966899255399029,0.0002404,0.0002317052122068));
#2106=AXIS2_PLACEMENT_3D('',#2722,#2723,#2724);
#2107=CARTESIAN_POINT('',(0.000331007446009714,0.000240399999999992,0.0067682947877932));
#2108=CARTESIAN_POINT('',(0.01,0.0002404,3.71472194266487E-19));
#2109=VECTOR('',#2725,1.0);
#2110=CARTESIAN_POINT('',(0.000404046079893949,6.40691394994556E-05,0.007));
#2111=AXIS2_PLACEMENT_3D('',#2726,#2727,#2728);
#2112=CARTESIAN_POINT('',(0.000404046079893949,-6.40691394994556E-05,0.007));
#2113=AXIS2_PLACEMENT_3D('',#2729,#2730,#2731);
#2114=AXIS2_PLACEMENT_3D('',#2732,#2733,#2734);
#2115=CARTESIAN_POINT('',(0.0097596,-0.00966899255399029,0.0067682947877932));
#2116=CARTESIAN_POINT('',(0.0097596,-0.000331007446009714,0.000231705212206801));
#2117=CARTESIAN_POINT('',(0.0097596,1.26622675049433E-20,1.80889535784905E-20));
#2118=VECTOR('',#2735,1.0);
#2119=CARTESIAN_POINT('',(0.00993593086050054,-0.00959595392010605,0.007));
#2120=AXIS2_PLACEMENT_3D('',#2736,#2737,#2738);
#2121=CARTESIAN_POINT('',(0.01,-0.00958079200428252,0.007));
#2122=AXIS2_PLACEMENT_3D('',#2739,#2740,#2741);
#2123=CARTESIAN_POINT('',(0.01,0.000137860347584944,0.000196943353692777));
#2124=VECTOR('',#2742,1.0);
#2125=AXIS2_PLACEMENT_3D('',#2743,#2744,#2745);
#2126=CARTESIAN_POINT('',(-0.0097596,0.00966899255399028,0.0067682947877932));
#2127=CARTESIAN_POINT('',(-0.0097596,0.000331007446009714,0.000231705212206799));
#2128=CARTESIAN_POINT('',(-0.0097596,0.01,0.007));
#2129=VECTOR('',#2746,1.0);
#2130=CARTESIAN_POINT('',(-0.00993593086050054,0.00959595392010604,0.007));
#2131=AXIS2_PLACEMENT_3D('',#2747,#2748,#2749);
#2132=CARTESIAN_POINT('',(-0.01,0.00958079200428252,0.007));
#2133=AXIS2_PLACEMENT_3D('',#2750,#2751,#2752);
#2134=CARTESIAN_POINT('',(-0.01,3.46944695195361E-18,0.00029344559700224));
#2135=CARTESIAN_POINT('',(-0.01,0.00986213965241506,0.00719694335369278));
#2136=VECTOR('',#2753,1.0);
#2137=CARTESIAN_POINT('',(-0.0097682947877932,0.0002317052122068,0.0002404));
#2138=AXIS2_PLACEMENT_3D('',#2754,#2755,#2756);
#2139=AXIS2_PLACEMENT_3D('',#2757,#2758,#2759);
#2140=CARTESIAN_POINT('',(-0.0097596,0.00966899255399029,-0.0067682947877932));
#2141=CARTESIAN_POINT('',(-0.0097596,0.000331007446009713,-0.0002317052122068));
#2142=CARTESIAN_POINT('',(-0.0097596,0.01,-0.007));
#2143=VECTOR('',#2760,1.0);
#2144=CARTESIAN_POINT('',(-0.0097682947877932,0.0097682947877932,-0.0067596));
#2145=AXIS2_PLACEMENT_3D('',#2761,#2762,#2763);
#2146=CARTESIAN_POINT('',(-0.01,0.01,-0.00670655440299776));
#2147=AXIS2_PLACEMENT_3D('',#2764,#2765,#2766);
#2148=CARTESIAN_POINT('',(-0.01,0.000419207995717486,1.73472347597681E-18));
#2149=CARTESIAN_POINT('',(-0.01,0.0101378603475849,-0.00680305664630722));
#2150=VECTOR('',#2767,1.0);
#2151=CARTESIAN_POINT('',(-0.00993593086050054,0.000404046079893954,-2.18763690675609E-18));
#2152=AXIS2_PLACEMENT_3D('',#2768,#2769,#2770);
#2153=AXIS2_PLACEMENT_3D('',#2771,#2772,#2773);
#2154=CARTESIAN_POINT('',(-0.0002404,-0.00966899255399029,0.0002317052122068));
#2155=CARTESIAN_POINT('',(-0.000240399999999993,-0.000331007446009713,0.0067682947877932));
#2156=CARTESIAN_POINT('',(-0.0002404,-0.01,-5.88312628763587E-19));
#2157=VECTOR('',#2774,1.0);
#2158=CARTESIAN_POINT('',(-0.0002317052122068,-0.0097682947877932,0.000240400000000001));
#2159=AXIS2_PLACEMENT_3D('',#2775,#2776,#2777);
#2160=CARTESIAN_POINT('',(3.46944695195361E-18,-0.01,0.00029344559700224));
#2161=AXIS2_PLACEMENT_3D('',#2778,#2779,#2780);
#2162=CARTESIAN_POINT('',(0.0002317052122068,-0.0097682947877932,0.0002404));
#2163=AXIS2_PLACEMENT_3D('',#2781,#2782,#2783);
#2164=CARTESIAN_POINT('',(0.0002404,-0.00966899255399029,0.000231705212206799));
#2165=AXIS2_PLACEMENT_3D('',#2784,#2785,#2786);
#2166=CARTESIAN_POINT('',(0.000240399999999993,-0.000331007446009713,0.0067682947877932));
#2167=CARTESIAN_POINT('',(0.0002404,-0.01,-5.55938662627587E-19));
#2168=VECTOR('',#2787,1.0);
#2169=CARTESIAN_POINT('',(6.40691394994556E-05,-0.000404046079893949,0.007));
#2170=AXIS2_PLACEMENT_3D('',#2788,#2789,#2790);
#2171=CARTESIAN_POINT('',(-6.40691394994556E-05,-0.000404046079893949,0.007));
#2172=AXIS2_PLACEMENT_3D('',#2791,#2792,#2793);
#2173=AXIS2_PLACEMENT_3D('',#2794,#2795,#2796);
#2174=CARTESIAN_POINT('',(-0.000331007446009716,-0.000240399999999998,0.0067682947877932));
#2175=CARTESIAN_POINT('',(-0.00966899255399029,-0.0002404,0.0002317052122068));
#2176=CARTESIAN_POINT('',(2.54251783031265E-19,-0.0002404,0.007));
#2177=VECTOR('',#2797,1.0);
#2178=CARTESIAN_POINT('',(-0.000404046079893954,-6.40691394994607E-05,0.007));
#2179=AXIS2_PLACEMENT_3D('',#2798,#2799,#2800);
#2180=CARTESIAN_POINT('',(-0.000404046079893954,6.40691394994607E-05,0.007));
#2181=AXIS2_PLACEMENT_3D('',#2801,#2802,#2803);
#2182=CARTESIAN_POINT('',(-0.000331007446009716,0.000240399999999998,0.0067682947877932));
#2183=AXIS2_PLACEMENT_3D('',#2804,#2805,#2806);
#2184=CARTESIAN_POINT('',(-0.00966899255399029,0.0002404,0.0002317052122068));
#2185=CARTESIAN_POINT('',(2.43147512646616E-19,0.0002404,0.007));
#2186=VECTOR('',#2807,1.0);
#2187=AXIS2_PLACEMENT_3D('',#2808,#2809,#2810);
#2188=CARTESIAN_POINT('',(-0.0097682947877932,-0.0002317052122068,0.0002404));
#2189=AXIS2_PLACEMENT_3D('',#2811,#2812,#2813);
#2190=AXIS2_PLACEMENT_3D('',#2814,#2815,#2816);
#2191=CARTESIAN_POINT('',(-6.40691394994629E-05,0.00959595392010604,-1.41668586486053E-19));
#2192=CARTESIAN_POINT('',(-0.00959595392010604,6.40691394994617E-05,-9.77513246753748E-19));
#2193=CARTESIAN_POINT('',(-0.00483001152980275,0.00483001152980275,-2.94405090515025E-20));
#2194=VECTOR('',#2817,1.0);
#2195=AXIS2_PLACEMENT_3D('',#2818,#2819,#2820);
#2196=CARTESIAN_POINT('',(-0.000404046079893956,0.00993593086050054,5.78972581687535E-19));
#2197=AXIS2_PLACEMENT_3D('',#2821,#2822,#2823);
#2198=CARTESIAN_POINT('',(-0.00516998847019725,0.00516998847019725,2.94405090515024E-20));
#2199=VECTOR('',#2824,1.0);
#2200=AXIS2_PLACEMENT_3D('',#2825,#2826,#2827);
#2201=AXIS2_PLACEMENT_3D('',#2828,#2829,#2830);
#2202=CARTESIAN_POINT('',(0.00959595392010604,6.40691394994625E-05,3.32921178242219E-19));
#2203=CARTESIAN_POINT('',(6.40691394994629E-05,0.00959595392010605,1.12272354790199E-18));
#2204=CARTESIAN_POINT('',(0.00483001152980275,0.00483001152980275,-2.94405090515024E-20));
#2205=VECTOR('',#2831,1.0);
#2206=AXIS2_PLACEMENT_3D('',#2832,#2833,#2834);
#2207=CARTESIAN_POINT('',(0.00993593086050054,0.000404046079893956,2.45513689702944E-19));
#2208=AXIS2_PLACEMENT_3D('',#2835,#2836,#2837);
#2209=CARTESIAN_POINT('',(0.000404046079893955,0.00993593086050054,2.56506839988149E-20));
#2210=CARTESIAN_POINT('',(0.00516998847019725,0.00516998847019725,2.94405090515024E-20));
#2211=VECTOR('',#2838,1.0);
#2212=AXIS2_PLACEMENT_3D('',#2839,#2840,#2841);
#2213=AXIS2_PLACEMENT_3D('',#2842,#2843,#2844);
#2214=CARTESIAN_POINT('',(0.00993593086050054,-0.000404046079893956,2.0520547199052E-19));
#2215=CARTESIAN_POINT('',(0.000404046079893953,-0.00993593086050054,-2.33054786046375E-18));
#2216=CARTESIAN_POINT('',(0.00516998847019724,-0.00516998847019725,-2.94405090515025E-20));
#2217=VECTOR('',#2845,1.0);
#2218=AXIS2_PLACEMENT_3D('',#2846,#2847,#2848);
#2219=CARTESIAN_POINT('',(0.00959595392010605,-6.40691394994629E-05,-1.27501727837448E-19));
#2220=AXIS2_PLACEMENT_3D('',#2849,#2850,#2851);
#2221=CARTESIAN_POINT('',(6.40691394994624E-05,-0.00959595392010605,-1.85940019762946E-18));
#2222=CARTESIAN_POINT('',(0.00483001152980275,-0.00483001152980275,2.94405090515023E-20));
#2223=VECTOR('',#2852,1.0);
#2224=AXIS2_PLACEMENT_3D('',#2853,#2854,#2855);
#2225=CARTESIAN_POINT('',(0.000331007446009714,-0.0097596,0.000231705212206799));
#2226=AXIS2_PLACEMENT_3D('',#2856,#2857,#2858);
#2227=AXIS2_PLACEMENT_3D('',#2859,#2860,#2861);
#2228=CARTESIAN_POINT('',(-0.000331007446009714,-0.0002404,-0.0067682947877932));
#2229=CARTESIAN_POINT('',(-0.00966899255399029,-0.000240399999999998,-0.000231705212206801));
#2230=CARTESIAN_POINT('',(2.43147512646616E-19,-0.0002404,-0.007));
#2231=VECTOR('',#2862,1.0);
#2232=CARTESIAN_POINT('',(-0.0002317052122068,-0.000231705212206801,-0.0067596));
#2233=AXIS2_PLACEMENT_3D('',#2863,#2864,#2865);
#2234=CARTESIAN_POINT('',(-7.36044086204447E-19,-7.8782608221883E-19,-0.00670655440299776));
#2235=AXIS2_PLACEMENT_3D('',#2866,#2867,#2868);
#2236=CARTESIAN_POINT('',(-0.0002317052122068,0.0002317052122068,-0.0067596));
#2237=AXIS2_PLACEMENT_3D('',#2869,#2870,#2871);
#2238=CARTESIAN_POINT('',(-0.000331007446009716,0.0002404,-0.0067682947877932));
#2239=AXIS2_PLACEMENT_3D('',#2872,#2873,#2874);
#2240=CARTESIAN_POINT('',(-0.00966899255399029,0.000240399999999998,-0.000231705212206801));
#2241=CARTESIAN_POINT('',(2.54251783031265E-19,0.0002404,-0.007));
#2242=VECTOR('',#2875,1.0);
#2243=AXIS2_PLACEMENT_3D('',#2876,#2877,#2878);
#2244=CARTESIAN_POINT('',(-0.00959595392010605,-6.40691394994621E-05,-1.53710416337369E-18));
#2245=AXIS2_PLACEMENT_3D('',#2879,#2880,#2881);
#2246=AXIS2_PLACEMENT_3D('',#2882,#2883,#2884);
#2247=CARTESIAN_POINT('',(-0.00975960000000001,-0.000331007446009714,-0.000231705212206799));
#2248=CARTESIAN_POINT('',(-0.0097596,-0.00966899255399028,-0.0067682947877932));
#2249=CARTESIAN_POINT('',(-0.0097596,-0.01,-0.007));
#2250=VECTOR('',#2885,1.0);
#2251=CARTESIAN_POINT('',(-0.00993593086050054,-0.000404046079893953,-2.18397252332767E-18));
#2252=AXIS2_PLACEMENT_3D('',#2886,#2887,#2888);
#2253=CARTESIAN_POINT('',(-0.01,-0.000419207995717486,1.73472347597681E-18));
#2254=AXIS2_PLACEMENT_3D('',#2889,#2890,#2891);
#2255=CARTESIAN_POINT('',(-0.01,-0.01,-0.00670655440299776));
#2256=CARTESIAN_POINT('',(-0.01,-0.0101378603475849,-0.00680305664630722));
#2257=VECTOR('',#2892,1.0);
#2258=CARTESIAN_POINT('',(-0.0097682947877932,-0.0097682947877932,-0.0067596));
#2259=AXIS2_PLACEMENT_3D('',#2893,#2894,#2895);
#2260=AXIS2_PLACEMENT_3D('',#2896,#2897,#2898);
#2261=CARTESIAN_POINT('',(0.000331007446009715,-0.00975960000000001,-0.000231705212206799));
#2262=CARTESIAN_POINT('',(0.00966899255399028,-0.0097596,-0.0067682947877932));
#2263=CARTESIAN_POINT('',(0.01,-0.0097596,-0.007));
#2264=VECTOR('',#2899,1.0);
#2265=AXIS2_PLACEMENT_3D('',#2900,#2901,#2902);
#2266=CARTESIAN_POINT('',(0.000419207995717486,-0.01,1.73472347597681E-18));
#2267=AXIS2_PLACEMENT_3D('',#2903,#2904,#2905);
#2268=CARTESIAN_POINT('',(0.01,-0.01,-0.00670655440299776));
#2269=CARTESIAN_POINT('',(0.0101378603475849,-0.01,-0.00680305664630722));
#2270=VECTOR('',#2906,1.0);
#2271=CARTESIAN_POINT('',(0.0097682947877932,-0.0097682947877932,-0.0067596));
#2272=AXIS2_PLACEMENT_3D('',#2907,#2908,#2909);
#2273=AXIS2_PLACEMENT_3D('',#2910,#2911,#2912);
#2274=CARTESIAN_POINT('',(-0.000404046079894153,-0.00993593086050034,-2.05311739109926E-16));
#2275=CARTESIAN_POINT('',(-0.00516998847019727,-0.00516998847019723,-2.94405090515025E-20));
#2276=VECTOR('',#2913,1.0);
#2277=CARTESIAN_POINT('',(-0.000331007446009715,-0.0097596,0.000231705212206801));
#2278=AXIS2_PLACEMENT_3D('',#2914,#2915,#2916);
#2279=AXIS2_PLACEMENT_3D('',#2917,#2918,#2919);
#2280=CARTESIAN_POINT('',(-6.40691394994624E-05,-0.00959595392010605,-5.06465196687636E-19));
#2281=AXIS2_PLACEMENT_3D('',#2920,#2921,#2922);
#2282=CARTESIAN_POINT('',(-0.00483001152980278,-0.00483001152980273,2.94405090515024E-20));
#2283=VECTOR('',#2923,1.0);
#2284=AXIS2_PLACEMENT_3D('',#2924,#2925,#2926);
#2285=CARTESIAN_POINT('',(-0.0097596,-0.000331007446009714,0.000231705212206799));
#2286=AXIS2_PLACEMENT_3D('',#2927,#2928,#2929);
#2287=AXIS2_PLACEMENT_3D('',#2930,#2931,#2932);
#2288=CARTESIAN_POINT('',(0.0002404,-0.000331007446009714,-0.0067682947877932));
#2289=CARTESIAN_POINT('',(0.000240399999999998,-0.00966899255399029,-0.000231705212206801));
#2290=CARTESIAN_POINT('',(0.0002404,-5.55213519232411E-21,-0.007));
#2291=VECTOR('',#2933,1.0);
#2292=CARTESIAN_POINT('',(0.0002317052122068,-0.0002317052122068,-0.0067596));
#2293=AXIS2_PLACEMENT_3D('',#2934,#2935,#2936);
#2294=AXIS2_PLACEMENT_3D('',#2937,#2938,#2939);
#2295=CARTESIAN_POINT('',(-0.0002404,-0.000331007446009714,-0.0067682947877932));
#2296=AXIS2_PLACEMENT_3D('',#2940,#2941,#2942);
#2297=CARTESIAN_POINT('',(-0.000240399999999999,-0.00966899255399029,-0.000231705212206801));
#2298=CARTESIAN_POINT('',(-0.0002404,5.55213519232411E-21,-0.007));
#2299=VECTOR('',#2943,1.0);
#2300=AXIS2_PLACEMENT_3D('',#2944,#2945,#2946);
#2301=AXIS2_PLACEMENT_3D('',#2947,#2948,#2949);
#2302=AXIS2_PLACEMENT_3D('',#2950,#2951,#2952);
#2303=CARTESIAN_POINT('',(0.00966899255399028,-0.0097596,0.0067682947877932));
#2304=CARTESIAN_POINT('',(0.01,-0.0097596,0.007));
#2305=VECTOR('',#2953,1.0);
#2306=CARTESIAN_POINT('',(0.00958079200428252,-0.01,0.007));
#2307=CARTESIAN_POINT('',(0.00986213965241506,-0.01,0.00719694335369278));
#2308=VECTOR('',#2954,1.0);
#2309=CARTESIAN_POINT('',(0.00959595392010604,-0.00993593086050054,0.007));
#2310=AXIS2_PLACEMENT_3D('',#2955,#2956,#2957);
#2311=AXIS2_PLACEMENT_3D('',#2958,#2959,#2960);
#2312=CARTESIAN_POINT('',(-0.00966899255399028,-0.0097596,0.0067682947877932));
#2313=CARTESIAN_POINT('',(-0.01,-0.0097596,0.007));
#2314=VECTOR('',#2961,1.0);
#2315=CARTESIAN_POINT('',(-0.00959595392010604,-0.00993593086050054,0.007));
#2316=AXIS2_PLACEMENT_3D('',#2962,#2963,#2964);
#2317=CARTESIAN_POINT('',(-0.00958079200428252,-0.01,0.007));
#2318=AXIS2_PLACEMENT_3D('',#2965,#2966,#2967);
#2319=CARTESIAN_POINT('',(-0.00986213965241506,-0.01,0.00719694335369278));
#2320=VECTOR('',#2968,1.0);
#2321=CARTESIAN_POINT('',(-0.00966899255399028,-0.0097596,-0.0067682947877932));
#2322=CARTESIAN_POINT('',(-0.000331007446009714,-0.0097596,-0.0002317052122068));
#2323=CARTESIAN_POINT('',(-0.01,-0.0097596,-0.007));
#2324=VECTOR('',#2969,1.0);
#2325=AXIS2_PLACEMENT_3D('',#2970,#2971,#2972);
#2326=CARTESIAN_POINT('',(-0.000419207995717486,-0.01,1.73472347597681E-18));
#2327=CARTESIAN_POINT('',(-0.0101378603475849,-0.01,-0.00680305664630722));
#2328=VECTOR('',#2973,1.0);
#2329=AXIS2_PLACEMENT_3D('',#2974,#2975,#2976);
#2330=AXIS2_PLACEMENT_3D('',#2977,#2978,#2979);
#2331=CARTESIAN_POINT('',(-0.0097596,-0.00966899255399028,0.0067682947877932));
#2332=CARTESIAN_POINT('',(-0.0097596,-0.01,0.007));
#2333=VECTOR('',#2980,1.0);
#2334=CARTESIAN_POINT('',(-0.01,-0.00958079200428252,0.007));
#2335=CARTESIAN_POINT('',(-0.01,-0.00986213965241506,0.00719694335369278));
#2336=VECTOR('',#2981,1.0);
#2337=CARTESIAN_POINT('',(-0.00993593086050054,-0.00959595392010604,0.007));
#2338=AXIS2_PLACEMENT_3D('',#2982,#2983,#2984);
#2339=AXIS2_PLACEMENT_3D('',#2985,#2986,#2987);
#2340=CARTESIAN_POINT('',(-0.000331007446009715,0.0097596,-0.000231705212206801));
#2341=CARTESIAN_POINT('',(-0.00966899255399029,0.0097596,-0.0067682947877932));
#2342=CARTESIAN_POINT('',(1.26622675049432E-20,0.0097596,-1.80889535784903E-20));
#2343=VECTOR('',#2988,1.0);
#2344=AXIS2_PLACEMENT_3D('',#2989,#2990,#2991);
#2345=CARTESIAN_POINT('',(-0.000419207995717483,0.01,0.0));
#2346=AXIS2_PLACEMENT_3D('',#2992,#2993,#2994);
#2347=CARTESIAN_POINT('',(-0.000137860347584944,0.01,0.000196943353692777));
#2348=VECTOR('',#2995,1.0);
#2349=AXIS2_PLACEMENT_3D('',#2996,#2997,#2998);
#2350=CARTESIAN_POINT('',(0.000240400000000001,0.00966899255399029,-0.000231705212206801));
#2351=CARTESIAN_POINT('',(0.0002404,0.000331007446009715,-0.0067682947877932));
#2352=CARTESIAN_POINT('',(0.0002404,0.01,-3.71472194266487E-19));
#2353=VECTOR('',#2999,1.0);
#2354=AXIS2_PLACEMENT_3D('',#3000,#3001,#3002);
#2355=AXIS2_PLACEMENT_3D('',#3003,#3004,#3005);
#2356=CARTESIAN_POINT('',(-0.0002404,0.00966899255399029,-0.000231705212206801));
#2357=AXIS2_PLACEMENT_3D('',#3006,#3007,#3008);
#2358=CARTESIAN_POINT('',(-0.0002404,0.000331007446009715,-0.0067682947877932));
#2359=CARTESIAN_POINT('',(-0.0002404,0.01,-3.39098228130486E-19));
#2360=VECTOR('',#3009,1.0);
#2361=AXIS2_PLACEMENT_3D('',#3010,#3011,#3012);
#2362=CARTESIAN_POINT('',(0.0002317052122068,0.0002317052122068,-0.0067596));
#2363=AXIS2_PLACEMENT_3D('',#3013,#3014,#3015);
#2364=AXIS2_PLACEMENT_3D('',#3016,#3017,#3018);
#2365=CARTESIAN_POINT('',(0.00966899255399029,0.0097596,-0.0067682947877932));
#2366=CARTESIAN_POINT('',(0.000331007446009715,0.0097596,-0.000231705212206801));
#2367=CARTESIAN_POINT('',(1.26622675049433E-20,0.0097596,1.80889535784905E-20));
#2368=VECTOR('',#3019,1.0);
#2369=CARTESIAN_POINT('',(0.0097682947877932,0.0097682947877932,-0.0067596));
#2370=AXIS2_PLACEMENT_3D('',#3020,#3021,#3022);
#2371=CARTESIAN_POINT('',(0.01,0.01,-0.00670655440299776));
#2372=AXIS2_PLACEMENT_3D('',#3023,#3024,#3025);
#2373=CARTESIAN_POINT('',(0.000419207995717483,0.01,0.0));
#2374=CARTESIAN_POINT('',(0.000137860347584944,0.01,0.000196943353692777));
#2375=VECTOR('',#3026,1.0);
#2376=AXIS2_PLACEMENT_3D('',#3027,#3028,#3029);
#2377=AXIS2_PLACEMENT_3D('',#3030,#3031,#3032);
#2378=CARTESIAN_POINT('',(0.0097596,0.000331007446009715,-0.000231705212206801));
#2379=CARTESIAN_POINT('',(0.0097596,0.00966899255399029,-0.0067682947877932));
#2380=CARTESIAN_POINT('',(0.0097596,-1.26622675049433E-20,-1.80889535784905E-20));
#2381=VECTOR('',#3033,1.0);
#2382=AXIS2_PLACEMENT_3D('',#3034,#3035,#3036);
#2383=CARTESIAN_POINT('',(0.01,0.000419207995717483,0.0));
#2384=AXIS2_PLACEMENT_3D('',#3037,#3038,#3039);
#2385=CARTESIAN_POINT('',(0.01,0.000137860347584944,0.000196943353692777));
#2386=VECTOR('',#3040,1.0);
#2387=AXIS2_PLACEMENT_3D('',#3041,#3042,#3043);
#2388=CARTESIAN_POINT('',(0.00966899255399029,-0.0002404,-0.000231705212206801));
#2389=CARTESIAN_POINT('',(0.000331007446009713,-0.0002404,-0.0067682947877932));
#2390=CARTESIAN_POINT('',(0.01,-0.0002404,-1.61869830680003E-20));
#2391=VECTOR('',#3044,1.0);
#2392=AXIS2_PLACEMENT_3D('',#3045,#3046,#3047);
#2393=AXIS2_PLACEMENT_3D('',#3048,#3049,#3050);
#2394=CARTESIAN_POINT('',(0.00966899255399029,0.0002404,-0.000231705212206801));
#2395=AXIS2_PLACEMENT_3D('',#3051,#3052,#3053);
#2396=CARTESIAN_POINT('',(0.000331007446009715,0.0002404,-0.0067682947877932));
#2397=CARTESIAN_POINT('',(0.01,0.0002404,1.61869830680003E-20));
#2398=VECTOR('',#3054,1.0);
#2399=AXIS2_PLACEMENT_3D('',#3055,#3056,#3057);
#2400=AXIS2_PLACEMENT_3D('',#3058,#3059,#3060);
#2401=CARTESIAN_POINT('',(0.0097596,-0.00966899255399028,-0.0067682947877932));
#2402=CARTESIAN_POINT('',(0.0097596,-0.000331007446009714,-0.000231705212206801));
#2403=CARTESIAN_POINT('',(0.0097596,-1.26622675049432E-20,1.80889535784903E-20));
#2404=VECTOR('',#3061,1.0);
#2405=AXIS2_PLACEMENT_3D('',#3062,#3063,#3064);
#2406=CARTESIAN_POINT('',(0.01,-0.000419207995717483,0.0));
#2407=CARTESIAN_POINT('',(0.01,-0.000137860347584944,0.000196943353692777));
#2408=VECTOR('',#3065,1.0);
#2409=AXIS2_PLACEMENT_3D('',#3066,#3067,#3068);
#2410=AXIS2_PLACEMENT_3D('',#3069,#3070,#3071);
#2411=CARTESIAN_POINT('',(-0.00958079200428252,0.01,-0.007));
#2412=CARTESIAN_POINT('',(-0.00959595392010605,0.00993593086050053,-0.007));
#2413=AXIS2_PLACEMENT_3D('',#3072,#3073,#3074);
#2414=CARTESIAN_POINT('',(-6.40691394994635E-05,0.000404046079893955,-0.007));
#2415=CARTESIAN_POINT('',(0.000169988470197246,0.000169988470197246,-0.007));
#2416=VECTOR('',#3075,1.0);
#2417=CARTESIAN_POINT('',(6.40691394994635E-05,0.000404046079893955,-0.007));
#2418=AXIS2_PLACEMENT_3D('',#3076,#3077,#3078);
#2419=CARTESIAN_POINT('',(0.00959595392010605,0.00993593086050053,-0.007));
#2420=CARTESIAN_POINT('',(-0.000169988470197246,0.000169988470197246,-0.007));
#2421=VECTOR('',#3079,1.0);
#2422=CARTESIAN_POINT('',(0.00958079200428252,0.01,-0.007));
#2423=AXIS2_PLACEMENT_3D('',#3080,#3081,#3082);
#2424=CARTESIAN_POINT('',(0.01,0.01,-0.007));
#2425=CARTESIAN_POINT('',(0.0,0.01,-0.007));
#2426=VECTOR('',#3083,1.0);
#2427=CARTESIAN_POINT('',(0.01,0.00958079200428252,-0.007));
#2428=CARTESIAN_POINT('',(0.01,0.0,-0.007));
#2429=VECTOR('',#3084,1.0);
#2430=CARTESIAN_POINT('',(0.00993593086050053,0.00959595392010605,-0.007));
#2431=AXIS2_PLACEMENT_3D('',#3085,#3086,#3087);
#2432=CARTESIAN_POINT('',(0.000404046079893955,6.40691394994635E-05,-0.007));
#2433=CARTESIAN_POINT('',(0.000169988470197246,-0.000169988470197246,-0.007));
#2434=VECTOR('',#3088,1.0);
#2435=CARTESIAN_POINT('',(0.000404046079893953,-6.40691394994657E-05,-0.007));
#2436=AXIS2_PLACEMENT_3D('',#3089,#3090,#3091);
#2437=CARTESIAN_POINT('',(0.00993593086050054,-0.00959595392010604,-0.007));
#2438=CARTESIAN_POINT('',(0.0101699884701972,-0.00983001152980276,-0.007));
#2439=VECTOR('',#3092,1.0);
#2440=CARTESIAN_POINT('',(0.01,-0.00958079200428252,-0.007));
#2441=AXIS2_PLACEMENT_3D('',#3093,#3094,#3095);
#2442=CARTESIAN_POINT('',(0.01,-0.01,-0.007));
#2443=CARTESIAN_POINT('',(0.01,0.0,-0.007));
#2444=VECTOR('',#3096,1.0);
#2445=CARTESIAN_POINT('',(0.00958079200428252,-0.01,-0.007));
#2446=CARTESIAN_POINT('',(0.0,-0.01,-0.007));
#2447=VECTOR('',#3097,1.0);
#2448=CARTESIAN_POINT('',(0.00959595392010604,-0.00993593086050054,-0.007));
#2449=AXIS2_PLACEMENT_3D('',#3098,#3099,#3100);
#2450=CARTESIAN_POINT('',(6.40691394994644E-05,-0.000404046079893955,-0.007));
#2451=CARTESIAN_POINT('',(0.00983001152980276,-0.0101699884701972,-0.007));
#2452=VECTOR('',#3101,1.0);
#2453=CARTESIAN_POINT('',(-6.40691394994644E-05,-0.000404046079893955,-0.007));
#2454=AXIS2_PLACEMENT_3D('',#3102,#3103,#3104);
#2455=CARTESIAN_POINT('',(-0.00959595392010604,-0.00993593086050054,-0.007));
#2456=CARTESIAN_POINT('',(-0.00983001152980276,-0.0101699884701972,-0.007));
#2457=VECTOR('',#3105,1.0);
#2458=CARTESIAN_POINT('',(-0.00958079200428252,-0.01,-0.007));
#2459=AXIS2_PLACEMENT_3D('',#3106,#3107,#3108);
#2460=CARTESIAN_POINT('',(-0.01,-0.01,-0.007));
#2461=CARTESIAN_POINT('',(0.0,-0.01,-0.007));
#2462=VECTOR('',#3109,1.0);
#2463=CARTESIAN_POINT('',(-0.01,-0.00958079200428252,-0.007));
#2464=CARTESIAN_POINT('',(-0.01,0.0,-0.007));
#2465=VECTOR('',#3110,1.0);
#2466=CARTESIAN_POINT('',(-0.00993593086050054,-0.00959595392010604,-0.007));
#2467=AXIS2_PLACEMENT_3D('',#3111,#3112,#3113);
#2468=CARTESIAN_POINT('',(-0.000404046079893955,-6.40691394994644E-05,-0.007));
#2469=CARTESIAN_POINT('',(-0.0101699884701972,-0.00983001152980276,-0.007));
#2470=VECTOR('',#3114,1.0);
#2471=CARTESIAN_POINT('',(-0.000404046079893955,6.40691394994632E-05,-0.007));
#2472=AXIS2_PLACEMENT_3D('',#3115,#3116,#3117);
#2473=CARTESIAN_POINT('',(-0.00993593086050054,0.00959595392010605,-0.007));
#2474=CARTESIAN_POINT('',(-0.000169988470197246,-0.000169988470197246,-0.007));
#2475=VECTOR('',#3118,1.0);
#2476=CARTESIAN_POINT('',(-0.01,0.00958079200428252,-0.007));
#2477=AXIS2_PLACEMENT_3D('',#3119,#3120,#3121);
#2478=CARTESIAN_POINT('',(-0.01,0.01,-0.007));
#2479=CARTESIAN_POINT('',(-0.01,0.0,-0.007));
#2480=VECTOR('',#3122,1.0);
#2481=CARTESIAN_POINT('',(0.0,0.01,-0.007));
#2482=VECTOR('',#3123,1.0);
#2483=CARTESIAN_POINT('',(0.0097682947877932,-0.0002317052122068,-0.000240400000000001));
#2484=AXIS2_PLACEMENT_3D('',#3124,#3125,#3126);
#2485=CARTESIAN_POINT('',(0.01,3.12024558506582E-20,-0.000293445597002238));
#2486=AXIS2_PLACEMENT_3D('',#3127,#3128,#3129);
#2487=CARTESIAN_POINT('',(0.01,0.000137860347584944,-0.000196943353692777));
#2488=VECTOR('',#3130,1.0);
#2489=AXIS2_PLACEMENT_3D('',#3131,#3132,#3133);
#2490=AXIS2_PLACEMENT_3D('',#3134,#3135,#3136);
#2491=AXIS2_PLACEMENT_3D('',#3137,#3138,#3139);
#2492=CARTESIAN_POINT('',(0.0097682947877932,0.0002317052122068,-0.000240400000000001));
#2493=AXIS2_PLACEMENT_3D('',#3140,#3141,#3142);
#2494=AXIS2_PLACEMENT_3D('',#3143,#3144,#3145);
#2495=AXIS2_PLACEMENT_3D('',#3146,#3147,#3148);
#2496=CARTESIAN_POINT('',(0.01,-0.01,0.0));
#2497=VECTOR('',#3149,1.0);
#2498=CARTESIAN_POINT('',(0.01,-0.01,0.00670655440299776));
#2499=CARTESIAN_POINT('',(0.0101378603475849,-0.01,0.00680305664630722));
#2500=VECTOR('',#3150,1.0);
#2501=CARTESIAN_POINT('',(0.01,-0.01,0.007));
#2502=CARTESIAN_POINT('',(0.01,-0.01,0.0));
#2503=VECTOR('',#3151,1.0);
#2504=CARTESIAN_POINT('',(0.0,-0.01,0.007));
#2505=VECTOR('',#3152,1.0);
#2506=CARTESIAN_POINT('',(-0.01,-0.01,0.007));
#2507=CARTESIAN_POINT('',(0.0,-0.01,0.007));
#2508=VECTOR('',#3153,1.0);
#2509=CARTESIAN_POINT('',(-0.01,-0.01,0.00670655440299776));
#2510=CARTESIAN_POINT('',(-0.01,-0.01,0.0));
#2511=VECTOR('',#3154,1.0);
#2512=CARTESIAN_POINT('',(-0.0101378603475849,-0.01,0.00680305664630722));
#2513=VECTOR('',#3155,1.0);
#2514=CARTESIAN_POINT('',(-0.01,-0.01,0.0));
#2515=VECTOR('',#3156,1.0);
#2516=CARTESIAN_POINT('',(3.46944695195361E-18,-0.01,-0.00029344559700224));
#2517=CARTESIAN_POINT('',(-0.00986213965241506,-0.01,-0.00719694335369278));
#2518=VECTOR('',#3157,1.0);
#2519=CARTESIAN_POINT('',(0.00986213965241506,-0.01,-0.00719694335369278));
#2520=VECTOR('',#3158,1.0);
#2521=AXIS2_PLACEMENT_3D('',#3159,#3160,#3161);
#2522=CARTESIAN_POINT('',(0.01,-0.000137860347584944,-0.000196943353692777));
#2523=VECTOR('',#3162,1.0);
#2524=AXIS2_PLACEMENT_3D('',#3163,#3164,#3165);
#2525=CARTESIAN_POINT('',(0.01,0.01,0.0));
#2526=VECTOR('',#3166,1.0);
#2527=CARTESIAN_POINT('',(0.01,0.01,0.00670655440299776));
#2528=CARTESIAN_POINT('',(0.01,0.000137860347584944,-0.000196943353692777));
#2529=VECTOR('',#3167,1.0);
#2530=CARTESIAN_POINT('',(0.01,0.01,0.007));
#2531=CARTESIAN_POINT('',(0.01,0.01,0.0));
#2532=VECTOR('',#3168,1.0);
#2533=CARTESIAN_POINT('',(0.01,0.0,0.007));
#2534=VECTOR('',#3169,1.0);
#2535=CARTESIAN_POINT('',(0.01,0.0,0.007));
#2536=VECTOR('',#3170,1.0);
#2537=CARTESIAN_POINT('',(0.01,-0.000137860347584944,-0.000196943353692777));
#2538=VECTOR('',#3171,1.0);
#2539=CARTESIAN_POINT('',(0.0002317052122068,0.0097682947877932,-0.000240400000000001));
#2540=AXIS2_PLACEMENT_3D('',#3172,#3173,#3174);
#2541=CARTESIAN_POINT('',(1.17009209439969E-19,0.01,-0.000293445597002238));
#2542=AXIS2_PLACEMENT_3D('',#3175,#3176,#3177);
#2543=CARTESIAN_POINT('',(-0.000137860347584944,0.01,-0.000196943353692777));
#2544=VECTOR('',#3178,1.0);
#2545=AXIS2_PLACEMENT_3D('',#3179,#3180,#3181);
#2546=AXIS2_PLACEMENT_3D('',#3182,#3183,#3184);
#2547=AXIS2_PLACEMENT_3D('',#3185,#3186,#3187);
#2548=CARTESIAN_POINT('',(-0.0002317052122068,0.0097682947877932,-0.000240400000000001));
#2549=AXIS2_PLACEMENT_3D('',#3188,#3189,#3190);
#2550=AXIS2_PLACEMENT_3D('',#3191,#3192,#3193);
#2551=AXIS2_PLACEMENT_3D('',#3194,#3195,#3196);
#2552=CARTESIAN_POINT('',(0.000137860347584944,0.01,-0.000196943353692777));
#2553=VECTOR('',#3197,1.0);
#2554=CARTESIAN_POINT('',(-0.01,0.01,0.0));
#2555=VECTOR('',#3198,1.0);
#2556=CARTESIAN_POINT('',(-0.01,0.01,0.00670655440299776));
#2557=CARTESIAN_POINT('',(-0.000137860347584944,0.01,-0.000196943353692777));
#2558=VECTOR('',#3199,1.0);
#2559=CARTESIAN_POINT('',(-0.01,0.01,0.007));
#2560=CARTESIAN_POINT('',(-0.01,0.01,0.0));
#2561=VECTOR('',#3200,1.0);
#2562=CARTESIAN_POINT('',(0.0,0.01,0.007));
#2563=VECTOR('',#3201,1.0);
#2564=CARTESIAN_POINT('',(0.0,0.01,0.007));
#2565=VECTOR('',#3202,1.0);
#2566=CARTESIAN_POINT('',(0.000137860347584944,0.01,-0.000196943353692777));
#2567=VECTOR('',#3203,1.0);
#2568=AXIS2_PLACEMENT_3D('',#3204,#3205,#3206);
#2569=AXIS2_PLACEMENT_3D('',#3207,#3208,#3209);
#2570=CARTESIAN_POINT('',(0.0101699884701972,-0.00983001152980276,0.007));
#2571=VECTOR('',#3210,1.0);
#2572=CARTESIAN_POINT('',(0.0101699884701972,0.00983001152980276,0.007));
#2573=VECTOR('',#3211,1.0);
#2574=CARTESIAN_POINT('',(0.00983001152980276,0.0101699884701972,0.007));
#2575=VECTOR('',#3212,1.0);
#2576=CARTESIAN_POINT('',(-0.00983001152980276,0.0101699884701972,0.007));
#2577=VECTOR('',#3213,1.0);
#2578=CARTESIAN_POINT('',(-0.01,0.0,0.007));
#2579=VECTOR('',#3214,1.0);
#2580=CARTESIAN_POINT('',(-0.0101699884701972,0.00983001152980276,0.007));
#2581=VECTOR('',#3215,1.0);
#2582=CARTESIAN_POINT('',(-0.0101699884701972,-0.00983001152980276,0.007));
#2583=VECTOR('',#3216,1.0);
#2584=CARTESIAN_POINT('',(-0.01,0.0,0.007));
#2585=VECTOR('',#3217,1.0);
#2586=CARTESIAN_POINT('',(-0.00983001152980276,-0.0101699884701972,0.007));
#2587=VECTOR('',#3218,1.0);
#2588=CARTESIAN_POINT('',(0.00983001152980276,-0.0101699884701972,0.007));
#2589=VECTOR('',#3219,1.0);
#2590=CARTESIAN_POINT('',(-0.0097682947877932,-0.0097682947877932,0.0067596));
#2591=AXIS2_PLACEMENT_3D('',#3220,#3221,#3222);
#2592=AXIS2_PLACEMENT_3D('',#3223,#3224,#3225);
#2593=CARTESIAN_POINT('',(-0.01,-0.0101378603475849,0.00680305664630722));
#2594=VECTOR('',#3226,1.0);
#2595=CARTESIAN_POINT('',(-0.0002317052122068,-0.0097682947877932,-0.000240400000000001));
#2596=AXIS2_PLACEMENT_3D('',#3227,#3228,#3229);
#2597=AXIS2_PLACEMENT_3D('',#3230,#3231,#3232);
#2598=AXIS2_PLACEMENT_3D('',#3233,#3234,#3235);
#2599=AXIS2_PLACEMENT_3D('',#3236,#3237,#3238);
#2600=CARTESIAN_POINT('',(0.0097682947877932,-0.0097682947877932,0.0067596));
#2601=AXIS2_PLACEMENT_3D('',#3239,#3240,#3241);
#2602=AXIS2_PLACEMENT_3D('',#3242,#3243,#3244);
#2603=AXIS2_PLACEMENT_3D('',#3245,#3246,#3247);
#2604=AXIS2_PLACEMENT_3D('',#3248,#3249,#3250);
#2605=AXIS2_PLACEMENT_3D('',#3251,#3252,#3253);
#2606=AXIS2_PLACEMENT_3D('',#3254,#3255,#3256);
#2607=AXIS2_PLACEMENT_3D('',#3257,#3258,#3259);
#2608=CARTESIAN_POINT('',(0.0002317052122068,-0.0097682947877932,-0.000240400000000001));
#2609=AXIS2_PLACEMENT_3D('',#3260,#3261,#3262);
#2610=AXIS2_PLACEMENT_3D('',#3263,#3264,#3265);
#2611=AXIS2_PLACEMENT_3D('',#3266,#3267,#3268);
#2612=CARTESIAN_POINT('',(-0.0097682947877932,-0.0002317052122068,-0.000240400000000001));
#2613=AXIS2_PLACEMENT_3D('',#3269,#3270,#3271);
#2614=AXIS2_PLACEMENT_3D('',#3272,#3273,#3274);
#2615=AXIS2_PLACEMENT_3D('',#3275,#3276,#3277);
#2616=CARTESIAN_POINT('',(-0.01,3.04223944543918E-19,-0.000293445597002239));
#2617=CARTESIAN_POINT('',(-0.01,-0.00986213965241506,-0.00719694335369278));
#2618=VECTOR('',#3278,1.0);
#2619=AXIS2_PLACEMENT_3D('',#3279,#3280,#3281);
#2620=CARTESIAN_POINT('',(-0.0097682947877932,0.000231705212206801,-0.000240400000000001));
#2621=AXIS2_PLACEMENT_3D('',#3282,#3283,#3284);
#2622=AXIS2_PLACEMENT_3D('',#3285,#3286,#3287);
#2623=AXIS2_PLACEMENT_3D('',#3288,#3289,#3290);
#2624=AXIS2_PLACEMENT_3D('',#3291,#3292,#3293);
#2625=CARTESIAN_POINT('',(-0.0002317052122068,0.000231705212206799,0.0067596));
#2626=AXIS2_PLACEMENT_3D('',#3294,#3295,#3296);
#2627=CARTESIAN_POINT('',(-7.80061396266459E-19,-1.97355533255414E-18,0.00670655440299776));
#2628=AXIS2_PLACEMENT_3D('',#3297,#3298,#3299);
#2629=CARTESIAN_POINT('',(-0.000231705212206798,-0.0002317052122068,0.0067596));
#2630=AXIS2_PLACEMENT_3D('',#3300,#3301,#3302);
#2631=AXIS2_PLACEMENT_3D('',#3303,#3304,#3305);
#2632=AXIS2_PLACEMENT_3D('',#3306,#3307,#3308);
#2633=CARTESIAN_POINT('',(0.0002317052122068,-0.0002317052122068,0.0067596));
#2634=AXIS2_PLACEMENT_3D('',#3309,#3310,#3311);
#2635=AXIS2_PLACEMENT_3D('',#3312,#3313,#3314);
#2636=AXIS2_PLACEMENT_3D('',#3315,#3316,#3317);
#2637=CARTESIAN_POINT('',(-0.01,0.00986213965241506,-0.00719694335369278));
#2638=VECTOR('',#3318,1.0);
#2639=CARTESIAN_POINT('',(-0.01,0.0101378603475849,0.00680305664630722));
#2640=VECTOR('',#3319,1.0);
#2641=CARTESIAN_POINT('',(-0.0097682947877932,0.0097682947877932,0.0067596));
#2642=AXIS2_PLACEMENT_3D('',#3320,#3321,#3322);
#2643=AXIS2_PLACEMENT_3D('',#3323,#3324,#3325);
#2644=AXIS2_PLACEMENT_3D('',#3326,#3327,#3328);
#2645=AXIS2_PLACEMENT_3D('',#3329,#3330,#3331);
#2646=CARTESIAN_POINT('',(0.0002317052122068,0.0002317052122068,0.0067596));
#2647=AXIS2_PLACEMENT_3D('',#3332,#3333,#3334);
#2648=AXIS2_PLACEMENT_3D('',#3335,#3336,#3337);
#2649=CARTESIAN_POINT('',(0.0097682947877932,0.0097682947877932,0.0067596));
#2650=AXIS2_PLACEMENT_3D('',#3338,#3339,#3340);
#2651=AXIS2_PLACEMENT_3D('',#3341,#3342,#3343);
#2652=AXIS2_PLACEMENT_3D('',#3344,#3345,#3346);
#2653=AXIS2_PLACEMENT_3D('',#3347,#3348,#3349);
#2654=AXIS2_PLACEMENT_3D('',#3350,#3351,#3352);
#2655=AXIS2_PLACEMENT_3D('',#3353,#3354,#3355);
#2656=DIRECTION('',(-0.81923192051904,0.0,0.573462344363328));
#2657=CARTESIAN_POINT('',(-3.7664728683745E-20,0.01,2.63653100786215E-20));
#2658=DIRECTION('',(0.122234475664409,-0.770860372184513,-0.625166393494246));
#2659=DIRECTION('',(-0.858827098713297,-0.39786874609701,0.322670846831401));
#2660=CARTESIAN_POINT('',(0.0,0.01,0.0));
#2661=DIRECTION('',(-0.707106781186548,0.707106781186547,-9.94957509500378E-17));
#2662=DIRECTION('',(0.502518907629606,0.502518907629606,-0.703526470681448));
#2663=DIRECTION('',(-0.81923192051904,0.0,0.573462344363328));
#2664=CARTESIAN_POINT('',(-0.01,0.01,0.007));
#2665=DIRECTION('',(0.0,0.0,-1.0));
#2666=DIRECTION('',(1.0,0.0,0.0));
#2667=CARTESIAN_POINT('',(-0.01,0.01,0.007));
#2668=DIRECTION('',(0.122234475664405,0.770860372184514,-0.625166393494244));
#2669=DIRECTION('',(0.858827098713298,-0.397868746097007,-0.322670846831404));
#2670=DIRECTION('',(0.0,-0.81923192051904,0.573462344363328));
#2671=CARTESIAN_POINT('',(0.0,0.01,-8.4776959550242E-19));
#2672=DIRECTION('',(0.770860372184513,0.122234475664411,-0.625166393494245));
#2673=DIRECTION('',(0.397868746097011,-0.858827098713297,0.322670846831401));
#2674=CARTESIAN_POINT('',(0.0,0.01,0.0));
#2675=DIRECTION('',(0.707106781186548,0.707106781186547,-1.65826251583396E-16));
#2676=DIRECTION('',(0.502518907629606,-0.502518907629607,0.703526470681448));
#2677=CARTESIAN_POINT('',(0.0,0.01,-2.11871004440084E-20));
#2678=DIRECTION('',(-0.770860372184513,0.122234475664409,-0.625166393494245));
#2679=DIRECTION('',(0.39786874609701,0.858827098713297,-0.322670846831401));
#2680=DIRECTION('',(-0.0,0.81923192051904,-0.573462344363328));
#2681=CARTESIAN_POINT('',(3.46944695195361E-18,-3.46944695195361E-18,0.007));
#2682=DIRECTION('',(0.770860372184515,0.122234475664403,-0.625166393494243));
#2683=DIRECTION('',(-0.397868746097005,0.858827098713298,-0.322670846831406));
#2684=CARTESIAN_POINT('',(0.0,0.0,0.007));
#2685=DIRECTION('',(0.0,0.0,-1.0));
#2686=DIRECTION('',(0.0,1.0,0.0));
#2687=CARTESIAN_POINT('',(-3.46944695195361E-18,-3.46944695195361E-18,0.007));
#2688=DIRECTION('',(-0.770860372184515,0.122234475664403,-0.625166393494243));
#2689=DIRECTION('',(-0.397868746097005,-0.858827098713298,0.322670846831406));
#2690=DIRECTION('',(-0.81923192051904,-0.0,-0.573462344363328));
#2691=CARTESIAN_POINT('',(0.01,0.01,0.007));
#2692=DIRECTION('',(-0.122234475664405,0.770860372184514,-0.625166393494244));
#2693=DIRECTION('',(0.858827098713298,0.397868746097007,0.322670846831404));
#2694=CARTESIAN_POINT('',(0.01,0.01,0.007));
#2695=DIRECTION('',(-0.0,0.0,-1.0));
#2696=DIRECTION('',(-1.0,0.0,0.0));
#2697=DIRECTION('',(-0.81923192051904,-0.0,-0.573462344363328));
#2698=CARTESIAN_POINT('',(-1.07976370708441E-18,0.01,-7.55834594959085E-19));
#2699=DIRECTION('',(-0.12223447566441,-0.770860372184512,-0.625166393494246));
#2700=DIRECTION('',(-0.858827098713297,0.397868746097011,-0.3226708468314));
#2701=DIRECTION('',(0.0,0.81923192051904,0.573462344363328));
#2702=CARTESIAN_POINT('',(0.01,3.7664728683745E-20,2.63653100786215E-20));
#2703=DIRECTION('',(-0.770860372184513,-0.122234475664409,-0.625166393494246));
#2704=DIRECTION('',(-0.39786874609701,0.858827098713297,0.322670846831401));
#2705=CARTESIAN_POINT('',(0.01,0.0,0.0));
#2706=DIRECTION('',(0.707106781186547,0.707106781186548,-9.94957509500378E-17));
#2707=DIRECTION('',(0.502518907629606,-0.502518907629606,-0.703526470681448));
#2708=DIRECTION('',(0.0,0.81923192051904,0.573462344363328));
#2709=CARTESIAN_POINT('',(0.01,0.01,0.007));
#2710=DIRECTION('',(-0.0,-0.0,-1.0));
#2711=DIRECTION('',(0.0,-1.0,0.0));
#2712=CARTESIAN_POINT('',(0.01,0.01,0.007));
#2713=DIRECTION('',(0.770860372184514,-0.122234475664405,-0.625166393494244));
#2714=DIRECTION('',(-0.397868746097007,-0.858827098713298,-0.322670846831404));
#2715=DIRECTION('',(-0.81923192051904,0.0,0.573462344363328));
#2716=CARTESIAN_POINT('',(0.01,0.0,2.11871004440084E-20));
#2717=DIRECTION('',(0.122234475664409,-0.770860372184513,-0.625166393494245));
#2718=DIRECTION('',(-0.858827098713297,-0.39786874609701,0.322670846831401));
#2719=CARTESIAN_POINT('',(0.01,0.0,0.0));
#2720=DIRECTION('',(0.707106781186547,-0.707106781186548,-1.65826251583396E-16));
#2721=DIRECTION('',(-0.502518907629607,-0.502518907629606,0.703526470681448));
#2722=CARTESIAN_POINT('',(0.01,0.0,-2.11871004440084E-20));
#2723=DIRECTION('',(0.122234475664409,0.770860372184513,-0.625166393494245));
#2724=DIRECTION('',(0.858827098713297,-0.39786874609701,-0.322670846831401));
#2725=DIRECTION('',(0.81923192051904,-0.0,-0.573462344363328));
#2726=CARTESIAN_POINT('',(-3.46944695195361E-18,-3.46944695195361E-18,0.007));
#2727=DIRECTION('',(0.122234475664403,-0.770860372184515,-0.625166393494243));
#2728=DIRECTION('',(0.858827098713298,0.397868746097005,-0.322670846831406));
#2729=CARTESIAN_POINT('',(0.0,0.0,0.007));
#2730=DIRECTION('',(0.0,0.0,-1.0));
#2731=DIRECTION('',(1.0,0.0,0.0));
#2732=CARTESIAN_POINT('',(-3.46944695195361E-18,3.46944695195361E-18,0.007));
#2733=DIRECTION('',(0.122234475664403,0.770860372184515,-0.625166393494243));
#2734=DIRECTION('',(-0.858827098713298,0.397868746097005,0.322670846831406));
#2735=DIRECTION('',(-0.0,0.81923192051904,-0.573462344363328));
#2736=CARTESIAN_POINT('',(0.01,-0.01,0.007));
#2737=DIRECTION('',(0.770860372184514,0.122234475664405,-0.625166393494244));
#2738=DIRECTION('',(0.397868746097007,-0.858827098713298,0.322670846831404));
#2739=CARTESIAN_POINT('',(0.01,-0.01,0.007));
#2740=DIRECTION('',(0.0,0.0,-1.0));
#2741=DIRECTION('',(0.0,1.0,0.0));
#2742=DIRECTION('',(-0.0,0.81923192051904,-0.573462344363328));
#2743=CARTESIAN_POINT('',(0.01,3.7664728683745E-20,-2.63653100786215E-20));
#2744=DIRECTION('',(-0.770860372184512,0.122234475664409,-0.625166393494246));
#2745=DIRECTION('',(0.39786874609701,0.858827098713297,-0.322670846831401));
#2746=DIRECTION('',(0.0,-0.81923192051904,-0.573462344363328));
#2747=CARTESIAN_POINT('',(-0.01,0.01,0.007));
#2748=DIRECTION('',(-0.770860372184514,-0.122234475664409,-0.625166393494243));
#2749=DIRECTION('',(-0.397868746097009,0.858827098713298,0.322670846831401));
#2750=CARTESIAN_POINT('',(-0.01,0.01,0.007));
#2751=DIRECTION('',(-0.0,-0.0,-1.0));
#2752=DIRECTION('',(0.0,-1.0,0.0));
#2753=DIRECTION('',(-0.0,0.81923192051904,0.573462344363328));
#2754=CARTESIAN_POINT('',(-0.01,0.0,0.0));
#2755=DIRECTION('',(-0.707106781186546,0.707106781186549,1.65826251583396E-15));
#2756=DIRECTION('',(-0.502518907629608,-0.502518907629604,-0.703526470681448));
#2757=CARTESIAN_POINT('',(-0.01,-1.73472347597681E-18,-8.67361737988404E-19));
#2758=DIRECTION('',(0.770860372184513,-0.122234475664409,-0.625166393494245));
#2759=DIRECTION('',(0.39786874609701,0.858827098713297,0.322670846831401));
#2760=DIRECTION('',(0.0,-0.81923192051904,0.573462344363328));
#2761=CARTESIAN_POINT('',(-0.01,0.01,-0.007));
#2762=DIRECTION('',(0.770860372184513,0.12223447566441,-0.625166393494246));
#2763=DIRECTION('',(0.397868746097011,-0.858827098713297,0.322670846831401));
#2764=CARTESIAN_POINT('',(-0.01,0.01,-0.007));
#2765=DIRECTION('',(-0.707106781186547,-0.707106781186547,0.0));
#2766=DIRECTION('',(0.502518907629606,-0.502518907629606,0.703526470681448));
#2767=DIRECTION('',(-0.0,0.81923192051904,-0.573462344363328));
#2768=CARTESIAN_POINT('',(-0.01,1.73472347597681E-18,8.67361737988404E-19));
#2769=DIRECTION('',(0.0,2.06904865090632E-15,-1.0));
#2770=DIRECTION('',(0.0,-1.0,-2.06904865090632E-15));
#2771=CARTESIAN_POINT('',(-0.01,-1.73472347597681E-18,0.0));
#2772=DIRECTION('',(-0.770860372184515,0.122234475664406,-0.625166393494244));
#2773=DIRECTION('',(-0.397868746097007,-0.858827098713298,0.322670846831403));
#2774=DIRECTION('',(0.0,0.81923192051904,0.573462344363328));
#2775=CARTESIAN_POINT('',(0.0,-0.01,2.11871004440084E-20));
#2776=DIRECTION('',(-0.770860372184513,-0.122234475664409,-0.625166393494245));
#2777=DIRECTION('',(-0.39786874609701,0.858827098713297,0.322670846831401));
#2778=CARTESIAN_POINT('',(0.0,-0.01,-2.05569452441744E-34));
#2779=DIRECTION('',(-0.707106781186548,-0.707106781186547,-3.64817753483472E-16));
#2780=DIRECTION('',(-0.502518907629606,0.502518907629606,0.703526470681448));
#2781=CARTESIAN_POINT('',(0.0,-0.01,-2.05569452441744E-34));
#2782=DIRECTION('',(0.707106781186548,-0.707106781186547,-3.64817753483472E-16));
#2783=DIRECTION('',(-0.502518907629606,-0.502518907629606,-0.703526470681448));
#2784=CARTESIAN_POINT('',(0.0,-0.01,-8.4776959550242E-19));
#2785=DIRECTION('',(0.770860372184513,-0.122234475664411,-0.625166393494245));
#2786=DIRECTION('',(-0.397868746097011,-0.858827098713297,-0.322670846831401));
#2787=DIRECTION('',(-0.0,-0.81923192051904,-0.573462344363328));
#2788=CARTESIAN_POINT('',(-3.46944695195361E-18,3.46944695195361E-18,0.007));
#2789=DIRECTION('',(-0.770860372184515,-0.122234475664403,-0.625166393494243));
#2790=DIRECTION('',(0.397868746097005,-0.858827098713298,-0.322670846831406));
#2791=CARTESIAN_POINT('',(0.0,0.0,0.007));
#2792=DIRECTION('',(-0.0,-0.0,-1.0));
#2793=DIRECTION('',(0.0,-1.0,0.0));
#2794=CARTESIAN_POINT('',(3.46944695195361E-18,3.46944695195361E-18,0.007));
#2795=DIRECTION('',(0.770860372184515,-0.122234475664403,-0.625166393494243));
#2796=DIRECTION('',(0.397868746097005,0.858827098713298,0.322670846831406));
#2797=DIRECTION('',(-0.81923192051904,0.0,-0.573462344363328));
#2798=CARTESIAN_POINT('',(3.46944695195361E-18,3.46944695195361E-18,0.007));
#2799=DIRECTION('',(-0.122234475664411,0.770860372184514,-0.625166393494244));
#2800=DIRECTION('',(-0.858827098713298,-0.39786874609701,-0.3226708468314));
#2801=CARTESIAN_POINT('',(0.0,0.0,0.007));
#2802=DIRECTION('',(-0.0,0.0,-1.0));
#2803=DIRECTION('',(-1.0,0.0,0.0));
#2804=CARTESIAN_POINT('',(3.46944695195361E-18,-3.46944695195361E-18,0.007));
#2805=DIRECTION('',(-0.122234475664411,-0.770860372184514,-0.625166393494244));
#2806=DIRECTION('',(0.858827098713298,-0.39786874609701,0.3226708468314));
#2807=DIRECTION('',(0.81923192051904,-0.0,0.573462344363328));
#2808=CARTESIAN_POINT('',(-0.01,0.0,-1.73472347597681E-18));
#2809=DIRECTION('',(-0.122234475664407,0.770860372184514,-0.625166393494244));
#2810=DIRECTION('',(-0.858827098713297,-0.397868746097009,-0.322670846831403));
#2811=CARTESIAN_POINT('',(-0.01,0.0,0.0));
#2812=DIRECTION('',(-0.707106781186546,-0.707106781186549,1.65826251583396E-15));
#2813=DIRECTION('',(0.502518907629608,-0.502518907629604,0.703526470681448));
#2814=CARTESIAN_POINT('',(-0.01,0.0,-1.73472347597681E-18));
#2815=DIRECTION('',(-0.122234475664407,-0.770860372184514,-0.625166393494244));
#2816=DIRECTION('',(0.858827098713297,-0.397868746097009,0.322670846831403));
#2817=DIRECTION('',(-0.707106781186548,-0.707106781186548,0.0));
#2818=CARTESIAN_POINT('',(0.0,0.01,-2.11871004440084E-20));
#2819=DIRECTION('',(-0.770860372184513,0.122234475664409,-0.625166393494245));
#2820=DIRECTION('',(0.39786874609701,0.858827098713297,-0.322670846831401));
#2821=CARTESIAN_POINT('',(-3.7664728683745E-20,0.01,2.63653100786215E-20));
#2822=DIRECTION('',(0.122234475664409,-0.770860372184513,-0.625166393494246));
#2823=DIRECTION('',(-0.858827098713297,-0.39786874609701,0.322670846831401));
#2824=DIRECTION('',(0.707106781186548,0.707106781186548,-0.0));
#2825=CARTESIAN_POINT('',(-0.01,-1.73472347597681E-18,-8.67361737988404E-19));
#2826=DIRECTION('',(0.770860372184513,-0.122234475664409,-0.625166393494245));
#2827=DIRECTION('',(0.39786874609701,0.858827098713297,0.322670846831401));
#2828=CARTESIAN_POINT('',(-0.01,0.0,-1.73472347597681E-18));
#2829=DIRECTION('',(-0.122234475664407,0.770860372184514,-0.625166393494244));
#2830=DIRECTION('',(-0.858827098713297,-0.397868746097009,-0.322670846831403));
#2831=DIRECTION('',(-0.707106781186548,0.707106781186548,0.0));
#2832=CARTESIAN_POINT('',(0.01,0.0,-2.11871004440084E-20));
#2833=DIRECTION('',(0.122234475664409,0.770860372184513,-0.625166393494245));
#2834=DIRECTION('',(0.858827098713297,-0.39786874609701,-0.322670846831401));
#2835=CARTESIAN_POINT('',(0.01,3.7664728683745E-20,2.63653100786215E-20));
#2836=DIRECTION('',(-0.770860372184513,-0.122234475664409,-0.625166393494246));
#2837=DIRECTION('',(-0.39786874609701,0.858827098713297,0.322670846831401));
#2838=DIRECTION('',(0.707106781186548,-0.707106781186548,-0.0));
#2839=CARTESIAN_POINT('',(-1.07976370708441E-18,0.01,-7.55834594959085E-19));
#2840=DIRECTION('',(-0.12223447566441,-0.770860372184512,-0.625166393494246));
#2841=DIRECTION('',(-0.858827098713297,0.397868746097011,-0.3226708468314));
#2842=CARTESIAN_POINT('',(0.0,0.01,-8.4776959550242E-19));
#2843=DIRECTION('',(0.770860372184513,0.122234475664411,-0.625166393494245));
#2844=DIRECTION('',(0.397868746097011,-0.858827098713297,0.322670846831401));
#2845=DIRECTION('',(-0.707106781186548,-0.707106781186548,0.0));
#2846=CARTESIAN_POINT('',(0.01,3.7664728683745E-20,-2.63653100786215E-20));
#2847=DIRECTION('',(-0.770860372184512,0.122234475664409,-0.625166393494246));
#2848=DIRECTION('',(0.39786874609701,0.858827098713297,-0.322670846831401));
#2849=CARTESIAN_POINT('',(0.01,0.0,2.11871004440084E-20));
#2850=DIRECTION('',(0.122234475664409,-0.770860372184513,-0.625166393494245));
#2851=DIRECTION('',(-0.858827098713297,-0.39786874609701,0.322670846831401));
#2852=DIRECTION('',(0.707106781186548,0.707106781186548,-0.0));
#2853=CARTESIAN_POINT('',(0.0,-0.01,-8.4776959550242E-19));
#2854=DIRECTION('',(0.770860372184513,-0.122234475664411,-0.625166393494245));
#2855=DIRECTION('',(-0.397868746097011,-0.858827098713297,-0.322670846831401));
#2856=CARTESIAN_POINT('',(-1.73472347597681E-18,-0.01,-8.67361737988404E-19));
#2857=DIRECTION('',(-0.122234475664409,0.770860372184513,-0.625166393494245));
#2858=DIRECTION('',(-0.858827098713297,-0.39786874609701,-0.322670846831401));
#2859=CARTESIAN_POINT('',(-1.73472347597681E-18,-0.01,-8.67361737988404E-19));
#2860=DIRECTION('',(-0.122234475664409,0.770860372184513,-0.625166393494245));
#2861=DIRECTION('',(-0.858827098713297,-0.39786874609701,-0.322670846831401));
#2862=DIRECTION('',(-0.81923192051904,0.0,0.573462344363328));
#2863=CARTESIAN_POINT('',(1.20231234094577E-18,0.0,-0.007));
#2864=DIRECTION('',(0.12223447566441,-0.770860372184514,-0.625166393494244));
#2865=DIRECTION('',(-0.858827098713296,-0.397868746097011,0.322670846831402));
#2866=CARTESIAN_POINT('',(0.0,0.0,-0.007));
#2867=DIRECTION('',(0.707106781186548,-0.707106781186547,-1.32661001266717E-16));
#2868=DIRECTION('',(-0.502518907629606,-0.502518907629606,0.703526470681448));
#2869=CARTESIAN_POINT('',(0.0,-1.73472347597681E-18,-0.007));
#2870=DIRECTION('',(-0.707106781186548,-0.707106781186547,-6.30139756016907E-16));
#2871=DIRECTION('',(0.502518907629606,-0.502518907629606,-0.703526470681448));
#2872=CARTESIAN_POINT('',(0.0,0.0,-0.007));
#2873=DIRECTION('',(0.122234475664409,0.770860372184513,-0.625166393494245));
#2874=DIRECTION('',(0.858827098713297,-0.39786874609701,-0.322670846831401));
#2875=DIRECTION('',(0.81923192051904,-0.0,-0.573462344363328));
#2876=CARTESIAN_POINT('',(-0.01,-1.73472347597681E-18,0.0));
#2877=DIRECTION('',(0.122234475664408,-0.770860372184514,-0.625166393494244));
#2878=DIRECTION('',(0.858827098713297,0.397868746097009,-0.322670846831402));
#2879=CARTESIAN_POINT('',(-0.01,0.0,8.67361737988404E-19));
#2880=DIRECTION('',(2.06904865090632E-15,0.0,-1.0));
#2881=DIRECTION('',(-1.0,0.0,-2.06904865090632E-15));
#2882=CARTESIAN_POINT('',(-0.01,1.73472347597681E-18,0.0));
#2883=DIRECTION('',(0.122234475664408,0.770860372184514,-0.625166393494244));
#2884=DIRECTION('',(-0.858827098713297,0.397868746097009,0.322670846831402));
#2885=DIRECTION('',(-0.0,-0.81923192051904,-0.573462344363328));
#2886=CARTESIAN_POINT('',(-0.01,1.73472347597681E-18,0.0));
#2887=DIRECTION('',(-0.770860372184516,-0.122234475664404,-0.625166393494243));
#2888=DIRECTION('',(0.397868746097005,-0.858827098713298,-0.322670846831405));
#2889=CARTESIAN_POINT('',(-0.01,-1.73472347597681E-18,8.67361737988404E-19));
#2890=DIRECTION('',(0.0,-2.06904865090632E-15,-1.0));
#2891=DIRECTION('',(0.0,1.0,-2.06904865090632E-15));
#2892=DIRECTION('',(0.0,0.81923192051904,0.573462344363328));
#2893=CARTESIAN_POINT('',(-0.01,-0.01,-0.007));
#2894=DIRECTION('',(0.707106781186547,-0.707106781186547,0.0));
#2895=DIRECTION('',(-0.502518907629606,-0.502518907629606,-0.703526470681448));
#2896=CARTESIAN_POINT('',(-0.01,-0.01,-0.007));
#2897=DIRECTION('',(0.770860372184513,-0.122234475664408,-0.625166393494245));
#2898=DIRECTION('',(-0.397868746097009,-0.858827098713297,-0.322670846831402));
#2899=DIRECTION('',(0.81923192051904,-0.0,-0.573462344363328));
#2900=CARTESIAN_POINT('',(-1.73472347597681E-18,-0.01,0.0));
#2901=DIRECTION('',(0.122234475664404,-0.770860372184516,-0.625166393494243));
#2902=DIRECTION('',(0.858827098713298,0.397868746097005,-0.322670846831405));
#2903=CARTESIAN_POINT('',(1.73472347597681E-18,-0.01,8.67361737988404E-19));
#2904=DIRECTION('',(2.06904865090632E-15,0.0,-1.0));
#2905=DIRECTION('',(-1.0,0.0,-2.06904865090632E-15));
#2906=DIRECTION('',(-0.81923192051904,0.0,0.573462344363328));
#2907=CARTESIAN_POINT('',(0.01,-0.01,-0.007));
#2908=DIRECTION('',(-0.707106781186547,-0.707106781186547,0.0));
#2909=DIRECTION('',(0.502518907629606,-0.502518907629606,-0.703526470681448));
#2910=CARTESIAN_POINT('',(0.01,-0.01,-0.007));
#2911=DIRECTION('',(0.122234475664408,0.770860372184513,-0.625166393494245));
#2912=DIRECTION('',(0.858827098713297,-0.397868746097009,-0.322670846831402));
#2913=DIRECTION('',(-0.707106781186548,0.707106781186548,0.0));
#2914=CARTESIAN_POINT('',(0.0,-0.01,0.0));
#2915=DIRECTION('',(0.122234475664409,0.770860372184513,-0.625166393494245));
#2916=DIRECTION('',(-0.858827098713297,0.39786874609701,0.322670846831401));
#2917=CARTESIAN_POINT('',(0.0,-0.01,0.0));
#2918=DIRECTION('',(0.122234475664409,0.770860372184513,-0.625166393494245));
#2919=DIRECTION('',(-0.858827098713297,0.39786874609701,0.322670846831401));
#2920=CARTESIAN_POINT('',(0.0,-0.01,2.11871004440084E-20));
#2921=DIRECTION('',(-0.770860372184513,-0.122234475664409,-0.625166393494245));
#2922=DIRECTION('',(-0.39786874609701,0.858827098713297,0.322670846831401));
#2923=DIRECTION('',(0.707106781186548,-0.707106781186548,-0.0));
#2924=CARTESIAN_POINT('',(-0.01,0.0,-1.73472347597681E-18));
#2925=DIRECTION('',(-0.122234475664407,-0.770860372184514,-0.625166393494244));
#2926=DIRECTION('',(0.858827098713297,-0.397868746097009,0.322670846831403));
#2927=CARTESIAN_POINT('',(-0.01,1.73472347597681E-18,-8.67361737988404E-19));
#2928=DIRECTION('',(0.770860372184513,0.122234475664409,-0.625166393494245));
#2929=DIRECTION('',(-0.39786874609701,0.858827098713297,-0.322670846831401));
#2930=CARTESIAN_POINT('',(-0.01,1.73472347597681E-18,-8.67361737988404E-19));
#2931=DIRECTION('',(0.770860372184513,0.122234475664409,-0.625166393494245));
#2932=DIRECTION('',(-0.39786874609701,0.858827098713297,-0.322670846831401));
#2933=DIRECTION('',(0.0,-0.81923192051904,0.573462344363328));
#2934=CARTESIAN_POINT('',(0.0,1.20231234094577E-18,-0.007));
#2935=DIRECTION('',(0.770860372184514,0.12223447566441,-0.625166393494244));
#2936=DIRECTION('',(0.397868746097011,-0.858827098713296,0.322670846831402));
#2937=CARTESIAN_POINT('',(0.0,0.0,-0.007));
#2938=DIRECTION('',(-0.707106781186548,-0.707106781186547,-9.9495750950038E-16));
#2939=DIRECTION('',(0.502518907629606,-0.502518907629607,0.703526470681448));
#2940=CARTESIAN_POINT('',(0.0,1.20231234094577E-18,-0.007));
#2941=DIRECTION('',(-0.770860372184514,0.12223447566441,-0.625166393494244));
#2942=DIRECTION('',(0.397868746097011,0.858827098713296,-0.322670846831402));
#2943=DIRECTION('',(-0.0,0.81923192051904,-0.573462344363328));
#2944=CARTESIAN_POINT('',(3.42604797314733E-19,-0.01,0.0));
#2945=DIRECTION('',(0.770860372184514,0.122234475664408,-0.625166393494244));
#2946=DIRECTION('',(0.397868746097008,-0.858827098713298,0.322670846831402));
#2947=CARTESIAN_POINT('',(0.0,-0.01,0.0));
#2948=DIRECTION('',(-0.0,-0.0,-1.0));
#2949=DIRECTION('',(0.0,-1.0,0.0));
#2950=CARTESIAN_POINT('',(-1.73472347597681E-18,-0.01,0.0));
#2951=DIRECTION('',(-0.770860372184514,0.122234475664408,-0.625166393494244));
#2952=DIRECTION('',(-0.397868746097009,-0.858827098713297,0.322670846831402));
#2953=DIRECTION('',(0.81923192051904,-0.0,0.573462344363328));
#2954=DIRECTION('',(-0.81923192051904,0.0,-0.573462344363328));
#2955=CARTESIAN_POINT('',(0.01,-0.01,0.007));
#2956=DIRECTION('',(-0.0,0.0,-1.0));
#2957=DIRECTION('',(-1.0,0.0,0.0));
#2958=CARTESIAN_POINT('',(0.01,-0.01,0.007));
#2959=DIRECTION('',(-0.122234475664409,-0.770860372184514,-0.625166393494243));
#2960=DIRECTION('',(-0.858827098713298,0.397868746097009,-0.322670846831401));
#2961=DIRECTION('',(0.81923192051904,0.0,-0.573462344363328));
#2962=CARTESIAN_POINT('',(-0.01,-0.01,0.007));
#2963=DIRECTION('',(0.122234475664409,-0.770860372184514,-0.625166393494243));
#2964=DIRECTION('',(-0.858827098713298,-0.397868746097009,0.322670846831401));
#2965=CARTESIAN_POINT('',(-0.01,-0.01,0.007));
#2966=DIRECTION('',(0.0,0.0,-1.0));
#2967=DIRECTION('',(1.0,0.0,0.0));
#2968=DIRECTION('',(-0.81923192051904,-0.0,0.573462344363328));
#2969=DIRECTION('',(0.81923192051904,0.0,0.573462344363328));
#2970=CARTESIAN_POINT('',(-0.01,-0.01,-0.007));
#2971=DIRECTION('',(-0.122234475664408,0.770860372184513,-0.625166393494245));
#2972=DIRECTION('',(0.858827098713297,0.397868746097009,0.322670846831402));
#2973=DIRECTION('',(-0.81923192051904,-0.0,-0.573462344363328));
#2974=CARTESIAN_POINT('',(-1.73472347597681E-18,-0.01,8.67361737988404E-19));
#2975=DIRECTION('',(-2.06904865090632E-15,0.0,-1.0));
#2976=DIRECTION('',(1.0,0.0,-2.06904865090632E-15));
#2977=CARTESIAN_POINT('',(-2.5577037178725E-20,-0.01,0.0));
#2978=DIRECTION('',(-0.122234475664408,-0.770860372184514,-0.625166393494245));
#2979=DIRECTION('',(-0.858827098713298,0.397868746097009,-0.322670846831402));
#2980=DIRECTION('',(-0.0,-0.81923192051904,0.573462344363328));
#2981=DIRECTION('',(0.0,0.81923192051904,-0.573462344363328));
#2982=CARTESIAN_POINT('',(-0.01,-0.01,0.007));
#2983=DIRECTION('',(0.0,0.0,-1.0));
#2984=DIRECTION('',(0.0,1.0,0.0));
#2985=CARTESIAN_POINT('',(-0.01,-0.01,0.007));
#2986=DIRECTION('',(-0.770860372184514,0.122234475664409,-0.625166393494243));
#2987=DIRECTION('',(0.397868746097009,0.858827098713298,-0.322670846831401));
#2988=DIRECTION('',(-0.81923192051904,0.0,-0.573462344363328));
#2989=CARTESIAN_POINT('',(-6.38127206012331E-20,0.01,0.0));
#2990=DIRECTION('',(-0.122234475664409,0.770860372184513,-0.625166393494245));
#2991=DIRECTION('',(0.858827098713297,0.39786874609701,0.322670846831401));
#2992=CARTESIAN_POINT('',(0.0,0.01,0.0));
#2993=DIRECTION('',(6.46577703408227E-17,0.0,-1.0));
#2994=DIRECTION('',(1.0,0.0,6.46577703408227E-17));
#2995=DIRECTION('',(-0.81923192051904,0.0,-0.573462344363328));
#2996=CARTESIAN_POINT('',(-0.01,0.01,-0.007));
#2997=DIRECTION('',(-0.122234475664409,-0.770860372184513,-0.625166393494245));
#2998=DIRECTION('',(0.858827098713297,-0.39786874609701,0.322670846831401));
#2999=DIRECTION('',(0.0,-0.81923192051904,-0.573462344363328));
#3000=CARTESIAN_POINT('',(0.0,0.01,0.0));
#3001=DIRECTION('',(-0.770860372184512,-0.12223447566441,-0.625166393494245));
#3002=DIRECTION('',(0.397868746097011,-0.858827098713297,-0.3226708468314));
#3003=CARTESIAN_POINT('',(0.0,0.01,0.0));
#3004=DIRECTION('',(-0.0,1.29315540681646E-16,-1.0));
#3005=DIRECTION('',(0.0,1.0,1.29315540681646E-16));
#3006=CARTESIAN_POINT('',(-4.3678723693136E-21,0.01,0.0));
#3007=DIRECTION('',(0.770860372184513,-0.122234475664409,-0.625166393494245));
#3008=DIRECTION('',(-0.397868746097009,-0.858827098713297,-0.322670846831402));
#3009=DIRECTION('',(-0.0,0.81923192051904,0.573462344363328));
#3010=CARTESIAN_POINT('',(0.0,0.0,-0.007));
#3011=DIRECTION('',(-0.770860372184513,-0.12223447566441,-0.625166393494245));
#3012=DIRECTION('',(0.397868746097011,-0.858827098713297,-0.322670846831401));
#3013=CARTESIAN_POINT('',(0.0,-1.73472347597681E-18,-0.007));
#3014=DIRECTION('',(0.707106781186548,-0.707106781186547,3.64817753483472E-16));
#3015=DIRECTION('',(0.502518907629606,0.502518907629607,0.703526470681448));
#3016=CARTESIAN_POINT('',(0.0,0.0,-0.007));
#3017=DIRECTION('',(0.770860372184513,-0.12223447566441,-0.625166393494245));
#3018=DIRECTION('',(0.397868746097011,0.858827098713297,0.322670846831401));
#3019=DIRECTION('',(-0.81923192051904,-0.0,0.573462344363328));
#3020=CARTESIAN_POINT('',(0.01,0.01,-0.007));
#3021=DIRECTION('',(0.122234475664409,-0.770860372184513,-0.625166393494245));
#3022=DIRECTION('',(0.858827098713297,0.39786874609701,-0.322670846831401));
#3023=CARTESIAN_POINT('',(0.01,0.01,-0.007));
#3024=DIRECTION('',(0.707106781186546,-0.707106781186549,2.08941076995079E-15));
#3025=DIRECTION('',(0.502518907629608,0.502518907629604,-0.703526470681448));
#3026=DIRECTION('',(-0.81923192051904,-0.0,0.573462344363328));
#3027=CARTESIAN_POINT('',(0.0,0.01,0.0));
#3028=DIRECTION('',(-6.46577703408227E-17,0.0,-1.0));
#3029=DIRECTION('',(-1.0,0.0,6.46577703408227E-17));
#3030=CARTESIAN_POINT('',(-1.73472347597681E-18,0.01,0.0));
#3031=DIRECTION('',(0.122234475664411,0.770860372184512,-0.625166393494246));
#3032=DIRECTION('',(-0.858827098713297,0.397868746097011,0.3226708468314));
#3033=DIRECTION('',(0.0,0.81923192051904,-0.573462344363328));
#3034=CARTESIAN_POINT('',(0.01,6.38127206012331E-20,0.0));
#3035=DIRECTION('',(0.770860372184513,0.122234475664409,-0.625166393494245));
#3036=DIRECTION('',(0.39786874609701,-0.858827098713297,0.322670846831401));
#3037=CARTESIAN_POINT('',(0.01,0.0,0.0));
#3038=DIRECTION('',(0.0,-6.46577703408227E-17,-1.0));
#3039=DIRECTION('',(0.0,-1.0,6.46577703408227E-17));
#3040=DIRECTION('',(0.0,0.81923192051904,-0.573462344363328));
#3041=CARTESIAN_POINT('',(0.01,0.01,-0.007));
#3042=DIRECTION('',(-0.770860372184513,0.122234475664409,-0.625166393494245));
#3043=DIRECTION('',(-0.39786874609701,-0.858827098713297,0.322670846831401));
#3044=DIRECTION('',(-0.81923192051904,0.0,-0.573462344363328));
#3045=CARTESIAN_POINT('',(0.01,4.3678723693136E-21,0.0));
#3046=DIRECTION('',(-0.122234475664409,0.770860372184513,-0.625166393494245));
#3047=DIRECTION('',(0.858827098713297,0.397868746097009,0.322670846831402));
#3048=CARTESIAN_POINT('',(0.01,0.0,0.0));
#3049=DIRECTION('',(1.29315540681646E-16,0.0,-1.0));
#3050=DIRECTION('',(1.0,0.0,1.29315540681646E-16));
#3051=CARTESIAN_POINT('',(0.01,4.3678723693136E-21,0.0));
#3052=DIRECTION('',(-0.122234475664409,-0.770860372184513,-0.625166393494245));
#3053=DIRECTION('',(-0.858827098713297,0.397868746097009,-0.322670846831402));
#3054=DIRECTION('',(0.81923192051904,-0.0,0.573462344363328));
#3055=CARTESIAN_POINT('',(0.0,0.0,-0.007));
#3056=DIRECTION('',(-0.12223447566441,0.770860372184513,-0.625166393494245));
#3057=DIRECTION('',(-0.858827098713297,-0.397868746097011,-0.322670846831401));
#3058=CARTESIAN_POINT('',(-3.46944695195361E-18,0.0,-0.007));
#3059=DIRECTION('',(-0.122234475664411,-0.770860372184514,-0.625166393494243));
#3060=DIRECTION('',(0.858827098713296,-0.397868746097011,0.322670846831402));
#3061=DIRECTION('',(-0.0,0.81923192051904,0.573462344363328));
#3062=CARTESIAN_POINT('',(0.01,-0.01,-0.007));
#3063=DIRECTION('',(-0.770860372184515,-0.122234475664407,-0.625166393494243));
#3064=DIRECTION('',(0.397868746097008,-0.858827098713297,-0.322670846831404));
#3065=DIRECTION('',(-0.0,0.81923192051904,0.573462344363328));
#3066=CARTESIAN_POINT('',(0.01,0.0,0.0));
#3067=DIRECTION('',(-0.0,6.46577703408227E-17,-1.0));
#3068=DIRECTION('',(0.0,1.0,6.46577703408227E-17));
#3069=CARTESIAN_POINT('',(0.01,6.38127206012331E-20,0.0));
#3070=DIRECTION('',(0.770860372184513,-0.122234475664409,-0.625166393494245));
#3071=DIRECTION('',(-0.39786874609701,-0.858827098713297,-0.322670846831401));
#3072=CARTESIAN_POINT('',(-0.01,0.01,-0.007));
#3073=DIRECTION('',(-0.0,0.0,-1.0));
#3074=DIRECTION('',(-1.0,0.0,0.0));
#3075=DIRECTION('',(0.707106781186548,-0.707106781186548,-0.0));
#3076=CARTESIAN_POINT('',(0.0,0.0,-0.007));
#3077=DIRECTION('',(-0.0,-0.0,-1.0));
#3078=DIRECTION('',(0.0,-1.0,0.0));
#3079=DIRECTION('',(0.707106781186548,0.707106781186548,0.0));
#3080=CARTESIAN_POINT('',(0.01,0.01,-0.007));
#3081=DIRECTION('',(0.0,0.0,-1.0));
#3082=DIRECTION('',(1.0,0.0,0.0));
#3083=DIRECTION('',(1.0,-0.0,0.0));
#3084=DIRECTION('',(0.0,-1.0,0.0));
#3085=CARTESIAN_POINT('',(0.01,0.01,-0.007));
#3086=DIRECTION('',(0.0,0.0,-1.0));
#3087=DIRECTION('',(0.0,1.0,0.0));
#3088=DIRECTION('',(-0.707106781186548,-0.707106781186548,-0.0));
#3089=CARTESIAN_POINT('',(0.0,0.0,-0.007));
#3090=DIRECTION('',(-0.0,0.0,-1.0));
#3091=DIRECTION('',(-1.0,0.0,0.0));
#3092=DIRECTION('',(0.707106781186548,-0.707106781186548,-0.0));
#3093=CARTESIAN_POINT('',(0.01,-0.01,-0.007));
#3094=DIRECTION('',(-0.0,-0.0,-1.0));
#3095=DIRECTION('',(0.0,-1.0,0.0));
#3096=DIRECTION('',(0.0,-1.0,0.0));
#3097=DIRECTION('',(-1.0,0.0,0.0));
#3098=CARTESIAN_POINT('',(0.01,-0.01,-0.007));
#3099=DIRECTION('',(0.0,0.0,-1.0));
#3100=DIRECTION('',(1.0,0.0,0.0));
#3101=DIRECTION('',(-0.707106781186548,0.707106781186548,0.0));
#3102=CARTESIAN_POINT('',(0.0,0.0,-0.007));
#3103=DIRECTION('',(0.0,0.0,-1.0));
#3104=DIRECTION('',(0.0,1.0,0.0));
#3105=DIRECTION('',(-0.707106781186548,-0.707106781186548,-0.0));
#3106=CARTESIAN_POINT('',(-0.01,-0.01,-0.007));
#3107=DIRECTION('',(-0.0,0.0,-1.0));
#3108=DIRECTION('',(-1.0,0.0,0.0));
#3109=DIRECTION('',(-1.0,0.0,0.0));
#3110=DIRECTION('',(0.0,1.0,0.0));
#3111=CARTESIAN_POINT('',(-0.01,-0.01,-0.007));
#3112=DIRECTION('',(-0.0,-0.0,-1.0));
#3113=DIRECTION('',(0.0,-1.0,0.0));
#3114=DIRECTION('',(0.707106781186548,0.707106781186548,0.0));
#3115=CARTESIAN_POINT('',(0.0,0.0,-0.007));
#3116=DIRECTION('',(0.0,0.0,-1.0));
#3117=DIRECTION('',(1.0,0.0,0.0));
#3118=DIRECTION('',(-0.707106781186548,0.707106781186548,0.0));
#3119=CARTESIAN_POINT('',(-0.01,0.01,-0.007));
#3120=DIRECTION('',(0.0,0.0,-1.0));
#3121=DIRECTION('',(0.0,1.0,0.0));
#3122=DIRECTION('',(0.0,1.0,0.0));
#3123=DIRECTION('',(1.0,-0.0,0.0));
#3124=CARTESIAN_POINT('',(0.01,6.38127206012331E-20,0.0));
#3125=DIRECTION('',(0.770860372184513,-0.122234475664409,-0.625166393494245));
#3126=DIRECTION('',(-0.39786874609701,-0.858827098713297,-0.322670846831401));
#3127=CARTESIAN_POINT('',(0.01,0.0,0.0));
#3128=DIRECTION('',(0.707106781186547,-0.707106781186548,1.65826251583396E-16));
#3129=DIRECTION('',(-0.502518907629607,-0.502518907629606,-0.703526470681448));
#3130=DIRECTION('',(0.0,-0.81923192051904,-0.573462344363328));
#3131=CARTESIAN_POINT('',(0.01,-0.01,-0.007));
#3132=DIRECTION('',(-0.770860372184515,-0.122234475664407,-0.625166393494243));
#3133=DIRECTION('',(0.397868746097008,-0.858827098713297,-0.322670846831404));
#3134=CARTESIAN_POINT('',(-3.46944695195361E-18,0.0,-0.007));
#3135=DIRECTION('',(-0.122234475664411,-0.770860372184514,-0.625166393494243));
#3136=DIRECTION('',(0.858827098713296,-0.397868746097011,0.322670846831402));
#3137=CARTESIAN_POINT('',(0.0,0.0,-0.007));
#3138=DIRECTION('',(-0.12223447566441,0.770860372184513,-0.625166393494245));
#3139=DIRECTION('',(-0.858827098713297,-0.397868746097011,-0.322670846831401));
#3140=CARTESIAN_POINT('',(0.01,4.3678723693136E-21,0.0));
#3141=DIRECTION('',(-0.122234475664409,-0.770860372184513,-0.625166393494245));
#3142=DIRECTION('',(-0.858827098713297,0.397868746097009,-0.322670846831402));
#3143=CARTESIAN_POINT('',(0.01,0.0,0.0));
#3144=DIRECTION('',(-0.707106781186547,-0.707106781186548,0.0));
#3145=DIRECTION('',(-0.502518907629606,0.502518907629605,-0.703526470681449));
#3146=CARTESIAN_POINT('',(0.01,4.3678723693136E-21,0.0));
#3147=DIRECTION('',(-0.122234475664409,0.770860372184513,-0.625166393494245));
#3148=DIRECTION('',(0.858827098713297,0.397868746097009,0.322670846831402));
#3149=DIRECTION('',(-0.0,0.0,1.0));
#3150=DIRECTION('',(0.81923192051904,-0.0,0.573462344363328));
#3151=DIRECTION('',(-0.0,0.0,1.0));
#3152=DIRECTION('',(-1.0,0.0,0.0));
#3153=DIRECTION('',(-1.0,0.0,0.0));
#3154=DIRECTION('',(-0.0,0.0,1.0));
#3155=DIRECTION('',(0.81923192051904,0.0,-0.573462344363328));
#3156=DIRECTION('',(-0.0,0.0,1.0));
#3157=DIRECTION('',(0.81923192051904,0.0,0.573462344363328));
#3158=DIRECTION('',(0.81923192051904,-0.0,-0.573462344363328));
#3159=CARTESIAN_POINT('',(0.01,0.01,-0.007));
#3160=DIRECTION('',(-0.770860372184513,0.122234475664409,-0.625166393494245));
#3161=DIRECTION('',(-0.39786874609701,-0.858827098713297,0.322670846831401));
#3162=DIRECTION('',(-0.0,-0.81923192051904,0.573462344363328));
#3163=CARTESIAN_POINT('',(0.01,6.38127206012331E-20,0.0));
#3164=DIRECTION('',(0.770860372184513,0.122234475664409,-0.625166393494245));
#3165=DIRECTION('',(0.39786874609701,-0.858827098713297,0.322670846831401));
#3166=DIRECTION('',(0.0,-0.0,-1.0));
#3167=DIRECTION('',(-0.0,-0.81923192051904,-0.573462344363328));
#3168=DIRECTION('',(0.0,-0.0,-1.0));
#3169=DIRECTION('',(0.0,-1.0,0.0));
#3170=DIRECTION('',(0.0,-1.0,0.0));
#3171=DIRECTION('',(0.0,-0.81923192051904,0.573462344363328));
#3172=CARTESIAN_POINT('',(-1.73472347597681E-18,0.01,0.0));
#3173=DIRECTION('',(0.122234475664411,0.770860372184512,-0.625166393494246));
#3174=DIRECTION('',(-0.858827098713297,0.397868746097011,0.3226708468314));
#3175=CARTESIAN_POINT('',(0.0,0.01,0.0));
#3176=DIRECTION('',(-0.707106781186548,-0.707106781186547,0.0));
#3177=DIRECTION('',(-0.502518907629605,0.502518907629606,0.703526470681449));
#3178=DIRECTION('',(0.81923192051904,0.0,-0.573462344363328));
#3179=CARTESIAN_POINT('',(0.01,0.01,-0.007));
#3180=DIRECTION('',(0.122234475664409,-0.770860372184513,-0.625166393494245));
#3181=DIRECTION('',(0.858827098713297,0.39786874609701,-0.322670846831401));
#3182=CARTESIAN_POINT('',(0.0,0.0,-0.007));
#3183=DIRECTION('',(0.770860372184513,-0.12223447566441,-0.625166393494245));
#3184=DIRECTION('',(0.397868746097011,0.858827098713297,0.322670846831401));
#3185=CARTESIAN_POINT('',(0.0,0.0,-0.007));
#3186=DIRECTION('',(-0.770860372184513,-0.12223447566441,-0.625166393494245));
#3187=DIRECTION('',(0.397868746097011,-0.858827098713297,-0.322670846831401));
#3188=CARTESIAN_POINT('',(-4.3678723693136E-21,0.01,0.0));
#3189=DIRECTION('',(0.770860372184513,-0.122234475664409,-0.625166393494245));
#3190=DIRECTION('',(-0.397868746097009,-0.858827098713297,-0.322670846831402));
#3191=CARTESIAN_POINT('',(0.0,0.01,0.0));
#3192=DIRECTION('',(0.707106781186548,-0.707106781186547,0.0));
#3193=DIRECTION('',(-0.502518907629605,-0.502518907629606,-0.703526470681449));
#3194=CARTESIAN_POINT('',(0.0,0.01,0.0));
#3195=DIRECTION('',(-0.770860372184512,-0.12223447566441,-0.625166393494245));
#3196=DIRECTION('',(0.397868746097011,-0.858827098713297,-0.3226708468314));
#3197=DIRECTION('',(0.81923192051904,-0.0,0.573462344363328));
#3198=DIRECTION('',(0.0,-0.0,-1.0));
#3199=DIRECTION('',(0.81923192051904,-0.0,-0.573462344363328));
#3200=DIRECTION('',(0.0,-0.0,-1.0));
#3201=DIRECTION('',(1.0,-0.0,0.0));
#3202=DIRECTION('',(1.0,-0.0,0.0));
#3203=DIRECTION('',(0.81923192051904,0.0,0.573462344363328));
#3204=CARTESIAN_POINT('',(-0.01,0.01,-0.007));
#3205=DIRECTION('',(-0.122234475664409,-0.770860372184513,-0.625166393494245));
#3206=DIRECTION('',(0.858827098713297,-0.39786874609701,0.322670846831401));
#3207=CARTESIAN_POINT('',(-6.38127206012331E-20,0.01,0.0));
#3208=DIRECTION('',(-0.122234475664409,0.770860372184513,-0.625166393494245));
#3209=DIRECTION('',(0.858827098713297,0.39786874609701,0.322670846831401));
#3210=DIRECTION('',(0.707106781186548,-0.707106781186548,-0.0));
#3211=DIRECTION('',(-0.707106781186548,-0.707106781186548,0.0));
#3212=DIRECTION('',(0.707106781186548,0.707106781186548,-0.0));
#3213=DIRECTION('',(0.707106781186548,-0.707106781186548,0.0));
#3214=DIRECTION('',(0.0,1.0,0.0));
#3215=DIRECTION('',(-0.707106781186548,0.707106781186548,-0.0));
#3216=DIRECTION('',(0.707106781186548,0.707106781186548,0.0));
#3217=DIRECTION('',(0.0,1.0,0.0));
#3218=DIRECTION('',(-0.707106781186548,-0.707106781186548,-0.0));
#3219=DIRECTION('',(-0.707106781186548,0.707106781186548,0.0));
#3220=CARTESIAN_POINT('',(-0.01,-0.01,0.007));
#3221=DIRECTION('',(-0.770860372184514,0.122234475664409,-0.625166393494243));
#3222=DIRECTION('',(0.397868746097009,0.858827098713298,-0.322670846831401));
#3223=CARTESIAN_POINT('',(-0.01,-0.01,0.007));
#3224=DIRECTION('',(0.707106781186547,-0.707106781186547,0.0));
#3225=DIRECTION('',(-0.502518907629606,-0.502518907629606,0.703526470681448));
#3226=DIRECTION('',(-0.0,-0.81923192051904,0.573462344363328));
#3227=CARTESIAN_POINT('',(-2.5577037178725E-20,-0.01,0.0));
#3228=DIRECTION('',(-0.122234475664408,-0.770860372184514,-0.625166393494245));
#3229=DIRECTION('',(-0.858827098713298,0.397868746097009,-0.322670846831402));
#3230=CARTESIAN_POINT('',(0.0,-0.01,0.0));
#3231=DIRECTION('',(-0.707106781186549,-0.707106781186546,-1.65826251583396E-15));
#3232=DIRECTION('',(0.502518907629604,-0.502518907629608,0.703526470681448));
#3233=CARTESIAN_POINT('',(-0.01,-0.01,-0.007));
#3234=DIRECTION('',(-0.122234475664408,0.770860372184513,-0.625166393494245));
#3235=DIRECTION('',(0.858827098713297,0.397868746097009,0.322670846831402));
#3236=CARTESIAN_POINT('',(-0.01,-0.01,0.007));
#3237=DIRECTION('',(0.122234475664409,-0.770860372184514,-0.625166393494243));
#3238=DIRECTION('',(-0.858827098713298,-0.397868746097009,0.322670846831401));
#3239=CARTESIAN_POINT('',(0.01,-0.01,0.007));
#3240=DIRECTION('',(-0.122234475664409,-0.770860372184514,-0.625166393494243));
#3241=DIRECTION('',(-0.858827098713298,0.397868746097009,-0.322670846831401));
#3242=CARTESIAN_POINT('',(0.01,-0.01,0.007));
#3243=DIRECTION('',(-0.707106781186547,-0.707106781186547,0.0));
#3244=DIRECTION('',(0.502518907629606,-0.502518907629606,0.703526470681448));
#3245=CARTESIAN_POINT('',(0.01,-0.01,-0.007));
#3246=DIRECTION('',(0.122234475664408,0.770860372184513,-0.625166393494245));
#3247=DIRECTION('',(0.858827098713297,-0.397868746097009,-0.322670846831402));
#3248=CARTESIAN_POINT('',(0.0,1.20231234094577E-18,-0.007));
#3249=DIRECTION('',(0.770860372184514,0.12223447566441,-0.625166393494244));
#3250=DIRECTION('',(0.397868746097011,-0.858827098713296,0.322670846831402));
#3251=CARTESIAN_POINT('',(0.0,1.20231234094577E-18,-0.007));
#3252=DIRECTION('',(-0.770860372184514,0.12223447566441,-0.625166393494244));
#3253=DIRECTION('',(0.397868746097011,0.858827098713296,-0.322670846831402));
#3254=CARTESIAN_POINT('',(1.20231234094577E-18,0.0,-0.007));
#3255=DIRECTION('',(0.12223447566441,-0.770860372184514,-0.625166393494244));
#3256=DIRECTION('',(-0.858827098713296,-0.397868746097011,0.322670846831402));
#3257=CARTESIAN_POINT('',(-0.01,-0.01,-0.007));
#3258=DIRECTION('',(0.770860372184513,-0.122234475664408,-0.625166393494245));
#3259=DIRECTION('',(-0.397868746097009,-0.858827098713297,-0.322670846831402));
#3260=CARTESIAN_POINT('',(-1.73472347597681E-18,-0.01,0.0));
#3261=DIRECTION('',(-0.770860372184514,0.122234475664408,-0.625166393494244));
#3262=DIRECTION('',(-0.397868746097009,-0.858827098713297,0.322670846831402));
#3263=CARTESIAN_POINT('',(0.0,-0.01,0.0));
#3264=DIRECTION('',(0.707106781186549,-0.707106781186546,-1.65826251583396E-15));
#3265=DIRECTION('',(0.502518907629604,0.502518907629608,-0.703526470681448));
#3266=CARTESIAN_POINT('',(3.42604797314733E-19,-0.01,0.0));
#3267=DIRECTION('',(0.770860372184514,0.122234475664408,-0.625166393494244));
#3268=DIRECTION('',(0.397868746097008,-0.858827098713298,0.322670846831402));
#3269=CARTESIAN_POINT('',(-0.01,1.73472347597681E-18,0.0));
#3270=DIRECTION('',(-0.770860372184516,-0.122234475664404,-0.625166393494243));
#3271=DIRECTION('',(0.397868746097005,-0.858827098713298,-0.322670846831405));
#3272=CARTESIAN_POINT('',(-0.01,1.73472347597681E-18,0.0));
#3273=DIRECTION('',(0.122234475664408,0.770860372184514,-0.625166393494244));
#3274=DIRECTION('',(-0.858827098713297,0.397868746097009,0.322670846831402));
#3275=CARTESIAN_POINT('',(-1.73472347597681E-18,-0.01,0.0));
#3276=DIRECTION('',(0.122234475664404,-0.770860372184516,-0.625166393494243));
#3277=DIRECTION('',(0.858827098713298,0.397868746097005,-0.322670846831405));
#3278=DIRECTION('',(-0.0,-0.81923192051904,-0.573462344363328));
#3279=CARTESIAN_POINT('',(-0.01,0.0,0.0));
#3280=DIRECTION('',(-0.707106781186546,-0.707106781186549,-1.65826251583396E-15));
#3281=DIRECTION('',(0.502518907629608,-0.502518907629604,-0.703526470681448));
#3282=CARTESIAN_POINT('',(-0.01,0.0,0.0));
#3283=DIRECTION('',(0.707106781186548,-0.707106781186547,-6.96470256650264E-16));
#3284=DIRECTION('',(0.502518907629605,0.502518907629607,-0.703526470681448));
#3285=CARTESIAN_POINT('',(-0.01,-1.73472347597681E-18,0.0));
#3286=DIRECTION('',(0.122234475664408,-0.770860372184514,-0.625166393494244));
#3287=DIRECTION('',(0.858827098713297,0.397868746097009,-0.322670846831402));
#3288=CARTESIAN_POINT('',(0.0,0.0,-0.007));
#3289=DIRECTION('',(0.122234475664409,0.770860372184513,-0.625166393494245));
#3290=DIRECTION('',(0.858827098713297,-0.39786874609701,-0.322670846831401));
#3291=CARTESIAN_POINT('',(-0.01,-1.73472347597681E-18,0.0));
#3292=DIRECTION('',(-0.770860372184515,0.122234475664406,-0.625166393494244));
#3293=DIRECTION('',(-0.397868746097007,-0.858827098713298,0.322670846831403));
#3294=CARTESIAN_POINT('',(3.46944695195361E-18,-3.46944695195361E-18,0.007));
#3295=DIRECTION('',(-0.122234475664411,-0.770860372184514,-0.625166393494244));
#3296=DIRECTION('',(0.858827098713298,-0.39786874609701,0.3226708468314));
#3297=CARTESIAN_POINT('',(0.0,0.0,0.007));
#3298=DIRECTION('',(-0.707106781186547,-0.707106781186548,9.9495750950038E-16));
#3299=DIRECTION('',(0.502518907629607,-0.502518907629606,0.703526470681448));
#3300=CARTESIAN_POINT('',(7.9959910220806E-19,0.0,0.007));
#3301=DIRECTION('',(0.707106781186548,-0.707106781186547,8.62296508233663E-16));
#3302=DIRECTION('',(-0.502518907629605,-0.502518907629607,-0.703526470681448));
#3303=CARTESIAN_POINT('',(3.46944695195361E-18,3.46944695195361E-18,0.007));
#3304=DIRECTION('',(-0.122234475664411,0.770860372184514,-0.625166393494244));
#3305=DIRECTION('',(-0.858827098713298,-0.39786874609701,-0.3226708468314));
#3306=CARTESIAN_POINT('',(3.46944695195361E-18,3.46944695195361E-18,0.007));
#3307=DIRECTION('',(0.770860372184515,-0.122234475664403,-0.625166393494243));
#3308=DIRECTION('',(0.397868746097005,0.858827098713298,0.322670846831406));
#3309=CARTESIAN_POINT('',(0.0,0.0,0.007));
#3310=DIRECTION('',(-0.707106781186547,-0.707106781186547,6.63305006333586E-16));
#3311=DIRECTION('',(0.502518907629606,-0.502518907629607,-0.703526470681448));
#3312=CARTESIAN_POINT('',(-3.46944695195361E-18,3.46944695195361E-18,0.007));
#3313=DIRECTION('',(-0.770860372184515,-0.122234475664403,-0.625166393494243));
#3314=DIRECTION('',(0.397868746097005,-0.858827098713298,-0.322670846831406));
#3315=CARTESIAN_POINT('',(-0.01,0.01,-0.007));
#3316=DIRECTION('',(0.770860372184513,0.12223447566441,-0.625166393494246));
#3317=DIRECTION('',(0.397868746097011,-0.858827098713297,0.322670846831401));
#3318=DIRECTION('',(0.0,-0.81923192051904,0.573462344363328));
#3319=DIRECTION('',(0.0,-0.81923192051904,-0.573462344363328));
#3320=CARTESIAN_POINT('',(-0.01,0.01,0.007));
#3321=DIRECTION('',(-0.707106781186547,-0.707106781186547,0.0));
#3322=DIRECTION('',(0.502518907629606,-0.502518907629606,-0.703526470681448));
#3323=CARTESIAN_POINT('',(-0.01,0.01,0.007));
#3324=DIRECTION('',(-0.770860372184514,-0.122234475664409,-0.625166393494243));
#3325=DIRECTION('',(-0.397868746097009,0.858827098713298,0.322670846831401));
#3326=CARTESIAN_POINT('',(0.01,-0.01,0.007));
#3327=DIRECTION('',(0.770860372184514,0.122234475664405,-0.625166393494244));
#3328=DIRECTION('',(0.397868746097007,-0.858827098713298,0.322670846831404));
#3329=CARTESIAN_POINT('',(-3.46944695195361E-18,3.46944695195361E-18,0.007));
#3330=DIRECTION('',(0.122234475664403,0.770860372184515,-0.625166393494243));
#3331=DIRECTION('',(-0.858827098713298,0.397868746097005,0.322670846831406));
#3332=CARTESIAN_POINT('',(0.0,0.0,0.007));
#3333=DIRECTION('',(0.707106781186547,-0.707106781186547,6.63305006333586E-16));
#3334=DIRECTION('',(0.502518907629607,0.502518907629606,-0.703526470681448));
#3335=CARTESIAN_POINT('',(-3.46944695195361E-18,-3.46944695195361E-18,0.007));
#3336=DIRECTION('',(0.122234475664403,-0.770860372184515,-0.625166393494243));
#3337=DIRECTION('',(0.858827098713298,0.397868746097005,-0.322670846831406));
#3338=CARTESIAN_POINT('',(0.01,0.01,0.007));
#3339=DIRECTION('',(-0.122234475664405,0.770860372184514,-0.625166393494244));
#3340=DIRECTION('',(0.858827098713298,0.397868746097007,0.322670846831404));
#3341=CARTESIAN_POINT('',(0.01,0.01,0.007));
#3342=DIRECTION('',(0.770860372184514,-0.122234475664405,-0.625166393494244));
#3343=DIRECTION('',(-0.397868746097007,-0.858827098713298,-0.322670846831404));
#3344=CARTESIAN_POINT('',(-3.46944695195361E-18,-3.46944695195361E-18,0.007));
#3345=DIRECTION('',(-0.770860372184515,0.122234475664403,-0.625166393494243));
#3346=DIRECTION('',(-0.397868746097005,-0.858827098713298,0.322670846831406));
#3347=CARTESIAN_POINT('',(0.01,0.01,0.007));
#3348=DIRECTION('',(0.707106781186546,-0.707106781186549,-2.08941076995079E-15));
#3349=DIRECTION('',(0.502518907629608,0.502518907629604,0.703526470681448));
#3350=CARTESIAN_POINT('',(3.46944695195361E-18,-3.46944695195361E-18,0.007));
#3351=DIRECTION('',(0.770860372184515,0.122234475664403,-0.625166393494243));
#3352=DIRECTION('',(-0.397868746097005,0.858827098713298,-0.322670846831406));
#3353=CARTESIAN_POINT('',(-0.01,0.01,0.007));
#3354=DIRECTION('',(0.122234475664405,0.770860372184514,-0.625166393494244));
#3355=DIRECTION('',(0.858827098713298,-0.397868746097007,-0.322670846831404));
#3356=PRESENTATION_LAYER_ASSIGNMENT('9','\X2\56FE5C42\X0\0',(#25));
ENDSEC;
END-ISO-10303-21;
