ISO-10303-21;
HEADER;
FILE_DESCRIPTION(('STEP AP214'),'1');
FILE_NAME('UC10.stp','2026-06-17T13:31:38',(' '),(' '),'Spatial InterOp 3D',' ',' ');
FILE_SCHEMA(('AUTOMOTIVE_DESIGN { 1 0 10303 214 1 1 1 1 }'));
ENDSEC;
DATA;
#1=MECHANICAL_DESIGN_GEOMETRIC_PRESENTATION_REPRESENTATION(' ',(#10),#6);
#2=PRODUCT_DEFINITION_CONTEXT('',#11,'design');
#3=APPLICATION_PROTOCOL_DEFINITION('INTERNATIONAL STANDARD','automotive_design',1994,#11);
#4=PRODUCT_CATEGORY_RELATIONSHIP('NONE','NONE',#12,#13);
#5=SHAPE_DEFINITION_REPRESENTATION(#14,#15);
#6= (GEOMETRIC_REPRESENTATION_CONTEXT(3)GLOBAL_UNCERTAINTY_ASSIGNED_CONTEXT((#18))GLOBAL_UNIT_ASSIGNED_CONTEXT((#20,#21,#22))REPRESENTATION_CONTEXT('NONE','WORKSPACE'));
#10=STYLED_ITEM('',(#24),#25);
#11=APPLICATION_CONTEXT(' ');
#12=PRODUCT_CATEGORY('part','NONE');
#13=PRODUCT_RELATED_PRODUCT_CATEGORY('detail',' ',(#26));
#14=PRODUCT_DEFINITION_SHAPE('NONE','NONE',#27);
#15=ADVANCED_BREP_SHAPE_REPRESENTATION('\X2\5B9E4F53\X0\111',(#25,#28),#6);
#18=UNCERTAINTY_MEASURE_WITH_UNIT(LENGTH_MEASURE(1.0E-08),#20,'','');
#20= (CONVERSION_BASED_UNIT('METRE',#31)LENGTH_UNIT()NAMED_UNIT(#34));
#21= (NAMED_UNIT(#36)PLANE_ANGLE_UNIT()SI_UNIT($,.RADIAN.));
#22= (NAMED_UNIT(#36)SOLID_ANGLE_UNIT()SI_UNIT($,.STERADIAN.));
#24=PRESENTATION_STYLE_ASSIGNMENT((#42));
#25=MANIFOLD_SOLID_BREP('\X2\5B9E4F53\X0\111',#43);
#26=PRODUCT('\X2\5B9E4F53\X0\111','','PART--DESC',(#44));
#27=PRODUCT_DEFINITION('','NONE',#45,#2);
#28=AXIS2_PLACEMENT_3D('',#46,#47,#48);
#31=LENGTH_MEASURE_WITH_UNIT(LENGTH_MEASURE(1.0),#49);
#34=DIMENSIONAL_EXPONENTS(1.0,0.0,0.0,0.0,0.0,0.0,0.0);
#36=DIMENSIONAL_EXPONENTS(0.0,0.0,0.0,0.0,0.0,0.0,0.0);
#42=SURFACE_STYLE_USAGE(.BOTH.,#50);
#43=CLOSED_SHELL('',(#51,#52,#53,#54,#55,#56,#57,#58,#59,#60,#61,#62,#63,#64,#65,#66,#67,#68,#69,#70,#71,#72,#73,#74,#75,#76,#77,#78,#79,#80,#81,#82,#83,#84,#85,#86,#87,#88,#89,#90,#91,#92,#93,#94,#95,#96,#97,#98,#99,#100,#101,#102,#103,#104));
#44=PRODUCT_CONTEXT('',#11,'mechanical');
#45=PRODUCT_DEFINITION_FORMATION_WITH_SPECIFIED_SOURCE(' ','NONE',#26,.NOT_KNOWN.);
#46=CARTESIAN_POINT('',(0.0,0.0,0.0));
#47=DIRECTION('',(0.0,0.0,1.0));
#48=DIRECTION('',(1.0,0.0,0.0));
#49= (NAMED_UNIT(#34)LENGTH_UNIT()SI_UNIT($,.METRE.));
#50=SURFACE_SIDE_STYLE('',(#106));
#51=ADVANCED_FACE('5:66804',(#107),#108,.T.);
#52=ADVANCED_FACE('5:66698',(#109),#110,.T.);
#53=ADVANCED_FACE('5:66655',(#111),#112,.T.);
#54=ADVANCED_FACE('5:66761',(#113),#114,.T.);
#55=ADVANCED_FACE('5:54670',(#115),#116,.T.);
#56=ADVANCED_FACE('5:54310',(#117),#118,.T.);
#57=ADVANCED_FACE('5:54490',(#119),#120,.T.);
#58=ADVANCED_FACE('5:67855',(#121),#122,.T.);
#59=ADVANCED_FACE('5:54265',(#123),#124,.T.);
#60=ADVANCED_FACE('5:67961',(#125),#126,.T.);
#61=ADVANCED_FACE('5:67818',(#127),#128,.T.);
#62=ADVANCED_FACE('5:67924',(#129),#130,.T.);
#63=ADVANCED_FACE('5:67762',(#131),#132,.F.);
#64=ADVANCED_FACE('5:67954',(#133),#134,.T.);
#65=ADVANCED_FACE('5:67924',(#135),#136,.T.);
#66=ADVANCED_FACE('5:67911',(#137),#138,.F.);
#67=ADVANCED_FACE('5:67901',(#139),#140,.T.);
#68=ADVANCED_FACE('5:67878',(#141),#142,.T.);
#69=ADVANCED_FACE('5:67848',(#143),#144,.T.);
#70=ADVANCED_FACE('5:67838',(#145),#146,.T.);
#71=ADVANCED_FACE('5:67818',(#147),#148,.T.);
#72=ADVANCED_FACE('5:67782',(#149),#150,.T.);
#73=ADVANCED_FACE('5:67772',(#151),#152,.T.);
#74=ADVANCED_FACE('5:66605',(#153),#154,.T.);
#75=ADVANCED_FACE('5:66738',(#155),#156,.T.);
#76=ADVANCED_FACE('5:67931',(#157),#158,.T.);
#77=ADVANCED_FACE('5:66685',(#159),#160,.T.);
#78=ADVANCED_FACE('5:66609',(#161),#162,.T.);
#79=ADVANCED_FACE('5:67941',(#163),#164,.T.);
#80=ADVANCED_FACE('5:67865',(#165),#166,.T.);
#81=ADVANCED_FACE('5:67961',(#167),#168,.T.);
#82=ADVANCED_FACE('5:54265',(#169),#170,.T.);
#83=ADVANCED_FACE('5:67971',(#171),#172,.T.);
#84=ADVANCED_FACE('5:67888',(#173),#174,.T.);
#85=ADVANCED_FACE('5:67855',(#175),#176,.T.);
#86=ADVANCED_FACE('5:54490',(#177),#178,.T.);
#87=ADVANCED_FACE('5:54310',(#179),#180,.T.);
#88=ADVANCED_FACE('5:54670',(#181),#182,.T.);
#89=ADVANCED_FACE('5:66761',(#183),#184,.T.);
#90=ADVANCED_FACE('5:66655',(#185),#186,.T.);
#91=ADVANCED_FACE('5:67792',(#187),#188,.T.);
#92=ADVANCED_FACE('5:67825',(#189),#190,.T.);
#93=ADVANCED_FACE('5:66675',(#191),#192,.T.);
#94=ADVANCED_FACE('5:66791',(#193),#194,.T.);
#95=ADVANCED_FACE('5:67802',(#195),#196,.F.);
#96=ADVANCED_FACE('5:66635',(#197),#198,.T.);
#97=ADVANCED_FACE('5:66668',(#199),#200,.T.);
#98=ADVANCED_FACE('5:66698',(#201),#202,.T.);
#99=ADVANCED_FACE('5:66708',(#203),#204,.T.);
#100=ADVANCED_FACE('5:66731',(#205),#206,.T.);
#101=ADVANCED_FACE('5:66774',(#207),#208,.T.);
#102=ADVANCED_FACE('5:66784',(#209),#210,.T.);
#103=ADVANCED_FACE('5:66804',(#211),#212,.T.);
#104=ADVANCED_FACE('5:66814',(#213),#214,.T.);
#106=SURFACE_STYLE_FILL_AREA(#215);
#107=FACE_OUTER_BOUND('',#216,.T.);
#108=CYLINDRICAL_SURFACE('',#217,0.0002585);
#109=FACE_OUTER_BOUND('',#218,.T.);
#110=CYLINDRICAL_SURFACE('',#219,0.0002585);
#111=FACE_OUTER_BOUND('',#220,.T.);
#112=CYLINDRICAL_SURFACE('',#221,0.0002585);
#113=FACE_OUTER_BOUND('',#222,.T.);
#114=CYLINDRICAL_SURFACE('',#223,0.000258500000000001);
#115=FACE_OUTER_BOUND('',#224,.T.);
#116=CYLINDRICAL_SURFACE('',#225,0.000258499999999999);
#117=FACE_OUTER_BOUND('',#226,.T.);
#118=CYLINDRICAL_SURFACE('',#227,0.000258499999999999);
#119=FACE_OUTER_BOUND('',#228,.T.);
#120=CYLINDRICAL_SURFACE('',#229,0.000258499999999999);
#121=FACE_OUTER_BOUND('',#230,.T.);
#122=CYLINDRICAL_SURFACE('',#231,0.000258500000000001);
#123=FACE_OUTER_BOUND('',#232,.T.);
#124=CYLINDRICAL_SURFACE('',#233,0.000258499999999999);
#125=FACE_OUTER_BOUND('',#234,.T.);
#126=CYLINDRICAL_SURFACE('',#235,0.000258500000000001);
#127=FACE_OUTER_BOUND('',#236,.T.);
#128=CYLINDRICAL_SURFACE('',#237,0.0002585);
#129=FACE_OUTER_BOUND('',#238,.T.);
#130=CYLINDRICAL_SURFACE('',#239,0.0002585);
#131=FACE_OUTER_BOUND('',#240,.T.);
#132=PLANE('',#241);
#133=FACE_OUTER_BOUND('',#242,.T.);
#134=CYLINDRICAL_SURFACE('',#243,0.0002585);
#135=FACE_OUTER_BOUND('',#244,.T.);
#136=CYLINDRICAL_SURFACE('',#245,0.0002585);
#137=FACE_OUTER_BOUND('',#246,.T.);
#138=PLANE('',#247);
#139=FACE_OUTER_BOUND('',#248,.T.);
#140=CYLINDRICAL_SURFACE('',#249,0.0002585);
#141=FACE_OUTER_BOUND('',#250,.T.);
#142=PLANE('',#251);
#143=FACE_OUTER_BOUND('',#252,.T.);
#144=CYLINDRICAL_SURFACE('',#253,0.0002585);
#145=FACE_OUTER_BOUND('',#254,.T.);
#146=CYLINDRICAL_SURFACE('',#255,0.0002585);
#147=FACE_OUTER_BOUND('',#256,.T.);
#148=CYLINDRICAL_SURFACE('',#257,0.0002585);
#149=FACE_OUTER_BOUND('',#258,.T.);
#150=PLANE('',#259);
#151=FACE_OUTER_BOUND('',#260,.T.);
#152=CYLINDRICAL_SURFACE('',#261,0.0002585);
#153=FACE_OUTER_BOUND('',#262,.T.);
#154=PLANE('',#263);
#155=FACE_OUTER_BOUND('',#264,.T.);
#156=CYLINDRICAL_SURFACE('',#265,0.000258500000000002);
#157=FACE_OUTER_BOUND('',#266,.T.);
#158=CYLINDRICAL_SURFACE('',#267,0.000258500000000002);
#159=FACE_OUTER_BOUND('',#268,.T.);
#160=CYLINDRICAL_SURFACE('',#269,0.000258500000000002);
#161=FACE_OUTER_BOUND('',#270,.T.);
#162=CYLINDRICAL_SURFACE('',#271,0.000258500000000002);
#163=FACE_OUTER_BOUND('',#272,.T.);
#164=CYLINDRICAL_SURFACE('',#273,0.000258499999999999);
#165=FACE_OUTER_BOUND('',#274,.T.);
#166=CYLINDRICAL_SURFACE('',#275,0.000258499999999999);
#167=FACE_OUTER_BOUND('',#276,.T.);
#168=CYLINDRICAL_SURFACE('',#277,0.000258500000000001);
#169=FACE_OUTER_BOUND('',#278,.T.);
#170=CYLINDRICAL_SURFACE('',#279,0.000258499999999999);
#171=FACE_OUTER_BOUND('',#280,.T.);
#172=CYLINDRICAL_SURFACE('',#281,0.000258500000000002);
#173=FACE_OUTER_BOUND('',#282,.T.);
#174=CYLINDRICAL_SURFACE('',#283,0.000258500000000002);
#175=FACE_OUTER_BOUND('',#284,.T.);
#176=CYLINDRICAL_SURFACE('',#285,0.000258500000000001);
#177=FACE_OUTER_BOUND('',#286,.T.);
#178=CYLINDRICAL_SURFACE('',#287,0.000258499999999999);
#179=FACE_OUTER_BOUND('',#288,.T.);
#180=CYLINDRICAL_SURFACE('',#289,0.000258499999999999);
#181=FACE_OUTER_BOUND('',#290,.T.);
#182=CYLINDRICAL_SURFACE('',#291,0.000258499999999999);
#183=FACE_OUTER_BOUND('',#292,.T.);
#184=CYLINDRICAL_SURFACE('',#293,0.000258500000000001);
#185=FACE_OUTER_BOUND('',#294,.T.);
#186=CYLINDRICAL_SURFACE('',#295,0.0002585);
#187=FACE_OUTER_BOUND('',#296,.T.);
#188=CYLINDRICAL_SURFACE('',#297,0.0002585);
#189=FACE_OUTER_BOUND('',#298,.T.);
#190=CYLINDRICAL_SURFACE('',#299,0.000258500000000002);
#191=FACE_OUTER_BOUND('',#300,.T.);
#192=CYLINDRICAL_SURFACE('',#301,0.000258499999999999);
#193=FACE_OUTER_BOUND('',#302,.T.);
#194=CYLINDRICAL_SURFACE('',#303,0.000258500000000002);
#195=FACE_OUTER_BOUND('',#304,.T.);
#196=PLANE('',#305);
#197=FACE_OUTER_BOUND('',#306,.T.);
#198=CYLINDRICAL_SURFACE('',#307,0.000258499999999999);
#199=FACE_OUTER_BOUND('',#308,.T.);
#200=CYLINDRICAL_SURFACE('',#309,0.0002585);
#201=FACE_OUTER_BOUND('',#310,.T.);
#202=CYLINDRICAL_SURFACE('',#311,0.0002585);
#203=FACE_OUTER_BOUND('',#312,.T.);
#204=CYLINDRICAL_SURFACE('',#313,0.000258499999999999);
#205=FACE_OUTER_BOUND('',#314,.T.);
#206=CYLINDRICAL_SURFACE('',#315,0.0002585);
#207=FACE_OUTER_BOUND('',#316,.T.);
#208=CYLINDRICAL_SURFACE('',#317,0.0002585);
#209=FACE_OUTER_BOUND('',#318,.T.);
#210=CYLINDRICAL_SURFACE('',#319,0.000258499999999999);
#211=FACE_OUTER_BOUND('',#320,.T.);
#212=CYLINDRICAL_SURFACE('',#321,0.0002585);
#213=FACE_OUTER_BOUND('',#322,.T.);
#214=CYLINDRICAL_SURFACE('',#323,0.0002585);
#215=FILL_AREA_STYLE('',(#324));
#216=EDGE_LOOP('',(#325,#326,#327,#328,#329,#330,#331,#332));
#217=AXIS2_PLACEMENT_3D('',#333,#334,#335);
#218=EDGE_LOOP('',(#336,#337,#338,#339,#340,#341,#342,#343));
#219=AXIS2_PLACEMENT_3D('',#344,#345,#346);
#220=EDGE_LOOP('',(#347,#348,#349,#350,#351,#352,#353,#354));
#221=AXIS2_PLACEMENT_3D('',#355,#356,#357);
#222=EDGE_LOOP('',(#358,#359,#360,#361,#362,#363,#364,#365));
#223=AXIS2_PLACEMENT_3D('',#366,#367,#368);
#224=EDGE_LOOP('',(#369,#370,#371,#372,#373,#374));
#225=AXIS2_PLACEMENT_3D('',#375,#376,#377);
#226=EDGE_LOOP('',(#378,#379,#380,#381,#382,#383));
#227=AXIS2_PLACEMENT_3D('',#384,#385,#386);
#228=EDGE_LOOP('',(#387,#388,#389,#390,#391,#392));
#229=AXIS2_PLACEMENT_3D('',#393,#394,#395);
#230=EDGE_LOOP('',(#396,#397,#398,#399,#400,#401,#402,#403));
#231=AXIS2_PLACEMENT_3D('',#404,#405,#406);
#232=EDGE_LOOP('',(#407,#408,#409,#410,#411,#412));
#233=AXIS2_PLACEMENT_3D('',#413,#414,#415);
#234=EDGE_LOOP('',(#416,#417,#418,#419,#420,#421,#422,#423));
#235=AXIS2_PLACEMENT_3D('',#424,#425,#426);
#236=EDGE_LOOP('',(#427,#428,#429,#430,#431,#432,#433,#434));
#237=AXIS2_PLACEMENT_3D('',#435,#436,#437);
#238=EDGE_LOOP('',(#438,#439,#440,#441,#442,#443,#444,#445));
#239=AXIS2_PLACEMENT_3D('',#446,#447,#448);
#240=EDGE_LOOP('',(#449,#450,#451,#452,#453,#454,#455,#456,#457,#458,#459,#460,#461,#462,#463,#464,#465,#466,#467,#468,#469,#470,#471,#472,#473,#474,#475,#476,#477,#478,#479,#480));
#241=AXIS2_PLACEMENT_3D('',#481,#482,#483);
#242=EDGE_LOOP('',(#484,#485,#486,#487,#488,#489,#490,#491));
#243=AXIS2_PLACEMENT_3D('',#492,#493,#494);
#244=EDGE_LOOP('',(#495,#496,#497,#498,#499,#500,#501,#502));
#245=AXIS2_PLACEMENT_3D('',#503,#504,#505);
#246=EDGE_LOOP('',(#506,#507,#508,#509,#510,#511,#512,#513,#514,#515,#516,#517,#518,#519,#520,#521));
#247=AXIS2_PLACEMENT_3D('',#522,#523,#524);
#248=EDGE_LOOP('',(#525,#526,#527,#528,#529,#530,#531,#532));
#249=AXIS2_PLACEMENT_3D('',#533,#534,#535);
#250=EDGE_LOOP('',(#536,#537,#538,#539,#540,#541,#542,#543,#544,#545,#546,#547,#548,#549,#550,#551));
#251=AXIS2_PLACEMENT_3D('',#552,#553,#554);
#252=EDGE_LOOP('',(#555,#556,#557,#558,#559,#560,#561,#562));
#253=AXIS2_PLACEMENT_3D('',#563,#564,#565);
#254=EDGE_LOOP('',(#566,#567,#568,#569,#570,#571));
#255=AXIS2_PLACEMENT_3D('',#572,#573,#574);
#256=EDGE_LOOP('',(#575,#576,#577,#578,#579,#580,#581,#582));
#257=AXIS2_PLACEMENT_3D('',#583,#584,#585);
#258=EDGE_LOOP('',(#586,#587,#588,#589,#590,#591,#592,#593,#594,#595,#596,#597,#598,#599,#600,#601));
#259=AXIS2_PLACEMENT_3D('',#602,#603,#604);
#260=EDGE_LOOP('',(#605,#606,#607,#608,#609,#610,#611,#612));
#261=AXIS2_PLACEMENT_3D('',#613,#614,#615);
#262=EDGE_LOOP('',(#616,#617,#618,#619,#620,#621,#622,#623,#624,#625,#626,#627,#628,#629,#630,#631,#632,#633,#634,#635,#636,#637,#638,#639,#640,#641,#642,#643,#644,#645,#646,#647));
#263=AXIS2_PLACEMENT_3D('',#648,#649,#650);
#264=EDGE_LOOP('',(#651,#652,#653,#654,#655,#656,#657,#658));
#265=AXIS2_PLACEMENT_3D('',#659,#660,#661);
#266=EDGE_LOOP('',(#662,#663,#664,#665,#666,#667,#668,#669));
#267=AXIS2_PLACEMENT_3D('',#670,#671,#672);
#268=EDGE_LOOP('',(#673,#674,#675,#676,#677,#678,#679,#680));
#269=AXIS2_PLACEMENT_3D('',#681,#682,#683);
#270=EDGE_LOOP('',(#684,#685,#686,#687,#688,#689,#690,#691));
#271=AXIS2_PLACEMENT_3D('',#692,#693,#694);
#272=EDGE_LOOP('',(#695,#696,#697,#698,#699,#700));
#273=AXIS2_PLACEMENT_3D('',#701,#702,#703);
#274=EDGE_LOOP('',(#704,#705,#706,#707,#708,#709));
#275=AXIS2_PLACEMENT_3D('',#710,#711,#712);
#276=EDGE_LOOP('',(#713,#714,#715,#716,#717,#718,#719,#720));
#277=AXIS2_PLACEMENT_3D('',#721,#722,#723);
#278=EDGE_LOOP('',(#724,#725,#726,#727,#728,#729));
#279=AXIS2_PLACEMENT_3D('',#730,#731,#732);
#280=EDGE_LOOP('',(#733,#734,#735,#736,#737,#738,#739,#740));
#281=AXIS2_PLACEMENT_3D('',#741,#742,#743);
#282=EDGE_LOOP('',(#744,#745,#746,#747,#748,#749,#750,#751));
#283=AXIS2_PLACEMENT_3D('',#752,#753,#754);
#284=EDGE_LOOP('',(#755,#756,#757,#758,#759,#760,#761,#762));
#285=AXIS2_PLACEMENT_3D('',#763,#764,#765);
#286=EDGE_LOOP('',(#766,#767,#768,#769,#770,#771));
#287=AXIS2_PLACEMENT_3D('',#772,#773,#774);
#288=EDGE_LOOP('',(#775,#776,#777,#778,#779,#780));
#289=AXIS2_PLACEMENT_3D('',#781,#782,#783);
#290=EDGE_LOOP('',(#784,#785,#786,#787,#788,#789));
#291=AXIS2_PLACEMENT_3D('',#790,#791,#792);
#292=EDGE_LOOP('',(#793,#794,#795,#796,#797,#798,#799,#800));
#293=AXIS2_PLACEMENT_3D('',#801,#802,#803);
#294=EDGE_LOOP('',(#804,#805,#806,#807,#808,#809,#810,#811));
#295=AXIS2_PLACEMENT_3D('',#812,#813,#814);
#296=EDGE_LOOP('',(#815,#816,#817,#818,#819,#820));
#297=AXIS2_PLACEMENT_3D('',#821,#822,#823);
#298=EDGE_LOOP('',(#824,#825,#826,#827,#828,#829,#830,#831));
#299=AXIS2_PLACEMENT_3D('',#832,#833,#834);
#300=EDGE_LOOP('',(#835,#836,#837,#838,#839,#840));
#301=AXIS2_PLACEMENT_3D('',#841,#842,#843);
#302=EDGE_LOOP('',(#844,#845,#846,#847,#848,#849,#850,#851));
#303=AXIS2_PLACEMENT_3D('',#852,#853,#854);
#304=EDGE_LOOP('',(#855,#856,#857,#858,#859,#860,#861,#862,#863,#864,#865,#866,#867,#868,#869,#870));
#305=AXIS2_PLACEMENT_3D('',#871,#872,#873);
#306=EDGE_LOOP('',(#874,#875,#876,#877,#878,#879));
#307=AXIS2_PLACEMENT_3D('',#880,#881,#882);
#308=EDGE_LOOP('',(#883,#884,#885,#886,#887,#888,#889,#890));
#309=AXIS2_PLACEMENT_3D('',#891,#892,#893);
#310=EDGE_LOOP('',(#894,#895,#896,#897,#898,#899,#900,#901));
#311=AXIS2_PLACEMENT_3D('',#902,#903,#904);
#312=EDGE_LOOP('',(#905,#906,#907,#908,#909,#910));
#313=AXIS2_PLACEMENT_3D('',#911,#912,#913);
#314=EDGE_LOOP('',(#914,#915,#916,#917,#918,#919,#920,#921));
#315=AXIS2_PLACEMENT_3D('',#922,#923,#924);
#316=EDGE_LOOP('',(#925,#926,#927,#928,#929,#930,#931,#932));
#317=AXIS2_PLACEMENT_3D('',#933,#934,#935);
#318=EDGE_LOOP('',(#936,#937,#938,#939,#940,#941));
#319=AXIS2_PLACEMENT_3D('',#942,#943,#944);
#320=EDGE_LOOP('',(#945,#946,#947,#948,#949,#950,#951,#952));
#321=AXIS2_PLACEMENT_3D('',#953,#954,#955);
#322=EDGE_LOOP('',(#956,#957,#958,#959,#960,#961,#962,#963));
#323=AXIS2_PLACEMENT_3D('',#964,#965,#966);
#324=FILL_AREA_STYLE_COLOUR('',#967);
#325=ORIENTED_EDGE('',*,*,#968,.F.);
#326=ORIENTED_EDGE('',*,*,#969,.F.);
#327=ORIENTED_EDGE('',*,*,#970,.F.);
#328=ORIENTED_EDGE('',*,*,#971,.F.);
#329=ORIENTED_EDGE('',*,*,#972,.F.);
#330=ORIENTED_EDGE('',*,*,#973,.T.);
#331=ORIENTED_EDGE('',*,*,#974,.T.);
#332=ORIENTED_EDGE('',*,*,#975,.F.);
#333=CARTESIAN_POINT('',(0.0,0.01,5.08015016598736E-19));
#334=DIRECTION('',(0.0,-0.763090840989334,0.646291241158497));
#335=DIRECTION('',(0.0,-0.646291241158497,-0.763090840989334));
#336=ORIENTED_EDGE('',*,*,#976,.F.);
#337=ORIENTED_EDGE('',*,*,#977,.F.);
#338=ORIENTED_EDGE('',*,*,#978,.F.);
#339=ORIENTED_EDGE('',*,*,#979,.F.);
#340=ORIENTED_EDGE('',*,*,#980,.F.);
#341=ORIENTED_EDGE('',*,*,#975,.T.);
#342=ORIENTED_EDGE('',*,*,#981,.T.);
#343=ORIENTED_EDGE('',*,*,#982,.T.);
#344=CARTESIAN_POINT('',(0.01,0.0,-5.08015016598736E-19));
#345=DIRECTION('',(-0.763090840989334,0.0,0.646291241158497));
#346=DIRECTION('',(0.646291241158497,0.0,0.763090840989334));
#347=ORIENTED_EDGE('',*,*,#983,.F.);
#348=ORIENTED_EDGE('',*,*,#984,.F.);
#349=ORIENTED_EDGE('',*,*,#985,.F.);
#350=ORIENTED_EDGE('',*,*,#986,.F.);
#351=ORIENTED_EDGE('',*,*,#987,.F.);
#352=ORIENTED_EDGE('',*,*,#988,.T.);
#353=ORIENTED_EDGE('',*,*,#989,.T.);
#354=ORIENTED_EDGE('',*,*,#990,.T.);
#355=CARTESIAN_POINT('',(0.0,-0.01,-5.08015016598736E-19));
#356=DIRECTION('',(0.0,0.763090840989334,0.646291241158497));
#357=DIRECTION('',(0.0,-0.646291241158497,0.763090840989334));
#358=ORIENTED_EDGE('',*,*,#991,.F.);
#359=ORIENTED_EDGE('',*,*,#992,.T.);
#360=ORIENTED_EDGE('',*,*,#993,.T.);
#361=ORIENTED_EDGE('',*,*,#994,.T.);
#362=ORIENTED_EDGE('',*,*,#995,.F.);
#363=ORIENTED_EDGE('',*,*,#996,.F.);
#364=ORIENTED_EDGE('',*,*,#997,.F.);
#365=ORIENTED_EDGE('',*,*,#998,.F.);
#366=CARTESIAN_POINT('',(2.17177996246162E-19,0.0,0.008469388));
#367=DIRECTION('',(-0.763090840989334,0.0,-0.646291241158497));
#368=DIRECTION('',(-0.646291241158497,0.0,0.763090840989334));
#369=ORIENTED_EDGE('',*,*,#999,.F.);
#370=ORIENTED_EDGE('',*,*,#978,.T.);
#371=ORIENTED_EDGE('',*,*,#1000,.T.);
#372=ORIENTED_EDGE('',*,*,#1001,.F.);
#373=ORIENTED_EDGE('',*,*,#1002,.T.);
#374=ORIENTED_EDGE('',*,*,#970,.T.);
#375=CARTESIAN_POINT('',(0.01,-2.6832634791959E-19,0.0));
#376=DIRECTION('',(-0.707106781186548,0.707106781186547,0.0));
#377=DIRECTION('',(-0.707106781186547,-0.707106781186548,0.0));
#378=ORIENTED_EDGE('',*,*,#1003,.F.);
#379=ORIENTED_EDGE('',*,*,#1004,.T.);
#380=ORIENTED_EDGE('',*,*,#1005,.T.);
#381=ORIENTED_EDGE('',*,*,#1006,.F.);
#382=ORIENTED_EDGE('',*,*,#985,.T.);
#383=ORIENTED_EDGE('',*,*,#1007,.T.);
#384=CARTESIAN_POINT('',(0.01,-2.6832634791959E-19,0.0));
#385=DIRECTION('',(-0.707106781186548,-0.707106781186547,0.0));
#386=DIRECTION('',(0.707106781186547,-0.707106781186548,0.0));
#387=ORIENTED_EDGE('',*,*,#1008,.F.);
#388=ORIENTED_EDGE('',*,*,#1009,.T.);
#389=ORIENTED_EDGE('',*,*,#1010,.T.);
#390=ORIENTED_EDGE('',*,*,#1011,.F.);
#391=ORIENTED_EDGE('',*,*,#1012,.T.);
#392=ORIENTED_EDGE('',*,*,#997,.T.);
#393=CARTESIAN_POINT('',(2.6832634791959E-19,0.01,0.0));
#394=DIRECTION('',(-0.707106781186547,-0.707106781186548,0.0));
#395=DIRECTION('',(0.707106781186548,-0.707106781186547,0.0));
#396=ORIENTED_EDGE('',*,*,#1013,.F.);
#397=ORIENTED_EDGE('',*,*,#1014,.T.);
#398=ORIENTED_EDGE('',*,*,#1015,.F.);
#399=ORIENTED_EDGE('',*,*,#1016,.F.);
#400=ORIENTED_EDGE('',*,*,#1017,.F.);
#401=ORIENTED_EDGE('',*,*,#1018,.T.);
#402=ORIENTED_EDGE('',*,*,#1019,.T.);
#403=ORIENTED_EDGE('',*,*,#996,.T.);
#404=CARTESIAN_POINT('',(-2.17177996246162E-19,0.0,-0.008469388));
#405=DIRECTION('',(-0.763090840989334,0.0,0.646291241158497));
#406=DIRECTION('',(0.646291241158497,0.0,0.763090840989334));
#407=ORIENTED_EDGE('',*,*,#1020,.F.);
#408=ORIENTED_EDGE('',*,*,#1021,.T.);
#409=ORIENTED_EDGE('',*,*,#1022,.T.);
#410=ORIENTED_EDGE('',*,*,#1023,.F.);
#411=ORIENTED_EDGE('',*,*,#1024,.T.);
#412=ORIENTED_EDGE('',*,*,#1025,.T.);
#413=CARTESIAN_POINT('',(-2.6832634791959E-19,-0.01,0.0));
#414=DIRECTION('',(-0.707106781186547,0.707106781186548,0.0));
#415=DIRECTION('',(-0.707106781186548,-0.707106781186547,0.0));
#416=ORIENTED_EDGE('',*,*,#1026,.F.);
#417=ORIENTED_EDGE('',*,*,#1027,.F.);
#418=ORIENTED_EDGE('',*,*,#1028,.F.);
#419=ORIENTED_EDGE('',*,*,#1029,.T.);
#420=ORIENTED_EDGE('',*,*,#1030,.F.);
#421=ORIENTED_EDGE('',*,*,#986,.T.);
#422=ORIENTED_EDGE('',*,*,#1031,.T.);
#423=ORIENTED_EDGE('',*,*,#1032,.F.);
#424=CARTESIAN_POINT('',(0.0,2.17177996246162E-19,-0.008469388));
#425=DIRECTION('',(0.0,-0.763090840989334,0.646291241158497));
#426=DIRECTION('',(0.0,-0.646291241158497,-0.763090840989334));
#427=ORIENTED_EDGE('',*,*,#1033,.F.);
#428=ORIENTED_EDGE('',*,*,#1034,.T.);
#429=ORIENTED_EDGE('',*,*,#1035,.T.);
#430=ORIENTED_EDGE('',*,*,#969,.T.);
#431=ORIENTED_EDGE('',*,*,#1036,.F.);
#432=ORIENTED_EDGE('',*,*,#1037,.F.);
#433=ORIENTED_EDGE('',*,*,#1038,.F.);
#434=ORIENTED_EDGE('',*,*,#1039,.F.);
#435=CARTESIAN_POINT('',(0.0,0.01,5.08015016598736E-19));
#436=DIRECTION('',(0.0,-0.763090840989334,-0.646291241158497));
#437=DIRECTION('',(0.0,0.646291241158497,-0.763090840989334));
#438=ORIENTED_EDGE('',*,*,#1040,.F.);
#439=ORIENTED_EDGE('',*,*,#979,.T.);
#440=ORIENTED_EDGE('',*,*,#1041,.T.);
#441=ORIENTED_EDGE('',*,*,#1042,.T.);
#442=ORIENTED_EDGE('',*,*,#1043,.F.);
#443=ORIENTED_EDGE('',*,*,#1044,.F.);
#444=ORIENTED_EDGE('',*,*,#1045,.F.);
#445=ORIENTED_EDGE('',*,*,#1037,.T.);
#446=CARTESIAN_POINT('',(0.01,0.0,-5.08015016598736E-19));
#447=DIRECTION('',(-0.763090840989334,0.0,-0.646291241158497));
#448=DIRECTION('',(-0.646291241158497,0.0,0.763090840989334));
#449=ORIENTED_EDGE('',*,*,#1046,.T.);
#450=ORIENTED_EDGE('',*,*,#1047,.T.);
#451=ORIENTED_EDGE('',*,*,#1048,.T.);
#452=ORIENTED_EDGE('',*,*,#1039,.T.);
#453=ORIENTED_EDGE('',*,*,#1049,.T.);
#454=ORIENTED_EDGE('',*,*,#1050,.T.);
#455=ORIENTED_EDGE('',*,*,#1051,.T.);
#456=ORIENTED_EDGE('',*,*,#1052,.T.);
#457=ORIENTED_EDGE('',*,*,#1053,.T.);
#458=ORIENTED_EDGE('',*,*,#1054,.T.);
#459=ORIENTED_EDGE('',*,*,#1044,.T.);
#460=ORIENTED_EDGE('',*,*,#1055,.T.);
#461=ORIENTED_EDGE('',*,*,#1056,.T.);
#462=ORIENTED_EDGE('',*,*,#1057,.T.);
#463=ORIENTED_EDGE('',*,*,#1058,.T.);
#464=ORIENTED_EDGE('',*,*,#1059,.T.);
#465=ORIENTED_EDGE('',*,*,#1060,.T.);
#466=ORIENTED_EDGE('',*,*,#1061,.T.);
#467=ORIENTED_EDGE('',*,*,#1027,.T.);
#468=ORIENTED_EDGE('',*,*,#1062,.T.);
#469=ORIENTED_EDGE('',*,*,#1063,.T.);
#470=ORIENTED_EDGE('',*,*,#1064,.T.);
#471=ORIENTED_EDGE('',*,*,#1065,.T.);
#472=ORIENTED_EDGE('',*,*,#1066,.T.);
#473=ORIENTED_EDGE('',*,*,#1067,.T.);
#474=ORIENTED_EDGE('',*,*,#1068,.T.);
#475=ORIENTED_EDGE('',*,*,#1069,.T.);
#476=ORIENTED_EDGE('',*,*,#1016,.T.);
#477=ORIENTED_EDGE('',*,*,#1070,.T.);
#478=ORIENTED_EDGE('',*,*,#1071,.T.);
#479=ORIENTED_EDGE('',*,*,#1072,.T.);
#480=ORIENTED_EDGE('',*,*,#1073,.T.);
#481=CARTESIAN_POINT('',(0.0,0.0,-0.008469388));
#482=DIRECTION('',(0.0,0.0,1.0));
#483=DIRECTION('',(1.0,0.0,0.0));
#484=ORIENTED_EDGE('',*,*,#1057,.F.);
#485=ORIENTED_EDGE('',*,*,#1074,.F.);
#486=ORIENTED_EDGE('',*,*,#1075,.F.);
#487=ORIENTED_EDGE('',*,*,#1076,.T.);
#488=ORIENTED_EDGE('',*,*,#1077,.T.);
#489=ORIENTED_EDGE('',*,*,#1078,.T.);
#490=ORIENTED_EDGE('',*,*,#1079,.T.);
#491=ORIENTED_EDGE('',*,*,#1080,.T.);
#492=CARTESIAN_POINT('',(0.01,0.0,0.0));
#493=DIRECTION('',(0.0,-0.763090840989334,-0.646291241158497));
#494=DIRECTION('',(0.0,0.646291241158497,-0.763090840989334));
#495=ORIENTED_EDGE('',*,*,#1040,.T.);
#496=ORIENTED_EDGE('',*,*,#1029,.F.);
#497=ORIENTED_EDGE('',*,*,#1081,.F.);
#498=ORIENTED_EDGE('',*,*,#1055,.F.);
#499=ORIENTED_EDGE('',*,*,#1043,.T.);
#500=ORIENTED_EDGE('',*,*,#1079,.F.);
#501=ORIENTED_EDGE('',*,*,#1082,.T.);
#502=ORIENTED_EDGE('',*,*,#1083,.T.);
#503=CARTESIAN_POINT('',(0.01,0.0,-5.08015016598736E-19));
#504=DIRECTION('',(-0.763090840989334,0.0,-0.646291241158497));
#505=DIRECTION('',(-0.646291241158497,0.0,0.763090840989334));
#506=ORIENTED_EDGE('',*,*,#1059,.F.);
#507=ORIENTED_EDGE('',*,*,#1084,.T.);
#508=ORIENTED_EDGE('',*,*,#1085,.T.);
#509=ORIENTED_EDGE('',*,*,#1086,.T.);
#510=ORIENTED_EDGE('',*,*,#1087,.T.);
#511=ORIENTED_EDGE('',*,*,#1088,.T.);
#512=ORIENTED_EDGE('',*,*,#1089,.T.);
#513=ORIENTED_EDGE('',*,*,#1090,.T.);
#514=ORIENTED_EDGE('',*,*,#1091,.T.);
#515=ORIENTED_EDGE('',*,*,#1092,.F.);
#516=ORIENTED_EDGE('',*,*,#1093,.T.);
#517=ORIENTED_EDGE('',*,*,#1094,.T.);
#518=ORIENTED_EDGE('',*,*,#1095,.F.);
#519=ORIENTED_EDGE('',*,*,#1065,.F.);
#520=ORIENTED_EDGE('',*,*,#1096,.T.);
#521=ORIENTED_EDGE('',*,*,#1097,.T.);
#522=CARTESIAN_POINT('',(0.0,-0.01,0.0));
#523=DIRECTION('',(0.0,1.0,-0.0));
#524=DIRECTION('',(-1.0,0.0,0.0));
#525=ORIENTED_EDGE('',*,*,#1053,.F.);
#526=ORIENTED_EDGE('',*,*,#1098,.T.);
#527=ORIENTED_EDGE('',*,*,#1042,.F.);
#528=ORIENTED_EDGE('',*,*,#1099,.T.);
#529=ORIENTED_EDGE('',*,*,#1100,.T.);
#530=ORIENTED_EDGE('',*,*,#1101,.T.);
#531=ORIENTED_EDGE('',*,*,#1102,.T.);
#532=ORIENTED_EDGE('',*,*,#1103,.F.);
#533=CARTESIAN_POINT('',(0.01,0.0,0.0));
#534=DIRECTION('',(0.0,0.763090840989334,-0.646291241158497));
#535=DIRECTION('',(0.0,0.646291241158497,0.763090840989334));
#536=ORIENTED_EDGE('',*,*,#1058,.F.);
#537=ORIENTED_EDGE('',*,*,#1080,.F.);
#538=ORIENTED_EDGE('',*,*,#1098,.F.);
#539=ORIENTED_EDGE('',*,*,#1052,.F.);
#540=ORIENTED_EDGE('',*,*,#1104,.F.);
#541=ORIENTED_EDGE('',*,*,#1101,.F.);
#542=ORIENTED_EDGE('',*,*,#1105,.F.);
#543=ORIENTED_EDGE('',*,*,#1106,.F.);
#544=ORIENTED_EDGE('',*,*,#1107,.T.);
#545=ORIENTED_EDGE('',*,*,#1108,.F.);
#546=ORIENTED_EDGE('',*,*,#1109,.F.);
#547=ORIENTED_EDGE('',*,*,#1110,.T.);
#548=ORIENTED_EDGE('',*,*,#1087,.F.);
#549=ORIENTED_EDGE('',*,*,#1111,.F.);
#550=ORIENTED_EDGE('',*,*,#1076,.F.);
#551=ORIENTED_EDGE('',*,*,#1084,.F.);
#552=CARTESIAN_POINT('',(0.01,0.0,0.0));
#553=DIRECTION('',(1.0,0.0,0.0));
#554=DIRECTION('',(0.0,1.0,0.0));
#555=ORIENTED_EDGE('',*,*,#1050,.F.);
#556=ORIENTED_EDGE('',*,*,#1112,.F.);
#557=ORIENTED_EDGE('',*,*,#1102,.F.);
#558=ORIENTED_EDGE('',*,*,#1113,.T.);
#559=ORIENTED_EDGE('',*,*,#1114,.T.);
#560=ORIENTED_EDGE('',*,*,#1115,.T.);
#561=ORIENTED_EDGE('',*,*,#1034,.F.);
#562=ORIENTED_EDGE('',*,*,#1116,.T.);
#563=CARTESIAN_POINT('',(0.0,0.01,0.0));
#564=DIRECTION('',(0.763090840989334,0.0,-0.646291241158497));
#565=DIRECTION('',(-0.646291241158497,0.0,-0.763090840989334));
#566=ORIENTED_EDGE('',*,*,#1054,.F.);
#567=ORIENTED_EDGE('',*,*,#1103,.T.);
#568=ORIENTED_EDGE('',*,*,#1112,.T.);
#569=ORIENTED_EDGE('',*,*,#1049,.F.);
#570=ORIENTED_EDGE('',*,*,#1038,.T.);
#571=ORIENTED_EDGE('',*,*,#1045,.T.);
#572=CARTESIAN_POINT('',(0.0,0.0,-0.008469388));
#573=DIRECTION('',(0.707106781186547,0.707106781186547,0.0));
#574=DIRECTION('',(-0.707106781186548,0.707106781186548,0.0));
#575=ORIENTED_EDGE('',*,*,#1033,.T.);
#576=ORIENTED_EDGE('',*,*,#1048,.F.);
#577=ORIENTED_EDGE('',*,*,#1117,.F.);
#578=ORIENTED_EDGE('',*,*,#1014,.F.);
#579=ORIENTED_EDGE('',*,*,#1036,.T.);
#580=ORIENTED_EDGE('',*,*,#1118,.T.);
#581=ORIENTED_EDGE('',*,*,#1119,.T.);
#582=ORIENTED_EDGE('',*,*,#1120,.T.);
#583=CARTESIAN_POINT('',(0.0,0.01,5.08015016598736E-19));
#584=DIRECTION('',(0.0,-0.763090840989334,-0.646291241158497));
#585=DIRECTION('',(0.0,0.646291241158497,-0.763090840989334));
#586=ORIENTED_EDGE('',*,*,#1051,.F.);
#587=ORIENTED_EDGE('',*,*,#1116,.F.);
#588=ORIENTED_EDGE('',*,*,#1121,.F.);
#589=ORIENTED_EDGE('',*,*,#1073,.F.);
#590=ORIENTED_EDGE('',*,*,#1122,.F.);
#591=ORIENTED_EDGE('',*,*,#1123,.F.);
#592=ORIENTED_EDGE('',*,*,#1124,.F.);
#593=ORIENTED_EDGE('',*,*,#1125,.F.);
#594=ORIENTED_EDGE('',*,*,#1126,.T.);
#595=ORIENTED_EDGE('',*,*,#1127,.F.);
#596=ORIENTED_EDGE('',*,*,#1128,.F.);
#597=ORIENTED_EDGE('',*,*,#1129,.T.);
#598=ORIENTED_EDGE('',*,*,#1106,.T.);
#599=ORIENTED_EDGE('',*,*,#1130,.F.);
#600=ORIENTED_EDGE('',*,*,#1113,.F.);
#601=ORIENTED_EDGE('',*,*,#1104,.T.);
#602=CARTESIAN_POINT('',(0.0,0.01,0.0));
#603=DIRECTION('',(0.0,1.0,-0.0));
#604=DIRECTION('',(-1.0,0.0,0.0));
#605=ORIENTED_EDGE('',*,*,#1046,.F.);
#606=ORIENTED_EDGE('',*,*,#1121,.T.);
#607=ORIENTED_EDGE('',*,*,#1120,.F.);
#608=ORIENTED_EDGE('',*,*,#1131,.T.);
#609=ORIENTED_EDGE('',*,*,#1132,.T.);
#610=ORIENTED_EDGE('',*,*,#1123,.T.);
#611=ORIENTED_EDGE('',*,*,#1133,.F.);
#612=ORIENTED_EDGE('',*,*,#1134,.F.);
#613=CARTESIAN_POINT('',(0.0,0.01,0.0));
#614=DIRECTION('',(-0.763090840989334,0.0,-0.646291241158497));
#615=DIRECTION('',(-0.646291241158497,0.0,0.763090840989334));
#616=ORIENTED_EDGE('',*,*,#1135,.F.);
#617=ORIENTED_EDGE('',*,*,#1088,.F.);
#618=ORIENTED_EDGE('',*,*,#1110,.F.);
#619=ORIENTED_EDGE('',*,*,#1136,.F.);
#620=ORIENTED_EDGE('',*,*,#1137,.F.);
#621=ORIENTED_EDGE('',*,*,#1138,.F.);
#622=ORIENTED_EDGE('',*,*,#982,.F.);
#623=ORIENTED_EDGE('',*,*,#1139,.F.);
#624=ORIENTED_EDGE('',*,*,#1140,.F.);
#625=ORIENTED_EDGE('',*,*,#1107,.F.);
#626=ORIENTED_EDGE('',*,*,#1129,.F.);
#627=ORIENTED_EDGE('',*,*,#1141,.F.);
#628=ORIENTED_EDGE('',*,*,#1142,.F.);
#629=ORIENTED_EDGE('',*,*,#973,.F.);
#630=ORIENTED_EDGE('',*,*,#1143,.F.);
#631=ORIENTED_EDGE('',*,*,#1144,.F.);
#632=ORIENTED_EDGE('',*,*,#1145,.F.);
#633=ORIENTED_EDGE('',*,*,#1126,.F.);
#634=ORIENTED_EDGE('',*,*,#1146,.F.);
#635=ORIENTED_EDGE('',*,*,#1147,.F.);
#636=ORIENTED_EDGE('',*,*,#1148,.F.);
#637=ORIENTED_EDGE('',*,*,#992,.F.);
#638=ORIENTED_EDGE('',*,*,#1149,.F.);
#639=ORIENTED_EDGE('',*,*,#1150,.F.);
#640=ORIENTED_EDGE('',*,*,#1151,.F.);
#641=ORIENTED_EDGE('',*,*,#1152,.F.);
#642=ORIENTED_EDGE('',*,*,#1091,.F.);
#643=ORIENTED_EDGE('',*,*,#1153,.F.);
#644=ORIENTED_EDGE('',*,*,#1154,.F.);
#645=ORIENTED_EDGE('',*,*,#1155,.F.);
#646=ORIENTED_EDGE('',*,*,#990,.F.);
#647=ORIENTED_EDGE('',*,*,#1156,.F.);
#648=CARTESIAN_POINT('',(0.0,0.0,0.008469388));
#649=DIRECTION('',(0.0,0.0,1.0));
#650=DIRECTION('',(1.0,0.0,0.0));
#651=ORIENTED_EDGE('',*,*,#1151,.T.);
#652=ORIENTED_EDGE('',*,*,#1157,.T.);
#653=ORIENTED_EDGE('',*,*,#1158,.F.);
#654=ORIENTED_EDGE('',*,*,#1159,.F.);
#655=ORIENTED_EDGE('',*,*,#1160,.F.);
#656=ORIENTED_EDGE('',*,*,#1025,.F.);
#657=ORIENTED_EDGE('',*,*,#1161,.T.);
#658=ORIENTED_EDGE('',*,*,#1162,.F.);
#659=CARTESIAN_POINT('',(-0.01,-0.01,0.008469388));
#660=DIRECTION('',(0.0,0.763090840989334,-0.646291241158497));
#661=DIRECTION('',(0.0,0.646291241158497,0.763090840989334));
#662=ORIENTED_EDGE('',*,*,#1064,.F.);
#663=ORIENTED_EDGE('',*,*,#1163,.F.);
#664=ORIENTED_EDGE('',*,*,#1164,.T.);
#665=ORIENTED_EDGE('',*,*,#1094,.F.);
#666=ORIENTED_EDGE('',*,*,#1165,.T.);
#667=ORIENTED_EDGE('',*,*,#1166,.T.);
#668=ORIENTED_EDGE('',*,*,#1167,.T.);
#669=ORIENTED_EDGE('',*,*,#1096,.F.);
#670=CARTESIAN_POINT('',(-0.01,-0.01,-0.008469388));
#671=DIRECTION('',(0.763090840989334,0.0,0.646291241158497));
#672=DIRECTION('',(0.646291241158497,0.0,-0.763090840989334));
#673=ORIENTED_EDGE('',*,*,#1153,.T.);
#674=ORIENTED_EDGE('',*,*,#1090,.F.);
#675=ORIENTED_EDGE('',*,*,#1168,.T.);
#676=ORIENTED_EDGE('',*,*,#1021,.F.);
#677=ORIENTED_EDGE('',*,*,#1165,.F.);
#678=ORIENTED_EDGE('',*,*,#1093,.F.);
#679=ORIENTED_EDGE('',*,*,#1158,.T.);
#680=ORIENTED_EDGE('',*,*,#1169,.T.);
#681=CARTESIAN_POINT('',(-0.01,-0.01,0.008469388));
#682=DIRECTION('',(0.763090840989334,0.0,-0.646291241158497));
#683=DIRECTION('',(-0.646291241158497,0.0,-0.763090840989334));
#684=ORIENTED_EDGE('',*,*,#1135,.T.);
#685=ORIENTED_EDGE('',*,*,#1170,.T.);
#686=ORIENTED_EDGE('',*,*,#1171,.T.);
#687=ORIENTED_EDGE('',*,*,#1086,.F.);
#688=ORIENTED_EDGE('',*,*,#1172,.F.);
#689=ORIENTED_EDGE('',*,*,#1007,.F.);
#690=ORIENTED_EDGE('',*,*,#984,.T.);
#691=ORIENTED_EDGE('',*,*,#1089,.F.);
#692=CARTESIAN_POINT('',(0.01,-0.01,0.008469388));
#693=DIRECTION('',(-0.763090840989334,0.0,-0.646291241158497));
#694=DIRECTION('',(-0.646291241158497,0.0,0.763090840989334));
#695=ORIENTED_EDGE('',*,*,#1061,.F.);
#696=ORIENTED_EDGE('',*,*,#1173,.T.);
#697=ORIENTED_EDGE('',*,*,#1074,.T.);
#698=ORIENTED_EDGE('',*,*,#1056,.F.);
#699=ORIENTED_EDGE('',*,*,#1081,.T.);
#700=ORIENTED_EDGE('',*,*,#1028,.T.);
#701=CARTESIAN_POINT('',(0.01,-0.01,-0.008469388));
#702=DIRECTION('',(-0.707106781186547,0.707106781186547,0.0));
#703=DIRECTION('',(-0.707106781186548,-0.707106781186548,0.0));
#704=ORIENTED_EDGE('',*,*,#1063,.F.);
#705=ORIENTED_EDGE('',*,*,#1174,.T.);
#706=ORIENTED_EDGE('',*,*,#1175,.T.);
#707=ORIENTED_EDGE('',*,*,#1068,.F.);
#708=ORIENTED_EDGE('',*,*,#1176,.T.);
#709=ORIENTED_EDGE('',*,*,#1163,.T.);
#710=CARTESIAN_POINT('',(-0.01,-0.01,-0.008469388));
#711=DIRECTION('',(0.707106781186547,0.707106781186547,0.0));
#712=DIRECTION('',(-0.707106781186548,0.707106781186548,0.0));
#713=ORIENTED_EDGE('',*,*,#1026,.T.);
#714=ORIENTED_EDGE('',*,*,#1167,.F.);
#715=ORIENTED_EDGE('',*,*,#1177,.T.);
#716=ORIENTED_EDGE('',*,*,#1178,.T.);
#717=ORIENTED_EDGE('',*,*,#1030,.T.);
#718=ORIENTED_EDGE('',*,*,#1179,.T.);
#719=ORIENTED_EDGE('',*,*,#1174,.F.);
#720=ORIENTED_EDGE('',*,*,#1062,.F.);
#721=CARTESIAN_POINT('',(0.0,2.17177996246162E-19,-0.008469388));
#722=DIRECTION('',(0.0,-0.763090840989334,0.646291241158497));
#723=DIRECTION('',(0.0,-0.646291241158497,-0.763090840989334));
#724=ORIENTED_EDGE('',*,*,#1020,.T.);
#725=ORIENTED_EDGE('',*,*,#1180,.F.);
#726=ORIENTED_EDGE('',*,*,#1181,.F.);
#727=ORIENTED_EDGE('',*,*,#1023,.T.);
#728=ORIENTED_EDGE('',*,*,#1177,.F.);
#729=ORIENTED_EDGE('',*,*,#1166,.F.);
#730=CARTESIAN_POINT('',(-2.6832634791959E-19,-0.01,0.0));
#731=DIRECTION('',(-0.707106781186547,0.707106781186548,0.0));
#732=DIRECTION('',(-0.707106781186548,-0.707106781186547,0.0));
#733=ORIENTED_EDGE('',*,*,#1060,.F.);
#734=ORIENTED_EDGE('',*,*,#1097,.F.);
#735=ORIENTED_EDGE('',*,*,#1032,.T.);
#736=ORIENTED_EDGE('',*,*,#1182,.T.);
#737=ORIENTED_EDGE('',*,*,#1172,.T.);
#738=ORIENTED_EDGE('',*,*,#1085,.F.);
#739=ORIENTED_EDGE('',*,*,#1075,.T.);
#740=ORIENTED_EDGE('',*,*,#1173,.F.);
#741=CARTESIAN_POINT('',(0.01,-0.01,-0.008469388));
#742=DIRECTION('',(-0.763090840989334,0.0,0.646291241158497));
#743=DIRECTION('',(0.646291241158497,0.0,0.763090840989334));
#744=ORIENTED_EDGE('',*,*,#1067,.F.);
#745=ORIENTED_EDGE('',*,*,#1183,.F.);
#746=ORIENTED_EDGE('',*,*,#1184,.T.);
#747=ORIENTED_EDGE('',*,*,#1180,.T.);
#748=ORIENTED_EDGE('',*,*,#1160,.T.);
#749=ORIENTED_EDGE('',*,*,#1185,.F.);
#750=ORIENTED_EDGE('',*,*,#1164,.F.);
#751=ORIENTED_EDGE('',*,*,#1176,.F.);
#752=CARTESIAN_POINT('',(-0.01,-0.01,-0.008469388));
#753=DIRECTION('',(0.0,0.763090840989334,0.646291241158497));
#754=DIRECTION('',(0.0,-0.646291241158497,0.763090840989334));
#755=ORIENTED_EDGE('',*,*,#1013,.T.);
#756=ORIENTED_EDGE('',*,*,#1186,.T.);
#757=ORIENTED_EDGE('',*,*,#1181,.T.);
#758=ORIENTED_EDGE('',*,*,#1184,.F.);
#759=ORIENTED_EDGE('',*,*,#1017,.T.);
#760=ORIENTED_EDGE('',*,*,#1069,.F.);
#761=ORIENTED_EDGE('',*,*,#1175,.F.);
#762=ORIENTED_EDGE('',*,*,#1179,.F.);
#763=CARTESIAN_POINT('',(-2.17177996246162E-19,0.0,-0.008469388));
#764=DIRECTION('',(-0.763090840989334,0.0,0.646291241158497));
#765=DIRECTION('',(0.646291241158497,0.0,0.763090840989334));
#766=ORIENTED_EDGE('',*,*,#1008,.T.);
#767=ORIENTED_EDGE('',*,*,#1019,.F.);
#768=ORIENTED_EDGE('',*,*,#1187,.F.);
#769=ORIENTED_EDGE('',*,*,#1011,.T.);
#770=ORIENTED_EDGE('',*,*,#1131,.F.);
#771=ORIENTED_EDGE('',*,*,#1119,.F.);
#772=CARTESIAN_POINT('',(2.6832634791959E-19,0.01,0.0));
#773=DIRECTION('',(-0.707106781186547,-0.707106781186548,0.0));
#774=DIRECTION('',(0.707106781186548,-0.707106781186547,0.0));
#775=ORIENTED_EDGE('',*,*,#1003,.T.);
#776=ORIENTED_EDGE('',*,*,#1182,.F.);
#777=ORIENTED_EDGE('',*,*,#1031,.F.);
#778=ORIENTED_EDGE('',*,*,#1006,.T.);
#779=ORIENTED_EDGE('',*,*,#1082,.F.);
#780=ORIENTED_EDGE('',*,*,#1078,.F.);
#781=CARTESIAN_POINT('',(0.01,-2.6832634791959E-19,0.0));
#782=DIRECTION('',(-0.707106781186548,-0.707106781186547,0.0));
#783=DIRECTION('',(0.707106781186547,-0.707106781186548,0.0));
#784=ORIENTED_EDGE('',*,*,#999,.T.);
#785=ORIENTED_EDGE('',*,*,#1035,.F.);
#786=ORIENTED_EDGE('',*,*,#1115,.F.);
#787=ORIENTED_EDGE('',*,*,#1001,.T.);
#788=ORIENTED_EDGE('',*,*,#1099,.F.);
#789=ORIENTED_EDGE('',*,*,#1041,.F.);
#790=CARTESIAN_POINT('',(0.01,-2.6832634791959E-19,0.0));
#791=DIRECTION('',(-0.707106781186548,0.707106781186547,0.0));
#792=DIRECTION('',(-0.707106781186547,-0.707106781186548,0.0));
#793=ORIENTED_EDGE('',*,*,#991,.T.);
#794=ORIENTED_EDGE('',*,*,#1161,.F.);
#795=ORIENTED_EDGE('',*,*,#1024,.F.);
#796=ORIENTED_EDGE('',*,*,#1186,.F.);
#797=ORIENTED_EDGE('',*,*,#995,.T.);
#798=ORIENTED_EDGE('',*,*,#1188,.F.);
#799=ORIENTED_EDGE('',*,*,#1189,.T.);
#800=ORIENTED_EDGE('',*,*,#1149,.T.);
#801=CARTESIAN_POINT('',(2.17177996246162E-19,0.0,0.008469388));
#802=DIRECTION('',(-0.763090840989334,0.0,-0.646291241158497));
#803=DIRECTION('',(-0.646291241158497,0.0,0.763090840989334));
#804=ORIENTED_EDGE('',*,*,#983,.T.);
#805=ORIENTED_EDGE('',*,*,#1155,.T.);
#806=ORIENTED_EDGE('',*,*,#1190,.T.);
#807=ORIENTED_EDGE('',*,*,#1188,.T.);
#808=ORIENTED_EDGE('',*,*,#987,.T.);
#809=ORIENTED_EDGE('',*,*,#1178,.F.);
#810=ORIENTED_EDGE('',*,*,#1022,.F.);
#811=ORIENTED_EDGE('',*,*,#1168,.F.);
#812=CARTESIAN_POINT('',(0.0,-0.01,-5.08015016598736E-19));
#813=DIRECTION('',(0.0,0.763090840989334,0.646291241158497));
#814=DIRECTION('',(0.0,-0.646291241158497,0.763090840989334));
#815=ORIENTED_EDGE('',*,*,#1070,.F.);
#816=ORIENTED_EDGE('',*,*,#1015,.T.);
#817=ORIENTED_EDGE('',*,*,#1117,.T.);
#818=ORIENTED_EDGE('',*,*,#1047,.F.);
#819=ORIENTED_EDGE('',*,*,#1134,.T.);
#820=ORIENTED_EDGE('',*,*,#1191,.T.);
#821=CARTESIAN_POINT('',(0.0,0.0,-0.008469388));
#822=DIRECTION('',(-0.707106781186547,0.707106781186547,0.0));
#823=DIRECTION('',(-0.707106781186548,-0.707106781186548,0.0));
#824=ORIENTED_EDGE('',*,*,#1071,.F.);
#825=ORIENTED_EDGE('',*,*,#1191,.F.);
#826=ORIENTED_EDGE('',*,*,#1133,.T.);
#827=ORIENTED_EDGE('',*,*,#1192,.F.);
#828=ORIENTED_EDGE('',*,*,#1193,.T.);
#829=ORIENTED_EDGE('',*,*,#1187,.T.);
#830=ORIENTED_EDGE('',*,*,#1018,.F.);
#831=ORIENTED_EDGE('',*,*,#1194,.F.);
#832=CARTESIAN_POINT('',(-0.01,0.01,-0.008469388));
#833=DIRECTION('',(0.0,-0.763090840989334,0.646291241158497));
#834=DIRECTION('',(0.0,-0.646291241158497,-0.763090840989334));
#835=ORIENTED_EDGE('',*,*,#1150,.T.);
#836=ORIENTED_EDGE('',*,*,#1189,.F.);
#837=ORIENTED_EDGE('',*,*,#1190,.F.);
#838=ORIENTED_EDGE('',*,*,#1154,.T.);
#839=ORIENTED_EDGE('',*,*,#1169,.F.);
#840=ORIENTED_EDGE('',*,*,#1157,.F.);
#841=CARTESIAN_POINT('',(-0.01,-0.01,0.008469388));
#842=DIRECTION('',(0.707106781186547,0.707106781186547,0.0));
#843=DIRECTION('',(-0.707106781186548,0.707106781186548,0.0));
#844=ORIENTED_EDGE('',*,*,#1147,.T.);
#845=ORIENTED_EDGE('',*,*,#1195,.F.);
#846=ORIENTED_EDGE('',*,*,#998,.T.);
#847=ORIENTED_EDGE('',*,*,#1012,.F.);
#848=ORIENTED_EDGE('',*,*,#1193,.F.);
#849=ORIENTED_EDGE('',*,*,#1196,.F.);
#850=ORIENTED_EDGE('',*,*,#1197,.T.);
#851=ORIENTED_EDGE('',*,*,#1198,.T.);
#852=CARTESIAN_POINT('',(-0.01,0.01,0.008469388));
#853=DIRECTION('',(0.0,-0.763090840989334,-0.646291241158497));
#854=DIRECTION('',(0.0,0.646291241158497,-0.763090840989334));
#855=ORIENTED_EDGE('',*,*,#1066,.F.);
#856=ORIENTED_EDGE('',*,*,#1095,.T.);
#857=ORIENTED_EDGE('',*,*,#1185,.T.);
#858=ORIENTED_EDGE('',*,*,#1159,.T.);
#859=ORIENTED_EDGE('',*,*,#1092,.T.);
#860=ORIENTED_EDGE('',*,*,#1152,.T.);
#861=ORIENTED_EDGE('',*,*,#1162,.T.);
#862=ORIENTED_EDGE('',*,*,#1195,.T.);
#863=ORIENTED_EDGE('',*,*,#1146,.T.);
#864=ORIENTED_EDGE('',*,*,#1125,.T.);
#865=ORIENTED_EDGE('',*,*,#1196,.T.);
#866=ORIENTED_EDGE('',*,*,#1192,.T.);
#867=ORIENTED_EDGE('',*,*,#1122,.T.);
#868=ORIENTED_EDGE('',*,*,#1072,.F.);
#869=ORIENTED_EDGE('',*,*,#1194,.T.);
#870=ORIENTED_EDGE('',*,*,#1183,.T.);
#871=CARTESIAN_POINT('',(-0.01,0.0,0.0));
#872=DIRECTION('',(1.0,0.0,0.0));
#873=DIRECTION('',(0.0,1.0,0.0));
#874=ORIENTED_EDGE('',*,*,#1137,.T.);
#875=ORIENTED_EDGE('',*,*,#1199,.F.);
#876=ORIENTED_EDGE('',*,*,#1170,.F.);
#877=ORIENTED_EDGE('',*,*,#1156,.T.);
#878=ORIENTED_EDGE('',*,*,#989,.F.);
#879=ORIENTED_EDGE('',*,*,#1200,.F.);
#880=CARTESIAN_POINT('',(0.01,-0.01,0.008469388));
#881=DIRECTION('',(-0.707106781186547,0.707106781186547,0.0));
#882=DIRECTION('',(-0.707106781186548,-0.707106781186548,0.0));
#883=ORIENTED_EDGE('',*,*,#1136,.T.);
#884=ORIENTED_EDGE('',*,*,#1109,.T.);
#885=ORIENTED_EDGE('',*,*,#1201,.T.);
#886=ORIENTED_EDGE('',*,*,#1004,.F.);
#887=ORIENTED_EDGE('',*,*,#1077,.F.);
#888=ORIENTED_EDGE('',*,*,#1111,.T.);
#889=ORIENTED_EDGE('',*,*,#1171,.F.);
#890=ORIENTED_EDGE('',*,*,#1199,.T.);
#891=CARTESIAN_POINT('',(0.01,0.0,0.0));
#892=DIRECTION('',(0.0,-0.763090840989334,0.646291241158497));
#893=DIRECTION('',(0.0,-0.646291241158497,-0.763090840989334));
#894=ORIENTED_EDGE('',*,*,#976,.T.);
#895=ORIENTED_EDGE('',*,*,#1138,.T.);
#896=ORIENTED_EDGE('',*,*,#1200,.T.);
#897=ORIENTED_EDGE('',*,*,#988,.F.);
#898=ORIENTED_EDGE('',*,*,#980,.T.);
#899=ORIENTED_EDGE('',*,*,#1083,.F.);
#900=ORIENTED_EDGE('',*,*,#1005,.F.);
#901=ORIENTED_EDGE('',*,*,#1201,.F.);
#902=CARTESIAN_POINT('',(0.01,0.0,-5.08015016598736E-19));
#903=DIRECTION('',(-0.763090840989334,0.0,0.646291241158497));
#904=DIRECTION('',(0.646291241158497,0.0,0.763090840989334));
#905=ORIENTED_EDGE('',*,*,#1142,.T.);
#906=ORIENTED_EDGE('',*,*,#1202,.F.);
#907=ORIENTED_EDGE('',*,*,#1203,.F.);
#908=ORIENTED_EDGE('',*,*,#1139,.T.);
#909=ORIENTED_EDGE('',*,*,#981,.F.);
#910=ORIENTED_EDGE('',*,*,#974,.F.);
#911=CARTESIAN_POINT('',(0.01,0.01,0.008469388));
#912=DIRECTION('',(-0.707106781186547,-0.707106781186547,0.0));
#913=DIRECTION('',(0.707106781186548,-0.707106781186548,0.0));
#914=ORIENTED_EDGE('',*,*,#1140,.T.);
#915=ORIENTED_EDGE('',*,*,#1203,.T.);
#916=ORIENTED_EDGE('',*,*,#1204,.T.);
#917=ORIENTED_EDGE('',*,*,#1105,.T.);
#918=ORIENTED_EDGE('',*,*,#1100,.F.);
#919=ORIENTED_EDGE('',*,*,#1000,.F.);
#920=ORIENTED_EDGE('',*,*,#977,.T.);
#921=ORIENTED_EDGE('',*,*,#1108,.T.);
#922=CARTESIAN_POINT('',(0.01,0.0,0.0));
#923=DIRECTION('',(0.0,0.763090840989334,0.646291241158497));
#924=DIRECTION('',(0.0,-0.646291241158497,0.763090840989334));
#925=ORIENTED_EDGE('',*,*,#1141,.T.);
#926=ORIENTED_EDGE('',*,*,#1128,.T.);
#927=ORIENTED_EDGE('',*,*,#971,.T.);
#928=ORIENTED_EDGE('',*,*,#1002,.F.);
#929=ORIENTED_EDGE('',*,*,#1114,.F.);
#930=ORIENTED_EDGE('',*,*,#1130,.T.);
#931=ORIENTED_EDGE('',*,*,#1204,.F.);
#932=ORIENTED_EDGE('',*,*,#1202,.T.);
#933=CARTESIAN_POINT('',(0.0,0.01,0.0));
#934=DIRECTION('',(0.763090840989334,0.0,0.646291241158497));
#935=DIRECTION('',(0.646291241158497,0.0,-0.763090840989334));
#936=ORIENTED_EDGE('',*,*,#1144,.T.);
#937=ORIENTED_EDGE('',*,*,#1205,.F.);
#938=ORIENTED_EDGE('',*,*,#993,.F.);
#939=ORIENTED_EDGE('',*,*,#1148,.T.);
#940=ORIENTED_EDGE('',*,*,#1198,.F.);
#941=ORIENTED_EDGE('',*,*,#1206,.F.);
#942=CARTESIAN_POINT('',(-0.01,0.01,0.008469388));
#943=DIRECTION('',(0.707106781186547,-0.707106781186547,0.0));
#944=DIRECTION('',(0.707106781186548,0.707106781186548,0.0));
#945=ORIENTED_EDGE('',*,*,#968,.T.);
#946=ORIENTED_EDGE('',*,*,#994,.F.);
#947=ORIENTED_EDGE('',*,*,#1205,.T.);
#948=ORIENTED_EDGE('',*,*,#1143,.T.);
#949=ORIENTED_EDGE('',*,*,#972,.T.);
#950=ORIENTED_EDGE('',*,*,#1207,.F.);
#951=ORIENTED_EDGE('',*,*,#1009,.F.);
#952=ORIENTED_EDGE('',*,*,#1118,.F.);
#953=CARTESIAN_POINT('',(0.0,0.01,5.08015016598736E-19));
#954=DIRECTION('',(0.0,-0.763090840989334,0.646291241158497));
#955=DIRECTION('',(0.0,-0.646291241158497,-0.763090840989334));
#956=ORIENTED_EDGE('',*,*,#1145,.T.);
#957=ORIENTED_EDGE('',*,*,#1206,.T.);
#958=ORIENTED_EDGE('',*,*,#1197,.F.);
#959=ORIENTED_EDGE('',*,*,#1124,.T.);
#960=ORIENTED_EDGE('',*,*,#1132,.F.);
#961=ORIENTED_EDGE('',*,*,#1010,.F.);
#962=ORIENTED_EDGE('',*,*,#1207,.T.);
#963=ORIENTED_EDGE('',*,*,#1127,.T.);
#964=CARTESIAN_POINT('',(0.0,0.01,0.0));
#965=DIRECTION('',(-0.763090840989334,0.0,0.646291241158497));
#966=DIRECTION('',(0.646291241158497,0.0,0.763090840989334));
#967=COLOUR_RGB('',0.560784339904785,0.686274528503418,0.560784339904785);
#968=EDGE_CURVE('',#1208,#1209,#1210,.T.);
#969=EDGE_CURVE('5:58179',#1211,#1208,#1212,.T.);
#970=EDGE_CURVE('5:58107',#1213,#1211,#1214,.T.);
#971=EDGE_CURVE('5:58098',#1215,#1213,#1216,.T.);
#972=EDGE_CURVE('',#1217,#1215,#1218,.T.);
#973=EDGE_CURVE('5:66985',#1217,#1219,#1220,.T.);
#974=EDGE_CURVE('5:67224',#1219,#1221,#1222,.T.);
#975=EDGE_CURVE('5:58152',#1209,#1221,#1223,.T.);
#976=EDGE_CURVE('',#1224,#1225,#1226,.T.);
#977=EDGE_CURVE('5:57804',#1227,#1224,#1228,.T.);
#978=EDGE_CURVE('5:57852',#1229,#1227,#1230,.T.);
#979=EDGE_CURVE('5:57888',#1231,#1229,#1232,.T.);
#980=EDGE_CURVE('',#1209,#1231,#1233,.T.);
#981=EDGE_CURVE('5:67101',#1221,#1234,#1235,.T.);
#982=EDGE_CURVE('5:66943',#1234,#1225,#1236,.T.);
#983=EDGE_CURVE('',#1237,#1238,#1239,.T.);
#984=EDGE_CURVE('5:57096',#1240,#1237,#1241,.T.);
#985=EDGE_CURVE('5:57138',#1242,#1240,#1243,.T.);
#986=EDGE_CURVE('5:57165',#1244,#1242,#1245,.T.);
#987=EDGE_CURVE('',#1209,#1244,#1246,.T.);
#988=EDGE_CURVE('5:57876',#1209,#1247,#1248,.T.);
#989=EDGE_CURVE('5:67031',#1247,#1249,#1250,.T.);
#990=EDGE_CURVE('5:66928',#1249,#1238,#1251,.T.);
#991=EDGE_CURVE('',#1252,#1253,#1254,.T.);
#992=EDGE_CURVE('5:66970',#1252,#1255,#1256,.T.);
#993=EDGE_CURVE('5:67194',#1255,#1257,#1258,.T.);
#994=EDGE_CURVE('5:58533',#1257,#1209,#1259,.T.);
#995=EDGE_CURVE('',#1260,#1209,#1261,.T.);
#996=EDGE_CURVE('5:57495',#1262,#1260,#1263,.T.);
#997=EDGE_CURVE('5:57450',#1264,#1262,#1265,.T.);
#998=EDGE_CURVE('5:57438',#1253,#1264,#1266,.T.);
#999=EDGE_CURVE('',#1229,#1211,#1267,.T.);
#1000=EDGE_CURVE('5:57951',#1227,#1268,#1269,.T.);
#1001=EDGE_CURVE('',#1270,#1268,#1271,.T.);
#1002=EDGE_CURVE('5:58032',#1270,#1213,#1272,.T.);
#1003=EDGE_CURVE('',#1273,#1274,#1275,.T.);
#1004=EDGE_CURVE('5:57687',#1273,#1276,#1277,.T.);
#1005=EDGE_CURVE('5:57840',#1276,#1278,#1279,.T.);
#1006=EDGE_CURVE('',#1242,#1278,#1280,.T.);
#1007=EDGE_CURVE('5:57213',#1240,#1274,#1281,.T.);
#1008=EDGE_CURVE('',#1282,#1262,#1283,.T.);
#1009=EDGE_CURVE('5:58185',#1282,#1284,#1285,.T.);
#1010=EDGE_CURVE('5:58236',#1284,#1286,#1287,.T.);
#1011=EDGE_CURVE('',#1288,#1286,#1289,.T.);
#1012=EDGE_CURVE('5:57378',#1288,#1264,#1290,.T.);
#1013=EDGE_CURVE('',#1291,#1260,#1292,.T.);
#1014=EDGE_CURVE('5:56556',#1291,#1293,#1294,.T.);
#1015=EDGE_CURVE('5:68244',#1295,#1293,#1296,.T.);
#1016=EDGE_CURVE('5:68031',#1297,#1295,#1298,.T.);
#1017=EDGE_CURVE('',#1299,#1297,#1300,.T.);
#1018=EDGE_CURVE('5:56649',#1299,#1301,#1302,.T.);
#1019=EDGE_CURVE('5:57231',#1301,#1262,#1303,.T.);
#1020=EDGE_CURVE('',#1304,#1305,#1306,.T.);
#1021=EDGE_CURVE('5:56985',#1304,#1307,#1308,.T.);
#1022=EDGE_CURVE('5:57129',#1307,#1309,#1310,.T.);
#1023=EDGE_CURVE('',#1311,#1309,#1312,.T.);
#1024=EDGE_CURVE('5:57504',#1311,#1313,#1314,.T.);
#1025=EDGE_CURVE('5:57558',#1313,#1305,#1315,.T.);
#1026=EDGE_CURVE('',#1316,#1317,#1318,.T.);
#1027=EDGE_CURVE('5:68019',#1319,#1316,#1320,.T.);
#1028=EDGE_CURVE('5:68401',#1321,#1319,#1322,.T.);
#1029=EDGE_CURVE('5:56457',#1321,#1291,#1323,.T.);
#1030=EDGE_CURVE('',#1244,#1291,#1324,.T.);
#1031=EDGE_CURVE('5:57210',#1242,#1325,#1326,.T.);
#1032=EDGE_CURVE('5:56295',#1317,#1325,#1327,.T.);
#1033=EDGE_CURVE('',#1328,#1329,#1330,.T.);
#1034=EDGE_CURVE('5:56775',#1328,#1331,#1332,.T.);
#1035=EDGE_CURVE('5:57624',#1331,#1211,#1333,.T.);
#1036=EDGE_CURVE('',#1291,#1208,#1334,.T.);
#1037=EDGE_CURVE('5:56547',#1335,#1291,#1336,.T.);
#1038=EDGE_CURVE('5:68214',#1337,#1335,#1338,.T.);
#1039=EDGE_CURVE('5:68043',#1329,#1337,#1339,.T.);
#1040=EDGE_CURVE('',#1231,#1291,#1340,.T.);
#1041=EDGE_CURVE('5:57948',#1229,#1341,#1342,.T.);
#1042=EDGE_CURVE('5:57660',#1341,#1343,#1344,.T.);
#1043=EDGE_CURVE('',#1345,#1343,#1346,.T.);
#1044=EDGE_CURVE('5:68022',#1347,#1345,#1348,.T.);
#1045=EDGE_CURVE('5:68331',#1335,#1347,#1349,.T.);
#1046=EDGE_CURVE('5:68046',#1350,#1351,#1352,.T.);
#1047=EDGE_CURVE('5:68052',#1351,#1353,#1354,.T.);
#1048=EDGE_CURVE('5:68043',#1353,#1329,#1355,.T.);
#1049=EDGE_CURVE('5:68013',#1337,#1356,#1357,.T.);
#1050=EDGE_CURVE('5:68034',#1356,#1358,#1359,.T.);
#1051=EDGE_CURVE('5:68061',#1358,#1360,#1361,.T.);
#1052=EDGE_CURVE('5:68070',#1360,#1362,#1363,.T.);
#1053=EDGE_CURVE('5:68040',#1362,#1364,#1365,.T.);
#1054=EDGE_CURVE('5:68016',#1364,#1347,#1366,.T.);
#1055=EDGE_CURVE('5:68022',#1345,#1367,#1368,.T.);
#1056=EDGE_CURVE('5:68004',#1367,#1369,#1370,.T.);
#1057=EDGE_CURVE('5:68037',#1369,#1371,#1372,.T.);
#1058=EDGE_CURVE('5:68073',#1371,#1373,#1374,.T.);
#1059=EDGE_CURVE('5:67992',#1373,#1375,#1376,.T.);
#1060=EDGE_CURVE('5:68025',#1375,#1377,#1378,.T.);
#1061=EDGE_CURVE('5:68001',#1377,#1319,#1379,.T.);
#1062=EDGE_CURVE('5:68019',#1316,#1380,#1381,.T.);
#1063=EDGE_CURVE('5:68010',#1380,#1382,#1383,.T.);
#1064=EDGE_CURVE('5:67998',#1382,#1384,#1385,.T.);
#1065=EDGE_CURVE('5:67995',#1384,#1386,#1387,.T.);
#1066=EDGE_CURVE('5:68064',#1386,#1388,#1389,.T.);
#1067=EDGE_CURVE('5:68028',#1388,#1390,#1391,.T.);
#1068=EDGE_CURVE('5:68007',#1390,#1392,#1393,.T.);
#1069=EDGE_CURVE('5:68031',#1392,#1297,#1394,.T.);
#1070=EDGE_CURVE('5:68049',#1295,#1395,#1396,.T.);
#1071=EDGE_CURVE('5:68055',#1395,#1397,#1398,.T.);
#1072=EDGE_CURVE('5:68067',#1397,#1399,#1400,.T.);
#1073=EDGE_CURVE('5:68058',#1399,#1350,#1401,.T.);
#1074=EDGE_CURVE('5:68371',#1402,#1369,#1403,.T.);
#1075=EDGE_CURVE('5:63729',#1404,#1402,#1405,.T.);
#1076=EDGE_CURVE('5:65045',#1404,#1406,#1407,.T.);
#1077=EDGE_CURVE('5:65111',#1406,#1273,#1408,.T.);
#1078=EDGE_CURVE('5:57729',#1273,#1409,#1410,.T.);
#1079=EDGE_CURVE('5:56958',#1409,#1343,#1411,.T.);
#1080=EDGE_CURVE('5:68391',#1343,#1371,#1412,.T.);
#1081=EDGE_CURVE('5:68354',#1367,#1321,#1413,.T.);
#1082=EDGE_CURVE('5:56904',#1409,#1278,#1414,.T.);
#1083=EDGE_CURVE('5:57888',#1278,#1231,#1415,.T.);
#1084=EDGE_CURVE('5:68414',#1373,#1404,#1416,.T.);
#1085=EDGE_CURVE('5:63577',#1404,#1417,#1418,.T.);
#1086=EDGE_CURVE('5:63604',#1417,#1419,#1420,.T.);
#1087=EDGE_CURVE('5:67021',#1419,#1421,#1422,.T.);
#1088=EDGE_CURVE('5:66919',#1421,#1423,#1424,.T.);
#1089=EDGE_CURVE('5:67004',#1423,#1237,#1425,.T.);
#1090=EDGE_CURVE('5:67091',#1237,#1426,#1427,.T.);
#1091=EDGE_CURVE('5:66946',#1426,#1428,#1429,.T.);
#1092=EDGE_CURVE('5:67111',#1430,#1428,#1431,.T.);
#1093=EDGE_CURVE('5:63583',#1430,#1432,#1433,.T.);
#1094=EDGE_CURVE('5:63574',#1432,#1434,#1435,.T.);
#1095=EDGE_CURVE('5:68324',#1386,#1434,#1436,.T.);
#1096=EDGE_CURVE('5:68344',#1384,#1317,#1437,.T.);
#1097=EDGE_CURVE('5:68431',#1317,#1375,#1438,.T.);
#1098=EDGE_CURVE('5:68294',#1362,#1343,#1439,.T.);
#1099=EDGE_CURVE('5:57612',#1341,#1268,#1440,.T.);
#1100=EDGE_CURVE('5:65058',#1268,#1441,#1442,.T.);
#1101=EDGE_CURVE('5:65012',#1441,#1443,#1444,.T.);
#1102=EDGE_CURVE('5:62963',#1443,#1445,#1446,.T.);
#1103=EDGE_CURVE('5:68314',#1364,#1445,#1447,.T.);
#1104=EDGE_CURVE('5:68271',#1443,#1360,#1448,.T.);
#1105=EDGE_CURVE('5:65018',#1449,#1441,#1450,.T.);
#1106=EDGE_CURVE('5:67164',#1451,#1449,#1452,.T.);
#1107=EDGE_CURVE('5:66961',#1451,#1453,#1454,.T.);
#1108=EDGE_CURVE('5:67141',#1224,#1453,#1455,.T.);
#1109=EDGE_CURVE('5:67044',#1456,#1224,#1457,.T.);
#1110=EDGE_CURVE('5:66925',#1456,#1421,#1458,.T.);
#1111=EDGE_CURVE('5:65051',#1406,#1419,#1459,.T.);
#1112=EDGE_CURVE('5:68231',#1445,#1356,#1460,.T.);
#1113=EDGE_CURVE('5:62849',#1443,#1461,#1462,.T.);
#1114=EDGE_CURVE('5:62983',#1461,#1270,#1463,.T.);
#1115=EDGE_CURVE('5:58092',#1270,#1331,#1464,.T.);
#1116=EDGE_CURVE('5:68251',#1328,#1358,#1465,.T.);
#1117=EDGE_CURVE('5:68191',#1293,#1353,#1466,.T.);
#1118=EDGE_CURVE('5:58179',#1208,#1282,#1467,.T.);
#1119=EDGE_CURVE('5:58233',#1282,#1468,#1469,.T.);
#1120=EDGE_CURVE('5:57294',#1468,#1328,#1470,.T.);
#1121=EDGE_CURVE('5:68164',#1350,#1328,#1471,.T.);
#1122=EDGE_CURVE('5:68181',#1472,#1399,#1473,.T.);
#1123=EDGE_CURVE('5:62840',#1474,#1472,#1475,.T.);
#1124=EDGE_CURVE('5:62846',#1476,#1474,#1477,.T.);
#1125=EDGE_CURVE('5:67254',#1478,#1476,#1479,.T.);
#1126=EDGE_CURVE('5:66994',#1478,#1480,#1481,.T.);
#1127=EDGE_CURVE('5:67271',#1215,#1480,#1482,.T.);
#1128=EDGE_CURVE('5:67184',#1483,#1215,#1484,.T.);
#1129=EDGE_CURVE('5:66967',#1483,#1451,#1485,.T.);
#1130=EDGE_CURVE('5:62855',#1461,#1449,#1486,.T.);
#1131=EDGE_CURVE('5:57246',#1468,#1286,#1487,.T.);
#1132=EDGE_CURVE('5:62950',#1286,#1474,#1488,.T.);
#1133=EDGE_CURVE('5:62930',#1489,#1472,#1490,.T.);
#1134=EDGE_CURVE('5:68174',#1351,#1489,#1491,.T.);
#1135=EDGE_CURVE('5:66916',#1423,#1492,#1493,.T.);
#1136=EDGE_CURVE('5:66931',#1494,#1456,#1495,.T.);
#1137=EDGE_CURVE('5:66937',#1496,#1494,#1497,.T.);
#1138=EDGE_CURVE('5:66943',#1225,#1496,#1498,.T.);
#1139=EDGE_CURVE('5:66949',#1499,#1234,#1500,.T.);
#1140=EDGE_CURVE('5:66955',#1453,#1499,#1501,.T.);
#1141=EDGE_CURVE('5:66973',#1502,#1483,#1503,.T.);
#1142=EDGE_CURVE('5:66979',#1219,#1502,#1504,.T.);
#1143=EDGE_CURVE('5:66985',#1505,#1217,#1506,.T.);
#1144=EDGE_CURVE('5:66991',#1507,#1505,#1508,.T.);
#1145=EDGE_CURVE('5:66997',#1480,#1507,#1509,.T.);
#1146=EDGE_CURVE('5:66988',#1510,#1478,#1511,.T.);
#1147=EDGE_CURVE('5:66982',#1512,#1510,#1513,.T.);
#1148=EDGE_CURVE('5:66976',#1255,#1512,#1514,.T.);
#1149=EDGE_CURVE('5:66970',#1515,#1252,#1516,.T.);
#1150=EDGE_CURVE('5:66964',#1517,#1515,#1518,.T.);
#1151=EDGE_CURVE('5:66958',#1519,#1517,#1520,.T.);
#1152=EDGE_CURVE('5:66952',#1428,#1519,#1521,.T.);
#1153=EDGE_CURVE('5:66940',#1522,#1426,#1523,.T.);
#1154=EDGE_CURVE('5:66934',#1524,#1522,#1525,.T.);
#1155=EDGE_CURVE('5:66928',#1238,#1524,#1526,.T.);
#1156=EDGE_CURVE('5:66922',#1492,#1249,#1527,.T.);
#1157=EDGE_CURVE('5:67154',#1517,#1528,#1529,.T.);
#1158=EDGE_CURVE('5:63819',#1430,#1528,#1530,.T.);
#1159=EDGE_CURVE('5:65566',#1531,#1430,#1532,.T.);
#1160=EDGE_CURVE('5:65640',#1305,#1531,#1533,.T.);
#1161=EDGE_CURVE('5:57462',#1313,#1253,#1534,.T.);
#1162=EDGE_CURVE('5:67134',#1519,#1253,#1535,.T.);
#1163=EDGE_CURVE('5:68361',#1536,#1382,#1537,.T.);
#1164=EDGE_CURVE('5:63856',#1536,#1434,#1538,.T.);
#1165=EDGE_CURVE('5:63839',#1432,#1304,#1539,.T.);
#1166=EDGE_CURVE('5:57021',#1304,#1540,#1541,.T.);
#1167=EDGE_CURVE('5:56874',#1540,#1317,#1542,.T.);
#1168=EDGE_CURVE('5:57117',#1237,#1307,#1543,.T.);
#1169=EDGE_CURVE('5:67071',#1528,#1522,#1544,.T.);
#1170=EDGE_CURVE('5:67014',#1492,#1545,#1546,.T.);
#1171=EDGE_CURVE('5:63686',#1545,#1419,#1547,.T.);
#1172=EDGE_CURVE('5:63706',#1274,#1417,#1548,.T.);
#1173=EDGE_CURVE('5:68424',#1377,#1402,#1549,.T.);
#1174=EDGE_CURVE('5:68384',#1380,#1550,#1551,.T.);
#1175=EDGE_CURVE('5:68261',#1550,#1392,#1552,.T.);
#1176=EDGE_CURVE('5:68284',#1390,#1536,#1553,.T.);
#1177=EDGE_CURVE('5:56835',#1540,#1309,#1554,.T.);
#1178=EDGE_CURVE('5:57165',#1309,#1244,#1555,.T.);
#1179=EDGE_CURVE('5:56535',#1291,#1550,#1556,.T.);
#1180=EDGE_CURVE('5:56826',#1557,#1305,#1558,.T.);
#1181=EDGE_CURVE('5:57552',#1311,#1557,#1559,.T.);
#1182=EDGE_CURVE('5:56931',#1325,#1274,#1560,.T.);
#1183=EDGE_CURVE('5:68301',#1299,#1388,#1561,.T.);
#1184=EDGE_CURVE('5:56679',#1299,#1557,#1562,.T.);
#1185=EDGE_CURVE('5:65551',#1434,#1531,#1563,.T.);
#1186=EDGE_CURVE('5:57495',#1260,#1311,#1564,.T.);
#1187=EDGE_CURVE('5:57432',#1288,#1301,#1565,.T.);
#1188=EDGE_CURVE('5:58332',#1566,#1209,#1567,.T.);
#1189=EDGE_CURVE('5:67171',#1566,#1515,#1568,.T.);
#1190=EDGE_CURVE('5:67054',#1524,#1566,#1569,.T.);
#1191=EDGE_CURVE('5:68221',#1489,#1395,#1570,.T.);
#1192=EDGE_CURVE('5:65545',#1571,#1472,#1572,.T.);
#1193=EDGE_CURVE('5:65673',#1571,#1288,#1573,.T.);
#1194=EDGE_CURVE('5:68204',#1397,#1299,#1574,.T.);
#1195=EDGE_CURVE('5:67231',#1253,#1510,#1575,.T.);
#1196=EDGE_CURVE('5:65536',#1476,#1571,#1576,.T.);
#1197=EDGE_CURVE('5:62973',#1476,#1577,#1578,.T.);
#1198=EDGE_CURVE('5:67211',#1577,#1512,#1579,.T.);
#1199=EDGE_CURVE('5:67061',#1545,#1494,#1580,.T.);
#1200=EDGE_CURVE('5:67084',#1496,#1247,#1581,.T.);
#1201=EDGE_CURVE('5:57825',#1224,#1276,#1582,.T.);
#1202=EDGE_CURVE('5:67201',#1583,#1502,#1584,.T.);
#1203=EDGE_CURVE('5:67124',#1499,#1583,#1585,.T.);
#1204=EDGE_CURVE('5:63000',#1583,#1449,#1586,.T.);
#1205=EDGE_CURVE('5:67241',#1257,#1505,#1587,.T.);
#1206=EDGE_CURVE('5:67264',#1507,#1577,#1588,.T.);
#1207=EDGE_CURVE('5:58128',#1284,#1215,#1589,.T.);
#1208=VERTEX_POINT('',#1590);
#1209=VERTEX_POINT('',#1591);
#1210=LINE('',#1592,#1593);
#1211=VERTEX_POINT('',#1594);
#1212=ELLIPSE('',#1595,0.000399974475186497,0.0002585);
#1213=VERTEX_POINT('',#1596);
#1214=ELLIPSE('',#1597,0.000538767783981285,0.0002585);
#1215=VERTEX_POINT('',#1598);
#1216=ELLIPSE('',#1599,0.000479070362578962,0.0002585);
#1217=VERTEX_POINT('',#1600);
#1218=LINE('',#1601,#1602);
#1219=VERTEX_POINT('',#1603);
#1220=ELLIPSE('',#1604,0.000399974475186497,0.0002585);
#1221=VERTEX_POINT('',#1605);
#1222=ELLIPSE('',#1606,0.000538767783981287,0.000258499999999999);
#1223=ELLIPSE('',#1607,0.000479070362578962,0.0002585);
#1224=VERTEX_POINT('',#1608);
#1225=VERTEX_POINT('',#1609);
#1226=LINE('',#1610,#1611);
#1227=VERTEX_POINT('',#1612);
#1228=ELLIPSE('',#1613,0.000479070362578961,0.0002585);
#1229=VERTEX_POINT('',#1614);
#1230=ELLIPSE('',#1615,0.000538767783981288,0.0002585);
#1231=VERTEX_POINT('',#1616);
#1232=ELLIPSE('',#1617,0.000399974475186497,0.0002585);
#1233=LINE('',#1618,#1619);
#1234=VERTEX_POINT('',#1620);
#1235=ELLIPSE('',#1621,0.000538767783981287,0.000258499999999999);
#1236=ELLIPSE('',#1622,0.000399974475186497,0.0002585);
#1237=VERTEX_POINT('',#1623);
#1238=VERTEX_POINT('',#1624);
#1239=LINE('',#1625,#1626);
#1240=VERTEX_POINT('',#1627);
#1241=ELLIPSE('',#1628,0.000479070362578963,0.0002585);
#1242=VERTEX_POINT('',#1629);
#1243=ELLIPSE('',#1630,0.000538767783981287,0.0002585);
#1244=VERTEX_POINT('',#1631);
#1245=ELLIPSE('',#1632,0.000399974475186498,0.0002585);
#1246=LINE('',#1633,#1634);
#1247=VERTEX_POINT('',#1635);
#1248=ELLIPSE('',#1636,0.000479070362578964,0.0002585);
#1249=VERTEX_POINT('',#1637);
#1250=ELLIPSE('',#1638,0.000538767783981287,0.000258499999999999);
#1251=ELLIPSE('',#1639,0.000399974475186497,0.0002585);
#1252=VERTEX_POINT('',#1640);
#1253=VERTEX_POINT('',#1641);
#1254=LINE('',#1642,#1643);
#1255=VERTEX_POINT('',#1644);
#1256=ELLIPSE('',#1645,0.000399974475186498,0.000258500000000001);
#1257=VERTEX_POINT('',#1646);
#1258=ELLIPSE('',#1647,0.000538767783981294,0.000258499999999999);
#1259=ELLIPSE('',#1648,0.000479070362578959,0.0002585);
#1260=VERTEX_POINT('',#1649);
#1261=LINE('',#1650,#1651);
#1262=VERTEX_POINT('',#1652);
#1263=ELLIPSE('',#1653,0.000399974475186502,0.000258500000000001);
#1264=VERTEX_POINT('',#1654);
#1265=ELLIPSE('',#1655,0.000538767783981286,0.000258500000000001);
#1266=ELLIPSE('',#1656,0.000479070362578967,0.000258500000000001);
#1267=LINE('',#1657,#1658);
#1268=VERTEX_POINT('',#1659);
#1269=ELLIPSE('',#1660,0.000538767783981289,0.0002585);
#1270=VERTEX_POINT('',#1661);
#1271=LINE('',#1662,#1663);
#1272=ELLIPSE('',#1664,0.000538767783981287,0.0002585);
#1273=VERTEX_POINT('',#1665);
#1274=VERTEX_POINT('',#1666);
#1275=LINE('',#1667,#1668);
#1276=VERTEX_POINT('',#1669);
#1277=ELLIPSE('',#1670,0.000538767783981289,0.0002585);
#1278=VERTEX_POINT('',#1671);
#1279=ELLIPSE('',#1672,0.000538767783981288,0.0002585);
#1280=LINE('',#1673,#1674);
#1281=ELLIPSE('',#1675,0.000538767783981292,0.000258500000000002);
#1282=VERTEX_POINT('',#1676);
#1283=LINE('',#1677,#1678);
#1284=VERTEX_POINT('',#1679);
#1285=ELLIPSE('',#1680,0.000538767783981288,0.0002585);
#1286=VERTEX_POINT('',#1681);
#1287=ELLIPSE('',#1682,0.000538767783981289,0.0002585);
#1288=VERTEX_POINT('',#1683);
#1289=LINE('',#1684,#1685);
#1290=ELLIPSE('',#1686,0.000538767783981291,0.000258500000000002);
#1291=VERTEX_POINT('',#1687);
#1292=LINE('',#1688,#1689);
#1293=VERTEX_POINT('',#1690);
#1294=ELLIPSE('',#1691,0.000479070362578961,0.0002585);
#1295=VERTEX_POINT('',#1692);
#1296=ELLIPSE('',#1693,0.000538767783981289,0.000258500000000001);
#1297=VERTEX_POINT('',#1694);
#1298=ELLIPSE('',#1695,0.000399974475186498,0.000258500000000001);
#1299=VERTEX_POINT('',#1696);
#1300=LINE('',#1697,#1698);
#1301=VERTEX_POINT('',#1699);
#1302=ELLIPSE('',#1700,0.000479070362578965,0.000258500000000002);
#1303=ELLIPSE('',#1701,0.00053876778398129,0.000258499999999999);
#1304=VERTEX_POINT('',#1702);
#1305=VERTEX_POINT('',#1703);
#1306=LINE('',#1704,#1705);
#1307=VERTEX_POINT('',#1706);
#1308=ELLIPSE('',#1707,0.000538767783981287,0.000258500000000002);
#1309=VERTEX_POINT('',#1708);
#1310=ELLIPSE('',#1709,0.000538767783981288,0.0002585);
#1311=VERTEX_POINT('',#1710);
#1312=LINE('',#1711,#1712);
#1313=VERTEX_POINT('',#1713);
#1314=ELLIPSE('',#1714,0.000538767783981291,0.000258500000000001);
#1315=ELLIPSE('',#1715,0.000538767783981292,0.000258500000000002);
#1316=VERTEX_POINT('',#1716);
#1317=VERTEX_POINT('',#1717);
#1318=LINE('',#1718,#1719);
#1319=VERTEX_POINT('',#1720);
#1320=ELLIPSE('',#1721,0.000399974475186498,0.000258500000000001);
#1321=VERTEX_POINT('',#1722);
#1322=ELLIPSE('',#1723,0.000538767783981291,0.000258500000000001);
#1323=ELLIPSE('',#1724,0.000479070362578959,0.0002585);
#1324=LINE('',#1725,#1726);
#1325=VERTEX_POINT('',#1727);
#1326=ELLIPSE('',#1728,0.00053876778398129,0.000258499999999999);
#1327=ELLIPSE('',#1729,0.000479070362578967,0.000258500000000001);
#1328=VERTEX_POINT('',#1730);
#1329=VERTEX_POINT('',#1731);
#1330=LINE('',#1732,#1733);
#1331=VERTEX_POINT('',#1734);
#1332=ELLIPSE('',#1735,0.000479070362578962,0.0002585);
#1333=ELLIPSE('',#1736,0.000538767783981293,0.000258499999999999);
#1334=LINE('',#1737,#1738);
#1335=VERTEX_POINT('',#1739);
#1336=ELLIPSE('',#1740,0.000479070362578966,0.0002585);
#1337=VERTEX_POINT('',#1741);
#1338=ELLIPSE('',#1742,0.000538767783981285,0.0002585);
#1339=ELLIPSE('',#1743,0.000399974475186497,0.0002585);
#1340=LINE('',#1744,#1745);
#1341=VERTEX_POINT('',#1746);
#1342=ELLIPSE('',#1747,0.000538767783981288,0.000258499999999999);
#1343=VERTEX_POINT('',#1748);
#1344=ELLIPSE('',#1749,0.000479070362578962,0.0002585);
#1345=VERTEX_POINT('',#1750);
#1346=LINE('',#1751,#1752);
#1347=VERTEX_POINT('',#1753);
#1348=ELLIPSE('',#1754,0.000399974475186497,0.0002585);
#1349=ELLIPSE('',#1755,0.000538767783981284,0.0002585);
#1350=VERTEX_POINT('',#1756);
#1351=VERTEX_POINT('',#1757);
#1352=ELLIPSE('',#1758,0.000399974475186497,0.0002585);
#1353=VERTEX_POINT('',#1759);
#1354=LINE('',#1760,#1761);
#1355=ELLIPSE('',#1762,0.000399974475186497,0.0002585);
#1356=VERTEX_POINT('',#1763);
#1357=LINE('',#1764,#1765);
#1358=VERTEX_POINT('',#1766);
#1359=ELLIPSE('',#1767,0.000399974475186497,0.0002585);
#1360=VERTEX_POINT('',#1768);
#1361=LINE('',#1769,#1770);
#1362=VERTEX_POINT('',#1771);
#1363=LINE('',#1772,#1773);
#1364=VERTEX_POINT('',#1774);
#1365=ELLIPSE('',#1775,0.000399974475186497,0.0002585);
#1366=LINE('',#1776,#1777);
#1367=VERTEX_POINT('',#1778);
#1368=ELLIPSE('',#1779,0.000399974475186497,0.0002585);
#1369=VERTEX_POINT('',#1780);
#1370=LINE('',#1781,#1782);
#1371=VERTEX_POINT('',#1783);
#1372=ELLIPSE('',#1784,0.000399974475186497,0.0002585);
#1373=VERTEX_POINT('',#1785);
#1374=LINE('',#1786,#1787);
#1375=VERTEX_POINT('',#1788);
#1376=LINE('',#1789,#1790);
#1377=VERTEX_POINT('',#1791);
#1378=ELLIPSE('',#1792,0.000399974475186501,0.000258500000000002);
#1379=LINE('',#1793,#1794);
#1380=VERTEX_POINT('',#1795);
#1381=ELLIPSE('',#1796,0.000399974475186498,0.000258500000000001);
#1382=VERTEX_POINT('',#1797);
#1383=LINE('',#1798,#1799);
#1384=VERTEX_POINT('',#1800);
#1385=ELLIPSE('',#1801,0.000399974475186501,0.000258500000000002);
#1386=VERTEX_POINT('',#1802);
#1387=LINE('',#1803,#1804);
#1388=VERTEX_POINT('',#1805);
#1389=LINE('',#1806,#1807);
#1390=VERTEX_POINT('',#1808);
#1391=ELLIPSE('',#1809,0.000399974475186501,0.000258500000000002);
#1392=VERTEX_POINT('',#1810);
#1393=LINE('',#1811,#1812);
#1394=ELLIPSE('',#1813,0.000399974475186498,0.000258500000000001);
#1395=VERTEX_POINT('',#1814);
#1396=LINE('',#1815,#1816);
#1397=VERTEX_POINT('',#1817);
#1398=ELLIPSE('',#1818,0.000399974475186501,0.000258500000000002);
#1399=VERTEX_POINT('',#1819);
#1400=LINE('',#1820,#1821);
#1401=LINE('',#1822,#1823);
#1402=VERTEX_POINT('',#1824);
#1403=ELLIPSE('',#1825,0.000538767783981283,0.0002585);
#1404=VERTEX_POINT('',#1826);
#1405=ELLIPSE('',#1827,0.000479070362578964,0.0002585);
#1406=VERTEX_POINT('',#1828);
#1407=LINE('',#1829,#1830);
#1408=ELLIPSE('',#1831,0.000399974475186497,0.0002585);
#1409=VERTEX_POINT('',#1832);
#1410=ELLIPSE('',#1833,0.000538767783981288,0.000258499999999999);
#1411=ELLIPSE('',#1834,0.000479070362578962,0.0002585);
#1412=LINE('',#1835,#1836);
#1413=ELLIPSE('',#1837,0.000538767783981295,0.0002585);
#1414=ELLIPSE('',#1838,0.000538767783981288,0.000258499999999999);
#1415=ELLIPSE('',#1839,0.000399974475186497,0.0002585);
#1416=LINE('',#1840,#1841);
#1417=VERTEX_POINT('',#1842);
#1418=LINE('',#1843,#1844);
#1419=VERTEX_POINT('',#1845);
#1420=LINE('',#1846,#1847);
#1421=VERTEX_POINT('',#1848);
#1422=LINE('',#1849,#1850);
#1423=VERTEX_POINT('',#1851);
#1424=LINE('',#1852,#1853);
#1425=LINE('',#1854,#1855);
#1426=VERTEX_POINT('',#1856);
#1427=LINE('',#1857,#1858);
#1428=VERTEX_POINT('',#1859);
#1429=LINE('',#1860,#1861);
#1430=VERTEX_POINT('',#1862);
#1431=LINE('',#1863,#1864);
#1432=VERTEX_POINT('',#1865);
#1433=LINE('',#1866,#1867);
#1434=VERTEX_POINT('',#1868);
#1435=LINE('',#1869,#1870);
#1436=LINE('',#1871,#1872);
#1437=LINE('',#1873,#1874);
#1438=LINE('',#1875,#1876);
#1439=LINE('',#1877,#1878);
#1440=ELLIPSE('',#1879,0.000538767783981288,0.000258499999999999);
#1441=VERTEX_POINT('',#1880);
#1442=ELLIPSE('',#1881,0.000399974475186497,0.0002585);
#1443=VERTEX_POINT('',#1882);
#1444=LINE('',#1883,#1884);
#1445=VERTEX_POINT('',#1885);
#1446=ELLIPSE('',#1886,0.000479070362578964,0.0002585);
#1447=ELLIPSE('',#1887,0.00053876778398129,0.0002585);
#1448=LINE('',#1888,#1889);
#1449=VERTEX_POINT('',#1890);
#1450=LINE('',#1891,#1892);
#1451=VERTEX_POINT('',#1893);
#1452=LINE('',#1894,#1895);
#1453=VERTEX_POINT('',#1896);
#1454=LINE('',#1897,#1898);
#1455=LINE('',#1899,#1900);
#1456=VERTEX_POINT('',#1901);
#1457=LINE('',#1902,#1903);
#1458=LINE('',#1904,#1905);
#1459=LINE('',#1906,#1907);
#1460=ELLIPSE('',#1908,0.00053876778398129,0.0002585);
#1461=VERTEX_POINT('',#1909);
#1462=LINE('',#1910,#1911);
#1463=ELLIPSE('',#1912,0.000399974475186497,0.0002585);
#1464=ELLIPSE('',#1913,0.000538767783981293,0.000258499999999999);
#1465=LINE('',#1914,#1915);
#1466=ELLIPSE('',#1916,0.000538767783981285,0.0002585);
#1467=ELLIPSE('',#1917,0.000399974475186497,0.0002585);
#1468=VERTEX_POINT('',#1918);
#1469=ELLIPSE('',#1919,0.000538767783981288,0.000258499999999999);
#1470=ELLIPSE('',#1920,0.000479070362578962,0.0002585);
#1471=LINE('',#1921,#1922);
#1472=VERTEX_POINT('',#1923);
#1473=LINE('',#1924,#1925);
#1474=VERTEX_POINT('',#1926);
#1475=LINE('',#1927,#1928);
#1476=VERTEX_POINT('',#1929);
#1477=LINE('',#1930,#1931);
#1478=VERTEX_POINT('',#1932);
#1479=LINE('',#1933,#1934);
#1480=VERTEX_POINT('',#1935);
#1481=LINE('',#1936,#1937);
#1482=LINE('',#1938,#1939);
#1483=VERTEX_POINT('',#1940);
#1484=LINE('',#1941,#1942);
#1485=LINE('',#1943,#1944);
#1486=LINE('',#1945,#1946);
#1487=ELLIPSE('',#1947,0.000538767783981288,0.000258499999999999);
#1488=ELLIPSE('',#1948,0.000399974475186497,0.0002585);
#1489=VERTEX_POINT('',#1949);
#1490=ELLIPSE('',#1950,0.000479070362578962,0.0002585);
#1491=ELLIPSE('',#1951,0.00053876778398129,0.0002585);
#1492=VERTEX_POINT('',#1952);
#1493=ELLIPSE('',#1953,0.000399974475186501,0.000258500000000002);
#1494=VERTEX_POINT('',#1954);
#1495=ELLIPSE('',#1955,0.000399974475186497,0.0002585);
#1496=VERTEX_POINT('',#1956);
#1497=LINE('',#1957,#1958);
#1498=ELLIPSE('',#1959,0.000399974475186497,0.0002585);
#1499=VERTEX_POINT('',#1960);
#1500=LINE('',#1961,#1962);
#1501=ELLIPSE('',#1963,0.000399974475186497,0.0002585);
#1502=VERTEX_POINT('',#1964);
#1503=ELLIPSE('',#1965,0.000399974475186497,0.0002585);
#1504=LINE('',#1966,#1967);
#1505=VERTEX_POINT('',#1968);
#1506=ELLIPSE('',#1969,0.000399974475186497,0.0002585);
#1507=VERTEX_POINT('',#1970);
#1508=LINE('',#1971,#1972);
#1509=ELLIPSE('',#1973,0.000399974475186497,0.0002585);
#1510=VERTEX_POINT('',#1974);
#1511=LINE('',#1975,#1976);
#1512=VERTEX_POINT('',#1977);
#1513=ELLIPSE('',#1978,0.000399974475186501,0.000258500000000002);
#1514=LINE('',#1979,#1980);
#1515=VERTEX_POINT('',#1981);
#1516=ELLIPSE('',#1982,0.000399974475186498,0.000258500000000001);
#1517=VERTEX_POINT('',#1983);
#1518=LINE('',#1984,#1985);
#1519=VERTEX_POINT('',#1986);
#1520=ELLIPSE('',#1987,0.000399974475186501,0.000258500000000002);
#1521=LINE('',#1988,#1989);
#1522=VERTEX_POINT('',#1990);
#1523=ELLIPSE('',#1991,0.000399974475186501,0.000258500000000002);
#1524=VERTEX_POINT('',#1992);
#1525=LINE('',#1993,#1994);
#1526=ELLIPSE('',#1995,0.000399974475186497,0.0002585);
#1527=LINE('',#1996,#1997);
#1528=VERTEX_POINT('',#1998);
#1529=ELLIPSE('',#1999,0.000538767783981288,0.000258499999999999);
#1530=ELLIPSE('',#2000,0.000479070362578967,0.000258500000000002);
#1531=VERTEX_POINT('',#2001);
#1532=LINE('',#2002,#2003);
#1533=ELLIPSE('',#2004,0.000399974475186505,0.000258500000000002);
#1534=ELLIPSE('',#2005,0.000479070362578965,0.0002585);
#1535=LINE('',#2006,#2007);
#1536=VERTEX_POINT('',#2008);
#1537=ELLIPSE('',#2009,0.000538767783981292,0.000258500000000002);
#1538=ELLIPSE('',#2010,0.000479070362578966,0.000258500000000002);
#1539=ELLIPSE('',#2011,0.000399974475186505,0.000258500000000002);
#1540=VERTEX_POINT('',#2012);
#1541=ELLIPSE('',#2013,0.000538767783981293,0.000258499999999999);
#1542=ELLIPSE('',#2014,0.000479070362578965,0.0002585);
#1543=ELLIPSE('',#2015,0.000479070362578965,0.0002585);
#1544=ELLIPSE('',#2016,0.00053876778398129,0.000258499999999999);
#1545=VERTEX_POINT('',#2017);
#1546=ELLIPSE('',#2018,0.000538767783981288,0.000258499999999999);
#1547=ELLIPSE('',#2019,0.000479070362578962,0.0002585);
#1548=ELLIPSE('',#2020,0.000399974475186505,0.000258500000000002);
#1549=ELLIPSE('',#2021,0.00053876778398129,0.000258500000000002);
#1550=VERTEX_POINT('',#2022);
#1551=ELLIPSE('',#2023,0.000538767783981291,0.000258500000000001);
#1552=ELLIPSE('',#2024,0.000538767783981289,0.000258500000000001);
#1553=ELLIPSE('',#2025,0.00053876778398129,0.000258500000000002);
#1554=ELLIPSE('',#2026,0.000538767783981294,0.000258499999999999);
#1555=ELLIPSE('',#2027,0.000399974475186498,0.0002585);
#1556=ELLIPSE('',#2028,0.000479070362578963,0.000258500000000001);
#1557=VERTEX_POINT('',#2029);
#1558=ELLIPSE('',#2030,0.000538767783981287,0.000258499999999999);
#1559=ELLIPSE('',#2031,0.00053876778398129,0.000258499999999999);
#1560=ELLIPSE('',#2032,0.000538767783981287,0.000258499999999999);
#1561=LINE('',#2033,#2034);
#1562=ELLIPSE('',#2035,0.000479070362578965,0.000258500000000001);
#1563=LINE('',#2036,#2037);
#1564=ELLIPSE('',#2038,0.000399974475186502,0.000258500000000001);
#1565=ELLIPSE('',#2039,0.000538767783981289,0.000258499999999999);
#1566=VERTEX_POINT('',#2040);
#1567=ELLIPSE('',#2041,0.000479070362578964,0.000258500000000001);
#1568=ELLIPSE('',#2042,0.000538767783981294,0.000258499999999999);
#1569=ELLIPSE('',#2043,0.000538767783981287,0.000258499999999999);
#1570=ELLIPSE('',#2044,0.00053876778398129,0.000258500000000002);
#1571=VERTEX_POINT('',#2045);
#1572=LINE('',#2046,#2047);
#1573=ELLIPSE('',#2048,0.000399974475186505,0.000258500000000002);
#1574=LINE('',#2049,#2050);
#1575=LINE('',#2051,#2052);
#1576=LINE('',#2053,#2054);
#1577=VERTEX_POINT('',#2055);
#1578=ELLIPSE('',#2056,0.000479070362578964,0.0002585);
#1579=ELLIPSE('',#2057,0.00053876778398129,0.000258499999999999);
#1580=ELLIPSE('',#2058,0.00053876778398129,0.000258499999999999);
#1581=ELLIPSE('',#2059,0.000538767783981287,0.000258499999999999);
#1582=ELLIPSE('',#2060,0.000479070362578961,0.0002585);
#1583=VERTEX_POINT('',#2061);
#1584=ELLIPSE('',#2062,0.00053876778398129,0.000258499999999999);
#1585=ELLIPSE('',#2063,0.00053876778398129,0.000258499999999999);
#1586=ELLIPSE('',#2064,0.000479070362578964,0.0002585);
#1587=ELLIPSE('',#2065,0.000538767783981287,0.000258499999999999);
#1588=ELLIPSE('',#2066,0.00053876778398129,0.000258499999999999);
#1589=ELLIPSE('',#2067,0.000479070362578962,0.0002585);
#1590=CARTESIAN_POINT('',(3.16571197579589E-20,0.0096000255248135,-1.15092498266185E-18));
#1591=CARTESIAN_POINT('',(4.31767810011983E-19,1.16969824894155E-18,0.00813063409795492));
#1592=CARTESIAN_POINT('',(-3.1657119757959E-20,0.00983293371416053,-0.000197258982395742));
#1593=VECTOR('',#2068,1.0);
#1594=CARTESIAN_POINT('',(3.14323667902123E-05,0.00960299342733634,-1.05498153623406E-18));
#1595=AXIS2_PLACEMENT_3D('',#2069,#2070,#2071);
#1596=CARTESIAN_POINT('',(0.000256581870594876,0.00974341812940513,0.000258499999999998));
#1597=AXIS2_PLACEMENT_3D('',#2072,#2073,#2074);
#1598=CARTESIAN_POINT('',(-2.71050543121376E-20,0.01,0.000338753902045082));
#1599=AXIS2_PLACEMENT_3D('',#2075,#2076,#2077);
#1600=CARTESIAN_POINT('',(3.1657119757959E-20,0.000399974475186496,0.008469388));
#1601=CARTESIAN_POINT('',(3.16571197579589E-20,0.0101670662858395,0.000197258982395744));
#1602=VECTOR('',#2078,1.0);
#1603=CARTESIAN_POINT('',(3.14323667902102E-05,0.000397006572663654,0.008469388));
#1604=AXIS2_PLACEMENT_3D('',#2079,#2080,#2081);
#1605=CARTESIAN_POINT('',(0.000256581870594876,0.000256581870594878,0.008210888));
#1606=AXIS2_PLACEMENT_3D('',#2082,#2083,#2084);
#1607=AXIS2_PLACEMENT_3D('',#2085,#2086,#2087);
#1608=CARTESIAN_POINT('',(0.01,-2.71050543121376E-20,0.000338753902045082));
#1609=CARTESIAN_POINT('',(0.0003999744751865,-3.16571197579591E-20,0.008469388));
#1610=CARTESIAN_POINT('',(0.0101670662858395,-3.1657119757959E-20,0.000197258982395742));
#1611=VECTOR('',#2088,1.0);
#1612=CARTESIAN_POINT('',(0.00974341812940512,0.000256581870594876,0.0002585));
#1613=AXIS2_PLACEMENT_3D('',#2089,#2090,#2091);
#1614=CARTESIAN_POINT('',(0.00960299342733634,3.14323667902122E-05,-2.28665948740383E-19));
#1615=AXIS2_PLACEMENT_3D('',#2092,#2093,#2094);
#1616=CARTESIAN_POINT('',(0.0096000255248135,-3.1657119757959E-20,7.98559276604064E-19));
#1617=AXIS2_PLACEMENT_3D('',#2095,#2096,#2097);
#1618=CARTESIAN_POINT('',(0.00983293371416053,3.16571197579589E-20,-0.000197258982395743));
#1619=VECTOR('',#2098,1.0);
#1620=CARTESIAN_POINT('',(0.000397006572663656,3.14323667902118E-05,0.008469388));
#1621=AXIS2_PLACEMENT_3D('',#2099,#2100,#2101);
#1622=AXIS2_PLACEMENT_3D('',#2102,#2103,#2104);
#1623=CARTESIAN_POINT('',(5.20417042793042E-18,-0.00999999999999999,0.000338753902045088));
#1624=CARTESIAN_POINT('',(-3.16571197579591E-20,-0.0003999744751865,0.008469388));
#1625=CARTESIAN_POINT('',(-3.1657119757959E-20,-0.0101670662858395,0.000197258982395742));
#1626=VECTOR('',#2105,1.0);
#1627=CARTESIAN_POINT('',(0.000256581870594876,-0.00974341812940512,0.000258499999999999));
#1628=AXIS2_PLACEMENT_3D('',#2106,#2107,#2108);
#1629=CARTESIAN_POINT('',(3.14323667902104E-05,-0.00960299342733635,-1.00474432022291E-19));
#1630=AXIS2_PLACEMENT_3D('',#2109,#2110,#2111);
#1631=CARTESIAN_POINT('',(3.16571197579598E-20,-0.0096000255248135,1.29486983574367E-18));
#1632=AXIS2_PLACEMENT_3D('',#2112,#2113,#2114);
#1633=CARTESIAN_POINT('',(3.1657119757959E-20,-0.00983293371416053,-0.000197258982395744));
#1634=VECTOR('',#2115,1.0);
#1635=CARTESIAN_POINT('',(0.000256581870594882,-0.000256581870594876,0.008210888));
#1636=AXIS2_PLACEMENT_3D('',#2116,#2117,#2118);
#1637=CARTESIAN_POINT('',(3.14323667902118E-05,-0.000397006572663656,0.008469388));
#1638=AXIS2_PLACEMENT_3D('',#2119,#2120,#2121);
#1639=AXIS2_PLACEMENT_3D('',#2122,#2123,#2124);
#1640=CARTESIAN_POINT('',(-0.000399974475186497,-3.16571197579591E-20,0.008469388));
#1641=CARTESIAN_POINT('',(-0.01,1.73472347597681E-18,0.000338753902045088));
#1642=CARTESIAN_POINT('',(-0.000167066285839472,-3.16571197579592E-20,0.00866664698239574));
#1643=VECTOR('',#2125,1.0);
#1644=CARTESIAN_POINT('',(-0.000397006572663656,3.14323667902127E-05,0.008469388));
#1645=AXIS2_PLACEMENT_3D('',#2126,#2127,#2128);
#1646=CARTESIAN_POINT('',(-0.000256581870594876,0.000256581870594877,0.008210888));
#1647=AXIS2_PLACEMENT_3D('',#2129,#2130,#2131);
#1648=AXIS2_PLACEMENT_3D('',#2132,#2133,#2134);
#1649=CARTESIAN_POINT('',(-0.0096000255248135,-3.16571197579604E-20,6.93889390390722E-18));
#1650=CARTESIAN_POINT('',(0.000167066285839472,3.16571197579591E-20,0.00827212901760426));
#1651=VECTOR('',#2135,1.0);
#1652=CARTESIAN_POINT('',(-0.00960299342733635,3.14323667902118E-05,-1.48459634901911E-18));
#1653=AXIS2_PLACEMENT_3D('',#2136,#2137,#2138);
#1654=CARTESIAN_POINT('',(-0.00974341812940512,0.000256581870594876,0.000258500000000002));
#1655=AXIS2_PLACEMENT_3D('',#2139,#2140,#2141);
#1656=AXIS2_PLACEMENT_3D('',#2142,#2143,#2144);
#1657=CARTESIAN_POINT('',(0.00481721289706328,0.00481721289706328,-3.16571197579592E-20));
#1658=VECTOR('',#2145,1.0);
#1659=CARTESIAN_POINT('',(0.00996856763320979,0.000397006572663656,-2.78162658614329E-19));
#1660=AXIS2_PLACEMENT_3D('',#2146,#2147,#2148);
#1661=CARTESIAN_POINT('',(0.000397006572663657,0.00996856763320979,5.85605597082803E-20));
#1662=CARTESIAN_POINT('',(0.00518278710293672,0.00518278710293672,3.16571197579589E-20));
#1663=VECTOR('',#2149,1.0);
#1664=AXIS2_PLACEMENT_3D('',#2150,#2151,#2152);
#1665=CARTESIAN_POINT('',(0.00996856763320979,-0.000397006572663657,9.51609095259546E-20));
#1666=CARTESIAN_POINT('',(0.000397006572663657,-0.00996856763320979,-3.8283965909288E-18));
#1667=CARTESIAN_POINT('',(0.00518278710293672,-0.00518278710293672,-3.16571197579591E-20));
#1668=VECTOR('',#2153,1.0);
#1669=CARTESIAN_POINT('',(0.00974341812940512,-0.000256581870594876,0.000258500000000001));
#1670=AXIS2_PLACEMENT_3D('',#2154,#2155,#2156);
#1671=CARTESIAN_POINT('',(0.00960299342733634,-3.14323667902121E-05,-2.25201313153408E-20));
#1672=AXIS2_PLACEMENT_3D('',#2157,#2158,#2159);
#1673=CARTESIAN_POINT('',(0.00481721289706328,-0.00481721289706328,3.16571197579589E-20));
#1674=VECTOR('',#2160,1.0);
#1675=AXIS2_PLACEMENT_3D('',#2161,#2162,#2163);
#1676=CARTESIAN_POINT('',(-3.14323667902123E-05,0.00960299342733634,-9.45845515244323E-19));
#1677=CARTESIAN_POINT('',(-0.00481721289706328,0.00481721289706328,-3.16571197579599E-20));
#1678=VECTOR('',#2164,1.0);
#1679=CARTESIAN_POINT('',(-0.000256581870594876,0.00974341812940512,0.0002585));
#1680=AXIS2_PLACEMENT_3D('',#2165,#2166,#2167);
#1681=CARTESIAN_POINT('',(-0.000397006572663656,0.00996856763320979,-2.928027985414E-19));
#1682=AXIS2_PLACEMENT_3D('',#2168,#2169,#2170);
#1683=CARTESIAN_POINT('',(-0.00996856763320979,0.000397006572663657,-8.93048535551272E-19));
#1684=CARTESIAN_POINT('',(-0.00518278710293672,0.00518278710293672,3.16571197579582E-20));
#1685=VECTOR('',#2171,1.0);
#1686=AXIS2_PLACEMENT_3D('',#2172,#2173,#2174);
#1687=CARTESIAN_POINT('',(-1.13961133892035E-18,-9.449572282352E-19,-0.00813063409795492));
#1688=CARTESIAN_POINT('',(0.000167066285839471,-3.16571197579592E-20,-0.00827212901760426));
#1689=VECTOR('',#2175,1.0);
#1690=CARTESIAN_POINT('',(-0.000256581870594876,0.000256581870594876,-0.008210888));
#1691=AXIS2_PLACEMENT_3D('',#2176,#2177,#2178);
#1692=CARTESIAN_POINT('',(-0.000397006572663658,3.14323667902125E-05,-0.008469388));
#1693=AXIS2_PLACEMENT_3D('',#2179,#2180,#2181);
#1694=CARTESIAN_POINT('',(-0.000399974475186498,3.1657119757959E-20,-0.008469388));
#1695=AXIS2_PLACEMENT_3D('',#2182,#2183,#2184);
#1696=CARTESIAN_POINT('',(-0.01,2.89676948898948E-18,-0.000338753902045084));
#1697=CARTESIAN_POINT('',(-0.000167066285839473,3.16571197579591E-20,-0.00866664698239574));
#1698=VECTOR('',#2185,1.0);
#1699=CARTESIAN_POINT('',(-0.00974341812940512,0.000256581870594882,-0.000258499999999999));
#1700=AXIS2_PLACEMENT_3D('',#2186,#2187,#2188);
#1701=AXIS2_PLACEMENT_3D('',#2189,#2190,#2191);
#1702=CARTESIAN_POINT('',(-0.00039700657266366,-0.00996856763320978,1.86661784070141E-18));
#1703=CARTESIAN_POINT('',(-0.00996856763320979,-0.000397006572663658,-3.38187232315314E-18));
#1704=CARTESIAN_POINT('',(-0.00518278710293672,-0.00518278710293672,-3.16571197579598E-20));
#1705=VECTOR('',#2192,1.0);
#1706=CARTESIAN_POINT('',(-0.000256581870594876,-0.00974341812940512,0.000258500000000004));
#1707=AXIS2_PLACEMENT_3D('',#2193,#2194,#2195);
#1708=CARTESIAN_POINT('',(-3.14323667902139E-05,-0.00960299342733634,2.40099246177404E-18));
#1709=AXIS2_PLACEMENT_3D('',#2196,#2197,#2198);
#1710=CARTESIAN_POINT('',(-0.00960299342733634,-3.14323667902111E-05,-7.7954300706961E-19));
#1711=CARTESIAN_POINT('',(-0.00481721289706328,-0.00481721289706328,3.16571197579583E-20));
#1712=VECTOR('',#2199,1.0);
#1713=CARTESIAN_POINT('',(-0.00974341812940512,-0.000256581870594877,0.000258499999999998));
#1714=AXIS2_PLACEMENT_3D('',#2200,#2201,#2202);
#1715=AXIS2_PLACEMENT_3D('',#2203,#2204,#2205);
#1716=CARTESIAN_POINT('',(-3.16571197579584E-20,-0.000399974475186497,-0.008469388));
#1717=CARTESIAN_POINT('',(1.73472347597681E-18,-0.01,-0.000338753902045088));
#1718=CARTESIAN_POINT('',(-3.16571197579585E-20,-0.000167066285839472,-0.00866664698239574));
#1719=VECTOR('',#2206,1.0);
#1720=CARTESIAN_POINT('',(3.14323667902113E-05,-0.000397006572663657,-0.008469388));
#1721=AXIS2_PLACEMENT_3D('',#2207,#2208,#2209);
#1722=CARTESIAN_POINT('',(0.000256581870594876,-0.000256581870594876,-0.008210888));
#1723=AXIS2_PLACEMENT_3D('',#2210,#2211,#2212);
#1724=AXIS2_PLACEMENT_3D('',#2213,#2214,#2215);
#1725=CARTESIAN_POINT('',(3.16571197579597E-20,0.000167066285839472,-0.00827212901760426));
#1726=VECTOR('',#2216,1.0);
#1727=CARTESIAN_POINT('',(0.000256581870594877,-0.00974341812940512,-0.000258499999999999));
#1728=AXIS2_PLACEMENT_3D('',#2217,#2218,#2219);
#1729=AXIS2_PLACEMENT_3D('',#2220,#2221,#2222);
#1730=CARTESIAN_POINT('',(-5.49522667287976E-20,0.01,-0.000338753902045082));
#1731=CARTESIAN_POINT('',(-3.16571197579592E-20,0.0003999744751865,-0.008469388));
#1732=CARTESIAN_POINT('',(-3.1657119757959E-20,0.0101670662858395,-0.000197258982395742));
#1733=VECTOR('',#2223,1.0);
#1734=CARTESIAN_POINT('',(0.000256581870594877,0.00974341812940512,-0.000258499999999999));
#1735=AXIS2_PLACEMENT_3D('',#2224,#2225,#2226);
#1736=AXIS2_PLACEMENT_3D('',#2227,#2228,#2229);
#1737=CARTESIAN_POINT('',(3.16571197579589E-20,0.00983293371416053,0.000197258982395743));
#1738=VECTOR('',#2230,1.0);
#1739=CARTESIAN_POINT('',(0.000256581870594876,0.000256581870594876,-0.008210888));
#1740=AXIS2_PLACEMENT_3D('',#2231,#2232,#2233);
#1741=CARTESIAN_POINT('',(3.14323667902125E-05,0.000397006572663658,-0.008469388));
#1742=AXIS2_PLACEMENT_3D('',#2234,#2235,#2236);
#1743=AXIS2_PLACEMENT_3D('',#2237,#2238,#2239);
#1744=CARTESIAN_POINT('',(0.00983293371416053,-3.1657119757959E-20,0.000197258982395742));
#1745=VECTOR('',#2240,1.0);
#1746=CARTESIAN_POINT('',(0.00974341812940513,0.000256581870594876,-0.000258499999999999));
#1747=AXIS2_PLACEMENT_3D('',#2241,#2242,#2243);
#1748=CARTESIAN_POINT('',(0.01,-5.33822019651179E-19,-0.000338753902045081));
#1749=AXIS2_PLACEMENT_3D('',#2244,#2245,#2246);
#1750=CARTESIAN_POINT('',(0.000399974475186496,3.1657119757959E-20,-0.008469388));
#1751=CARTESIAN_POINT('',(0.0101670662858395,3.16571197579589E-20,-0.000197258982395743));
#1752=VECTOR('',#2247,1.0);
#1753=CARTESIAN_POINT('',(0.000397006572663656,3.14323667902106E-05,-0.008469388));
#1754=AXIS2_PLACEMENT_3D('',#2248,#2249,#2250);
#1755=AXIS2_PLACEMENT_3D('',#2251,#2252,#2253);
#1756=CARTESIAN_POINT('',(-0.0096000255248135,0.01,-0.008469388));
#1757=CARTESIAN_POINT('',(-0.00960299342733634,0.00996856763320979,-0.008469388));
#1758=AXIS2_PLACEMENT_3D('',#2254,#2255,#2256);
#1759=CARTESIAN_POINT('',(-3.14323667902125E-05,0.000397006572663658,-0.008469388));
#1760=CARTESIAN_POINT('',(0.000182787102936723,0.000182787102936723,-0.008469388));
#1761=VECTOR('',#2257,1.0);
#1762=AXIS2_PLACEMENT_3D('',#2258,#2259,#2260);
#1763=CARTESIAN_POINT('',(0.00960299342733634,0.00996856763320979,-0.008469388));
#1764=CARTESIAN_POINT('',(-0.000182787102936723,0.000182787102936723,-0.008469388));
#1765=VECTOR('',#2261,1.0);
#1766=CARTESIAN_POINT('',(0.0096000255248135,0.01,-0.008469388));
#1767=AXIS2_PLACEMENT_3D('',#2262,#2263,#2264);
#1768=CARTESIAN_POINT('',(0.01,0.01,-0.008469388));
#1769=CARTESIAN_POINT('',(0.0,0.01,-0.008469388));
#1770=VECTOR('',#2265,1.0);
#1771=CARTESIAN_POINT('',(0.01,0.0096000255248135,-0.008469388));
#1772=CARTESIAN_POINT('',(0.01,0.0,-0.008469388));
#1773=VECTOR('',#2266,1.0);
#1774=CARTESIAN_POINT('',(0.00996856763320979,0.00960299342733634,-0.008469388));
#1775=AXIS2_PLACEMENT_3D('',#2267,#2268,#2269);
#1776=CARTESIAN_POINT('',(0.000182787102936723,-0.000182787102936723,-0.008469388));
#1777=VECTOR('',#2270,1.0);
#1778=CARTESIAN_POINT('',(0.000397006572663656,-3.14323667902068E-05,-0.008469388));
#1779=AXIS2_PLACEMENT_3D('',#2271,#2272,#2273);
#1780=CARTESIAN_POINT('',(0.00996856763320979,-0.00960299342733634,-0.008469388));
#1781=CARTESIAN_POINT('',(0.0101827871029367,-0.00981721289706328,-0.008469388));
#1782=VECTOR('',#2274,1.0);
#1783=CARTESIAN_POINT('',(0.01,-0.0096000255248135,-0.008469388));
#1784=AXIS2_PLACEMENT_3D('',#2275,#2276,#2277);
#1785=CARTESIAN_POINT('',(0.01,-0.01,-0.008469388));
#1786=CARTESIAN_POINT('',(0.01,0.0,-0.008469388));
#1787=VECTOR('',#2278,1.0);
#1788=CARTESIAN_POINT('',(0.0096000255248135,-0.01,-0.008469388));
#1789=CARTESIAN_POINT('',(0.0,-0.01,-0.008469388));
#1790=VECTOR('',#2279,1.0);
#1791=CARTESIAN_POINT('',(0.00960299342733634,-0.00996856763320979,-0.008469388));
#1792=AXIS2_PLACEMENT_3D('',#2280,#2281,#2282);
#1793=CARTESIAN_POINT('',(0.00981721289706328,-0.0101827871029367,-0.008469388));
#1794=VECTOR('',#2283,1.0);
#1795=CARTESIAN_POINT('',(-3.14323667902113E-05,-0.000397006572663657,-0.008469388));
#1796=AXIS2_PLACEMENT_3D('',#2284,#2285,#2286);
#1797=CARTESIAN_POINT('',(-0.00960299342733634,-0.00996856763320979,-0.008469388));
#1798=CARTESIAN_POINT('',(-0.00981721289706328,-0.0101827871029367,-0.008469388));
#1799=VECTOR('',#2287,1.0);
#1800=CARTESIAN_POINT('',(-0.0096000255248135,-0.01,-0.008469388));
#1801=AXIS2_PLACEMENT_3D('',#2288,#2289,#2290);
#1802=CARTESIAN_POINT('',(-0.01,-0.01,-0.008469388));
#1803=CARTESIAN_POINT('',(0.0,-0.01,-0.008469388));
#1804=VECTOR('',#2291,1.0);
#1805=CARTESIAN_POINT('',(-0.01,-0.0096000255248135,-0.008469388));
#1806=CARTESIAN_POINT('',(-0.01,0.0,-0.008469388));
#1807=VECTOR('',#2292,1.0);
#1808=CARTESIAN_POINT('',(-0.00996856763320979,-0.00960299342733634,-0.008469388));
#1809=AXIS2_PLACEMENT_3D('',#2293,#2294,#2295);
#1810=CARTESIAN_POINT('',(-0.000397006572663657,-3.14323667902135E-05,-0.008469388));
#1811=CARTESIAN_POINT('',(-0.0101827871029367,-0.00981721289706328,-0.008469388));
#1812=VECTOR('',#2296,1.0);
#1813=AXIS2_PLACEMENT_3D('',#2297,#2298,#2299);
#1814=CARTESIAN_POINT('',(-0.00996856763320979,0.00960299342733634,-0.008469388));
#1815=CARTESIAN_POINT('',(-0.000182787102936723,-0.000182787102936723,-0.008469388));
#1816=VECTOR('',#2300,1.0);
#1817=CARTESIAN_POINT('',(-0.01,0.0096000255248135,-0.008469388));
#1818=AXIS2_PLACEMENT_3D('',#2301,#2302,#2303);
#1819=CARTESIAN_POINT('',(-0.01,0.01,-0.008469388));
#1820=CARTESIAN_POINT('',(-0.01,0.0,-0.008469388));
#1821=VECTOR('',#2304,1.0);
#1822=CARTESIAN_POINT('',(0.0,0.01,-0.008469388));
#1823=VECTOR('',#2305,1.0);
#1824=CARTESIAN_POINT('',(0.00974341812940513,-0.00974341812940512,-0.008210888));
#1825=AXIS2_PLACEMENT_3D('',#2306,#2307,#2308);
#1826=CARTESIAN_POINT('',(0.01,-0.01,-0.00813063409795492));
#1827=AXIS2_PLACEMENT_3D('',#2309,#2310,#2311);
#1828=CARTESIAN_POINT('',(0.01,-0.000399974475186497,-2.71050543121376E-20));
#1829=CARTESIAN_POINT('',(0.01,-0.000167066285839472,0.000197258982395743));
#1830=VECTOR('',#2312,1.0);
#1831=AXIS2_PLACEMENT_3D('',#2313,#2314,#2315);
#1832=CARTESIAN_POINT('',(0.00974341812940513,-0.000256581870594876,-0.000258499999999999));
#1833=AXIS2_PLACEMENT_3D('',#2316,#2317,#2318);
#1834=AXIS2_PLACEMENT_3D('',#2319,#2320,#2321);
#1835=CARTESIAN_POINT('',(0.01,0.000167066285839472,-0.000197258982395743));
#1836=VECTOR('',#2322,1.0);
#1837=AXIS2_PLACEMENT_3D('',#2323,#2324,#2325);
#1838=AXIS2_PLACEMENT_3D('',#2326,#2327,#2328);
#1839=AXIS2_PLACEMENT_3D('',#2329,#2330,#2331);
#1840=CARTESIAN_POINT('',(0.01,-0.01,0.0));
#1841=VECTOR('',#2332,1.0);
#1842=CARTESIAN_POINT('',(0.000399974475186508,-0.01,5.20417042793042E-18));
#1843=CARTESIAN_POINT('',(0.0101670662858395,-0.01,-0.00827212901760426));
#1844=VECTOR('',#2333,1.0);
#1845=CARTESIAN_POINT('',(0.01,-0.01,0.00813063409795492));
#1846=CARTESIAN_POINT('',(0.0101670662858395,-0.01,0.00827212901760426));
#1847=VECTOR('',#2334,1.0);
#1848=CARTESIAN_POINT('',(0.01,-0.01,0.008469388));
#1849=CARTESIAN_POINT('',(0.01,-0.01,0.0));
#1850=VECTOR('',#2335,1.0);
#1851=CARTESIAN_POINT('',(0.0096000255248135,-0.01,0.008469388));
#1852=CARTESIAN_POINT('',(0.0,-0.01,0.008469388));
#1853=VECTOR('',#2336,1.0);
#1854=CARTESIAN_POINT('',(0.00983293371416053,-0.01,0.00866664698239575));
#1855=VECTOR('',#2337,1.0);
#1856=CARTESIAN_POINT('',(-0.0096000255248135,-0.01,0.008469388));
#1857=CARTESIAN_POINT('',(-0.00983293371416053,-0.01,0.00866664698239575));
#1858=VECTOR('',#2338,1.0);
#1859=CARTESIAN_POINT('',(-0.01,-0.01,0.008469388));
#1860=CARTESIAN_POINT('',(0.0,-0.01,0.008469388));
#1861=VECTOR('',#2339,1.0);
#1862=CARTESIAN_POINT('',(-0.01,-0.01,0.00813063409795491));
#1863=CARTESIAN_POINT('',(-0.01,-0.01,0.0));
#1864=VECTOR('',#2340,1.0);
#1865=CARTESIAN_POINT('',(-0.000399974475186506,-0.01,6.93889390390723E-18));
#1866=CARTESIAN_POINT('',(-0.0101670662858395,-0.01,0.00827212901760426));
#1867=VECTOR('',#2341,1.0);
#1868=CARTESIAN_POINT('',(-0.01,-0.01,-0.00813063409795492));
#1869=CARTESIAN_POINT('',(-0.0101670662858395,-0.01,-0.00827212901760426));
#1870=VECTOR('',#2342,1.0);
#1871=CARTESIAN_POINT('',(-0.01,-0.01,0.0));
#1872=VECTOR('',#2343,1.0);
#1873=CARTESIAN_POINT('',(-0.00983293371416053,-0.01,-0.00866664698239575));
#1874=VECTOR('',#2344,1.0);
#1875=CARTESIAN_POINT('',(0.00983293371416053,-0.01,-0.00866664698239575));
#1876=VECTOR('',#2345,1.0);
#1877=CARTESIAN_POINT('',(0.01,-0.000167066285839472,-0.000197258982395743));
#1878=VECTOR('',#2346,1.0);
#1879=AXIS2_PLACEMENT_3D('',#2347,#2348,#2349);
#1880=CARTESIAN_POINT('',(0.01,0.000399974475186497,-2.71050543121376E-20));
#1881=AXIS2_PLACEMENT_3D('',#2350,#2351,#2352);
#1882=CARTESIAN_POINT('',(0.01,0.01,-0.00813063409795491));
#1883=CARTESIAN_POINT('',(0.01,0.000167066285839472,0.000197258982395743));
#1884=VECTOR('',#2353,1.0);
#1885=CARTESIAN_POINT('',(0.00974341812940513,0.00974341812940512,-0.008210888));
#1886=AXIS2_PLACEMENT_3D('',#2354,#2355,#2356);
#1887=AXIS2_PLACEMENT_3D('',#2357,#2358,#2359);
#1888=CARTESIAN_POINT('',(0.01,0.01,0.0));
#1889=VECTOR('',#2360,1.0);
#1890=CARTESIAN_POINT('',(0.01,0.01,0.00813063409795491));
#1891=CARTESIAN_POINT('',(0.01,0.000167066285839472,-0.000197258982395743));
#1892=VECTOR('',#2361,1.0);
#1893=CARTESIAN_POINT('',(0.01,0.01,0.008469388));
#1894=CARTESIAN_POINT('',(0.01,0.01,0.0));
#1895=VECTOR('',#2362,1.0);
#1896=CARTESIAN_POINT('',(0.01,0.0096000255248135,0.008469388));
#1897=CARTESIAN_POINT('',(0.01,0.0,0.008469388));
#1898=VECTOR('',#2363,1.0);
#1899=CARTESIAN_POINT('',(0.01,-0.000167066285839472,0.000197258982395743));
#1900=VECTOR('',#2364,1.0);
#1901=CARTESIAN_POINT('',(0.01,-0.0096000255248135,0.008469388));
#1902=CARTESIAN_POINT('',(0.01,0.000167066285839472,0.000197258982395743));
#1903=VECTOR('',#2365,1.0);
#1904=CARTESIAN_POINT('',(0.01,0.0,0.008469388));
#1905=VECTOR('',#2366,1.0);
#1906=CARTESIAN_POINT('',(0.01,-0.000167066285839472,-0.000197258982395743));
#1907=VECTOR('',#2367,1.0);
#1908=AXIS2_PLACEMENT_3D('',#2368,#2369,#2370);
#1909=CARTESIAN_POINT('',(0.000399974475186497,0.01,-2.71050543121376E-20));
#1910=CARTESIAN_POINT('',(0.000167066285839472,0.01,0.000197258982395743));
#1911=VECTOR('',#2371,1.0);
#1912=AXIS2_PLACEMENT_3D('',#2372,#2373,#2374);
#1913=AXIS2_PLACEMENT_3D('',#2375,#2376,#2377);
#1914=CARTESIAN_POINT('',(-0.000167066285839472,0.01,-0.000197258982395743));
#1915=VECTOR('',#2378,1.0);
#1916=AXIS2_PLACEMENT_3D('',#2379,#2380,#2381);
#1917=AXIS2_PLACEMENT_3D('',#2382,#2383,#2384);
#1918=CARTESIAN_POINT('',(-0.000256581870594877,0.00974341812940512,-0.000258499999999999));
#1919=AXIS2_PLACEMENT_3D('',#2385,#2386,#2387);
#1920=AXIS2_PLACEMENT_3D('',#2388,#2389,#2390);
#1921=CARTESIAN_POINT('',(0.000167066285839472,0.01,-0.000197258982395743));
#1922=VECTOR('',#2391,1.0);
#1923=CARTESIAN_POINT('',(-0.01,0.01,-0.00813063409795492));
#1924=CARTESIAN_POINT('',(-0.01,0.01,0.0));
#1925=VECTOR('',#2392,1.0);
#1926=CARTESIAN_POINT('',(-0.000399974475186497,0.01,-2.71050543121376E-20));
#1927=CARTESIAN_POINT('',(-0.000167066285839472,0.01,0.000197258982395743));
#1928=VECTOR('',#2393,1.0);
#1929=CARTESIAN_POINT('',(-0.01,0.01,0.00813063409795492));
#1930=CARTESIAN_POINT('',(-0.000167066285839472,0.01,-0.000197258982395743));
#1931=VECTOR('',#2394,1.0);
#1932=CARTESIAN_POINT('',(-0.01,0.01,0.008469388));
#1933=CARTESIAN_POINT('',(-0.01,0.01,0.0));
#1934=VECTOR('',#2395,1.0);
#1935=CARTESIAN_POINT('',(-0.0096000255248135,0.01,0.008469388));
#1936=CARTESIAN_POINT('',(0.0,0.01,0.008469388));
#1937=VECTOR('',#2396,1.0);
#1938=CARTESIAN_POINT('',(0.000167066285839472,0.01,0.000197258982395743));
#1939=VECTOR('',#2397,1.0);
#1940=CARTESIAN_POINT('',(0.0096000255248135,0.01,0.008469388));
#1941=CARTESIAN_POINT('',(-0.000167066285839472,0.01,0.000197258982395743));
#1942=VECTOR('',#2398,1.0);
#1943=CARTESIAN_POINT('',(0.0,0.01,0.008469388));
#1944=VECTOR('',#2399,1.0);
#1945=CARTESIAN_POINT('',(0.000167066285839472,0.01,-0.000197258982395743));
#1946=VECTOR('',#2400,1.0);
#1947=AXIS2_PLACEMENT_3D('',#2401,#2402,#2403);
#1948=AXIS2_PLACEMENT_3D('',#2404,#2405,#2406);
#1949=CARTESIAN_POINT('',(-0.00974341812940512,0.00974341812940512,-0.008210888));
#1950=AXIS2_PLACEMENT_3D('',#2407,#2408,#2409);
#1951=AXIS2_PLACEMENT_3D('',#2410,#2411,#2412);
#1952=CARTESIAN_POINT('',(0.00960299342733634,-0.00996856763320979,0.008469388));
#1953=AXIS2_PLACEMENT_3D('',#2413,#2414,#2415);
#1954=CARTESIAN_POINT('',(0.00996856763320978,-0.00960299342733634,0.008469388));
#1955=AXIS2_PLACEMENT_3D('',#2416,#2417,#2418);
#1956=CARTESIAN_POINT('',(0.000397006572663656,-3.14323667902118E-05,0.008469388));
#1957=CARTESIAN_POINT('',(0.0101827871029367,-0.00981721289706328,0.008469388));
#1958=VECTOR('',#2419,1.0);
#1959=AXIS2_PLACEMENT_3D('',#2420,#2421,#2422);
#1960=CARTESIAN_POINT('',(0.00996856763320978,0.00960299342733634,0.008469388));
#1961=CARTESIAN_POINT('',(0.0101827871029367,0.00981721289706328,0.008469388));
#1962=VECTOR('',#2423,1.0);
#1963=AXIS2_PLACEMENT_3D('',#2424,#2425,#2426);
#1964=CARTESIAN_POINT('',(0.00960299342733634,0.00996856763320978,0.008469388));
#1965=AXIS2_PLACEMENT_3D('',#2427,#2428,#2429);
#1966=CARTESIAN_POINT('',(0.00981721289706328,0.0101827871029367,0.008469388));
#1967=VECTOR('',#2430,1.0);
#1968=CARTESIAN_POINT('',(-3.14323667902102E-05,0.000397006572663654,0.008469388));
#1969=AXIS2_PLACEMENT_3D('',#2431,#2432,#2433);
#1970=CARTESIAN_POINT('',(-0.00960299342733634,0.00996856763320978,0.008469388));
#1971=CARTESIAN_POINT('',(-0.00981721289706328,0.0101827871029367,0.008469388));
#1972=VECTOR('',#2434,1.0);
#1973=AXIS2_PLACEMENT_3D('',#2435,#2436,#2437);
#1974=CARTESIAN_POINT('',(-0.01,0.0096000255248135,0.008469388));
#1975=CARTESIAN_POINT('',(-0.01,0.0,0.008469388));
#1976=VECTOR('',#2438,1.0);
#1977=CARTESIAN_POINT('',(-0.00996856763320979,0.00960299342733634,0.008469388));
#1978=AXIS2_PLACEMENT_3D('',#2439,#2440,#2441);
#1979=CARTESIAN_POINT('',(-0.0101827871029367,0.00981721289706328,0.008469388));
#1980=VECTOR('',#2442,1.0);
#1981=CARTESIAN_POINT('',(-0.000397006572663656,-3.14323667902127E-05,0.008469388));
#1982=AXIS2_PLACEMENT_3D('',#2443,#2444,#2445);
#1983=CARTESIAN_POINT('',(-0.00996856763320979,-0.00960299342733634,0.008469388));
#1984=CARTESIAN_POINT('',(-0.0101827871029367,-0.00981721289706328,0.008469388));
#1985=VECTOR('',#2446,1.0);
#1986=CARTESIAN_POINT('',(-0.01,-0.0096000255248135,0.008469388));
#1987=AXIS2_PLACEMENT_3D('',#2447,#2448,#2449);
#1988=CARTESIAN_POINT('',(-0.01,0.0,0.008469388));
#1989=VECTOR('',#2450,1.0);
#1990=CARTESIAN_POINT('',(-0.00960299342733634,-0.00996856763320979,0.008469388));
#1991=AXIS2_PLACEMENT_3D('',#2451,#2452,#2453);
#1992=CARTESIAN_POINT('',(-3.14323667902118E-05,-0.000397006572663656,0.008469388));
#1993=CARTESIAN_POINT('',(-0.00981721289706328,-0.0101827871029367,0.008469388));
#1994=VECTOR('',#2454,1.0);
#1995=AXIS2_PLACEMENT_3D('',#2455,#2456,#2457);
#1996=CARTESIAN_POINT('',(0.00981721289706328,-0.0101827871029367,0.008469388));
#1997=VECTOR('',#2458,1.0);
#1998=CARTESIAN_POINT('',(-0.00974341812940512,-0.00974341812940512,0.008210888));
#1999=AXIS2_PLACEMENT_3D('',#2459,#2460,#2461);
#2000=AXIS2_PLACEMENT_3D('',#2462,#2463,#2464);
#2001=CARTESIAN_POINT('',(-0.01,-0.000399974475186508,5.20417042793042E-18));
#2002=CARTESIAN_POINT('',(-0.01,-0.0101670662858395,0.00827212901760426));
#2003=VECTOR('',#2465,1.0);
#2004=AXIS2_PLACEMENT_3D('',#2466,#2467,#2468);
#2005=AXIS2_PLACEMENT_3D('',#2469,#2470,#2471);
#2006=CARTESIAN_POINT('',(-0.01,-0.00983293371416053,0.00866664698239575));
#2007=VECTOR('',#2472,1.0);
#2008=CARTESIAN_POINT('',(-0.00974341812940512,-0.00974341812940512,-0.008210888));
#2009=AXIS2_PLACEMENT_3D('',#2473,#2474,#2475);
#2010=AXIS2_PLACEMENT_3D('',#2476,#2477,#2478);
#2011=AXIS2_PLACEMENT_3D('',#2479,#2480,#2481);
#2012=CARTESIAN_POINT('',(-0.000256581870594877,-0.00974341812940512,-0.000258499999999999));
#2013=AXIS2_PLACEMENT_3D('',#2482,#2483,#2484);
#2014=AXIS2_PLACEMENT_3D('',#2485,#2486,#2487);
#2015=AXIS2_PLACEMENT_3D('',#2488,#2489,#2490);
#2016=AXIS2_PLACEMENT_3D('',#2491,#2492,#2493);
#2017=CARTESIAN_POINT('',(0.00974341812940513,-0.00974341812940512,0.008210888));
#2018=AXIS2_PLACEMENT_3D('',#2494,#2495,#2496);
#2019=AXIS2_PLACEMENT_3D('',#2497,#2498,#2499);
#2020=AXIS2_PLACEMENT_3D('',#2500,#2501,#2502);
#2021=AXIS2_PLACEMENT_3D('',#2503,#2504,#2505);
#2022=CARTESIAN_POINT('',(-0.000256581870594876,-0.000256581870594876,-0.008210888));
#2023=AXIS2_PLACEMENT_3D('',#2506,#2507,#2508);
#2024=AXIS2_PLACEMENT_3D('',#2509,#2510,#2511);
#2025=AXIS2_PLACEMENT_3D('',#2512,#2513,#2514);
#2026=AXIS2_PLACEMENT_3D('',#2515,#2516,#2517);
#2027=AXIS2_PLACEMENT_3D('',#2518,#2519,#2520);
#2028=AXIS2_PLACEMENT_3D('',#2521,#2522,#2523);
#2029=CARTESIAN_POINT('',(-0.00974341812940512,-0.000256581870594877,-0.000258499999999999));
#2030=AXIS2_PLACEMENT_3D('',#2524,#2525,#2526);
#2031=AXIS2_PLACEMENT_3D('',#2527,#2528,#2529);
#2032=AXIS2_PLACEMENT_3D('',#2530,#2531,#2532);
#2033=CARTESIAN_POINT('',(-0.01,-0.00983293371416053,-0.00866664698239575));
#2034=VECTOR('',#2533,1.0);
#2035=AXIS2_PLACEMENT_3D('',#2534,#2535,#2536);
#2036=CARTESIAN_POINT('',(-0.01,-0.0101670662858395,-0.00827212901760426));
#2037=VECTOR('',#2537,1.0);
#2038=AXIS2_PLACEMENT_3D('',#2538,#2539,#2540);
#2039=AXIS2_PLACEMENT_3D('',#2541,#2542,#2543);
#2040=CARTESIAN_POINT('',(-0.000256581870594878,-0.000256581870594877,0.008210888));
#2041=AXIS2_PLACEMENT_3D('',#2544,#2545,#2546);
#2042=AXIS2_PLACEMENT_3D('',#2547,#2548,#2549);
#2043=AXIS2_PLACEMENT_3D('',#2550,#2551,#2552);
#2044=AXIS2_PLACEMENT_3D('',#2553,#2554,#2555);
#2045=CARTESIAN_POINT('',(-0.01,0.000399974475186506,6.93889390390723E-18));
#2046=CARTESIAN_POINT('',(-0.01,0.0101670662858395,-0.00827212901760426));
#2047=VECTOR('',#2556,1.0);
#2048=AXIS2_PLACEMENT_3D('',#2557,#2558,#2559);
#2049=CARTESIAN_POINT('',(-0.01,0.00983293371416053,-0.00866664698239575));
#2050=VECTOR('',#2560,1.0);
#2051=CARTESIAN_POINT('',(-0.01,0.00983293371416053,0.00866664698239575));
#2052=VECTOR('',#2561,1.0);
#2053=CARTESIAN_POINT('',(-0.01,0.0101670662858395,0.00827212901760426));
#2054=VECTOR('',#2562,1.0);
#2055=CARTESIAN_POINT('',(-0.00974341812940512,0.00974341812940512,0.008210888));
#2056=AXIS2_PLACEMENT_3D('',#2563,#2564,#2565);
#2057=AXIS2_PLACEMENT_3D('',#2566,#2567,#2568);
#2058=AXIS2_PLACEMENT_3D('',#2569,#2570,#2571);
#2059=AXIS2_PLACEMENT_3D('',#2572,#2573,#2574);
#2060=AXIS2_PLACEMENT_3D('',#2575,#2576,#2577);
#2061=CARTESIAN_POINT('',(0.00974341812940512,0.00974341812940513,0.008210888));
#2062=AXIS2_PLACEMENT_3D('',#2578,#2579,#2580);
#2063=AXIS2_PLACEMENT_3D('',#2581,#2582,#2583);
#2064=AXIS2_PLACEMENT_3D('',#2584,#2585,#2586);
#2065=AXIS2_PLACEMENT_3D('',#2587,#2588,#2589);
#2066=AXIS2_PLACEMENT_3D('',#2590,#2591,#2592);
#2067=AXIS2_PLACEMENT_3D('',#2593,#2594,#2595);
#2068=DIRECTION('',(0.0,-0.763090840989334,0.646291241158497));
#2069=CARTESIAN_POINT('',(0.0,0.01,-9.6118960247689E-19));
#2070=DIRECTION('',(-0.0,5.10851930863225E-16,-1.0));
#2071=DIRECTION('',(0.0,-1.0,-5.10851930863225E-16));
#2072=CARTESIAN_POINT('',(0.0,0.01,-1.33098331883071E-18));
#2073=DIRECTION('',(0.736878826959415,0.0583412143872818,-0.673502707554122));
#2074=DIRECTION('',(0.402965557819734,-0.837835275644247,0.368308036970631));
#2075=CARTESIAN_POINT('',(0.0,0.01,-9.61189602476891E-19));
#2076=DIRECTION('',(0.707106781186547,0.707106781186548,1.22901821116246E-15));
#2077=DIRECTION('',(-0.45317948586631,0.45317948586631,-0.76763057988846));
#2078=DIRECTION('',(-0.0,0.763090840989334,-0.646291241158497));
#2079=CARTESIAN_POINT('',(0.0,-1.73472347597681E-18,0.008469388));
#2080=DIRECTION('',(-0.0,-0.0,-1.0));
#2081=DIRECTION('',(0.0,-1.0,0.0));
#2082=CARTESIAN_POINT('',(-1.73472347597681E-18,-1.73472347597681E-18,0.008469388));
#2083=DIRECTION('',(-0.736878826959417,0.0583412143872795,-0.67350270755412));
#2084=DIRECTION('',(-0.402965557819731,-0.837835275644247,0.368308036970633));
#2085=CARTESIAN_POINT('',(0.0,1.73472347597681E-18,0.008469388));
#2086=DIRECTION('',(0.707106781186547,-0.707106781186548,-1.76337395514613E-15));
#2087=DIRECTION('',(0.453179485866309,0.453179485866311,-0.767630579888461));
#2088=DIRECTION('',(-0.763090840989334,0.0,0.646291241158497));
#2089=CARTESIAN_POINT('',(0.01,0.0,9.6118960247689E-19));
#2090=DIRECTION('',(0.707106781186548,0.707106781186547,9.6184033917062E-16));
#2091=DIRECTION('',(-0.45317948586631,0.45317948586631,0.767630579888461));
#2092=CARTESIAN_POINT('',(0.01,0.0,5.31807507843043E-19));
#2093=DIRECTION('',(0.0583412143872794,0.736878826959416,-0.673502707554121));
#2094=DIRECTION('',(0.837835275644247,-0.402965557819732,-0.368308036970633));
#2095=CARTESIAN_POINT('',(0.01,0.0,9.6118960247689E-19));
#2096=DIRECTION('',(4.37885510927252E-16,0.0,-1.0));
#2097=DIRECTION('',(1.0,0.0,4.37885510927252E-16));
#2098=DIRECTION('',(0.763090840989334,-0.0,-0.646291241158497));
#2099=CARTESIAN_POINT('',(0.0,0.0,0.008469388));
#2100=DIRECTION('',(0.0583412143872797,-0.736878826959418,-0.67350270755412));
#2101=DIRECTION('',(0.837835275644247,0.402965557819731,-0.368308036970633));
#2102=CARTESIAN_POINT('',(1.73472347597681E-18,0.0,0.008469388));
#2103=DIRECTION('',(0.0,0.0,-1.0));
#2104=DIRECTION('',(1.0,0.0,0.0));
#2105=DIRECTION('',(0.0,0.763090840989334,0.646291241158497));
#2106=CARTESIAN_POINT('',(0.0,-0.01,9.6118960247689E-19));
#2107=DIRECTION('',(0.707106781186548,-0.707106781186547,2.93895659191021E-15));
#2108=DIRECTION('',(0.453179485866308,0.453179485866312,0.767630579888461));
#2109=CARTESIAN_POINT('',(0.0,-0.01,-6.00413363380199E-19));
#2110=DIRECTION('',(0.736878826959416,-0.0583412143872803,-0.673502707554122));
#2111=DIRECTION('',(-0.402965557819733,-0.837835275644247,-0.368308036970632));
#2112=CARTESIAN_POINT('',(0.0,-0.01,6.44348532252372E-19));
#2113=DIRECTION('',(-0.0,1.6109741301665E-15,-1.0));
#2114=DIRECTION('',(0.0,-1.0,-1.6109741301665E-15));
#2115=DIRECTION('',(-0.0,-0.763090840989334,-0.646291241158497));
#2116=CARTESIAN_POINT('',(3.46944695195361E-18,0.0,0.008469388));
#2117=DIRECTION('',(-0.707106781186547,-0.707106781186549,-3.79392578228409E-15));
#2118=DIRECTION('',(-0.453179485866313,0.453179485866307,0.76763057988846));
#2119=CARTESIAN_POINT('',(0.0,0.0,0.008469388));
#2120=DIRECTION('',(-0.736878826959418,-0.0583412143872797,-0.67350270755412));
#2121=DIRECTION('',(0.402965557819731,-0.837835275644247,-0.368308036970633));
#2122=CARTESIAN_POINT('',(0.0,-1.73472347597681E-18,0.008469388));
#2123=DIRECTION('',(-0.0,-0.0,-1.0));
#2124=DIRECTION('',(0.0,-1.0,0.0));
#2125=DIRECTION('',(-0.763090840989334,0.0,-0.646291241158497));
#2126=CARTESIAN_POINT('',(2.17177996246162E-19,0.0,0.008469388));
#2127=DIRECTION('',(-0.0,0.0,-1.0));
#2128=DIRECTION('',(-1.0,0.0,0.0));
#2129=CARTESIAN_POINT('',(1.73472347597681E-18,-1.73472347597681E-18,0.008469388));
#2130=DIRECTION('',(-0.0583412143872832,-0.736878826959412,-0.673502707554125));
#2131=DIRECTION('',(0.837835275644246,-0.402965557819738,0.36830803697063));
#2132=CARTESIAN_POINT('',(0.0,3.46944695195361E-18,0.008469388));
#2133=DIRECTION('',(-0.707106781186547,-0.707106781186548,3.20613446390208E-15));
#2134=DIRECTION('',(-0.453179485866313,0.453179485866308,-0.76763057988846));
#2135=DIRECTION('',(0.763090840989334,-0.0,0.646291241158497));
#2136=CARTESIAN_POINT('',(-0.01,0.0,3.46944695195361E-18));
#2137=DIRECTION('',(8.67417089637002E-15,0.0,-1.0));
#2138=DIRECTION('',(-1.0,0.0,-8.67417089637002E-15));
#2139=CARTESIAN_POINT('',(-0.01,0.0,0.0));
#2140=DIRECTION('',(-0.0583412143872827,0.736878826959416,-0.673502707554122));
#2141=DIRECTION('',(-0.837835275644246,-0.402965557819735,-0.368308036970631));
#2142=CARTESIAN_POINT('',(-0.01,0.0,3.46944695195361E-18));
#2143=DIRECTION('',(-0.707106781186545,0.70710678118655,3.95423250547916E-15));
#2144=DIRECTION('',(0.453179485866314,0.453179485866307,0.76763057988846));
#2145=DIRECTION('',(-0.707106781186548,0.707106781186548,0.0));
#2146=CARTESIAN_POINT('',(0.01,-1.12936647959241E-19,-9.56504290986222E-20));
#2147=DIRECTION('',(-0.736878826959417,-0.05834121438728,-0.67350270755412));
#2148=DIRECTION('',(0.402965557819732,-0.837835275644246,-0.368308036970634));
#2149=DIRECTION('',(0.707106781186548,-0.707106781186548,-0.0));
#2150=CARTESIAN_POINT('',(-1.40702021116863E-18,0.01,-1.19166000922291E-18));
#2151=DIRECTION('',(-0.058341214387281,-0.736878826959416,-0.673502707554121));
#2152=DIRECTION('',(0.837835275644246,-0.402965557819733,0.368308036970633));
#2153=DIRECTION('',(-0.707106781186548,-0.707106781186548,0.0));
#2154=CARTESIAN_POINT('',(0.01,-1.12936647959241E-19,9.56504290986222E-20));
#2155=DIRECTION('',(-0.736878826959417,0.05834121438728,-0.67350270755412));
#2156=DIRECTION('',(-0.402965557819732,-0.837835275644246,0.368308036970634));
#2157=CARTESIAN_POINT('',(0.01,0.0,2.23352472560934E-19));
#2158=DIRECTION('',(0.0583412143872792,-0.736878826959416,-0.673502707554121));
#2159=DIRECTION('',(0.837835275644247,0.402965557819732,-0.368308036970633));
#2160=DIRECTION('',(0.707106781186548,0.707106781186548,-0.0));
#2161=CARTESIAN_POINT('',(0.0,-0.01,-1.73472347597681E-18));
#2162=DIRECTION('',(-0.0583412143872796,0.736878826959415,-0.673502707554123));
#2163=DIRECTION('',(-0.837835275644247,-0.402965557819732,-0.368308036970632));
#2164=DIRECTION('',(-0.707106781186548,-0.707106781186548,0.0));
#2165=CARTESIAN_POINT('',(0.0,0.01,-2.23352472560934E-19));
#2166=DIRECTION('',(-0.736878826959416,0.0583412143872792,-0.673502707554121));
#2167=DIRECTION('',(-0.402965557819732,-0.837835275644247,0.368308036970633));
#2168=CARTESIAN_POINT('',(1.12936647959241E-19,0.01,-9.56504290986222E-20));
#2169=DIRECTION('',(0.05834121438728,-0.736878826959417,-0.67350270755412));
#2170=DIRECTION('',(0.837835275644246,0.402965557819732,-0.368308036970634));
#2171=DIRECTION('',(0.707106781186548,0.707106781186548,-0.0));
#2172=CARTESIAN_POINT('',(-0.01,0.0,1.73472347597681E-18));
#2173=DIRECTION('',(0.736878826959415,-0.0583412143872796,-0.673502707554123));
#2174=DIRECTION('',(0.402965557819732,0.837835275644247,0.368308036970632));
#2175=DIRECTION('',(-0.763090840989334,0.0,0.646291241158497));
#2176=CARTESIAN_POINT('',(0.0,3.46944695195361E-18,-0.008469388));
#2177=DIRECTION('',(-0.707106781186548,-0.707106781186547,-7.48098041577149E-16));
#2178=DIRECTION('',(0.453179485866311,-0.453179485866311,-0.76763057988846));
#2179=CARTESIAN_POINT('',(-2.0834407174176E-19,0.0,-0.008469388));
#2180=DIRECTION('',(0.0583412143872804,0.736878826959417,-0.673502707554121));
#2181=DIRECTION('',(0.837835275644247,-0.402965557819733,-0.368308036970633));
#2182=CARTESIAN_POINT('',(-2.17177996246162E-19,0.0,-0.008469388));
#2183=DIRECTION('',(0.0,0.0,-1.0));
#2184=DIRECTION('',(1.0,0.0,0.0));
#2185=DIRECTION('',(0.763090840989334,-0.0,-0.646291241158497));
#2186=CARTESIAN_POINT('',(-0.01,3.46944695195361E-18,-1.73472347597681E-18));
#2187=DIRECTION('',(0.707106781186549,-0.707106781186546,1.87024510394284E-15));
#2188=DIRECTION('',(0.453179485866312,0.453179485866311,-0.767630579888459));
#2189=CARTESIAN_POINT('',(-0.01,-1.73472347597681E-18,0.0));
#2190=DIRECTION('',(0.0583412143872797,-0.736878826959415,-0.673502707554123));
#2191=DIRECTION('',(0.837835275644246,0.402965557819734,-0.368308036970633));
#2192=DIRECTION('',(-0.707106781186548,0.707106781186548,0.0));
#2193=CARTESIAN_POINT('',(-3.46944695195361E-18,-0.01,5.20417042793042E-18));
#2194=DIRECTION('',(0.0583412143872848,0.736878826959415,-0.673502707554123));
#2195=DIRECTION('',(-0.837835275644246,0.402965557819737,0.36830803697063));
#2196=CARTESIAN_POINT('',(0.0,-0.01,2.23352472560934E-19));
#2197=DIRECTION('',(-0.736878826959416,-0.0583412143872792,-0.673502707554121));
#2198=DIRECTION('',(0.402965557819732,-0.837835275644247,-0.368308036970633));
#2199=DIRECTION('',(0.707106781186548,-0.707106781186548,-0.0));
#2200=CARTESIAN_POINT('',(-0.01,0.0,0.0));
#2201=DIRECTION('',(-0.058341214387279,-0.736878826959417,-0.67350270755412));
#2202=DIRECTION('',(-0.837835275644247,0.402965557819731,-0.368308036970634));
#2203=CARTESIAN_POINT('',(-0.01,0.0,-1.73472347597681E-18));
#2204=DIRECTION('',(0.736878826959415,0.0583412143872796,-0.673502707554123));
#2205=DIRECTION('',(-0.402965557819732,0.837835275644247,-0.368308036970632));
#2206=DIRECTION('',(0.0,-0.763090840989334,0.646291241158497));
#2207=CARTESIAN_POINT('',(0.0,2.17177996246162E-19,-0.008469388));
#2208=DIRECTION('',(-0.0,-0.0,-1.0));
#2209=DIRECTION('',(0.0,-1.0,0.0));
#2210=CARTESIAN_POINT('',(0.0,2.81279923143216E-19,-0.008469388));
#2211=DIRECTION('',(0.736878826959417,0.0583412143872784,-0.67350270755412));
#2212=DIRECTION('',(0.402965557819731,-0.837835275644247,0.368308036970635));
#2213=CARTESIAN_POINT('',(3.46944695195361E-18,0.0,-0.008469388));
#2214=DIRECTION('',(-0.707106781186548,-0.707106781186547,-3.20613446390208E-15));
#2215=DIRECTION('',(0.453179485866308,-0.453179485866313,0.76763057988846));
#2216=DIRECTION('',(-0.0,0.763090840989334,-0.646291241158497));
#2217=CARTESIAN_POINT('',(-1.73472347597681E-18,-0.01,0.0));
#2218=DIRECTION('',(-0.736878826959415,0.0583412143872797,-0.673502707554123));
#2219=DIRECTION('',(-0.402965557819734,-0.837835275644246,0.368308036970633));
#2220=CARTESIAN_POINT('',(0.0,-0.01,-3.46944695195361E-18));
#2221=DIRECTION('',(0.70710678118655,-0.707106781186545,-3.95423250547916E-15));
#2222=DIRECTION('',(0.453179485866307,0.453179485866314,-0.76763057988846));
#2223=DIRECTION('',(0.0,-0.763090840989334,-0.646291241158497));
#2224=CARTESIAN_POINT('',(3.3881317890172E-19,0.01,-2.86954027163208E-19));
#2225=DIRECTION('',(-0.707106781186546,-0.707106781186549,8.54969190373882E-16));
#2226=DIRECTION('',(0.453179485866311,-0.453179485866311,-0.767630579888459));
#2227=CARTESIAN_POINT('',(-3.46944695195361E-18,0.01,0.0));
#2228=DIRECTION('',(-0.736878826959415,-0.0583412143872842,-0.673502707554122));
#2229=DIRECTION('',(0.402965557819736,-0.837835275644247,-0.368308036970629));
#2230=DIRECTION('',(-0.0,0.763090840989334,0.646291241158497));
#2231=CARTESIAN_POINT('',(0.0,3.46944695195361E-18,-0.008469388));
#2232=DIRECTION('',(0.70710678118655,-0.707106781186545,5.82447760942203E-15));
#2233=DIRECTION('',(-0.453179485866305,-0.453179485866314,-0.76763057988846));
#2234=CARTESIAN_POINT('',(0.0,3.46944695195361E-18,-0.008469388));
#2235=DIRECTION('',(0.736878826959417,-0.058341214387283,-0.67350270755412));
#2236=DIRECTION('',(0.402965557819735,0.837835275644246,0.368308036970632));
#2237=CARTESIAN_POINT('',(0.0,1.73472347597681E-18,-0.008469388));
#2238=DIRECTION('',(0.0,0.0,-1.0));
#2239=DIRECTION('',(0.0,1.0,0.0));
#2240=DIRECTION('',(-0.763090840989334,0.0,-0.646291241158497));
#2241=CARTESIAN_POINT('',(0.01,3.0270882134303E-19,0.0));
#2242=DIRECTION('',(-0.0583412143872791,-0.736878826959416,-0.673502707554121));
#2243=DIRECTION('',(-0.837835275644247,0.402965557819732,-0.368308036970633));
#2244=CARTESIAN_POINT('',(0.01,-3.3881317890172E-19,2.86954027163208E-19));
#2245=DIRECTION('',(-0.707106781186548,-0.707106781186547,1.06871148796735E-15));
#2246=DIRECTION('',(0.453179485866311,-0.453179485866311,0.767630579888459));
#2247=DIRECTION('',(0.763090840989334,-0.0,0.646291241158497));
#2248=CARTESIAN_POINT('',(-1.73472347597681E-18,0.0,-0.008469388));
#2249=DIRECTION('',(-0.0,0.0,-1.0));
#2250=DIRECTION('',(-1.0,0.0,0.0));
#2251=CARTESIAN_POINT('',(3.46944695195361E-18,0.0,-0.008469388));
#2252=DIRECTION('',(-0.0583412143872827,0.736878826959415,-0.673502707554122));
#2253=DIRECTION('',(-0.837835275644247,-0.402965557819735,-0.36830803697063));
#2254=CARTESIAN_POINT('',(-0.01,0.01,-0.008469388));
#2255=DIRECTION('',(-0.0,0.0,-1.0));
#2256=DIRECTION('',(-1.0,0.0,0.0));
#2257=DIRECTION('',(0.707106781186548,-0.707106781186548,-0.0));
#2258=CARTESIAN_POINT('',(0.0,1.73472347597681E-18,-0.008469388));
#2259=DIRECTION('',(0.0,0.0,-1.0));
#2260=DIRECTION('',(0.0,1.0,0.0));
#2261=DIRECTION('',(0.707106781186548,0.707106781186548,0.0));
#2262=CARTESIAN_POINT('',(0.01,0.01,-0.008469388));
#2263=DIRECTION('',(-0.0,0.0,-1.0));
#2264=DIRECTION('',(-1.0,0.0,0.0));
#2265=DIRECTION('',(1.0,-0.0,0.0));
#2266=DIRECTION('',(0.0,-1.0,0.0));
#2267=CARTESIAN_POINT('',(0.01,0.01,-0.008469388));
#2268=DIRECTION('',(0.0,0.0,-1.0));
#2269=DIRECTION('',(0.0,1.0,0.0));
#2270=DIRECTION('',(-0.707106781186548,-0.707106781186548,-0.0));
#2271=CARTESIAN_POINT('',(-1.73472347597681E-18,0.0,-0.008469388));
#2272=DIRECTION('',(-0.0,0.0,-1.0));
#2273=DIRECTION('',(-1.0,0.0,0.0));
#2274=DIRECTION('',(0.707106781186548,-0.707106781186548,-0.0));
#2275=CARTESIAN_POINT('',(0.01,-0.01,-0.008469388));
#2276=DIRECTION('',(0.0,0.0,-1.0));
#2277=DIRECTION('',(0.0,1.0,0.0));
#2278=DIRECTION('',(0.0,-1.0,0.0));
#2279=DIRECTION('',(-1.0,0.0,0.0));
#2280=CARTESIAN_POINT('',(0.01,-0.01,-0.008469388));
#2281=DIRECTION('',(0.0,0.0,-1.0));
#2282=DIRECTION('',(1.0,0.0,0.0));
#2283=DIRECTION('',(-0.707106781186548,0.707106781186548,0.0));
#2284=CARTESIAN_POINT('',(0.0,2.17177996246162E-19,-0.008469388));
#2285=DIRECTION('',(-0.0,-0.0,-1.0));
#2286=DIRECTION('',(0.0,-1.0,0.0));
#2287=DIRECTION('',(-0.707106781186548,-0.707106781186548,-0.0));
#2288=CARTESIAN_POINT('',(-0.01,-0.01,-0.008469388));
#2289=DIRECTION('',(0.0,0.0,-1.0));
#2290=DIRECTION('',(1.0,0.0,0.0));
#2291=DIRECTION('',(-1.0,0.0,0.0));
#2292=DIRECTION('',(0.0,1.0,0.0));
#2293=CARTESIAN_POINT('',(-0.01,-0.01,-0.008469388));
#2294=DIRECTION('',(-0.0,-0.0,-1.0));
#2295=DIRECTION('',(0.0,-1.0,0.0));
#2296=DIRECTION('',(0.707106781186548,0.707106781186548,0.0));
#2297=CARTESIAN_POINT('',(-2.17177996246162E-19,0.0,-0.008469388));
#2298=DIRECTION('',(0.0,0.0,-1.0));
#2299=DIRECTION('',(1.0,0.0,0.0));
#2300=DIRECTION('',(-0.707106781186548,0.707106781186548,0.0));
#2301=CARTESIAN_POINT('',(-0.01,0.01,-0.008469388));
#2302=DIRECTION('',(-0.0,-0.0,-1.0));
#2303=DIRECTION('',(0.0,-1.0,0.0));
#2304=DIRECTION('',(0.0,1.0,0.0));
#2305=DIRECTION('',(1.0,-0.0,0.0));
#2306=CARTESIAN_POINT('',(0.01,-0.01,-0.008469388));
#2307=DIRECTION('',(-0.736878826959414,-0.0583412143872831,-0.673502707554124));
#2308=DIRECTION('',(-0.402965557819736,0.837835275644247,0.368308036970629));
#2309=CARTESIAN_POINT('',(0.01,-0.01,-0.008469388));
#2310=DIRECTION('',(-0.70710678118655,-0.707106781186545,5.34355743983675E-16));
#2311=DIRECTION('',(0.453179485866309,-0.453179485866313,-0.767630579888459));
#2312=DIRECTION('',(-0.0,0.763090840989334,0.646291241158497));
#2313=CARTESIAN_POINT('',(0.01,0.0,0.0));
#2314=DIRECTION('',(-0.0,6.77669601278913E-17,-1.0));
#2315=DIRECTION('',(0.0,-1.0,-6.77669601278913E-17));
#2316=CARTESIAN_POINT('',(0.01,-2.75083663081721E-19,0.0));
#2317=DIRECTION('',(0.736878826959417,-0.0583412143872798,-0.673502707554121));
#2318=DIRECTION('',(-0.402965557819732,-0.837835275644247,-0.368308036970633));
#2319=CARTESIAN_POINT('',(0.01,0.0,9.61189602476891E-19));
#2320=DIRECTION('',(0.707106781186548,-0.707106781186547,-1.22901821116246E-15));
#2321=DIRECTION('',(0.45317948586631,0.45317948586631,0.76763057988846));
#2322=DIRECTION('',(0.0,-0.763090840989334,-0.646291241158497));
#2323=CARTESIAN_POINT('',(0.0,0.0,-0.008469388));
#2324=DIRECTION('',(-0.0583412143872722,-0.736878826959418,-0.67350270755412));
#2325=DIRECTION('',(-0.837835275644248,0.402965557819726,-0.368308036970637));
#2326=CARTESIAN_POINT('',(0.01,-4.33180400423429E-19,0.0));
#2327=DIRECTION('',(-0.0583412143872792,0.736878826959416,-0.673502707554121));
#2328=DIRECTION('',(0.837835275644247,0.402965557819732,0.368308036970633));
#2329=CARTESIAN_POINT('',(0.01,0.0,9.6118960247689E-19));
#2330=DIRECTION('',(4.37885510927252E-16,0.0,-1.0));
#2331=DIRECTION('',(1.0,0.0,4.37885510927252E-16));
#2332=DIRECTION('',(-0.0,0.0,1.0));
#2333=DIRECTION('',(-0.763090840989334,0.0,0.646291241158497));
#2334=DIRECTION('',(0.763090840989334,-0.0,0.646291241158497));
#2335=DIRECTION('',(-0.0,0.0,1.0));
#2336=DIRECTION('',(-1.0,0.0,0.0));
#2337=DIRECTION('',(-0.763090840989334,0.0,-0.646291241158497));
#2338=DIRECTION('',(-0.763090840989334,-0.0,0.646291241158497));
#2339=DIRECTION('',(-1.0,0.0,0.0));
#2340=DIRECTION('',(-0.0,0.0,1.0));
#2341=DIRECTION('',(0.763090840989334,0.0,-0.646291241158497));
#2342=DIRECTION('',(-0.763090840989334,-0.0,-0.646291241158497));
#2343=DIRECTION('',(-0.0,0.0,1.0));
#2344=DIRECTION('',(0.763090840989334,0.0,0.646291241158497));
#2345=DIRECTION('',(0.763090840989334,-0.0,-0.646291241158497));
#2346=DIRECTION('',(-0.0,-0.763090840989334,0.646291241158497));
#2347=CARTESIAN_POINT('',(0.01,-2.75083663081721E-19,0.0));
#2348=DIRECTION('',(0.736878826959417,0.0583412143872799,-0.673502707554121));
#2349=DIRECTION('',(0.402965557819732,-0.837835275644247,0.368308036970633));
#2350=CARTESIAN_POINT('',(0.01,0.0,0.0));
#2351=DIRECTION('',(0.0,-6.77669601278913E-17,-1.0));
#2352=DIRECTION('',(0.0,-1.0,6.77669601278913E-17));
#2353=DIRECTION('',(0.0,0.763090840989334,-0.646291241158497));
#2354=CARTESIAN_POINT('',(0.01,0.01,-0.008469388));
#2355=DIRECTION('',(0.707106781186546,-0.707106781186549,1.9771162527396E-15));
#2356=DIRECTION('',(0.453179485866312,0.453179485866309,-0.76763057988846));
#2357=CARTESIAN_POINT('',(0.01,0.01,-0.008469388));
#2358=DIRECTION('',(-0.736878826959419,0.0583412143872799,-0.673502707554118));
#2359=DIRECTION('',(0.402965557819732,0.837835275644246,-0.368308036970636));
#2360=DIRECTION('',(0.0,-0.0,-1.0));
#2361=DIRECTION('',(-0.0,-0.763090840989334,-0.646291241158497));
#2362=DIRECTION('',(0.0,-0.0,-1.0));
#2363=DIRECTION('',(0.0,-1.0,0.0));
#2364=DIRECTION('',(0.0,0.763090840989334,0.646291241158497));
#2365=DIRECTION('',(-0.0,0.763090840989334,-0.646291241158497));
#2366=DIRECTION('',(0.0,-1.0,0.0));
#2367=DIRECTION('',(0.0,-0.763090840989334,0.646291241158497));
#2368=CARTESIAN_POINT('',(0.01,0.01,-0.008469388));
#2369=DIRECTION('',(0.0583412143872799,-0.736878826959419,-0.673502707554118));
#2370=DIRECTION('',(-0.837835275644246,-0.402965557819732,0.368308036970636));
#2371=DIRECTION('',(-0.763090840989334,-0.0,0.646291241158497));
#2372=CARTESIAN_POINT('',(0.0,0.01,0.0));
#2373=DIRECTION('',(-6.77669601278913E-17,-0.0,-1.0));
#2374=DIRECTION('',(1.0,0.0,-6.77669601278913E-17));
#2375=CARTESIAN_POINT('',(-1.73472347597681E-18,0.01,0.0));
#2376=DIRECTION('',(0.0583412143872843,0.736878826959415,-0.673502707554122));
#2377=DIRECTION('',(-0.837835275644247,0.402965557819736,0.368308036970629));
#2378=DIRECTION('',(0.763090840989334,0.0,-0.646291241158497));
#2379=CARTESIAN_POINT('',(0.0,3.46944695195361E-18,-0.008469388));
#2380=DIRECTION('',(-0.736878826959417,-0.058341214387283,-0.67350270755412));
#2381=DIRECTION('',(-0.402965557819735,0.837835275644246,0.368308036970632));
#2382=CARTESIAN_POINT('',(0.0,0.01,-9.6118960247689E-19));
#2383=DIRECTION('',(-0.0,5.10851930863225E-16,-1.0));
#2384=DIRECTION('',(0.0,-1.0,-5.10851930863225E-16));
#2385=CARTESIAN_POINT('',(4.33180400423429E-19,0.01,0.0));
#2386=DIRECTION('',(0.736878826959416,-0.0583412143872793,-0.673502707554121));
#2387=DIRECTION('',(-0.402965557819732,-0.837835275644247,-0.368308036970633));
#2388=CARTESIAN_POINT('',(-3.3881317890172E-19,0.01,-2.86954027163208E-19));
#2389=DIRECTION('',(0.707106781186546,-0.707106781186549,8.54969190373882E-16));
#2390=DIRECTION('',(0.453179485866311,0.453179485866311,0.767630579888459));
#2391=DIRECTION('',(0.763090840989334,-0.0,0.646291241158497));
#2392=DIRECTION('',(0.0,-0.0,-1.0));
#2393=DIRECTION('',(-0.763090840989334,0.0,-0.646291241158497));
#2394=DIRECTION('',(0.763090840989334,-0.0,-0.646291241158497));
#2395=DIRECTION('',(0.0,-0.0,-1.0));
#2396=DIRECTION('',(1.0,-0.0,0.0));
#2397=DIRECTION('',(-0.763090840989334,0.0,0.646291241158497));
#2398=DIRECTION('',(-0.763090840989334,-0.0,-0.646291241158497));
#2399=DIRECTION('',(1.0,-0.0,0.0));
#2400=DIRECTION('',(0.763090840989334,0.0,0.646291241158497));
#2401=CARTESIAN_POINT('',(2.75083663081721E-19,0.01,0.0));
#2402=DIRECTION('',(-0.0583412143872799,0.736878826959417,-0.673502707554121));
#2403=DIRECTION('',(0.837835275644247,0.402965557819732,0.368308036970633));
#2404=CARTESIAN_POINT('',(0.0,0.01,0.0));
#2405=DIRECTION('',(6.77669601278913E-17,0.0,-1.0));
#2406=DIRECTION('',(1.0,0.0,6.77669601278913E-17));
#2407=CARTESIAN_POINT('',(-0.01,0.01,-0.008469388));
#2408=DIRECTION('',(-0.707106781186546,-0.707106781186549,-1.49619608315429E-15));
#2409=DIRECTION('',(0.453179485866311,-0.453179485866311,0.767630579888459));
#2410=CARTESIAN_POINT('',(-0.01,0.01,-0.008469388));
#2411=DIRECTION('',(-0.0583412143872799,-0.736878826959419,-0.673502707554118));
#2412=DIRECTION('',(-0.837835275644246,0.402965557819732,-0.368308036970636));
#2413=CARTESIAN_POINT('',(0.01,-0.01,0.008469388));
#2414=DIRECTION('',(-0.0,0.0,-1.0));
#2415=DIRECTION('',(-1.0,0.0,0.0));
#2416=CARTESIAN_POINT('',(0.01,-0.01,0.008469388));
#2417=DIRECTION('',(-0.0,-0.0,-1.0));
#2418=DIRECTION('',(0.0,-1.0,0.0));
#2419=DIRECTION('',(0.707106781186548,-0.707106781186548,-0.0));
#2420=CARTESIAN_POINT('',(1.73472347597681E-18,0.0,0.008469388));
#2421=DIRECTION('',(0.0,0.0,-1.0));
#2422=DIRECTION('',(1.0,0.0,0.0));
#2423=DIRECTION('',(-0.707106781186548,-0.707106781186548,0.0));
#2424=CARTESIAN_POINT('',(0.01,0.01,0.008469388));
#2425=DIRECTION('',(-0.0,-0.0,-1.0));
#2426=DIRECTION('',(0.0,-1.0,0.0));
#2427=CARTESIAN_POINT('',(0.01,0.01,0.008469388));
#2428=DIRECTION('',(0.0,0.0,-1.0));
#2429=DIRECTION('',(1.0,0.0,0.0));
#2430=DIRECTION('',(0.707106781186548,0.707106781186548,-0.0));
#2431=CARTESIAN_POINT('',(0.0,-1.73472347597681E-18,0.008469388));
#2432=DIRECTION('',(-0.0,-0.0,-1.0));
#2433=DIRECTION('',(0.0,-1.0,0.0));
#2434=DIRECTION('',(0.707106781186548,-0.707106781186548,0.0));
#2435=CARTESIAN_POINT('',(-0.01,0.01,0.008469388));
#2436=DIRECTION('',(0.0,0.0,-1.0));
#2437=DIRECTION('',(1.0,0.0,0.0));
#2438=DIRECTION('',(0.0,1.0,0.0));
#2439=CARTESIAN_POINT('',(-0.01,0.01,0.008469388));
#2440=DIRECTION('',(0.0,0.0,-1.0));
#2441=DIRECTION('',(0.0,1.0,0.0));
#2442=DIRECTION('',(-0.707106781186548,0.707106781186548,-0.0));
#2443=CARTESIAN_POINT('',(2.17177996246162E-19,0.0,0.008469388));
#2444=DIRECTION('',(-0.0,0.0,-1.0));
#2445=DIRECTION('',(-1.0,0.0,0.0));
#2446=DIRECTION('',(0.707106781186548,0.707106781186548,0.0));
#2447=CARTESIAN_POINT('',(-0.01,-0.01,0.008469388));
#2448=DIRECTION('',(0.0,0.0,-1.0));
#2449=DIRECTION('',(0.0,1.0,0.0));
#2450=DIRECTION('',(0.0,1.0,0.0));
#2451=CARTESIAN_POINT('',(-0.01,-0.01,0.008469388));
#2452=DIRECTION('',(-0.0,0.0,-1.0));
#2453=DIRECTION('',(-1.0,0.0,0.0));
#2454=DIRECTION('',(-0.707106781186548,-0.707106781186548,-0.0));
#2455=CARTESIAN_POINT('',(0.0,-1.73472347597681E-18,0.008469388));
#2456=DIRECTION('',(-0.0,-0.0,-1.0));
#2457=DIRECTION('',(0.0,-1.0,0.0));
#2458=DIRECTION('',(-0.707106781186548,0.707106781186548,0.0));
#2459=CARTESIAN_POINT('',(-0.01,-0.01,0.008469388));
#2460=DIRECTION('',(-0.736878826959416,0.0583412143872794,-0.673502707554122));
#2461=DIRECTION('',(0.402965557819733,0.837835275644246,-0.368308036970633));
#2462=CARTESIAN_POINT('',(-0.01,-0.01,0.008469388));
#2463=DIRECTION('',(0.707106781186549,-0.707106781186546,-1.97711625273956E-15));
#2464=DIRECTION('',(-0.453179485866309,-0.453179485866312,0.76763057988846));
#2465=DIRECTION('',(-0.0,-0.763090840989334,0.646291241158497));
#2466=CARTESIAN_POINT('',(-0.01,-3.46944695195361E-18,1.73472347597681E-18));
#2467=DIRECTION('',(0.0,-8.67417089636998E-15,-1.0));
#2468=DIRECTION('',(0.0,1.0,-8.67417089636998E-15));
#2469=CARTESIAN_POINT('',(-0.01,0.0,3.46944695195361E-18));
#2470=DIRECTION('',(-0.707106781186545,-0.70710678118655,5.34355743983672E-16));
#2471=DIRECTION('',(0.453179485866313,-0.453179485866309,0.767630579888459));
#2472=DIRECTION('',(0.0,0.763090840989334,-0.646291241158497));
#2473=CARTESIAN_POINT('',(-0.01,-0.01,-0.008469388));
#2474=DIRECTION('',(-0.0583412143872791,0.736878826959416,-0.673502707554122));
#2475=DIRECTION('',(0.837835275644247,0.402965557819732,0.368308036970632));
#2476=CARTESIAN_POINT('',(-0.01,-0.01,-0.008469388));
#2477=DIRECTION('',(0.707106781186548,-0.707106781186547,0.0));
#2478=DIRECTION('',(0.45317948586631,0.45317948586631,0.76763057988846));
#2479=CARTESIAN_POINT('',(-1.73472347597681E-18,-0.01,3.46944695195361E-18));
#2480=DIRECTION('',(-8.67417089637002E-15,0.0,-1.0));
#2481=DIRECTION('',(-1.0,0.0,8.67417089637002E-15));
#2482=CARTESIAN_POINT('',(-2.0401038283193E-18,-0.01,0.0));
#2483=DIRECTION('',(-0.058341214387284,-0.736878826959415,-0.673502707554122));
#2484=DIRECTION('',(-0.837835275644247,0.402965557819735,-0.368308036970629));
#2485=CARTESIAN_POINT('',(0.0,-0.01,-3.46944695195361E-18));
#2486=DIRECTION('',(-0.70710678118655,-0.707106781186545,-5.34355743983672E-16));
#2487=DIRECTION('',(-0.453179485866309,0.453179485866313,-0.767630579888459));
#2488=CARTESIAN_POINT('',(0.0,-0.01,2.43039422155252E-18));
#2489=DIRECTION('',(-0.70710678118655,-0.707106781186545,3.25957003830041E-15));
#2490=DIRECTION('',(-0.453179485866307,0.453179485866314,0.76763057988846));
#2491=CARTESIAN_POINT('',(-0.01,-0.01,0.008469388));
#2492=DIRECTION('',(0.0583412143872813,-0.736878826959415,-0.673502707554123));
#2493=DIRECTION('',(-0.837835275644246,-0.402965557819734,0.368308036970632));
#2494=CARTESIAN_POINT('',(0.01,-0.01,0.008469388));
#2495=DIRECTION('',(-0.0583412143872794,-0.736878826959416,-0.673502707554122));
#2496=DIRECTION('',(-0.837835275644246,0.402965557819733,-0.368308036970633));
#2497=CARTESIAN_POINT('',(0.01,-0.01,0.008469388));
#2498=DIRECTION('',(-0.707106781186549,-0.707106781186546,1.49619608315429E-15));
#2499=DIRECTION('',(-0.453179485866311,0.453179485866311,-0.767630579888459));
#2500=CARTESIAN_POINT('',(3.46944695195361E-18,-0.01,1.73472347597681E-18));
#2501=DIRECTION('',(8.67417089636998E-15,0.0,-1.0));
#2502=DIRECTION('',(-1.0,0.0,-8.67417089636998E-15));
#2503=CARTESIAN_POINT('',(0.01,-0.01,-0.008469388));
#2504=DIRECTION('',(0.0583412143872808,0.736878826959415,-0.673502707554123));
#2505=DIRECTION('',(0.837835275644247,-0.402965557819734,-0.368308036970631));
#2506=CARTESIAN_POINT('',(0.0,2.81279923143216E-19,-0.008469388));
#2507=DIRECTION('',(-0.736878826959417,0.0583412143872784,-0.67350270755412));
#2508=DIRECTION('',(-0.402965557819731,-0.837835275644247,0.368308036970635));
#2509=CARTESIAN_POINT('',(1.77181114189498E-18,0.0,-0.008469388));
#2510=DIRECTION('',(0.0583412143872803,-0.736878826959417,-0.673502707554121));
#2511=DIRECTION('',(0.837835275644246,0.402965557819733,-0.368308036970633));
#2512=CARTESIAN_POINT('',(-0.01,-0.01,-0.008469388));
#2513=DIRECTION('',(0.736878826959415,-0.0583412143872808,-0.673502707554123));
#2514=DIRECTION('',(-0.402965557819734,-0.837835275644247,-0.368308036970631));
#2515=CARTESIAN_POINT('',(-1.29955459471581E-18,-0.01,0.0));
#2516=DIRECTION('',(0.736878826959415,0.058341214387285,-0.673502707554122));
#2517=DIRECTION('',(0.402965557819736,-0.837835275644247,0.368308036970629));
#2518=CARTESIAN_POINT('',(0.0,-0.01,6.44348532252372E-19));
#2519=DIRECTION('',(-0.0,1.6109741301665E-15,-1.0));
#2520=DIRECTION('',(0.0,-1.0,-1.6109741301665E-15));
#2521=CARTESIAN_POINT('',(-1.35525271560688E-19,0.0,-0.008469388));
#2522=DIRECTION('',(0.707106781186547,-0.707106781186548,1.60306723195102E-16));
#2523=DIRECTION('',(-0.453179485866311,-0.45317948586631,0.76763057988846));
#2524=CARTESIAN_POINT('',(-0.01,1.73472347597681E-18,0.0));
#2525=DIRECTION('',(-0.736878826959418,-0.0583412143872785,-0.67350270755412));
#2526=DIRECTION('',(0.402965557819731,-0.837835275644247,-0.368308036970634));
#2527=CARTESIAN_POINT('',(-0.01,1.73472347597681E-18,0.0));
#2528=DIRECTION('',(0.0583412143872797,0.736878826959415,-0.673502707554123));
#2529=DIRECTION('',(-0.837835275644246,0.402965557819734,0.368308036970633));
#2530=CARTESIAN_POINT('',(-1.73472347597681E-18,-0.01,0.0));
#2531=DIRECTION('',(0.0583412143872785,-0.736878826959418,-0.67350270755412));
#2532=DIRECTION('',(0.837835275644247,0.402965557819731,-0.368308036970634));
#2533=DIRECTION('',(-0.0,-0.763090840989334,-0.646291241158497));
#2534=CARTESIAN_POINT('',(-0.01,0.0,-3.46944695195361E-18));
#2535=DIRECTION('',(-0.707106781186545,-0.70710678118655,-5.8779131838204E-16));
#2536=DIRECTION('',(-0.453179485866313,0.453179485866309,0.767630579888459));
#2537=DIRECTION('',(0.0,0.763090840989334,0.646291241158497));
#2538=CARTESIAN_POINT('',(-0.01,0.0,3.46944695195361E-18));
#2539=DIRECTION('',(8.67417089637002E-15,0.0,-1.0));
#2540=DIRECTION('',(-1.0,0.0,-8.67417089637002E-15));
#2541=CARTESIAN_POINT('',(-0.01,0.0,0.0));
#2542=DIRECTION('',(-0.736878826959417,0.0583412143872803,-0.673502707554121));
#2543=DIRECTION('',(-0.402965557819732,-0.837835275644247,0.368308036970632));
#2544=CARTESIAN_POINT('',(-5.82758667710959E-19,0.0,0.008469388));
#2545=DIRECTION('',(0.707106781186546,-0.707106781186549,-3.74049020788571E-16));
#2546=DIRECTION('',(0.453179485866312,0.45317948586631,0.767630579888459));
#2547=CARTESIAN_POINT('',(1.73472347597681E-18,1.73472347597681E-18,0.008469388));
#2548=DIRECTION('',(-0.0583412143872832,0.736878826959412,-0.673502707554125));
#2549=DIRECTION('',(-0.837835275644246,-0.402965557819738,-0.36830803697063));
#2550=CARTESIAN_POINT('',(0.0,0.0,0.008469388));
#2551=DIRECTION('',(0.736878826959418,-0.0583412143872797,-0.67350270755412));
#2552=DIRECTION('',(0.402965557819731,0.837835275644247,0.368308036970633));
#2553=CARTESIAN_POINT('',(-0.01,0.01,-0.008469388));
#2554=DIRECTION('',(0.736878826959416,0.0583412143872822,-0.673502707554121));
#2555=DIRECTION('',(0.402965557819734,-0.837835275644246,0.368308036970632));
#2556=DIRECTION('',(-0.0,0.763090840989334,-0.646291241158497));
#2557=CARTESIAN_POINT('',(-0.01,1.73472347597681E-18,3.46944695195361E-18));
#2558=DIRECTION('',(0.0,8.67417089637002E-15,-1.0));
#2559=DIRECTION('',(0.0,1.0,8.67417089637002E-15));
#2560=DIRECTION('',(0.0,-0.763090840989334,0.646291241158497));
#2561=DIRECTION('',(-0.0,0.763090840989334,0.646291241158497));
#2562=DIRECTION('',(0.0,-0.763090840989334,-0.646291241158497));
#2563=CARTESIAN_POINT('',(-0.01,0.01,0.008469388));
#2564=DIRECTION('',(-0.707106781186545,-0.70710678118655,-5.34355743983675E-16));
#2565=DIRECTION('',(-0.453179485866313,0.453179485866309,0.767630579888459));
#2566=CARTESIAN_POINT('',(-0.01,0.01,0.008469388));
#2567=DIRECTION('',(-0.736878826959415,-0.0583412143872813,-0.673502707554123));
#2568=DIRECTION('',(-0.402965557819734,0.837835275644246,0.368308036970632));
#2569=CARTESIAN_POINT('',(0.01,-0.01,0.008469388));
#2570=DIRECTION('',(0.736878826959416,0.0583412143872824,-0.673502707554121));
#2571=DIRECTION('',(0.402965557819734,-0.837835275644247,0.368308036970631));
#2572=CARTESIAN_POINT('',(0.0,0.0,0.008469388));
#2573=DIRECTION('',(0.0583412143872797,0.736878826959418,-0.67350270755412));
#2574=DIRECTION('',(-0.837835275644247,0.402965557819731,0.368308036970633));
#2575=CARTESIAN_POINT('',(0.01,0.0,9.6118960247689E-19));
#2576=DIRECTION('',(0.707106781186548,-0.707106781186547,9.6184033917062E-16));
#2577=DIRECTION('',(-0.45317948586631,-0.45317948586631,0.767630579888461));
#2578=CARTESIAN_POINT('',(0.01,0.01,0.008469388));
#2579=DIRECTION('',(-0.0583412143872824,0.736878826959416,-0.673502707554121));
#2580=DIRECTION('',(0.837835275644247,0.402965557819734,0.368308036970631));
#2581=CARTESIAN_POINT('',(0.01,0.01,0.008469388));
#2582=DIRECTION('',(0.736878826959416,-0.0583412143872824,-0.673502707554121));
#2583=DIRECTION('',(-0.402965557819734,-0.837835275644247,-0.368308036970631));
#2584=CARTESIAN_POINT('',(0.01,0.01,0.008469388));
#2585=DIRECTION('',(0.707106781186546,-0.707106781186549,-1.9771162527396E-15));
#2586=DIRECTION('',(-0.453179485866312,-0.453179485866309,-0.76763057988846));
#2587=CARTESIAN_POINT('',(1.73472347597681E-18,-1.73472347597681E-18,0.008469388));
#2588=DIRECTION('',(0.736878826959417,0.0583412143872795,-0.67350270755412));
#2589=DIRECTION('',(-0.402965557819731,0.837835275644247,-0.368308036970633));
#2590=CARTESIAN_POINT('',(-0.01,0.01,0.008469388));
#2591=DIRECTION('',(0.0583412143872824,0.736878826959416,-0.673502707554121));
#2592=DIRECTION('',(0.837835275644247,-0.402965557819734,-0.368308036970631));
#2593=CARTESIAN_POINT('',(0.0,0.01,-9.61189602476891E-19));
#2594=DIRECTION('',(-0.707106781186547,0.707106781186548,1.22901821116246E-15));
#2595=DIRECTION('',(0.45317948586631,0.45317948586631,-0.76763057988846));
#2596=PRESENTATION_LAYER_ASSIGNMENT('9','\X2\56FE5C42\X0\0',(#25));
ENDSEC;
END-ISO-10303-21;
