ISO-10303-21;
HEADER;
FILE_DESCRIPTION(('STEP AP214'),'1');
FILE_NAME('UC30.stp','2026-06-17T13:34:41',(' '),(' '),'Spatial InterOp 3D',' ',' ');
FILE_SCHEMA(('AUTOMOTIVE_DESIGN { 1 0 10303 214 1 1 1 1 }'));
ENDSEC;
DATA;
#1=MECHANICAL_DESIGN_GEOMETRIC_PRESENTATION_REPRESENTATION(' ',(#10),#6);
#2=PRODUCT_DEFINITION_CONTEXT('',#11,'design');
#3=APPLICATION_PROTOCOL_DEFINITION('INTERNATIONAL STANDARD','automotive_design',1994,#11);
#4=PRODUCT_CATEGORY_RELATIONSHIP('NONE','NONE',#12,#13);
#5=SHAPE_DEFINITION_REPRESENTATION(#14,#15);
#6= (GEOMETRIC_REPRESENTATION_CONTEXT(3)GLOBAL_UNCERTAINTY_ASSIGNED_CONTEXT((#18))GLOBAL_UNIT_ASSIGNED_CONTEXT((#20,#21,#22))REPRESENTATION_CONTEXT('NONE','WORKSPACE'));
#10=STYLED_ITEM('',(#24),#25);
#11=APPLICATION_CONTEXT(' ');
#12=PRODUCT_CATEGORY('part','NONE');
#13=PRODUCT_RELATED_PRODUCT_CATEGORY('detail',' ',(#26));
#14=PRODUCT_DEFINITION_SHAPE('NONE','NONE',#27);
#15=ADVANCED_BREP_SHAPE_REPRESENTATION('\X2\5B9E4F53\X0\111',(#25,#28),#6);
#18=UNCERTAINTY_MEASURE_WITH_UNIT(LENGTH_MEASURE(1.0E-08),#20,'','');
#20= (CONVERSION_BASED_UNIT('METRE',#31)LENGTH_UNIT()NAMED_UNIT(#34));
#21= (NAMED_UNIT(#36)PLANE_ANGLE_UNIT()SI_UNIT($,.RADIAN.));
#22= (NAMED_UNIT(#36)SOLID_ANGLE_UNIT()SI_UNIT($,.STERADIAN.));
#24=PRESENTATION_STYLE_ASSIGNMENT((#42));
#25=MANIFOLD_SOLID_BREP('\X2\5B9E4F53\X0\111',#43);
#26=PRODUCT('\X2\5B9E4F53\X0\111','','PART--DESC',(#44));
#27=PRODUCT_DEFINITION('','NONE',#45,#2);
#28=AXIS2_PLACEMENT_3D('',#46,#47,#48);
#31=LENGTH_MEASURE_WITH_UNIT(LENGTH_MEASURE(1.0),#49);
#34=DIMENSIONAL_EXPONENTS(1.0,0.0,0.0,0.0,0.0,0.0,0.0);
#36=DIMENSIONAL_EXPONENTS(0.0,0.0,0.0,0.0,0.0,0.0,0.0);
#42=SURFACE_STYLE_USAGE(.BOTH.,#50);
#43=CLOSED_SHELL('',(#51,#52,#53,#54,#55,#56,#57,#58,#59,#60,#61,#62,#63,#64,#65,#66,#67,#68,#69,#70,#71,#72,#73,#74,#75,#76,#77,#78,#79,#80,#81,#82,#83,#84,#85,#86,#87,#88,#89,#90,#91,#92,#93,#94,#95,#96,#97,#98,#99,#100,#101,#102,#103,#104));
#44=PRODUCT_CONTEXT('',#11,'mechanical');
#45=PRODUCT_DEFINITION_FORMATION_WITH_SPECIFIED_SOURCE(' ','NONE',#26,.NOT_KNOWN.);
#46=CARTESIAN_POINT('',(0.0,0.0,0.0));
#47=DIRECTION('',(0.0,0.0,1.0));
#48=DIRECTION('',(1.0,0.0,0.0));
#49= (NAMED_UNIT(#34)LENGTH_UNIT()SI_UNIT($,.METRE.));
#50=SURFACE_SIDE_STYLE('',(#106));
#51=ADVANCED_FACE('5:99713',(#107),#108,.T.);
#52=ADVANCED_FACE('5:88745',(#109),#110,.T.);
#53=ADVANCED_FACE('5:88385',(#111),#112,.T.);
#54=ADVANCED_FACE('5:88565',(#113),#114,.T.);
#55=ADVANCED_FACE('5:88880',(#115),#116,.T.);
#56=ADVANCED_FACE('5:99038',(#117),#118,.T.);
#57=ADVANCED_FACE('5:87980',(#119),#120,.T.);
#58=ADVANCED_FACE('5:87890',(#121),#122,.T.);
#59=ADVANCED_FACE('5:87935',(#123),#124,.T.);
#60=ADVANCED_FACE('5:87845',(#125),#126,.T.);
#61=ADVANCED_FACE('5:99604',(#127),#128,.T.);
#62=ADVANCED_FACE('5:98968',(#129),#130,.T.);
#63=ADVANCED_FACE('5:101458',(#131),#132,.F.);
#64=ADVANCED_FACE('5:101527',(#133),#134,.T.);
#65=ADVANCED_FACE('5:101501',(#135),#136,.T.);
#66=ADVANCED_FACE('5:101468',(#137),#138,.T.);
#67=ADVANCED_FACE('5:100841',(#139),#140,.T.);
#68=ADVANCED_FACE('5:100858',(#141),#142,.T.);
#69=ADVANCED_FACE('5:101544',(#143),#144,.F.);
#70=ADVANCED_FACE('5:98978',(#145),#146,.T.);
#71=ADVANCED_FACE('5:98968',(#147),#148,.T.);
#72=ADVANCED_FACE('5:99604',(#149),#150,.T.);
#73=ADVANCED_FACE('5:97557',(#151),#152,.T.);
#74=ADVANCED_FACE('5:97497',(#153),#154,.T.);
#75=ADVANCED_FACE('5:97437',(#155),#156,.T.);
#76=ADVANCED_FACE('5:99028',(#157),#158,.T.);
#77=ADVANCED_FACE('5:101534',(#159),#160,.T.);
#78=ADVANCED_FACE('5:87845',(#161),#162,.T.);
#79=ADVANCED_FACE('5:87935',(#163),#164,.T.);
#80=ADVANCED_FACE('5:97474',(#165),#166,.T.);
#81=ADVANCED_FACE('5:87890',(#167),#168,.T.);
#82=ADVANCED_FACE('5:99627',(#169),#170,.T.);
#83=ADVANCED_FACE('5:87980',(#171),#172,.T.);
#84=ADVANCED_FACE('5:96548',(#173),#174,.T.);
#85=ADVANCED_FACE('5:99038',(#175),#176,.T.);
#86=ADVANCED_FACE('5:98985',(#177),#178,.T.);
#87=ADVANCED_FACE('5:98945',(#179),#180,.T.);
#88=ADVANCED_FACE('5:88880',(#181),#182,.T.);
#89=ADVANCED_FACE('5:88565',(#183),#184,.T.);
#90=ADVANCED_FACE('5:88385',(#185),#186,.T.);
#91=ADVANCED_FACE('5:88745',(#187),#188,.T.);
#92=ADVANCED_FACE('5:96531',(#189),#190,.T.);
#93=ADVANCED_FACE('5:101475',(#191),#192,.T.);
#94=ADVANCED_FACE('5:99677',(#193),#194,.T.);
#95=ADVANCED_FACE('5:96621',(#195),#196,.T.);
#96=ADVANCED_FACE('5:96651',(#197),#198,.T.);
#97=ADVANCED_FACE('5:99597',(#199),#200,.T.);
#98=ADVANCED_FACE('5:100891',(#201),#202,.T.);
#99=ADVANCED_FACE('5:99660',(#203),#204,.T.);
#100=ADVANCED_FACE('5:100927',(#205),#206,.T.);
#101=ADVANCED_FACE('5:99713',(#207),#208,.T.);
#102=ADVANCED_FACE('5:100884',(#209),#210,.T.);
#103=ADVANCED_FACE('5:101485',(#211),#212,.T.);
#104=ADVANCED_FACE('5:101511',(#213),#214,.F.);
#106=SURFACE_STYLE_FILL_AREA(#215);
#107=FACE_OUTER_BOUND('',#216,.T.);
#108=CYLINDRICAL_SURFACE('',#217,0.0002882);
#109=FACE_OUTER_BOUND('',#218,.T.);
#110=CYLINDRICAL_SURFACE('',#219,0.000288199999999999);
#111=FACE_OUTER_BOUND('',#220,.T.);
#112=CYLINDRICAL_SURFACE('',#221,0.000288199999999999);
#113=FACE_OUTER_BOUND('',#222,.T.);
#114=CYLINDRICAL_SURFACE('',#223,0.0002882);
#115=FACE_OUTER_BOUND('',#224,.T.);
#116=CYLINDRICAL_SURFACE('',#225,0.000288199999999999);
#117=FACE_OUTER_BOUND('',#226,.T.);
#118=CYLINDRICAL_SURFACE('',#227,0.0002882);
#119=FACE_OUTER_BOUND('',#228,.T.);
#120=CYLINDRICAL_SURFACE('',#229,0.000288199999999999);
#121=FACE_OUTER_BOUND('',#230,.T.);
#122=CYLINDRICAL_SURFACE('',#231,0.0002882);
#123=FACE_OUTER_BOUND('',#232,.T.);
#124=CYLINDRICAL_SURFACE('',#233,0.000288199999999999);
#125=FACE_OUTER_BOUND('',#234,.T.);
#126=CYLINDRICAL_SURFACE('',#235,0.0002882);
#127=FACE_OUTER_BOUND('',#236,.T.);
#128=CYLINDRICAL_SURFACE('',#237,0.0002882);
#129=FACE_OUTER_BOUND('',#238,.T.);
#130=CYLINDRICAL_SURFACE('',#239,0.0002882);
#131=FACE_OUTER_BOUND('',#240,.T.);
#132=PLANE('',#241);
#133=FACE_OUTER_BOUND('',#242,.T.);
#134=CYLINDRICAL_SURFACE('',#243,0.000288199999999999);
#135=FACE_OUTER_BOUND('',#244,.T.);
#136=PLANE('',#245);
#137=FACE_OUTER_BOUND('',#246,.T.);
#138=CYLINDRICAL_SURFACE('',#247,0.0002882);
#139=FACE_OUTER_BOUND('',#248,.T.);
#140=PLANE('',#249);
#141=FACE_OUTER_BOUND('',#250,.T.);
#142=CYLINDRICAL_SURFACE('',#251,0.000288199999999999);
#143=FACE_OUTER_BOUND('',#252,.T.);
#144=PLANE('',#253);
#145=FACE_OUTER_BOUND('',#254,.T.);
#146=CYLINDRICAL_SURFACE('',#255,0.0002882);
#147=FACE_OUTER_BOUND('',#256,.T.);
#148=CYLINDRICAL_SURFACE('',#257,0.0002882);
#149=FACE_OUTER_BOUND('',#258,.T.);
#150=CYLINDRICAL_SURFACE('',#259,0.0002882);
#151=FACE_OUTER_BOUND('',#260,.T.);
#152=CYLINDRICAL_SURFACE('',#261,0.0002882);
#153=FACE_OUTER_BOUND('',#262,.T.);
#154=CYLINDRICAL_SURFACE('',#263,0.0002882);
#155=FACE_OUTER_BOUND('',#264,.T.);
#156=CYLINDRICAL_SURFACE('',#265,0.0002882);
#157=FACE_OUTER_BOUND('',#266,.T.);
#158=CYLINDRICAL_SURFACE('',#267,0.0002882);
#159=FACE_OUTER_BOUND('',#268,.T.);
#160=CYLINDRICAL_SURFACE('',#269,0.000288199999999999);
#161=FACE_OUTER_BOUND('',#270,.T.);
#162=CYLINDRICAL_SURFACE('',#271,0.0002882);
#163=FACE_OUTER_BOUND('',#272,.T.);
#164=CYLINDRICAL_SURFACE('',#273,0.000288199999999999);
#165=FACE_OUTER_BOUND('',#274,.T.);
#166=CYLINDRICAL_SURFACE('',#275,0.0002882);
#167=FACE_OUTER_BOUND('',#276,.T.);
#168=CYLINDRICAL_SURFACE('',#277,0.0002882);
#169=FACE_OUTER_BOUND('',#278,.T.);
#170=CYLINDRICAL_SURFACE('',#279,0.0002882);
#171=FACE_OUTER_BOUND('',#280,.T.);
#172=CYLINDRICAL_SURFACE('',#281,0.000288199999999999);
#173=FACE_OUTER_BOUND('',#282,.T.);
#174=CYLINDRICAL_SURFACE('',#283,0.0002882);
#175=FACE_OUTER_BOUND('',#284,.T.);
#176=CYLINDRICAL_SURFACE('',#285,0.0002882);
#177=FACE_OUTER_BOUND('',#286,.T.);
#178=CYLINDRICAL_SURFACE('',#287,0.0002882);
#179=FACE_OUTER_BOUND('',#288,.T.);
#180=CYLINDRICAL_SURFACE('',#289,0.0002882);
#181=FACE_OUTER_BOUND('',#290,.T.);
#182=CYLINDRICAL_SURFACE('',#291,0.000288199999999999);
#183=FACE_OUTER_BOUND('',#292,.T.);
#184=CYLINDRICAL_SURFACE('',#293,0.0002882);
#185=FACE_OUTER_BOUND('',#294,.T.);
#186=CYLINDRICAL_SURFACE('',#295,0.000288199999999999);
#187=FACE_OUTER_BOUND('',#296,.T.);
#188=CYLINDRICAL_SURFACE('',#297,0.000288199999999999);
#189=FACE_OUTER_BOUND('',#298,.T.);
#190=CYLINDRICAL_SURFACE('',#299,0.0002882);
#191=FACE_OUTER_BOUND('',#300,.T.);
#192=CYLINDRICAL_SURFACE('',#301,0.0002882);
#193=FACE_OUTER_BOUND('',#302,.T.);
#194=CYLINDRICAL_SURFACE('',#303,0.0002882);
#195=FACE_OUTER_BOUND('',#304,.T.);
#196=CYLINDRICAL_SURFACE('',#305,0.0002882);
#197=FACE_OUTER_BOUND('',#306,.T.);
#198=CYLINDRICAL_SURFACE('',#307,0.0002882);
#199=FACE_OUTER_BOUND('',#308,.T.);
#200=CYLINDRICAL_SURFACE('',#309,0.0002882);
#201=FACE_OUTER_BOUND('',#310,.T.);
#202=CYLINDRICAL_SURFACE('',#311,0.000288199999999999);
#203=FACE_OUTER_BOUND('',#312,.T.);
#204=CYLINDRICAL_SURFACE('',#313,0.0002882);
#205=FACE_OUTER_BOUND('',#314,.T.);
#206=CYLINDRICAL_SURFACE('',#315,0.000288199999999999);
#207=FACE_OUTER_BOUND('',#316,.T.);
#208=CYLINDRICAL_SURFACE('',#317,0.0002882);
#209=FACE_OUTER_BOUND('',#318,.T.);
#210=CYLINDRICAL_SURFACE('',#319,0.000288199999999999);
#211=FACE_OUTER_BOUND('',#320,.T.);
#212=PLANE('',#321);
#213=FACE_OUTER_BOUND('',#322,.T.);
#214=PLANE('',#323);
#215=FILL_AREA_STYLE('',(#324));
#216=EDGE_LOOP('',(#325,#326,#327,#328,#329,#330,#331,#332,#333,#334));
#217=AXIS2_PLACEMENT_3D('',#335,#336,#337);
#218=EDGE_LOOP('',(#338,#339,#340,#341,#342,#343));
#219=AXIS2_PLACEMENT_3D('',#344,#345,#346);
#220=EDGE_LOOP('',(#347,#348,#349,#350,#351,#352));
#221=AXIS2_PLACEMENT_3D('',#353,#354,#355);
#222=EDGE_LOOP('',(#356,#357,#358,#359,#360,#361));
#223=AXIS2_PLACEMENT_3D('',#362,#363,#364);
#224=EDGE_LOOP('',(#365,#366,#367,#368,#369,#370));
#225=AXIS2_PLACEMENT_3D('',#371,#372,#373);
#226=EDGE_LOOP('',(#374,#375,#376,#377,#378,#379,#380,#381,#382,#383));
#227=AXIS2_PLACEMENT_3D('',#384,#385,#386);
#228=EDGE_LOOP('',(#387,#388,#389,#390,#391,#392));
#229=AXIS2_PLACEMENT_3D('',#393,#394,#395);
#230=EDGE_LOOP('',(#396,#397,#398,#399,#400,#401));
#231=AXIS2_PLACEMENT_3D('',#402,#403,#404);
#232=EDGE_LOOP('',(#405,#406,#407,#408,#409,#410));
#233=AXIS2_PLACEMENT_3D('',#411,#412,#413);
#234=EDGE_LOOP('',(#414,#415,#416,#417,#418,#419));
#235=AXIS2_PLACEMENT_3D('',#420,#421,#422);
#236=EDGE_LOOP('',(#423,#424,#425,#426,#427,#428,#429,#430,#431,#432));
#237=AXIS2_PLACEMENT_3D('',#433,#434,#435);
#238=EDGE_LOOP('',(#436,#437,#438,#439,#440,#441,#442,#443,#444,#445));
#239=AXIS2_PLACEMENT_3D('',#446,#447,#448);
#240=EDGE_LOOP('',(#449,#450,#451,#452,#453,#454,#455,#456,#457,#458,#459,#460,#461,#462,#463,#464));
#241=AXIS2_PLACEMENT_3D('',#465,#466,#467);
#242=EDGE_LOOP('',(#468,#469,#470,#471,#472,#473,#474,#475,#476,#477));
#243=AXIS2_PLACEMENT_3D('',#478,#479,#480);
#244=EDGE_LOOP('',(#481,#482,#483,#484,#485,#486,#487,#488,#489,#490,#491,#492,#493,#494,#495,#496,#497,#498,#499,#500,#501,#502,#503,#504));
#245=AXIS2_PLACEMENT_3D('',#505,#506,#507);
#246=EDGE_LOOP('',(#508,#509,#510,#511,#512,#513,#514,#515,#516,#517));
#247=AXIS2_PLACEMENT_3D('',#518,#519,#520);
#248=EDGE_LOOP('',(#521,#522,#523,#524,#525,#526,#527,#528,#529,#530,#531,#532,#533,#534,#535,#536));
#249=AXIS2_PLACEMENT_3D('',#537,#538,#539);
#250=EDGE_LOOP('',(#540,#541,#542,#543,#544,#545,#546,#547,#548,#549));
#251=AXIS2_PLACEMENT_3D('',#550,#551,#552);
#252=EDGE_LOOP('',(#553,#554,#555,#556,#557,#558,#559,#560,#561,#562,#563,#564,#565,#566,#567,#568,#569,#570,#571,#572,#573,#574,#575,#576));
#253=AXIS2_PLACEMENT_3D('',#577,#578,#579);
#254=EDGE_LOOP('',(#580,#581,#582,#583,#584,#585));
#255=AXIS2_PLACEMENT_3D('',#586,#587,#588);
#256=EDGE_LOOP('',(#589,#590,#591,#592,#593,#594,#595,#596,#597,#598));
#257=AXIS2_PLACEMENT_3D('',#599,#600,#601);
#258=EDGE_LOOP('',(#602,#603,#604,#605,#606,#607,#608,#609,#610,#611));
#259=AXIS2_PLACEMENT_3D('',#612,#613,#614);
#260=EDGE_LOOP('',(#615,#616,#617,#618,#619,#620));
#261=AXIS2_PLACEMENT_3D('',#621,#622,#623);
#262=EDGE_LOOP('',(#624,#625,#626,#627,#628,#629));
#263=AXIS2_PLACEMENT_3D('',#630,#631,#632);
#264=EDGE_LOOP('',(#633,#634,#635,#636,#637,#638));
#265=AXIS2_PLACEMENT_3D('',#639,#640,#641);
#266=EDGE_LOOP('',(#642,#643,#644,#645,#646,#647));
#267=AXIS2_PLACEMENT_3D('',#648,#649,#650);
#268=EDGE_LOOP('',(#651,#652,#653,#654,#655,#656,#657,#658,#659,#660));
#269=AXIS2_PLACEMENT_3D('',#661,#662,#663);
#270=EDGE_LOOP('',(#664,#665,#666,#667,#668,#669));
#271=AXIS2_PLACEMENT_3D('',#670,#671,#672);
#272=EDGE_LOOP('',(#673,#674,#675,#676,#677,#678));
#273=AXIS2_PLACEMENT_3D('',#679,#680,#681);
#274=EDGE_LOOP('',(#682,#683,#684,#685,#686,#687));
#275=AXIS2_PLACEMENT_3D('',#688,#689,#690);
#276=EDGE_LOOP('',(#691,#692,#693,#694,#695,#696));
#277=AXIS2_PLACEMENT_3D('',#697,#698,#699);
#278=EDGE_LOOP('',(#700,#701,#702,#703,#704,#705));
#279=AXIS2_PLACEMENT_3D('',#706,#707,#708);
#280=EDGE_LOOP('',(#709,#710,#711,#712,#713,#714));
#281=AXIS2_PLACEMENT_3D('',#715,#716,#717);
#282=EDGE_LOOP('',(#718,#719,#720,#721,#722,#723));
#283=AXIS2_PLACEMENT_3D('',#724,#725,#726);
#284=EDGE_LOOP('',(#727,#728,#729,#730,#731,#732,#733,#734,#735,#736));
#285=AXIS2_PLACEMENT_3D('',#737,#738,#739);
#286=EDGE_LOOP('',(#740,#741,#742,#743,#744,#745));
#287=AXIS2_PLACEMENT_3D('',#746,#747,#748);
#288=EDGE_LOOP('',(#749,#750,#751,#752,#753,#754));
#289=AXIS2_PLACEMENT_3D('',#755,#756,#757);
#290=EDGE_LOOP('',(#758,#759,#760,#761,#762,#763));
#291=AXIS2_PLACEMENT_3D('',#764,#765,#766);
#292=EDGE_LOOP('',(#767,#768,#769,#770,#771,#772));
#293=AXIS2_PLACEMENT_3D('',#773,#774,#775);
#294=EDGE_LOOP('',(#776,#777,#778,#779,#780,#781));
#295=AXIS2_PLACEMENT_3D('',#782,#783,#784);
#296=EDGE_LOOP('',(#785,#786,#787,#788,#789,#790));
#297=AXIS2_PLACEMENT_3D('',#791,#792,#793);
#298=EDGE_LOOP('',(#794,#795,#796,#797,#798,#799));
#299=AXIS2_PLACEMENT_3D('',#800,#801,#802);
#300=EDGE_LOOP('',(#803,#804,#805,#806,#807,#808,#809,#810,#811,#812));
#301=AXIS2_PLACEMENT_3D('',#813,#814,#815);
#302=EDGE_LOOP('',(#816,#817,#818,#819,#820,#821));
#303=AXIS2_PLACEMENT_3D('',#822,#823,#824);
#304=EDGE_LOOP('',(#825,#826,#827,#828,#829,#830));
#305=AXIS2_PLACEMENT_3D('',#831,#832,#833);
#306=EDGE_LOOP('',(#834,#835,#836,#837,#838,#839));
#307=AXIS2_PLACEMENT_3D('',#840,#841,#842);
#308=EDGE_LOOP('',(#843,#844,#845,#846,#847,#848));
#309=AXIS2_PLACEMENT_3D('',#849,#850,#851);
#310=EDGE_LOOP('',(#852,#853,#854,#855,#856,#857,#858,#859,#860,#861));
#311=AXIS2_PLACEMENT_3D('',#862,#863,#864);
#312=EDGE_LOOP('',(#865,#866,#867,#868,#869,#870));
#313=AXIS2_PLACEMENT_3D('',#871,#872,#873);
#314=EDGE_LOOP('',(#874,#875,#876,#877,#878,#879,#880,#881,#882,#883));
#315=AXIS2_PLACEMENT_3D('',#884,#885,#886);
#316=EDGE_LOOP('',(#887,#888,#889,#890,#891,#892,#893,#894,#895,#896));
#317=AXIS2_PLACEMENT_3D('',#897,#898,#899);
#318=EDGE_LOOP('',(#900,#901,#902,#903,#904,#905,#906,#907,#908,#909));
#319=AXIS2_PLACEMENT_3D('',#910,#911,#912);
#320=EDGE_LOOP('',(#913,#914,#915,#916,#917,#918,#919,#920,#921,#922,#923,#924,#925,#926,#927,#928,#929,#930,#931,#932,#933,#934,#935,#936));
#321=AXIS2_PLACEMENT_3D('',#937,#938,#939);
#322=EDGE_LOOP('',(#940,#941,#942,#943,#944,#945,#946,#947,#948,#949,#950,#951,#952,#953,#954,#955,#956,#957,#958,#959,#960,#961,#962,#963));
#323=AXIS2_PLACEMENT_3D('',#964,#965,#966);
#324=FILL_AREA_STYLE_COLOUR('',#967);
#325=ORIENTED_EDGE('',*,*,#968,.F.);
#326=ORIENTED_EDGE('',*,*,#969,.T.);
#327=ORIENTED_EDGE('',*,*,#970,.T.);
#328=ORIENTED_EDGE('',*,*,#971,.T.);
#329=ORIENTED_EDGE('',*,*,#972,.T.);
#330=ORIENTED_EDGE('',*,*,#973,.F.);
#331=ORIENTED_EDGE('',*,*,#974,.F.);
#332=ORIENTED_EDGE('',*,*,#975,.T.);
#333=ORIENTED_EDGE('',*,*,#976,.T.);
#334=ORIENTED_EDGE('',*,*,#977,.F.);
#335=CARTESIAN_POINT('',(1.9166167708544E-20,0.01,0.0));
#336=DIRECTION('',(-0.707106781186548,-0.707106781186548,0.0));
#337=DIRECTION('',(0.707106781186547,-0.707106781186547,0.0));
#338=ORIENTED_EDGE('',*,*,#978,.F.);
#339=ORIENTED_EDGE('',*,*,#979,.F.);
#340=ORIENTED_EDGE('',*,*,#980,.F.);
#341=ORIENTED_EDGE('',*,*,#981,.F.);
#342=ORIENTED_EDGE('',*,*,#982,.T.);
#343=ORIENTED_EDGE('',*,*,#983,.T.);
#344=CARTESIAN_POINT('',(0.01,0.0,1.44411812916273E-19));
#345=DIRECTION('',(-0.648608489879153,0.0,0.761122215453395));
#346=DIRECTION('',(0.761122215453396,0.0,0.648608489879153));
#347=ORIENTED_EDGE('',*,*,#984,.F.);
#348=ORIENTED_EDGE('',*,*,#985,.F.);
#349=ORIENTED_EDGE('',*,*,#986,.F.);
#350=ORIENTED_EDGE('',*,*,#987,.F.);
#351=ORIENTED_EDGE('',*,*,#988,.T.);
#352=ORIENTED_EDGE('',*,*,#989,.T.);
#353=CARTESIAN_POINT('',(0.0,-0.01,1.44411812916273E-19));
#354=DIRECTION('',(0.0,0.648608489879153,0.761122215453395));
#355=DIRECTION('',(0.0,-0.761122215453396,0.648608489879153));
#356=ORIENTED_EDGE('',*,*,#990,.F.);
#357=ORIENTED_EDGE('',*,*,#991,.T.);
#358=ORIENTED_EDGE('',*,*,#992,.T.);
#359=ORIENTED_EDGE('',*,*,#993,.F.);
#360=ORIENTED_EDGE('',*,*,#976,.F.);
#361=ORIENTED_EDGE('',*,*,#994,.F.);
#362=CARTESIAN_POINT('',(3.16450230218782E-19,0.0,0.011734694));
#363=DIRECTION('',(-0.648608489879153,0.0,-0.761122215453396));
#364=DIRECTION('',(-0.761122215453396,0.0,0.648608489879153));
#365=ORIENTED_EDGE('',*,*,#995,.F.);
#366=ORIENTED_EDGE('',*,*,#996,.F.);
#367=ORIENTED_EDGE('',*,*,#997,.F.);
#368=ORIENTED_EDGE('',*,*,#998,.F.);
#369=ORIENTED_EDGE('',*,*,#999,.T.);
#370=ORIENTED_EDGE('',*,*,#982,.F.);
#371=CARTESIAN_POINT('',(0.0,0.01,-1.44411812916273E-19));
#372=DIRECTION('',(0.0,-0.648608489879153,0.761122215453395));
#373=DIRECTION('',(0.0,-0.761122215453396,-0.648608489879153));
#374=ORIENTED_EDGE('',*,*,#1000,.F.);
#375=ORIENTED_EDGE('',*,*,#1001,.T.);
#376=ORIENTED_EDGE('',*,*,#1002,.T.);
#377=ORIENTED_EDGE('',*,*,#1003,.T.);
#378=ORIENTED_EDGE('',*,*,#1004,.T.);
#379=ORIENTED_EDGE('',*,*,#1005,.F.);
#380=ORIENTED_EDGE('',*,*,#1006,.F.);
#381=ORIENTED_EDGE('',*,*,#986,.T.);
#382=ORIENTED_EDGE('',*,*,#1007,.T.);
#383=ORIENTED_EDGE('',*,*,#1008,.F.);
#384=CARTESIAN_POINT('',(0.01,-1.9166167708544E-20,0.0));
#385=DIRECTION('',(-0.707106781186548,-0.707106781186548,0.0));
#386=DIRECTION('',(0.707106781186547,-0.707106781186547,0.0));
#387=ORIENTED_EDGE('',*,*,#1009,.F.);
#388=ORIENTED_EDGE('',*,*,#1010,.T.);
#389=ORIENTED_EDGE('',*,*,#1011,.T.);
#390=ORIENTED_EDGE('',*,*,#1012,.F.);
#391=ORIENTED_EDGE('',*,*,#1013,.F.);
#392=ORIENTED_EDGE('',*,*,#1014,.F.);
#393=CARTESIAN_POINT('',(0.0,0.01,-1.44411812916273E-19));
#394=DIRECTION('',(0.0,-0.648608489879153,-0.761122215453395));
#395=DIRECTION('',(0.0,0.761122215453396,-0.648608489879153));
#396=ORIENTED_EDGE('',*,*,#1015,.F.);
#397=ORIENTED_EDGE('',*,*,#1016,.T.);
#398=ORIENTED_EDGE('',*,*,#1017,.F.);
#399=ORIENTED_EDGE('',*,*,#1018,.F.);
#400=ORIENTED_EDGE('',*,*,#1019,.T.);
#401=ORIENTED_EDGE('',*,*,#1020,.T.);
#402=CARTESIAN_POINT('',(-3.16450230218782E-19,0.0,-0.011734694));
#403=DIRECTION('',(-0.648608489879153,0.0,0.761122215453396));
#404=DIRECTION('',(0.761122215453396,0.0,0.648608489879153));
#405=ORIENTED_EDGE('',*,*,#1021,.F.);
#406=ORIENTED_EDGE('',*,*,#1022,.T.);
#407=ORIENTED_EDGE('',*,*,#1023,.T.);
#408=ORIENTED_EDGE('',*,*,#1024,.F.);
#409=ORIENTED_EDGE('',*,*,#1025,.F.);
#410=ORIENTED_EDGE('',*,*,#1013,.T.);
#411=CARTESIAN_POINT('',(0.01,0.0,1.44411812916273E-19));
#412=DIRECTION('',(-0.648608489879153,0.0,-0.761122215453395));
#413=DIRECTION('',(-0.761122215453396,0.0,0.648608489879153));
#414=ORIENTED_EDGE('',*,*,#1026,.F.);
#415=ORIENTED_EDGE('',*,*,#1027,.F.);
#416=ORIENTED_EDGE('',*,*,#1028,.T.);
#417=ORIENTED_EDGE('',*,*,#1029,.F.);
#418=ORIENTED_EDGE('',*,*,#1030,.T.);
#419=ORIENTED_EDGE('',*,*,#1031,.F.);
#420=CARTESIAN_POINT('',(0.0,3.16450230218782E-19,-0.011734694));
#421=DIRECTION('',(0.0,-0.648608489879153,0.761122215453396));
#422=DIRECTION('',(0.0,-0.761122215453396,-0.648608489879153));
#423=ORIENTED_EDGE('',*,*,#1032,.F.);
#424=ORIENTED_EDGE('',*,*,#1033,.F.);
#425=ORIENTED_EDGE('',*,*,#1034,.T.);
#426=ORIENTED_EDGE('',*,*,#1035,.T.);
#427=ORIENTED_EDGE('',*,*,#1006,.T.);
#428=ORIENTED_EDGE('',*,*,#1036,.F.);
#429=ORIENTED_EDGE('',*,*,#977,.T.);
#430=ORIENTED_EDGE('',*,*,#1037,.T.);
#431=ORIENTED_EDGE('',*,*,#1038,.T.);
#432=ORIENTED_EDGE('',*,*,#1039,.F.);
#433=CARTESIAN_POINT('',(-1.9166167708544E-20,-0.01,0.0));
#434=DIRECTION('',(-0.707106781186548,0.707106781186548,0.0));
#435=DIRECTION('',(-0.707106781186547,-0.707106781186547,0.0));
#436=ORIENTED_EDGE('',*,*,#1040,.F.);
#437=ORIENTED_EDGE('',*,*,#1004,.F.);
#438=ORIENTED_EDGE('',*,*,#980,.T.);
#439=ORIENTED_EDGE('',*,*,#1041,.T.);
#440=ORIENTED_EDGE('',*,*,#1042,.T.);
#441=ORIENTED_EDGE('',*,*,#1043,.F.);
#442=ORIENTED_EDGE('',*,*,#1044,.T.);
#443=ORIENTED_EDGE('',*,*,#1045,.T.);
#444=ORIENTED_EDGE('',*,*,#996,.T.);
#445=ORIENTED_EDGE('',*,*,#969,.F.);
#446=CARTESIAN_POINT('',(0.01,-1.9166167708544E-20,0.0));
#447=DIRECTION('',(-0.707106781186548,0.707106781186548,0.0));
#448=DIRECTION('',(-0.707106781186547,-0.707106781186547,0.0));
#449=ORIENTED_EDGE('',*,*,#1046,.T.);
#450=ORIENTED_EDGE('',*,*,#1047,.T.);
#451=ORIENTED_EDGE('',*,*,#1048,.T.);
#452=ORIENTED_EDGE('',*,*,#1049,.T.);
#453=ORIENTED_EDGE('',*,*,#1050,.T.);
#454=ORIENTED_EDGE('',*,*,#1051,.T.);
#455=ORIENTED_EDGE('',*,*,#1052,.T.);
#456=ORIENTED_EDGE('',*,*,#1053,.T.);
#457=ORIENTED_EDGE('',*,*,#1054,.T.);
#458=ORIENTED_EDGE('',*,*,#1055,.T.);
#459=ORIENTED_EDGE('',*,*,#1056,.T.);
#460=ORIENTED_EDGE('',*,*,#1057,.T.);
#461=ORIENTED_EDGE('',*,*,#1058,.T.);
#462=ORIENTED_EDGE('',*,*,#1059,.T.);
#463=ORIENTED_EDGE('',*,*,#1060,.T.);
#464=ORIENTED_EDGE('',*,*,#1061,.T.);
#465=CARTESIAN_POINT('',(0.0,0.0,-0.011734694));
#466=DIRECTION('',(0.0,0.0,1.0));
#467=DIRECTION('',(1.0,0.0,0.0));
#468=ORIENTED_EDGE('',*,*,#1053,.F.);
#469=ORIENTED_EDGE('',*,*,#1062,.F.);
#470=ORIENTED_EDGE('',*,*,#1063,.T.);
#471=ORIENTED_EDGE('',*,*,#1064,.T.);
#472=ORIENTED_EDGE('',*,*,#1065,.T.);
#473=ORIENTED_EDGE('',*,*,#1050,.F.);
#474=ORIENTED_EDGE('',*,*,#1066,.T.);
#475=ORIENTED_EDGE('',*,*,#1067,.T.);
#476=ORIENTED_EDGE('',*,*,#1027,.T.);
#477=ORIENTED_EDGE('',*,*,#1068,.F.);
#478=CARTESIAN_POINT('',(0.01,-0.01,-0.011734694));
#479=DIRECTION('',(-0.707106781186547,0.707106781186547,0.0));
#480=DIRECTION('',(-0.707106781186548,-0.707106781186548,0.0));
#481=ORIENTED_EDGE('',*,*,#1051,.F.);
#482=ORIENTED_EDGE('',*,*,#1065,.F.);
#483=ORIENTED_EDGE('',*,*,#1069,.F.);
#484=ORIENTED_EDGE('',*,*,#1070,.F.);
#485=ORIENTED_EDGE('',*,*,#1071,.F.);
#486=ORIENTED_EDGE('',*,*,#1048,.F.);
#487=ORIENTED_EDGE('',*,*,#1072,.F.);
#488=ORIENTED_EDGE('',*,*,#1073,.F.);
#489=ORIENTED_EDGE('',*,*,#1074,.F.);
#490=ORIENTED_EDGE('',*,*,#1042,.F.);
#491=ORIENTED_EDGE('',*,*,#1075,.F.);
#492=ORIENTED_EDGE('',*,*,#1076,.F.);
#493=ORIENTED_EDGE('',*,*,#1077,.T.);
#494=ORIENTED_EDGE('',*,*,#1078,.F.);
#495=ORIENTED_EDGE('',*,*,#1079,.F.);
#496=ORIENTED_EDGE('',*,*,#1080,.F.);
#497=ORIENTED_EDGE('',*,*,#1081,.F.);
#498=ORIENTED_EDGE('',*,*,#1082,.T.);
#499=ORIENTED_EDGE('',*,*,#1083,.F.);
#500=ORIENTED_EDGE('',*,*,#1084,.F.);
#501=ORIENTED_EDGE('',*,*,#1001,.F.);
#502=ORIENTED_EDGE('',*,*,#1085,.F.);
#503=ORIENTED_EDGE('',*,*,#1086,.F.);
#504=ORIENTED_EDGE('',*,*,#1087,.F.);
#505=CARTESIAN_POINT('',(0.01,0.0,0.0));
#506=DIRECTION('',(1.0,0.0,0.0));
#507=DIRECTION('',(0.0,1.0,0.0));
#508=ORIENTED_EDGE('',*,*,#1049,.F.);
#509=ORIENTED_EDGE('',*,*,#1071,.T.);
#510=ORIENTED_EDGE('',*,*,#1088,.T.);
#511=ORIENTED_EDGE('',*,*,#1089,.T.);
#512=ORIENTED_EDGE('',*,*,#1090,.T.);
#513=ORIENTED_EDGE('',*,*,#1046,.F.);
#514=ORIENTED_EDGE('',*,*,#1091,.F.);
#515=ORIENTED_EDGE('',*,*,#1014,.T.);
#516=ORIENTED_EDGE('',*,*,#1025,.T.);
#517=ORIENTED_EDGE('',*,*,#1066,.F.);
#518=CARTESIAN_POINT('',(0.0,0.0,-0.011734694));
#519=DIRECTION('',(0.707106781186547,0.707106781186547,0.0));
#520=DIRECTION('',(-0.707106781186548,0.707106781186548,0.0));
#521=ORIENTED_EDGE('',*,*,#1082,.F.);
#522=ORIENTED_EDGE('',*,*,#1092,.F.);
#523=ORIENTED_EDGE('',*,*,#1093,.F.);
#524=ORIENTED_EDGE('',*,*,#1077,.F.);
#525=ORIENTED_EDGE('',*,*,#1094,.F.);
#526=ORIENTED_EDGE('',*,*,#1095,.F.);
#527=ORIENTED_EDGE('',*,*,#1096,.F.);
#528=ORIENTED_EDGE('',*,*,#1097,.F.);
#529=ORIENTED_EDGE('',*,*,#1098,.F.);
#530=ORIENTED_EDGE('',*,*,#1099,.F.);
#531=ORIENTED_EDGE('',*,*,#1100,.F.);
#532=ORIENTED_EDGE('',*,*,#1101,.F.);
#533=ORIENTED_EDGE('',*,*,#1102,.F.);
#534=ORIENTED_EDGE('',*,*,#1103,.F.);
#535=ORIENTED_EDGE('',*,*,#1104,.F.);
#536=ORIENTED_EDGE('',*,*,#1105,.F.);
#537=CARTESIAN_POINT('',(0.0,0.0,0.011734694));
#538=DIRECTION('',(0.0,0.0,1.0));
#539=DIRECTION('',(1.0,0.0,0.0));
#540=ORIENTED_EDGE('',*,*,#1104,.T.);
#541=ORIENTED_EDGE('',*,*,#1106,.F.);
#542=ORIENTED_EDGE('',*,*,#989,.F.);
#543=ORIENTED_EDGE('',*,*,#1107,.F.);
#544=ORIENTED_EDGE('',*,*,#1108,.T.);
#545=ORIENTED_EDGE('',*,*,#1092,.T.);
#546=ORIENTED_EDGE('',*,*,#1081,.T.);
#547=ORIENTED_EDGE('',*,*,#1109,.F.);
#548=ORIENTED_EDGE('',*,*,#1110,.F.);
#549=ORIENTED_EDGE('',*,*,#1111,.F.);
#550=CARTESIAN_POINT('',(0.01,-0.01,0.011734694));
#551=DIRECTION('',(-0.707106781186547,0.707106781186547,0.0));
#552=DIRECTION('',(-0.707106781186548,-0.707106781186548,0.0));
#553=ORIENTED_EDGE('',*,*,#1055,.F.);
#554=ORIENTED_EDGE('',*,*,#1112,.T.);
#555=ORIENTED_EDGE('',*,*,#1113,.T.);
#556=ORIENTED_EDGE('',*,*,#1114,.T.);
#557=ORIENTED_EDGE('',*,*,#1062,.T.);
#558=ORIENTED_EDGE('',*,*,#1052,.F.);
#559=ORIENTED_EDGE('',*,*,#1087,.T.);
#560=ORIENTED_EDGE('',*,*,#1115,.T.);
#561=ORIENTED_EDGE('',*,*,#1116,.T.);
#562=ORIENTED_EDGE('',*,*,#1008,.T.);
#563=ORIENTED_EDGE('',*,*,#1117,.T.);
#564=ORIENTED_EDGE('',*,*,#1083,.T.);
#565=ORIENTED_EDGE('',*,*,#1105,.T.);
#566=ORIENTED_EDGE('',*,*,#1111,.T.);
#567=ORIENTED_EDGE('',*,*,#1118,.T.);
#568=ORIENTED_EDGE('',*,*,#1119,.T.);
#569=ORIENTED_EDGE('',*,*,#1120,.T.);
#570=ORIENTED_EDGE('',*,*,#1102,.T.);
#571=ORIENTED_EDGE('',*,*,#1121,.F.);
#572=ORIENTED_EDGE('',*,*,#1122,.T.);
#573=ORIENTED_EDGE('',*,*,#1033,.T.);
#574=ORIENTED_EDGE('',*,*,#1123,.T.);
#575=ORIENTED_EDGE('',*,*,#1124,.T.);
#576=ORIENTED_EDGE('',*,*,#1125,.F.);
#577=CARTESIAN_POINT('',(0.0,-0.01,0.0));
#578=DIRECTION('',(0.0,1.0,-0.0));
#579=DIRECTION('',(-1.0,0.0,0.0));
#580=ORIENTED_EDGE('',*,*,#1079,.T.);
#581=ORIENTED_EDGE('',*,*,#1126,.T.);
#582=ORIENTED_EDGE('',*,*,#1127,.T.);
#583=ORIENTED_EDGE('',*,*,#1075,.T.);
#584=ORIENTED_EDGE('',*,*,#1041,.F.);
#585=ORIENTED_EDGE('',*,*,#979,.T.);
#586=CARTESIAN_POINT('',(0.01,0.0,0.0));
#587=DIRECTION('',(0.0,0.648608489879153,0.761122215453395));
#588=DIRECTION('',(0.0,-0.761122215453396,0.648608489879153));
#589=ORIENTED_EDGE('',*,*,#1040,.T.);
#590=ORIENTED_EDGE('',*,*,#1128,.F.);
#591=ORIENTED_EDGE('',*,*,#1011,.F.);
#592=ORIENTED_EDGE('',*,*,#1129,.F.);
#593=ORIENTED_EDGE('',*,*,#1130,.T.);
#594=ORIENTED_EDGE('',*,*,#1043,.T.);
#595=ORIENTED_EDGE('',*,*,#1074,.T.);
#596=ORIENTED_EDGE('',*,*,#1131,.F.);
#597=ORIENTED_EDGE('',*,*,#1022,.F.);
#598=ORIENTED_EDGE('',*,*,#1132,.F.);
#599=CARTESIAN_POINT('',(0.01,-1.9166167708544E-20,0.0));
#600=DIRECTION('',(-0.707106781186548,0.707106781186548,0.0));
#601=DIRECTION('',(-0.707106781186547,-0.707106781186547,0.0));
#602=ORIENTED_EDGE('',*,*,#1032,.T.);
#603=ORIENTED_EDGE('',*,*,#1133,.F.);
#604=ORIENTED_EDGE('',*,*,#1134,.F.);
#605=ORIENTED_EDGE('',*,*,#1135,.F.);
#606=ORIENTED_EDGE('',*,*,#1136,.T.);
#607=ORIENTED_EDGE('',*,*,#1036,.T.);
#608=ORIENTED_EDGE('',*,*,#1137,.T.);
#609=ORIENTED_EDGE('',*,*,#1138,.F.);
#610=ORIENTED_EDGE('',*,*,#1139,.F.);
#611=ORIENTED_EDGE('',*,*,#1123,.F.);
#612=CARTESIAN_POINT('',(-1.9166167708544E-20,-0.01,0.0));
#613=DIRECTION('',(-0.707106781186548,0.707106781186548,0.0));
#614=DIRECTION('',(-0.707106781186547,-0.707106781186547,0.0));
#615=ORIENTED_EDGE('',*,*,#1124,.F.);
#616=ORIENTED_EDGE('',*,*,#1139,.T.);
#617=ORIENTED_EDGE('',*,*,#1140,.T.);
#618=ORIENTED_EDGE('',*,*,#1113,.F.);
#619=ORIENTED_EDGE('',*,*,#1141,.F.);
#620=ORIENTED_EDGE('',*,*,#1142,.T.);
#621=CARTESIAN_POINT('',(-0.01,-0.01,-0.011734694));
#622=DIRECTION('',(0.648608489879153,0.0,0.761122215453395));
#623=DIRECTION('',(0.761122215453395,0.0,-0.648608489879153));
#624=ORIENTED_EDGE('',*,*,#1122,.F.);
#625=ORIENTED_EDGE('',*,*,#1143,.T.);
#626=ORIENTED_EDGE('',*,*,#1144,.T.);
#627=ORIENTED_EDGE('',*,*,#1119,.F.);
#628=ORIENTED_EDGE('',*,*,#1145,.T.);
#629=ORIENTED_EDGE('',*,*,#1034,.F.);
#630=CARTESIAN_POINT('',(-0.01,-0.01,0.011734694));
#631=DIRECTION('',(0.648608489879153,0.0,-0.761122215453395));
#632=DIRECTION('',(-0.761122215453395,0.0,-0.648608489879153));
#633=ORIENTED_EDGE('',*,*,#1118,.F.);
#634=ORIENTED_EDGE('',*,*,#1110,.T.);
#635=ORIENTED_EDGE('',*,*,#1146,.T.);
#636=ORIENTED_EDGE('',*,*,#1117,.F.);
#637=ORIENTED_EDGE('',*,*,#1007,.F.);
#638=ORIENTED_EDGE('',*,*,#985,.T.);
#639=CARTESIAN_POINT('',(0.01,-0.01,0.011734694));
#640=DIRECTION('',(-0.648608489879153,0.0,-0.761122215453395));
#641=DIRECTION('',(-0.761122215453395,0.0,0.648608489879153));
#642=ORIENTED_EDGE('',*,*,#1084,.T.);
#643=ORIENTED_EDGE('',*,*,#1146,.F.);
#644=ORIENTED_EDGE('',*,*,#1109,.T.);
#645=ORIENTED_EDGE('',*,*,#1080,.T.);
#646=ORIENTED_EDGE('',*,*,#1147,.T.);
#647=ORIENTED_EDGE('',*,*,#1002,.F.);
#648=CARTESIAN_POINT('',(0.01,0.0,0.0));
#649=DIRECTION('',(0.0,-0.648608489879153,0.761122215453395));
#650=DIRECTION('',(0.0,-0.761122215453396,-0.648608489879153));
#651=ORIENTED_EDGE('',*,*,#1054,.F.);
#652=ORIENTED_EDGE('',*,*,#1068,.T.);
#653=ORIENTED_EDGE('',*,*,#1148,.T.);
#654=ORIENTED_EDGE('',*,*,#1149,.T.);
#655=ORIENTED_EDGE('',*,*,#1150,.T.);
#656=ORIENTED_EDGE('',*,*,#1057,.F.);
#657=ORIENTED_EDGE('',*,*,#1151,.F.);
#658=ORIENTED_EDGE('',*,*,#1152,.T.);
#659=ORIENTED_EDGE('',*,*,#1141,.T.);
#660=ORIENTED_EDGE('',*,*,#1112,.F.);
#661=CARTESIAN_POINT('',(-0.01,-0.01,-0.011734694));
#662=DIRECTION('',(0.707106781186547,0.707106781186547,0.0));
#663=DIRECTION('',(-0.707106781186548,0.707106781186548,0.0));
#664=ORIENTED_EDGE('',*,*,#1026,.T.);
#665=ORIENTED_EDGE('',*,*,#1140,.F.);
#666=ORIENTED_EDGE('',*,*,#1138,.T.);
#667=ORIENTED_EDGE('',*,*,#1029,.T.);
#668=ORIENTED_EDGE('',*,*,#1153,.T.);
#669=ORIENTED_EDGE('',*,*,#1148,.F.);
#670=CARTESIAN_POINT('',(0.0,3.16450230218782E-19,-0.011734694));
#671=DIRECTION('',(0.0,-0.648608489879153,0.761122215453396));
#672=DIRECTION('',(0.0,-0.761122215453396,-0.648608489879153));
#673=ORIENTED_EDGE('',*,*,#1021,.T.);
#674=ORIENTED_EDGE('',*,*,#1028,.F.);
#675=ORIENTED_EDGE('',*,*,#1067,.F.);
#676=ORIENTED_EDGE('',*,*,#1024,.T.);
#677=ORIENTED_EDGE('',*,*,#1154,.F.);
#678=ORIENTED_EDGE('',*,*,#1155,.T.);
#679=CARTESIAN_POINT('',(0.01,0.0,1.44411812916273E-19));
#680=DIRECTION('',(-0.648608489879153,0.0,-0.761122215453395));
#681=DIRECTION('',(-0.761122215453396,0.0,0.648608489879153));
#682=ORIENTED_EDGE('',*,*,#1114,.F.);
#683=ORIENTED_EDGE('',*,*,#1031,.T.);
#684=ORIENTED_EDGE('',*,*,#1156,.T.);
#685=ORIENTED_EDGE('',*,*,#1115,.F.);
#686=ORIENTED_EDGE('',*,*,#1157,.T.);
#687=ORIENTED_EDGE('',*,*,#1063,.F.);
#688=CARTESIAN_POINT('',(0.01,-0.01,-0.011734694));
#689=DIRECTION('',(-0.648608489879153,0.0,0.761122215453395));
#690=DIRECTION('',(0.761122215453395,0.0,0.648608489879153));
#691=ORIENTED_EDGE('',*,*,#1015,.T.);
#692=ORIENTED_EDGE('',*,*,#1135,.T.);
#693=ORIENTED_EDGE('',*,*,#1158,.F.);
#694=ORIENTED_EDGE('',*,*,#1018,.T.);
#695=ORIENTED_EDGE('',*,*,#1149,.F.);
#696=ORIENTED_EDGE('',*,*,#1153,.F.);
#697=CARTESIAN_POINT('',(-3.16450230218782E-19,0.0,-0.011734694));
#698=DIRECTION('',(-0.648608489879153,0.0,0.761122215453396));
#699=DIRECTION('',(0.761122215453396,0.0,0.648608489879153));
#700=ORIENTED_EDGE('',*,*,#1159,.F.);
#701=ORIENTED_EDGE('',*,*,#1158,.T.);
#702=ORIENTED_EDGE('',*,*,#1134,.T.);
#703=ORIENTED_EDGE('',*,*,#1160,.F.);
#704=ORIENTED_EDGE('',*,*,#1142,.F.);
#705=ORIENTED_EDGE('',*,*,#1152,.F.);
#706=CARTESIAN_POINT('',(-0.01,-0.01,-0.011734694));
#707=DIRECTION('',(0.0,0.648608489879153,0.761122215453395));
#708=DIRECTION('',(0.0,-0.761122215453395,0.648608489879153));
#709=ORIENTED_EDGE('',*,*,#1009,.T.);
#710=ORIENTED_EDGE('',*,*,#1161,.F.);
#711=ORIENTED_EDGE('',*,*,#1016,.F.);
#712=ORIENTED_EDGE('',*,*,#1012,.T.);
#713=ORIENTED_EDGE('',*,*,#1162,.T.);
#714=ORIENTED_EDGE('',*,*,#1163,.T.);
#715=CARTESIAN_POINT('',(0.0,0.01,-1.44411812916273E-19));
#716=DIRECTION('',(0.0,-0.648608489879153,-0.761122215453395));
#717=DIRECTION('',(0.0,0.761122215453396,-0.648608489879153));
#718=ORIENTED_EDGE('',*,*,#1164,.T.);
#719=ORIENTED_EDGE('',*,*,#1129,.T.);
#720=ORIENTED_EDGE('',*,*,#1010,.F.);
#721=ORIENTED_EDGE('',*,*,#1165,.T.);
#722=ORIENTED_EDGE('',*,*,#1089,.F.);
#723=ORIENTED_EDGE('',*,*,#1166,.F.);
#724=CARTESIAN_POINT('',(0.0,0.01,0.0));
#725=DIRECTION('',(0.648608489879153,0.0,-0.761122215453395));
#726=DIRECTION('',(-0.761122215453396,0.0,-0.648608489879153));
#727=ORIENTED_EDGE('',*,*,#1000,.T.);
#728=ORIENTED_EDGE('',*,*,#1116,.F.);
#729=ORIENTED_EDGE('',*,*,#1156,.F.);
#730=ORIENTED_EDGE('',*,*,#1030,.F.);
#731=ORIENTED_EDGE('',*,*,#1137,.F.);
#732=ORIENTED_EDGE('',*,*,#1005,.T.);
#733=ORIENTED_EDGE('',*,*,#1132,.T.);
#734=ORIENTED_EDGE('',*,*,#1155,.F.);
#735=ORIENTED_EDGE('',*,*,#1167,.F.);
#736=ORIENTED_EDGE('',*,*,#1085,.T.);
#737=CARTESIAN_POINT('',(0.01,-1.9166167708544E-20,0.0));
#738=DIRECTION('',(-0.707106781186548,-0.707106781186548,0.0));
#739=DIRECTION('',(0.707106781186547,-0.707106781186547,0.0));
#740=ORIENTED_EDGE('',*,*,#1086,.T.);
#741=ORIENTED_EDGE('',*,*,#1167,.T.);
#742=ORIENTED_EDGE('',*,*,#1154,.T.);
#743=ORIENTED_EDGE('',*,*,#1069,.T.);
#744=ORIENTED_EDGE('',*,*,#1064,.F.);
#745=ORIENTED_EDGE('',*,*,#1157,.F.);
#746=CARTESIAN_POINT('',(0.01,0.0,0.0));
#747=DIRECTION('',(0.0,-0.648608489879153,-0.761122215453395));
#748=DIRECTION('',(0.0,0.761122215453396,-0.648608489879153));
#749=ORIENTED_EDGE('',*,*,#1070,.T.);
#750=ORIENTED_EDGE('',*,*,#1023,.F.);
#751=ORIENTED_EDGE('',*,*,#1131,.T.);
#752=ORIENTED_EDGE('',*,*,#1073,.T.);
#753=ORIENTED_EDGE('',*,*,#1166,.T.);
#754=ORIENTED_EDGE('',*,*,#1088,.F.);
#755=CARTESIAN_POINT('',(0.01,0.0,0.0));
#756=DIRECTION('',(0.0,0.648608489879153,-0.761122215453395));
#757=DIRECTION('',(0.0,0.761122215453396,0.648608489879153));
#758=ORIENTED_EDGE('',*,*,#995,.T.);
#759=ORIENTED_EDGE('',*,*,#992,.F.);
#760=ORIENTED_EDGE('',*,*,#1168,.T.);
#761=ORIENTED_EDGE('',*,*,#998,.T.);
#762=ORIENTED_EDGE('',*,*,#1169,.F.);
#763=ORIENTED_EDGE('',*,*,#970,.F.);
#764=CARTESIAN_POINT('',(0.0,0.01,-1.44411812916273E-19));
#765=DIRECTION('',(0.0,-0.648608489879153,0.761122215453395));
#766=DIRECTION('',(0.0,-0.761122215453396,-0.648608489879153));
#767=ORIENTED_EDGE('',*,*,#990,.T.);
#768=ORIENTED_EDGE('',*,*,#1170,.F.);
#769=ORIENTED_EDGE('',*,*,#1037,.F.);
#770=ORIENTED_EDGE('',*,*,#993,.T.);
#771=ORIENTED_EDGE('',*,*,#1171,.F.);
#772=ORIENTED_EDGE('',*,*,#1172,.T.);
#773=CARTESIAN_POINT('',(3.16450230218782E-19,0.0,0.011734694));
#774=DIRECTION('',(-0.648608489879153,0.0,-0.761122215453396));
#775=DIRECTION('',(-0.761122215453396,0.0,0.648608489879153));
#776=ORIENTED_EDGE('',*,*,#984,.T.);
#777=ORIENTED_EDGE('',*,*,#1173,.T.);
#778=ORIENTED_EDGE('',*,*,#1171,.T.);
#779=ORIENTED_EDGE('',*,*,#987,.T.);
#780=ORIENTED_EDGE('',*,*,#1035,.F.);
#781=ORIENTED_EDGE('',*,*,#1145,.F.);
#782=CARTESIAN_POINT('',(0.0,-0.01,1.44411812916273E-19));
#783=DIRECTION('',(0.0,0.648608489879153,0.761122215453395));
#784=DIRECTION('',(0.0,-0.761122215453396,0.648608489879153));
#785=ORIENTED_EDGE('',*,*,#978,.T.);
#786=ORIENTED_EDGE('',*,*,#1107,.T.);
#787=ORIENTED_EDGE('',*,*,#988,.F.);
#788=ORIENTED_EDGE('',*,*,#981,.T.);
#789=ORIENTED_EDGE('',*,*,#1003,.F.);
#790=ORIENTED_EDGE('',*,*,#1147,.F.);
#791=CARTESIAN_POINT('',(0.01,0.0,1.44411812916273E-19));
#792=DIRECTION('',(-0.648608489879153,0.0,0.761122215453395));
#793=DIRECTION('',(0.761122215453396,0.0,0.648608489879153));
#794=ORIENTED_EDGE('',*,*,#1174,.T.);
#795=ORIENTED_EDGE('',*,*,#1175,.F.);
#796=ORIENTED_EDGE('',*,*,#1176,.F.);
#797=ORIENTED_EDGE('',*,*,#1177,.T.);
#798=ORIENTED_EDGE('',*,*,#1163,.F.);
#799=ORIENTED_EDGE('',*,*,#1178,.T.);
#800=CARTESIAN_POINT('',(0.0,0.01,0.0));
#801=DIRECTION('',(-0.648608489879153,0.0,-0.761122215453395));
#802=DIRECTION('',(-0.761122215453396,0.0,0.648608489879153));
#803=ORIENTED_EDGE('',*,*,#1058,.F.);
#804=ORIENTED_EDGE('',*,*,#1150,.F.);
#805=ORIENTED_EDGE('',*,*,#1017,.T.);
#806=ORIENTED_EDGE('',*,*,#1161,.T.);
#807=ORIENTED_EDGE('',*,*,#1091,.T.);
#808=ORIENTED_EDGE('',*,*,#1061,.F.);
#809=ORIENTED_EDGE('',*,*,#1179,.T.);
#810=ORIENTED_EDGE('',*,*,#1176,.T.);
#811=ORIENTED_EDGE('',*,*,#1180,.T.);
#812=ORIENTED_EDGE('',*,*,#1181,.F.);
#813=CARTESIAN_POINT('',(0.0,0.0,-0.011734694));
#814=DIRECTION('',(-0.707106781186547,0.707106781186547,0.0));
#815=DIRECTION('',(-0.707106781186548,-0.707106781186548,0.0));
#816=ORIENTED_EDGE('',*,*,#1182,.F.);
#817=ORIENTED_EDGE('',*,*,#1183,.T.);
#818=ORIENTED_EDGE('',*,*,#1019,.F.);
#819=ORIENTED_EDGE('',*,*,#1184,.F.);
#820=ORIENTED_EDGE('',*,*,#1180,.F.);
#821=ORIENTED_EDGE('',*,*,#1175,.T.);
#822=CARTESIAN_POINT('',(-0.01,0.01,-0.011734694));
#823=DIRECTION('',(0.0,-0.648608489879153,0.761122215453395));
#824=DIRECTION('',(0.0,-0.761122215453395,-0.648608489879153));
#825=ORIENTED_EDGE('',*,*,#1185,.T.);
#826=ORIENTED_EDGE('',*,*,#1186,.T.);
#827=ORIENTED_EDGE('',*,*,#1187,.F.);
#828=ORIENTED_EDGE('',*,*,#1188,.T.);
#829=ORIENTED_EDGE('',*,*,#971,.F.);
#830=ORIENTED_EDGE('',*,*,#1169,.T.);
#831=CARTESIAN_POINT('',(0.0,0.01,0.0));
#832=DIRECTION('',(-0.648608489879153,0.0,0.761122215453395));
#833=DIRECTION('',(0.761122215453396,0.0,0.648608489879153));
#834=ORIENTED_EDGE('',*,*,#1189,.T.);
#835=ORIENTED_EDGE('',*,*,#997,.T.);
#836=ORIENTED_EDGE('',*,*,#1045,.F.);
#837=ORIENTED_EDGE('',*,*,#1190,.T.);
#838=ORIENTED_EDGE('',*,*,#1127,.F.);
#839=ORIENTED_EDGE('',*,*,#1191,.T.);
#840=CARTESIAN_POINT('',(0.0,0.01,0.0));
#841=DIRECTION('',(0.648608489879153,0.0,0.761122215453395));
#842=DIRECTION('',(0.761122215453396,0.0,-0.648608489879153));
#843=ORIENTED_EDGE('',*,*,#1192,.F.);
#844=ORIENTED_EDGE('',*,*,#1193,.T.);
#845=ORIENTED_EDGE('',*,*,#1143,.F.);
#846=ORIENTED_EDGE('',*,*,#1194,.F.);
#847=ORIENTED_EDGE('',*,*,#1038,.F.);
#848=ORIENTED_EDGE('',*,*,#1170,.T.);
#849=CARTESIAN_POINT('',(-0.01,-0.01,0.011734694));
#850=DIRECTION('',(0.0,0.648608489879153,-0.761122215453395));
#851=DIRECTION('',(0.0,0.761122215453395,0.648608489879153));
#852=ORIENTED_EDGE('',*,*,#1100,.T.);
#853=ORIENTED_EDGE('',*,*,#1195,.T.);
#854=ORIENTED_EDGE('',*,*,#1172,.F.);
#855=ORIENTED_EDGE('',*,*,#1173,.F.);
#856=ORIENTED_EDGE('',*,*,#1106,.T.);
#857=ORIENTED_EDGE('',*,*,#1103,.T.);
#858=ORIENTED_EDGE('',*,*,#1120,.F.);
#859=ORIENTED_EDGE('',*,*,#1144,.F.);
#860=ORIENTED_EDGE('',*,*,#1193,.F.);
#861=ORIENTED_EDGE('',*,*,#1196,.F.);
#862=CARTESIAN_POINT('',(-0.01,-0.01,0.011734694));
#863=DIRECTION('',(0.707106781186547,0.707106781186547,0.0));
#864=DIRECTION('',(-0.707106781186548,0.707106781186548,0.0));
#865=ORIENTED_EDGE('',*,*,#1197,.F.);
#866=ORIENTED_EDGE('',*,*,#1187,.T.);
#867=ORIENTED_EDGE('',*,*,#1198,.T.);
#868=ORIENTED_EDGE('',*,*,#1199,.F.);
#869=ORIENTED_EDGE('',*,*,#994,.T.);
#870=ORIENTED_EDGE('',*,*,#975,.F.);
#871=CARTESIAN_POINT('',(-0.01,0.01,0.011734694));
#872=DIRECTION('',(0.0,-0.648608489879153,-0.761122215453395));
#873=DIRECTION('',(0.0,0.761122215453395,-0.648608489879153));
#874=ORIENTED_EDGE('',*,*,#1099,.T.);
#875=ORIENTED_EDGE('',*,*,#1200,.F.);
#876=ORIENTED_EDGE('',*,*,#1198,.F.);
#877=ORIENTED_EDGE('',*,*,#1186,.F.);
#878=ORIENTED_EDGE('',*,*,#1201,.T.);
#879=ORIENTED_EDGE('',*,*,#1096,.T.);
#880=ORIENTED_EDGE('',*,*,#1202,.T.);
#881=ORIENTED_EDGE('',*,*,#1168,.F.);
#882=ORIENTED_EDGE('',*,*,#991,.F.);
#883=ORIENTED_EDGE('',*,*,#1195,.F.);
#884=CARTESIAN_POINT('',(-0.01,0.01,0.011734694));
#885=DIRECTION('',(0.707106781186547,-0.707106781186547,0.0));
#886=DIRECTION('',(0.707106781186548,0.707106781186548,0.0));
#887=ORIENTED_EDGE('',*,*,#968,.T.);
#888=ORIENTED_EDGE('',*,*,#1136,.F.);
#889=ORIENTED_EDGE('',*,*,#1020,.F.);
#890=ORIENTED_EDGE('',*,*,#1183,.F.);
#891=ORIENTED_EDGE('',*,*,#1203,.F.);
#892=ORIENTED_EDGE('',*,*,#973,.T.);
#893=ORIENTED_EDGE('',*,*,#1204,.T.);
#894=ORIENTED_EDGE('',*,*,#1178,.F.);
#895=ORIENTED_EDGE('',*,*,#1162,.F.);
#896=ORIENTED_EDGE('',*,*,#1128,.T.);
#897=CARTESIAN_POINT('',(1.9166167708544E-20,0.01,0.0));
#898=DIRECTION('',(-0.707106781186548,-0.707106781186548,0.0));
#899=DIRECTION('',(0.707106781186547,-0.707106781186547,0.0));
#900=ORIENTED_EDGE('',*,*,#1095,.T.);
#901=ORIENTED_EDGE('',*,*,#1205,.T.);
#902=ORIENTED_EDGE('',*,*,#1191,.F.);
#903=ORIENTED_EDGE('',*,*,#1126,.F.);
#904=ORIENTED_EDGE('',*,*,#1078,.T.);
#905=ORIENTED_EDGE('',*,*,#1093,.T.);
#906=ORIENTED_EDGE('',*,*,#1108,.F.);
#907=ORIENTED_EDGE('',*,*,#983,.F.);
#908=ORIENTED_EDGE('',*,*,#999,.F.);
#909=ORIENTED_EDGE('',*,*,#1202,.F.);
#910=CARTESIAN_POINT('',(0.01,0.01,0.011734694));
#911=DIRECTION('',(-0.707106781186547,-0.707106781186547,0.0));
#912=DIRECTION('',(0.707106781186548,-0.707106781186548,0.0));
#913=ORIENTED_EDGE('',*,*,#1060,.F.);
#914=ORIENTED_EDGE('',*,*,#1206,.F.);
#915=ORIENTED_EDGE('',*,*,#1174,.F.);
#916=ORIENTED_EDGE('',*,*,#1204,.F.);
#917=ORIENTED_EDGE('',*,*,#972,.F.);
#918=ORIENTED_EDGE('',*,*,#1188,.F.);
#919=ORIENTED_EDGE('',*,*,#1207,.F.);
#920=ORIENTED_EDGE('',*,*,#1097,.T.);
#921=ORIENTED_EDGE('',*,*,#1201,.F.);
#922=ORIENTED_EDGE('',*,*,#1185,.F.);
#923=ORIENTED_EDGE('',*,*,#1189,.F.);
#924=ORIENTED_EDGE('',*,*,#1205,.F.);
#925=ORIENTED_EDGE('',*,*,#1094,.T.);
#926=ORIENTED_EDGE('',*,*,#1076,.T.);
#927=ORIENTED_EDGE('',*,*,#1190,.F.);
#928=ORIENTED_EDGE('',*,*,#1044,.F.);
#929=ORIENTED_EDGE('',*,*,#1130,.F.);
#930=ORIENTED_EDGE('',*,*,#1164,.F.);
#931=ORIENTED_EDGE('',*,*,#1072,.T.);
#932=ORIENTED_EDGE('',*,*,#1047,.F.);
#933=ORIENTED_EDGE('',*,*,#1090,.F.);
#934=ORIENTED_EDGE('',*,*,#1165,.F.);
#935=ORIENTED_EDGE('',*,*,#1177,.F.);
#936=ORIENTED_EDGE('',*,*,#1179,.F.);
#937=CARTESIAN_POINT('',(0.0,0.01,0.0));
#938=DIRECTION('',(0.0,1.0,-0.0));
#939=DIRECTION('',(-1.0,0.0,0.0));
#940=ORIENTED_EDGE('',*,*,#1056,.F.);
#941=ORIENTED_EDGE('',*,*,#1125,.T.);
#942=ORIENTED_EDGE('',*,*,#1160,.T.);
#943=ORIENTED_EDGE('',*,*,#1133,.T.);
#944=ORIENTED_EDGE('',*,*,#1039,.T.);
#945=ORIENTED_EDGE('',*,*,#1194,.T.);
#946=ORIENTED_EDGE('',*,*,#1121,.T.);
#947=ORIENTED_EDGE('',*,*,#1101,.T.);
#948=ORIENTED_EDGE('',*,*,#1196,.T.);
#949=ORIENTED_EDGE('',*,*,#1192,.T.);
#950=ORIENTED_EDGE('',*,*,#1199,.T.);
#951=ORIENTED_EDGE('',*,*,#1200,.T.);
#952=ORIENTED_EDGE('',*,*,#1098,.T.);
#953=ORIENTED_EDGE('',*,*,#1207,.T.);
#954=ORIENTED_EDGE('',*,*,#1197,.T.);
#955=ORIENTED_EDGE('',*,*,#974,.T.);
#956=ORIENTED_EDGE('',*,*,#1203,.T.);
#957=ORIENTED_EDGE('',*,*,#1182,.T.);
#958=ORIENTED_EDGE('',*,*,#1206,.T.);
#959=ORIENTED_EDGE('',*,*,#1059,.F.);
#960=ORIENTED_EDGE('',*,*,#1181,.T.);
#961=ORIENTED_EDGE('',*,*,#1184,.T.);
#962=ORIENTED_EDGE('',*,*,#1159,.T.);
#963=ORIENTED_EDGE('',*,*,#1151,.T.);
#964=CARTESIAN_POINT('',(-0.01,0.0,0.0));
#965=DIRECTION('',(1.0,0.0,0.0));
#966=DIRECTION('',(0.0,1.0,0.0));
#967=COLOUR_RGB('',0.560784339904785,0.686274528503418,0.560784339904785);
#968=EDGE_CURVE('',#1208,#1209,#1210,.T.);
#969=EDGE_CURVE('5:91507',#1208,#1211,#1212,.T.);
#970=EDGE_CURVE('5:92125',#1211,#1213,#1214,.T.);
#971=EDGE_CURVE('5:96942',#1213,#1215,#1216,.T.);
#972=EDGE_CURVE('5:96812',#1215,#1217,#1218,.T.);
#973=EDGE_CURVE('',#1219,#1217,#1220,.T.);
#974=EDGE_CURVE('5:99740',#1221,#1219,#1222,.T.);
#975=EDGE_CURVE('5:99903',#1221,#1223,#1224,.T.);
#976=EDGE_CURVE('5:91390',#1223,#1225,#1226,.T.);
#977=EDGE_CURVE('5:91159',#1209,#1225,#1227,.T.);
#978=EDGE_CURVE('',#1228,#1229,#1230,.T.);
#979=EDGE_CURVE('5:91744',#1231,#1228,#1232,.T.);
#980=EDGE_CURVE('5:91795',#1233,#1231,#1234,.T.);
#981=EDGE_CURVE('',#1235,#1233,#1236,.T.);
#982=EDGE_CURVE('5:92101',#1235,#1237,#1238,.T.);
#983=EDGE_CURVE('5:92515',#1237,#1229,#1239,.T.);
#984=EDGE_CURVE('',#1240,#1241,#1242,.T.);
#985=EDGE_CURVE('5:91036',#1243,#1240,#1244,.T.);
#986=EDGE_CURVE('5:91081',#1245,#1243,#1246,.T.);
#987=EDGE_CURVE('',#1235,#1245,#1247,.T.);
#988=EDGE_CURVE('5:91819',#1235,#1248,#1249,.T.);
#989=EDGE_CURVE('5:92287',#1248,#1241,#1250,.T.);
#990=EDGE_CURVE('',#1251,#1252,#1253,.T.);
#991=EDGE_CURVE('5:92392',#1251,#1254,#1255,.T.);
#992=EDGE_CURVE('5:92473',#1254,#1235,#1256,.T.);
#993=EDGE_CURVE('',#1225,#1235,#1257,.T.);
#994=EDGE_CURVE('5:91378',#1252,#1223,#1258,.T.);
#995=EDGE_CURVE('',#1211,#1235,#1259,.T.);
#996=EDGE_CURVE('5:92047',#1260,#1211,#1261,.T.);
#997=EDGE_CURVE('5:92038',#1262,#1260,#1263,.T.);
#998=EDGE_CURVE('',#1264,#1262,#1265,.T.);
#999=EDGE_CURVE('5:92524',#1264,#1237,#1266,.T.);
#1000=EDGE_CURVE('',#1267,#1268,#1269,.T.);
#1001=EDGE_CURVE('5:99165',#1267,#1270,#1271,.T.);
#1002=EDGE_CURVE('5:99251',#1270,#1272,#1273,.T.);
#1003=EDGE_CURVE('5:91780',#1272,#1233,#1274,.T.);
#1004=EDGE_CURVE('5:91876',#1233,#1275,#1276,.T.);
#1005=EDGE_CURVE('',#1277,#1275,#1278,.T.);
#1006=EDGE_CURVE('5:91138',#1245,#1277,#1279,.T.);
#1007=EDGE_CURVE('5:97768',#1243,#1280,#1281,.T.);
#1008=EDGE_CURVE('5:97645',#1268,#1280,#1282,.T.);
#1009=EDGE_CURVE('',#1283,#1284,#1285,.T.);
#1010=EDGE_CURVE('5:90715',#1283,#1286,#1287,.T.);
#1011=EDGE_CURVE('5:91564',#1286,#1288,#1289,.T.);
#1012=EDGE_CURVE('',#1290,#1288,#1291,.T.);
#1013=EDGE_CURVE('5:90487',#1292,#1290,#1293,.T.);
#1014=EDGE_CURVE('5:90517',#1284,#1292,#1294,.T.);
#1015=EDGE_CURVE('',#1290,#1295,#1296,.T.);
#1016=EDGE_CURVE('5:90496',#1290,#1297,#1298,.T.);
#1017=EDGE_CURVE('5:90316',#1299,#1297,#1300,.T.);
#1018=EDGE_CURVE('',#1301,#1299,#1302,.T.);
#1019=EDGE_CURVE('5:90589',#1301,#1303,#1304,.T.);
#1020=EDGE_CURVE('5:91171',#1303,#1295,#1305,.T.);
#1021=EDGE_CURVE('',#1306,#1290,#1307,.T.);
#1022=EDGE_CURVE('5:91537',#1306,#1308,#1309,.T.);
#1023=EDGE_CURVE('5:91600',#1308,#1310,#1311,.T.);
#1024=EDGE_CURVE('',#1312,#1310,#1313,.T.);
#1025=EDGE_CURVE('5:90577',#1292,#1312,#1314,.T.);
#1026=EDGE_CURVE('',#1315,#1316,#1317,.T.);
#1027=EDGE_CURVE('5:90469',#1318,#1315,#1319,.T.);
#1028=EDGE_CURVE('5:90397',#1318,#1290,#1320,.T.);
#1029=EDGE_CURVE('',#1321,#1290,#1322,.T.);
#1030=EDGE_CURVE('5:90832',#1321,#1323,#1324,.T.);
#1031=EDGE_CURVE('5:90235',#1316,#1323,#1325,.T.);
#1032=EDGE_CURVE('',#1326,#1327,#1328,.T.);
#1033=EDGE_CURVE('5:97627',#1329,#1326,#1330,.T.);
#1034=EDGE_CURVE('5:97901',#1329,#1331,#1332,.T.);
#1035=EDGE_CURVE('5:91069',#1331,#1245,#1333,.T.);
#1036=EDGE_CURVE('',#1209,#1277,#1334,.T.);
#1037=EDGE_CURVE('5:91444',#1225,#1335,#1336,.T.);
#1038=EDGE_CURVE('5:99840',#1335,#1337,#1338,.T.);
#1039=EDGE_CURVE('5:99770',#1327,#1337,#1339,.T.);
#1040=EDGE_CURVE('',#1275,#1208,#1340,.T.);
#1041=EDGE_CURVE('5:99198',#1231,#1341,#1342,.T.);
#1042=EDGE_CURVE('5:99132',#1341,#1343,#1344,.T.);
#1043=EDGE_CURVE('',#1345,#1343,#1346,.T.);
#1044=EDGE_CURVE('5:96821',#1345,#1347,#1348,.T.);
#1045=EDGE_CURVE('5:96975',#1347,#1260,#1349,.T.);
#1046=EDGE_CURVE('5:101586',#1350,#1351,#1352,.T.);
#1047=EDGE_CURVE('5:101607',#1351,#1353,#1354,.T.);
#1048=EDGE_CURVE('5:101598',#1353,#1355,#1356,.T.);
#1049=EDGE_CURVE('5:101589',#1355,#1357,#1358,.T.);
#1050=EDGE_CURVE('5:101577',#1357,#1359,#1360,.T.);
#1051=EDGE_CURVE('5:101601',#1359,#1361,#1362,.T.);
#1052=EDGE_CURVE('5:101568',#1361,#1363,#1364,.T.);
#1053=EDGE_CURVE('5:101574',#1363,#1365,#1366,.T.);
#1054=EDGE_CURVE('5:101583',#1365,#1367,#1368,.T.);
#1055=EDGE_CURVE('5:101571',#1367,#1369,#1370,.T.);
#1056=EDGE_CURVE('5:101610',#1369,#1371,#1372,.T.);
#1057=EDGE_CURVE('5:101580',#1371,#1373,#1374,.T.);
#1058=EDGE_CURVE('5:101592',#1373,#1375,#1376,.T.);
#1059=EDGE_CURVE('5:101613',#1375,#1377,#1378,.T.);
#1060=EDGE_CURVE('5:101604',#1377,#1379,#1380,.T.);
#1061=EDGE_CURVE('5:101595',#1379,#1350,#1381,.T.);
#1062=EDGE_CURVE('5:101795',#1382,#1363,#1383,.T.);
#1063=EDGE_CURVE('5:97861',#1382,#1384,#1385,.T.);
#1064=EDGE_CURVE('5:99208',#1384,#1386,#1387,.T.);
#1065=EDGE_CURVE('5:101755',#1386,#1359,#1388,.T.);
#1066=EDGE_CURVE('5:101738',#1357,#1312,#1389,.T.);
#1067=EDGE_CURVE('5:90436',#1312,#1318,#1390,.T.);
#1068=EDGE_CURVE('5:101818',#1365,#1315,#1391,.T.);
#1069=EDGE_CURVE('5:99141',#1310,#1386,#1392,.T.);
#1070=EDGE_CURVE('5:99135',#1393,#1310,#1394,.T.);
#1071=EDGE_CURVE('5:101718',#1355,#1393,#1395,.T.);
#1072=EDGE_CURVE('5:101695',#1396,#1353,#1397,.T.);
#1073=EDGE_CURVE('5:99126',#1398,#1396,#1399,.T.);
#1074=EDGE_CURVE('5:99132',#1343,#1398,#1400,.T.);
#1075=EDGE_CURVE('5:99138',#1401,#1341,#1402,.T.);
#1076=EDGE_CURVE('5:101108',#1403,#1401,#1404,.T.);
#1077=EDGE_CURVE('5:101011',#1403,#1405,#1406,.T.);
#1078=EDGE_CURVE('5:101085',#1407,#1405,#1408,.T.);
#1079=EDGE_CURVE('5:99156',#1228,#1407,#1409,.T.);
#1080=EDGE_CURVE('5:99162',#1410,#1228,#1411,.T.);
#1081=EDGE_CURVE('5:101048',#1412,#1410,#1413,.T.);
#1082=EDGE_CURVE('5:100996',#1412,#1414,#1415,.T.);
#1083=EDGE_CURVE('5:101055',#1416,#1414,#1417,.T.);
#1084=EDGE_CURVE('5:99171',#1270,#1416,#1418,.T.);
#1085=EDGE_CURVE('5:99165',#1419,#1267,#1420,.T.);
#1086=EDGE_CURVE('5:99159',#1421,#1419,#1422,.T.);
#1087=EDGE_CURVE('5:101778',#1361,#1421,#1423,.T.);
#1088=EDGE_CURVE('5:99191',#1393,#1424,#1425,.T.);
#1089=EDGE_CURVE('5:96872',#1424,#1426,#1427,.T.);
#1090=EDGE_CURVE('5:101675',#1426,#1351,#1428,.T.);
#1091=EDGE_CURVE('5:101665',#1284,#1350,#1429,.T.);
#1092=EDGE_CURVE('5:100999',#1430,#1412,#1431,.T.);
#1093=EDGE_CURVE('5:101005',#1405,#1430,#1432,.T.);
#1094=EDGE_CURVE('5:101017',#1433,#1403,#1434,.T.);
#1095=EDGE_CURVE('5:101023',#1435,#1433,#1436,.T.);
#1096=EDGE_CURVE('5:101029',#1437,#1435,#1438,.T.);
#1097=EDGE_CURVE('5:101035',#1439,#1437,#1440,.T.);
#1098=EDGE_CURVE('5:101041',#1441,#1439,#1442,.T.);
#1099=EDGE_CURVE('5:101038',#1443,#1441,#1444,.T.);
#1100=EDGE_CURVE('5:101032',#1445,#1443,#1446,.T.);
#1101=EDGE_CURVE('5:101026',#1447,#1445,#1448,.T.);
#1102=EDGE_CURVE('5:101020',#1449,#1447,#1450,.T.);
#1103=EDGE_CURVE('5:101014',#1451,#1449,#1452,.T.);
#1104=EDGE_CURVE('5:101008',#1453,#1451,#1454,.T.);
#1105=EDGE_CURVE('5:101002',#1414,#1453,#1455,.T.);
#1106=EDGE_CURVE('5:101095',#1241,#1451,#1456,.T.);
#1107=EDGE_CURVE('5:92596',#1229,#1248,#1457,.T.);
#1108=EDGE_CURVE('5:101065',#1229,#1430,#1458,.T.);
#1109=EDGE_CURVE('5:99238',#1459,#1410,#1460,.T.);
#1110=EDGE_CURVE('5:97801',#1461,#1459,#1462,.T.);
#1111=EDGE_CURVE('5:101078',#1453,#1461,#1463,.T.);
#1112=EDGE_CURVE('5:101808',#1367,#1464,#1465,.T.);
#1113=EDGE_CURVE('5:97621',#1464,#1316,#1466,.T.);
#1114=EDGE_CURVE('5:97633',#1316,#1382,#1467,.T.);
#1115=EDGE_CURVE('5:97630',#1421,#1468,#1469,.T.);
#1116=EDGE_CURVE('5:97645',#1468,#1268,#1470,.T.);
#1117=EDGE_CURVE('5:97660',#1280,#1416,#1471,.T.);
#1118=EDGE_CURVE('5:97657',#1461,#1240,#1472,.T.);
#1119=EDGE_CURVE('5:97639',#1240,#1473,#1474,.T.);
#1120=EDGE_CURVE('5:101115',#1473,#1449,#1475,.T.);
#1121=EDGE_CURVE('5:101135',#1476,#1447,#1477,.T.);
#1122=EDGE_CURVE('5:97636',#1476,#1329,#1478,.T.);
#1123=EDGE_CURVE('5:97627',#1326,#1479,#1480,.T.);
#1124=EDGE_CURVE('5:97624',#1479,#1481,#1482,.T.);
#1125=EDGE_CURVE('5:101788',#1369,#1481,#1483,.T.);
#1126=EDGE_CURVE('5:99221',#1407,#1484,#1485,.T.);
#1127=EDGE_CURVE('5:96992',#1484,#1401,#1486,.T.);
#1128=EDGE_CURVE('5:91507',#1288,#1208,#1487,.T.);
#1129=EDGE_CURVE('5:96955',#1488,#1286,#1489,.T.);
#1130=EDGE_CURVE('5:96821',#1488,#1345,#1490,.T.);
#1131=EDGE_CURVE('5:99178',#1308,#1398,#1491,.T.);
#1132=EDGE_CURVE('5:91876',#1275,#1306,#1492,.T.);
#1133=EDGE_CURVE('5:99770',#1493,#1327,#1494,.T.);
#1134=EDGE_CURVE('5:99850',#1495,#1493,#1496,.T.);
#1135=EDGE_CURVE('5:91237',#1295,#1495,#1497,.T.);
#1136=EDGE_CURVE('5:91159',#1295,#1209,#1498,.T.);
#1137=EDGE_CURVE('5:91138',#1277,#1321,#1499,.T.);
#1138=EDGE_CURVE('5:90775',#1500,#1321,#1501,.T.);
#1139=EDGE_CURVE('5:97921',#1479,#1500,#1502,.T.);
#1140=EDGE_CURVE('5:90814',#1500,#1316,#1503,.T.);
#1141=EDGE_CURVE('5:97888',#1504,#1464,#1505,.T.);
#1142=EDGE_CURVE('5:97938',#1504,#1481,#1506,.T.);
#1143=EDGE_CURVE('5:97881',#1476,#1507,#1508,.T.);
#1144=EDGE_CURVE('5:97828',#1507,#1473,#1509,.T.);
#1145=EDGE_CURVE('5:91057',#1240,#1331,#1510,.T.);
#1146=EDGE_CURVE('5:97748',#1459,#1416,#1511,.T.);
#1147=EDGE_CURVE('5:91765',#1228,#1272,#1512,.T.);
#1148=EDGE_CURVE('5:90250',#1315,#1513,#1514,.T.);
#1149=EDGE_CURVE('5:90352',#1513,#1299,#1515,.T.);
#1150=EDGE_CURVE('5:101745',#1299,#1373,#1516,.T.);
#1151=EDGE_CURVE('5:101765',#1517,#1371,#1518,.T.);
#1152=EDGE_CURVE('5:99873',#1517,#1504,#1519,.T.);
#1153=EDGE_CURVE('5:90475',#1290,#1513,#1520,.T.);
#1154=EDGE_CURVE('5:90898',#1521,#1310,#1522,.T.);
#1155=EDGE_CURVE('5:90844',#1521,#1306,#1523,.T.);
#1156=EDGE_CURVE('5:97788',#1323,#1468,#1524,.T.);
#1157=EDGE_CURVE('5:97811',#1421,#1384,#1525,.T.);
#1158=EDGE_CURVE('5:90619',#1301,#1495,#1526,.T.);
#1159=EDGE_CURVE('5:99755',#1301,#1517,#1527,.T.);
#1160=EDGE_CURVE('5:99752',#1481,#1493,#1528,.T.);
#1161=EDGE_CURVE('5:90553',#1297,#1284,#1529,.T.);
#1162=EDGE_CURVE('5:91603',#1288,#1530,#1531,.T.);
#1163=EDGE_CURVE('5:91234',#1530,#1283,#1532,.T.);
#1164=EDGE_CURVE('5:96815',#1396,#1488,#1533,.T.);
#1165=EDGE_CURVE('5:96791',#1283,#1426,#1534,.T.);
#1166=EDGE_CURVE('5:96935',#1396,#1424,#1535,.T.);
#1167=EDGE_CURVE('5:99231',#1419,#1521,#1536,.T.);
#1168=EDGE_CURVE('5:92401',#1254,#1264,#1537,.T.);
#1169=EDGE_CURVE('5:92074',#1213,#1262,#1538,.T.);
#1170=EDGE_CURVE('5:91402',#1335,#1252,#1539,.T.);
#1171=EDGE_CURVE('5:92272',#1540,#1235,#1541,.T.);
#1172=EDGE_CURVE('5:92206',#1540,#1251,#1542,.T.);
#1173=EDGE_CURVE('5:92371',#1241,#1540,#1543,.T.);
#1174=EDGE_CURVE('5:96806',#1544,#1545,#1546,.T.);
#1175=EDGE_CURVE('5:96902',#1547,#1545,#1548,.T.);
#1176=EDGE_CURVE('5:96855',#1549,#1547,#1550,.T.);
#1177=EDGE_CURVE('5:96785',#1549,#1283,#1551,.T.);
#1178=EDGE_CURVE('5:96922',#1530,#1544,#1552,.T.);
#1179=EDGE_CURVE('5:101688',#1379,#1549,#1553,.T.);
#1180=EDGE_CURVE('5:99890',#1547,#1554,#1555,.T.);
#1181=EDGE_CURVE('5:101728',#1375,#1554,#1556,.T.);
#1182=EDGE_CURVE('5:99746',#1557,#1545,#1558,.T.);
#1183=EDGE_CURVE('5:99913',#1557,#1303,#1559,.T.);
#1184=EDGE_CURVE('5:99743',#1554,#1301,#1560,.T.);
#1185=EDGE_CURVE('5:96842',#1262,#1561,#1562,.T.);
#1186=EDGE_CURVE('5:97025',#1561,#1563,#1564,.T.);
#1187=EDGE_CURVE('5:96965',#1565,#1563,#1566,.T.);
#1188=EDGE_CURVE('5:96818',#1565,#1215,#1567,.T.);
#1189=EDGE_CURVE('5:96848',#1568,#1262,#1569,.T.);
#1190=EDGE_CURVE('5:96827',#1347,#1401,#1570,.T.);
#1191=EDGE_CURVE('5:97042',#1484,#1568,#1571,.T.);
#1192=EDGE_CURVE('5:99764',#1572,#1252,#1573,.T.);
#1193=EDGE_CURVE('5:99863',#1572,#1507,#1574,.T.);
#1194=EDGE_CURVE('5:99767',#1337,#1476,#1575,.T.);
#1195=EDGE_CURVE('5:101178',#1443,#1251,#1576,.T.);
#1196=EDGE_CURVE('5:101158',#1445,#1572,#1577,.T.);
#1197=EDGE_CURVE('5:99734',#1565,#1221,#1578,.T.);
#1198=EDGE_CURVE('5:99880',#1563,#1579,#1580,.T.);
#1199=EDGE_CURVE('5:99737',#1252,#1579,#1581,.T.);
#1200=EDGE_CURVE('5:101195',#1579,#1441,#1582,.T.);
#1201=EDGE_CURVE('5:101165',#1561,#1437,#1583,.T.);
#1202=EDGE_CURVE('5:101148',#1435,#1264,#1584,.T.);
#1203=EDGE_CURVE('5:99740',#1219,#1557,#1585,.T.);
#1204=EDGE_CURVE('5:96812',#1217,#1544,#1586,.T.);
#1205=EDGE_CURVE('5:101128',#1433,#1568,#1587,.T.);
#1206=EDGE_CURVE('5:101705',#1545,#1377,#1588,.T.);
#1207=EDGE_CURVE('5:101188',#1439,#1565,#1589,.T.);
#1208=VERTEX_POINT('',#1590);
#1209=VERTEX_POINT('',#1591);
#1210=LINE('',#1592,#1593);
#1211=VERTEX_POINT('',#1594);
#1212=ELLIPSE('',#1595,0.000407576348675926,0.0002882);
#1213=VERTEX_POINT('',#1596);
#1214=ELLIPSE('',#1597,0.000553941716124181,0.000288199999999999);
#1215=VERTEX_POINT('',#1598);
#1216=ELLIPSE('',#1599,0.000553941716124183,0.0002882);
#1217=VERTEX_POINT('',#1600);
#1218=ELLIPSE('',#1601,0.000407576348675925,0.0002882);
#1219=VERTEX_POINT('',#1602);
#1220=LINE('',#1603,#1604);
#1221=VERTEX_POINT('',#1605);
#1222=ELLIPSE('',#1606,0.000407576348675925,0.0002882);
#1223=VERTEX_POINT('',#1607);
#1224=ELLIPSE('',#1608,0.00055394171612418,0.0002882);
#1225=VERTEX_POINT('',#1609);
#1226=ELLIPSE('',#1610,0.00055394171612418,0.0002882);
#1227=ELLIPSE('',#1611,0.000407576348675925,0.0002882);
#1228=VERTEX_POINT('',#1612);
#1229=VERTEX_POINT('',#1613);
#1230=LINE('',#1614,#1615);
#1231=VERTEX_POINT('',#1616);
#1232=ELLIPSE('',#1617,0.000628385775141278,0.000288199999999999);
#1233=VERTEX_POINT('',#1618);
#1234=ELLIPSE('',#1619,0.000553941716124181,0.000288199999999999);
#1235=VERTEX_POINT('',#1620);
#1236=LINE('',#1621,#1622);
#1237=VERTEX_POINT('',#1623);
#1238=ELLIPSE('',#1624,0.000628385775141273,0.000288199999999999);
#1239=ELLIPSE('',#1625,0.000553941716124177,0.000288199999999999);
#1240=VERTEX_POINT('',#1626);
#1241=VERTEX_POINT('',#1627);
#1242=LINE('',#1628,#1629);
#1243=VERTEX_POINT('',#1630);
#1244=ELLIPSE('',#1631,0.00062838577514128,0.000288199999999999);
#1245=VERTEX_POINT('',#1632);
#1246=ELLIPSE('',#1633,0.000553941716124182,0.000288199999999999);
#1247=LINE('',#1634,#1635);
#1248=VERTEX_POINT('',#1636);
#1249=ELLIPSE('',#1637,0.000628385775141273,0.000288199999999999);
#1250=ELLIPSE('',#1638,0.000553941716124177,0.000288199999999999);
#1251=VERTEX_POINT('',#1639);
#1252=VERTEX_POINT('',#1640);
#1253=LINE('',#1641,#1642);
#1254=VERTEX_POINT('',#1643);
#1255=ELLIPSE('',#1644,0.000553941716124183,0.000288199999999999);
#1256=ELLIPSE('',#1645,0.000628385775141281,0.000288199999999999);
#1257=LINE('',#1646,#1647);
#1258=ELLIPSE('',#1648,0.000628385775141278,0.0002882);
#1259=LINE('',#1649,#1650);
#1260=VERTEX_POINT('',#1651);
#1261=ELLIPSE('',#1652,0.000553941716124181,0.000288199999999999);
#1262=VERTEX_POINT('',#1653);
#1263=ELLIPSE('',#1654,0.000628385775141278,0.000288199999999999);
#1264=VERTEX_POINT('',#1655);
#1265=LINE('',#1656,#1657);
#1266=ELLIPSE('',#1658,0.000553941716124177,0.000288199999999999);
#1267=VERTEX_POINT('',#1659);
#1268=VERTEX_POINT('',#1660);
#1269=LINE('',#1661,#1662);
#1270=VERTEX_POINT('',#1663);
#1271=ELLIPSE('',#1664,0.000407576348675925,0.0002882);
#1272=VERTEX_POINT('',#1665);
#1273=ELLIPSE('',#1666,0.000553941716124183,0.0002882);
#1274=ELLIPSE('',#1667,0.000553941716124181,0.000288199999999999);
#1275=VERTEX_POINT('',#1668);
#1276=ELLIPSE('',#1669,0.000407576348675926,0.0002882);
#1277=VERTEX_POINT('',#1670);
#1278=LINE('',#1671,#1672);
#1279=ELLIPSE('',#1673,0.000407576348675926,0.0002882);
#1280=VERTEX_POINT('',#1674);
#1281=ELLIPSE('',#1675,0.000553941716124183,0.0002882);
#1282=ELLIPSE('',#1676,0.000407576348675925,0.0002882);
#1283=VERTEX_POINT('',#1677);
#1284=VERTEX_POINT('',#1678);
#1285=LINE('',#1679,#1680);
#1286=VERTEX_POINT('',#1681);
#1287=ELLIPSE('',#1682,0.000628385775141279,0.0002882);
#1288=VERTEX_POINT('',#1683);
#1289=ELLIPSE('',#1684,0.000553941716124184,0.0002882);
#1290=VERTEX_POINT('',#1685);
#1291=LINE('',#1686,#1687);
#1292=VERTEX_POINT('',#1688);
#1293=ELLIPSE('',#1689,0.000628385775141273,0.000288199999999999);
#1294=ELLIPSE('',#1690,0.000553941716124184,0.000288199999999999);
#1295=VERTEX_POINT('',#1691);
#1296=LINE('',#1692,#1693);
#1297=VERTEX_POINT('',#1694);
#1298=ELLIPSE('',#1695,0.000628385775141281,0.000288199999999999);
#1299=VERTEX_POINT('',#1696);
#1300=ELLIPSE('',#1697,0.000553941716124183,0.0002882);
#1301=VERTEX_POINT('',#1698);
#1302=LINE('',#1699,#1700);
#1303=VERTEX_POINT('',#1701);
#1304=ELLIPSE('',#1702,0.000628385775141274,0.0002882);
#1305=ELLIPSE('',#1703,0.000553941716124179,0.0002882);
#1306=VERTEX_POINT('',#1704);
#1307=LINE('',#1705,#1706);
#1308=VERTEX_POINT('',#1707);
#1309=ELLIPSE('',#1708,0.000553941716124182,0.0002882);
#1310=VERTEX_POINT('',#1709);
#1311=ELLIPSE('',#1710,0.000628385775141279,0.0002882);
#1312=VERTEX_POINT('',#1711);
#1313=LINE('',#1712,#1713);
#1314=ELLIPSE('',#1714,0.000553941716124183,0.000288199999999999);
#1315=VERTEX_POINT('',#1715);
#1316=VERTEX_POINT('',#1716);
#1317=LINE('',#1717,#1718);
#1318=VERTEX_POINT('',#1719);
#1319=ELLIPSE('',#1720,0.00055394171612418,0.0002882);
#1320=ELLIPSE('',#1721,0.000628385775141281,0.000288199999999999);
#1321=VERTEX_POINT('',#1722);
#1322=LINE('',#1723,#1724);
#1323=VERTEX_POINT('',#1725);
#1324=ELLIPSE('',#1726,0.000553941716124178,0.0002882);
#1325=ELLIPSE('',#1727,0.000628385775141278,0.0002882);
#1326=VERTEX_POINT('',#1728);
#1327=VERTEX_POINT('',#1729);
#1328=LINE('',#1730,#1731);
#1329=VERTEX_POINT('',#1732);
#1330=ELLIPSE('',#1733,0.000407576348675925,0.0002882);
#1331=VERTEX_POINT('',#1734);
#1332=ELLIPSE('',#1735,0.000553941716124185,0.0002882);
#1333=ELLIPSE('',#1736,0.000553941716124181,0.000288199999999999);
#1334=LINE('',#1737,#1738);
#1335=VERTEX_POINT('',#1739);
#1336=ELLIPSE('',#1740,0.00055394171612418,0.0002882);
#1337=VERTEX_POINT('',#1741);
#1338=ELLIPSE('',#1742,0.000553941716124183,0.0002882);
#1339=ELLIPSE('',#1743,0.000407576348675925,0.0002882);
#1340=LINE('',#1744,#1745);
#1341=VERTEX_POINT('',#1746);
#1342=ELLIPSE('',#1747,0.000553941716124183,0.0002882);
#1343=VERTEX_POINT('',#1748);
#1344=ELLIPSE('',#1749,0.000407576348675925,0.0002882);
#1345=VERTEX_POINT('',#1750);
#1346=LINE('',#1751,#1752);
#1347=VERTEX_POINT('',#1753);
#1348=ELLIPSE('',#1754,0.000407576348675925,0.0002882);
#1349=ELLIPSE('',#1755,0.000553941716124183,0.0002882);
#1350=VERTEX_POINT('',#1756);
#1351=VERTEX_POINT('',#1757);
#1352=LINE('',#1758,#1759);
#1353=VERTEX_POINT('',#1760);
#1354=LINE('',#1761,#1762);
#1355=VERTEX_POINT('',#1763);
#1356=LINE('',#1764,#1765);
#1357=VERTEX_POINT('',#1766);
#1358=LINE('',#1767,#1768);
#1359=VERTEX_POINT('',#1769);
#1360=LINE('',#1770,#1771);
#1361=VERTEX_POINT('',#1772);
#1362=LINE('',#1773,#1774);
#1363=VERTEX_POINT('',#1775);
#1364=LINE('',#1776,#1777);
#1365=VERTEX_POINT('',#1778);
#1366=LINE('',#1779,#1780);
#1367=VERTEX_POINT('',#1781);
#1368=LINE('',#1782,#1783);
#1369=VERTEX_POINT('',#1784);
#1370=LINE('',#1785,#1786);
#1371=VERTEX_POINT('',#1787);
#1372=LINE('',#1788,#1789);
#1373=VERTEX_POINT('',#1790);
#1374=LINE('',#1791,#1792);
#1375=VERTEX_POINT('',#1793);
#1376=LINE('',#1794,#1795);
#1377=VERTEX_POINT('',#1796);
#1378=LINE('',#1797,#1798);
#1379=VERTEX_POINT('',#1799);
#1380=LINE('',#1800,#1801);
#1381=LINE('',#1802,#1803);
#1382=VERTEX_POINT('',#1804);
#1383=ELLIPSE('',#1805,0.000407576348675925,0.000288199999999999);
#1384=VERTEX_POINT('',#1806);
#1385=ELLIPSE('',#1807,0.00055394171612418,0.0002882);
#1386=VERTEX_POINT('',#1808);
#1387=ELLIPSE('',#1809,0.000553941716124183,0.0002882);
#1388=ELLIPSE('',#1810,0.000407576348675925,0.000288199999999999);
#1389=ELLIPSE('',#1811,0.000407576348675926,0.0002882);
#1390=ELLIPSE('',#1812,0.000553941716124179,0.000288199999999999);
#1391=ELLIPSE('',#1813,0.000407576348675925,0.000288199999999999);
#1392=LINE('',#1814,#1815);
#1393=VERTEX_POINT('',#1816);
#1394=LINE('',#1817,#1818);
#1395=ELLIPSE('',#1819,0.000407576348675926,0.0002882);
#1396=VERTEX_POINT('',#1820);
#1397=LINE('',#1821,#1822);
#1398=VERTEX_POINT('',#1823);
#1399=LINE('',#1824,#1825);
#1400=ELLIPSE('',#1826,0.000407576348675925,0.0002882);
#1401=VERTEX_POINT('',#1827);
#1402=LINE('',#1828,#1829);
#1403=VERTEX_POINT('',#1830);
#1404=LINE('',#1831,#1832);
#1405=VERTEX_POINT('',#1833);
#1406=LINE('',#1834,#1835);
#1407=VERTEX_POINT('',#1836);
#1408=ELLIPSE('',#1837,0.000407576348675925,0.000288199999999999);
#1409=LINE('',#1838,#1839);
#1410=VERTEX_POINT('',#1840);
#1411=LINE('',#1841,#1842);
#1412=VERTEX_POINT('',#1843);
#1413=ELLIPSE('',#1844,0.000407576348675925,0.000288199999999999);
#1414=VERTEX_POINT('',#1845);
#1415=LINE('',#1846,#1847);
#1416=VERTEX_POINT('',#1848);
#1417=LINE('',#1849,#1850);
#1418=LINE('',#1851,#1852);
#1419=VERTEX_POINT('',#1853);
#1420=ELLIPSE('',#1854,0.000407576348675925,0.0002882);
#1421=VERTEX_POINT('',#1855);
#1422=LINE('',#1856,#1857);
#1423=LINE('',#1858,#1859);
#1424=VERTEX_POINT('',#1860);
#1425=ELLIPSE('',#1861,0.000553941716124179,0.0002882);
#1426=VERTEX_POINT('',#1862);
#1427=ELLIPSE('',#1863,0.000553941716124179,0.0002882);
#1428=ELLIPSE('',#1864,0.000407576348675926,0.0002882);
#1429=ELLIPSE('',#1865,0.000407576348675926,0.0002882);
#1430=VERTEX_POINT('',#1866);
#1431=LINE('',#1867,#1868);
#1432=LINE('',#1869,#1870);
#1433=VERTEX_POINT('',#1871);
#1434=LINE('',#1872,#1873);
#1435=VERTEX_POINT('',#1874);
#1436=LINE('',#1875,#1876);
#1437=VERTEX_POINT('',#1877);
#1438=LINE('',#1878,#1879);
#1439=VERTEX_POINT('',#1880);
#1440=LINE('',#1881,#1882);
#1441=VERTEX_POINT('',#1883);
#1442=LINE('',#1884,#1885);
#1443=VERTEX_POINT('',#1886);
#1444=LINE('',#1887,#1888);
#1445=VERTEX_POINT('',#1889);
#1446=LINE('',#1890,#1891);
#1447=VERTEX_POINT('',#1892);
#1448=LINE('',#1893,#1894);
#1449=VERTEX_POINT('',#1895);
#1450=LINE('',#1896,#1897);
#1451=VERTEX_POINT('',#1898);
#1452=LINE('',#1899,#1900);
#1453=VERTEX_POINT('',#1901);
#1454=LINE('',#1902,#1903);
#1455=LINE('',#1904,#1905);
#1456=ELLIPSE('',#1906,0.000407576348675925,0.000288199999999999);
#1457=ELLIPSE('',#1907,0.000553941716124177,0.000288199999999999);
#1458=ELLIPSE('',#1908,0.000407576348675925,0.000288199999999999);
#1459=VERTEX_POINT('',#1909);
#1460=ELLIPSE('',#1910,0.000553941716124178,0.000288199999999999);
#1461=VERTEX_POINT('',#1911);
#1462=ELLIPSE('',#1912,0.000553941716124183,0.000288199999999999);
#1463=ELLIPSE('',#1913,0.000407576348675925,0.000288199999999999);
#1464=VERTEX_POINT('',#1914);
#1465=ELLIPSE('',#1915,0.000407576348675925,0.000288199999999999);
#1466=LINE('',#1916,#1917);
#1467=LINE('',#1918,#1919);
#1468=VERTEX_POINT('',#1920);
#1469=LINE('',#1921,#1922);
#1470=ELLIPSE('',#1923,0.000407576348675925,0.0002882);
#1471=LINE('',#1924,#1925);
#1472=LINE('',#1926,#1927);
#1473=VERTEX_POINT('',#1928);
#1474=LINE('',#1929,#1930);
#1475=ELLIPSE('',#1931,0.000407576348675925,0.000288199999999999);
#1476=VERTEX_POINT('',#1932);
#1477=LINE('',#1933,#1934);
#1478=LINE('',#1935,#1936);
#1479=VERTEX_POINT('',#1937);
#1480=ELLIPSE('',#1938,0.000407576348675925,0.0002882);
#1481=VERTEX_POINT('',#1939);
#1482=LINE('',#1940,#1941);
#1483=LINE('',#1942,#1943);
#1484=VERTEX_POINT('',#1944);
#1485=ELLIPSE('',#1945,0.00055394171612418,0.000288199999999999);
#1486=ELLIPSE('',#1946,0.000628385775141277,0.0002882);
#1487=ELLIPSE('',#1947,0.000407576348675926,0.0002882);
#1488=VERTEX_POINT('',#1948);
#1489=ELLIPSE('',#1949,0.000553941716124184,0.0002882);
#1490=ELLIPSE('',#1950,0.000407576348675925,0.0002882);
#1491=ELLIPSE('',#1951,0.000553941716124182,0.0002882);
#1492=ELLIPSE('',#1952,0.000407576348675926,0.0002882);
#1493=VERTEX_POINT('',#1953);
#1494=ELLIPSE('',#1954,0.000407576348675925,0.0002882);
#1495=VERTEX_POINT('',#1955);
#1496=ELLIPSE('',#1956,0.000553941716124181,0.0002882);
#1497=ELLIPSE('',#1957,0.000553941716124179,0.0002882);
#1498=ELLIPSE('',#1958,0.000407576348675925,0.0002882);
#1499=ELLIPSE('',#1959,0.000407576348675926,0.0002882);
#1500=VERTEX_POINT('',#1960);
#1501=ELLIPSE('',#1961,0.00055394171612418,0.0002882);
#1502=ELLIPSE('',#1962,0.000553941716124181,0.0002882);
#1503=ELLIPSE('',#1963,0.000628385775141278,0.0002882);
#1504=VERTEX_POINT('',#1964);
#1505=ELLIPSE('',#1965,0.00055394171612418,0.0002882);
#1506=ELLIPSE('',#1966,0.000628385775141278,0.0002882);
#1507=VERTEX_POINT('',#1967);
#1508=ELLIPSE('',#1968,0.000628385775141278,0.0002882);
#1509=ELLIPSE('',#1969,0.000553941716124182,0.000288199999999999);
#1510=ELLIPSE('',#1970,0.000628385775141278,0.000288199999999999);
#1511=ELLIPSE('',#1971,0.000628385775141279,0.0002882);
#1512=ELLIPSE('',#1972,0.000628385775141278,0.000288199999999999);
#1513=VERTEX_POINT('',#1973);
#1514=ELLIPSE('',#1974,0.00055394171612418,0.0002882);
#1515=ELLIPSE('',#1975,0.00055394171612418,0.000288200000000001);
#1516=ELLIPSE('',#1976,0.000407576348675926,0.0002882);
#1517=VERTEX_POINT('',#1977);
#1518=ELLIPSE('',#1978,0.000407576348675925,0.000288199999999999);
#1519=ELLIPSE('',#1979,0.00055394171612418,0.0002882);
#1520=ELLIPSE('',#1980,0.00062838577514128,0.0002882);
#1521=VERTEX_POINT('',#1981);
#1522=ELLIPSE('',#1982,0.000628385775141278,0.000288199999999999);
#1523=ELLIPSE('',#1983,0.000553941716124182,0.0002882);
#1524=ELLIPSE('',#1984,0.000553941716124181,0.0002882);
#1525=ELLIPSE('',#1985,0.000628385775141279,0.0002882);
#1526=ELLIPSE('',#1986,0.000628385775141278,0.0002882);
#1527=LINE('',#1987,#1988);
#1528=LINE('',#1989,#1990);
#1529=ELLIPSE('',#1991,0.000553941716124184,0.000288199999999999);
#1530=VERTEX_POINT('',#1992);
#1531=ELLIPSE('',#1993,0.000553941716124182,0.0002882);
#1532=ELLIPSE('',#1994,0.000628385775141279,0.0002882);
#1533=LINE('',#1995,#1996);
#1534=LINE('',#1997,#1998);
#1535=ELLIPSE('',#1999,0.000628385775141277,0.0002882);
#1536=ELLIPSE('',#2000,0.000553941716124182,0.0002882);
#1537=ELLIPSE('',#2001,0.000553941716124177,0.000288199999999999);
#1538=ELLIPSE('',#2002,0.000628385775141278,0.000288199999999999);
#1539=ELLIPSE('',#2003,0.000628385775141278,0.0002882);
#1540=VERTEX_POINT('',#2004);
#1541=ELLIPSE('',#2005,0.000628385775141278,0.0002882);
#1542=ELLIPSE('',#2006,0.000553941716124183,0.000288199999999999);
#1543=ELLIPSE('',#2007,0.000553941716124177,0.000288199999999999);
#1544=VERTEX_POINT('',#2008);
#1545=VERTEX_POINT('',#2009);
#1546=LINE('',#2010,#2011);
#1547=VERTEX_POINT('',#2012);
#1548=ELLIPSE('',#2013,0.000628385775141279,0.0002882);
#1549=VERTEX_POINT('',#2014);
#1550=ELLIPSE('',#2015,0.000553941716124179,0.0002882);
#1551=LINE('',#2016,#2017);
#1552=ELLIPSE('',#2018,0.000553941716124182,0.0002882);
#1553=ELLIPSE('',#2019,0.000407576348675926,0.0002882);
#1554=VERTEX_POINT('',#2020);
#1555=ELLIPSE('',#2021,0.000553941716124178,0.0002882);
#1556=ELLIPSE('',#2022,0.000407576348675926,0.0002882);
#1557=VERTEX_POINT('',#2023);
#1558=LINE('',#2024,#2025);
#1559=ELLIPSE('',#2026,0.000553941716124181,0.0002882);
#1560=LINE('',#2027,#2028);
#1561=VERTEX_POINT('',#2029);
#1562=LINE('',#2030,#2031);
#1563=VERTEX_POINT('',#2032);
#1564=ELLIPSE('',#2033,0.00055394171612418,0.000288199999999999);
#1565=VERTEX_POINT('',#2034);
#1566=ELLIPSE('',#2035,0.000628385775141279,0.0002882);
#1567=LINE('',#2036,#2037);
#1568=VERTEX_POINT('',#2038);
#1569=LINE('',#2039,#2040);
#1570=LINE('',#2041,#2042);
#1571=ELLIPSE('',#2043,0.000553941716124178,0.000288199999999999);
#1572=VERTEX_POINT('',#2044);
#1573=LINE('',#2045,#2046);
#1574=ELLIPSE('',#2047,0.000553941716124183,0.000288199999999999);
#1575=LINE('',#2048,#2049);
#1576=ELLIPSE('',#2050,0.000407576348675925,0.000288199999999999);
#1577=ELLIPSE('',#2051,0.000407576348675925,0.000288199999999999);
#1578=LINE('',#2052,#2053);
#1579=VERTEX_POINT('',#2054);
#1580=ELLIPSE('',#2055,0.000553941716124182,0.000288199999999999);
#1581=LINE('',#2056,#2057);
#1582=ELLIPSE('',#2058,0.000407576348675925,0.000288199999999999);
#1583=ELLIPSE('',#2059,0.000407576348675925,0.000288199999999999);
#1584=ELLIPSE('',#2060,0.000407576348675925,0.000288199999999999);
#1585=ELLIPSE('',#2061,0.000407576348675925,0.0002882);
#1586=ELLIPSE('',#2062,0.000407576348675925,0.0002882);
#1587=ELLIPSE('',#2063,0.000407576348675925,0.000288199999999999);
#1588=LINE('',#2064,#2065);
#1589=LINE('',#2066,#2067);
#1590=CARTESIAN_POINT('',(-1.51788304147971E-18,0.00959242365132408,-3.52943207514267E-20));
#1591=CARTESIAN_POINT('',(-0.00959242365132408,-1.70761842166467E-18,3.52943207514266E-20));
#1592=CARTESIAN_POINT('',(0.000203788174337963,0.00979621182566204,-3.52943207514266E-20));
#1593=VECTOR('',#2068,1.0);
#1594=CARTESIAN_POINT('',(-1.51915271001167E-18,0.00959481013826084,3.11420611375807E-05));
#1595=AXIS2_PLACEMENT_3D('',#2069,#2070,#2071);
#1596=CARTESIAN_POINT('',(-0.000286512498903805,0.0097134875010962,0.0002882));
#1597=AXIS2_PLACEMENT_3D('',#2072,#2073,#2074);
#1598=CARTESIAN_POINT('',(-0.000405189861739168,0.01,3.11420611375806E-05));
#1599=AXIS2_PLACEMENT_3D('',#2075,#2076,#2077);
#1600=CARTESIAN_POINT('',(-0.000407576348675926,0.01,3.52943207514269E-20));
#1601=AXIS2_PLACEMENT_3D('',#2078,#2079,#2080);
#1602=CARTESIAN_POINT('',(-0.01,0.000407576348675926,3.52943207514269E-20));
#1603=CARTESIAN_POINT('',(-0.000203788174337962,0.010203788174338,3.52943207514268E-20));
#1604=VECTOR('',#2081,1.0);
#1605=CARTESIAN_POINT('',(-0.01,0.000405189861739161,3.11420611375763E-05));
#1606=AXIS2_PLACEMENT_3D('',#2082,#2083,#2084);
#1607=CARTESIAN_POINT('',(-0.0097134875010962,0.000286512498903805,0.000288199999999995));
#1608=AXIS2_PLACEMENT_3D('',#2085,#2086,#2087);
#1609=CARTESIAN_POINT('',(-0.00959481013826083,-1.70777713023117E-18,3.11420611375798E-05));
#1610=AXIS2_PLACEMENT_3D('',#2088,#2089,#2090);
#1611=AXIS2_PLACEMENT_3D('',#2091,#2092,#2093);
#1612=CARTESIAN_POINT('',(0.01,0.0,0.000444335842803564));
#1613=CARTESIAN_POINT('',(0.000405189861739337,-2.01542268625571E-16,0.0117035519388622));
#1614=CARTESIAN_POINT('',(0.00521935542249368,-3.52943207514266E-20,0.00605427596678315));
#1615=VECTOR('',#2094,1.0);
#1616=CARTESIAN_POINT('',(0.00971348750109619,0.000286512498903805,0.0002882));
#1617=AXIS2_PLACEMENT_3D('',#2095,#2096,#2097);
#1618=CARTESIAN_POINT('',(0.00959481013826083,4.11975364221722E-19,3.11420611375823E-05));
#1619=AXIS2_PLACEMENT_3D('',#2098,#2099,#2100);
#1620=CARTESIAN_POINT('',(4.26754860446101E-19,-1.2802645813383E-18,0.0112903581571964));
#1621=CARTESIAN_POINT('',(0.00478064457750635,3.52943207514267E-20,0.00568041803321681));
#1622=VECTOR('',#2101,1.0);
#1623=CARTESIAN_POINT('',(0.000286512498903805,0.000286512498903799,0.011446494));
#1624=AXIS2_PLACEMENT_3D('',#2102,#2103,#2104);
#1625=AXIS2_PLACEMENT_3D('',#2105,#2106,#2107);
#1626=CARTESIAN_POINT('',(2.71050543121376E-20,-0.01,0.000444335842803565));
#1627=CARTESIAN_POINT('',(-2.01274212119616E-16,-0.000405189861739337,0.0117035519388622));
#1628=CARTESIAN_POINT('',(-3.52943207514267E-20,-0.00521935542249369,0.00605427596678315));
#1629=VECTOR('',#2108,1.0);
#1630=CARTESIAN_POINT('',(0.000286512498903805,-0.00971348750109619,0.0002882));
#1631=AXIS2_PLACEMENT_3D('',#2109,#2110,#2111);
#1632=CARTESIAN_POINT('',(-3.30776887747976E-18,-0.00959481013826083,3.11420611375793E-05));
#1633=AXIS2_PLACEMENT_3D('',#2112,#2113,#2114);
#1634=CARTESIAN_POINT('',(3.52943207514266E-20,-0.00478064457750635,0.00568041803321681));
#1635=VECTOR('',#2115,1.0);
#1636=CARTESIAN_POINT('',(0.000286512498903799,-0.000286512498903805,0.011446494));
#1637=AXIS2_PLACEMENT_3D('',#2116,#2117,#2118);
#1638=AXIS2_PLACEMENT_3D('',#2119,#2120,#2121);
#1639=CARTESIAN_POINT('',(-0.000405189861739167,4.34686225872053E-20,0.0117035519388624));
#1640=CARTESIAN_POINT('',(-0.01,-1.73472347597681E-18,0.000444335842803563));
#1641=CARTESIAN_POINT('',(-0.00521935542249367,-3.52943207514268E-20,0.00605427596678317));
#1642=VECTOR('',#2122,1.0);
#1643=CARTESIAN_POINT('',(-0.000286512498903805,0.000286512498903804,0.011446494));
#1644=AXIS2_PLACEMENT_3D('',#2123,#2124,#2125);
#1645=AXIS2_PLACEMENT_3D('',#2126,#2127,#2128);
#1646=CARTESIAN_POINT('',(-0.00478064457750633,3.52943207514267E-20,0.00568041803321683));
#1647=VECTOR('',#2129,1.0);
#1648=AXIS2_PLACEMENT_3D('',#2130,#2131,#2132);
#1649=CARTESIAN_POINT('',(-3.52943207514267E-20,0.00478064457750633,0.00568041803321683));
#1650=VECTOR('',#2133,1.0);
#1651=CARTESIAN_POINT('',(0.000286512498903804,0.00971348750109619,0.000288199999999999));
#1652=AXIS2_PLACEMENT_3D('',#2134,#2135,#2136);
#1653=CARTESIAN_POINT('',(0.0,0.01,0.000444335842803564));
#1654=AXIS2_PLACEMENT_3D('',#2137,#2138,#2139);
#1655=CARTESIAN_POINT('',(6.30295027514478E-19,0.000405189861739166,0.0117035519388624));
#1656=CARTESIAN_POINT('',(3.52943207514266E-20,0.00521935542249367,0.00605427596678317));
#1657=VECTOR('',#2140,1.0);
#1658=AXIS2_PLACEMENT_3D('',#2141,#2142,#2143);
#1659=CARTESIAN_POINT('',(0.01,-0.000407576348675926,-3.52943207514266E-20));
#1660=CARTESIAN_POINT('',(0.000407576348675926,-0.01,-3.52943207514266E-20));
#1661=CARTESIAN_POINT('',(0.010203788174338,-0.000203788174337962,-3.52943207514265E-20));
#1662=VECTOR('',#2144,1.0);
#1663=CARTESIAN_POINT('',(0.01,-0.000405189861739168,3.11420611375806E-05));
#1664=AXIS2_PLACEMENT_3D('',#2145,#2146,#2147);
#1665=CARTESIAN_POINT('',(0.0097134875010962,-0.000286512498903805,0.0002882));
#1666=AXIS2_PLACEMENT_3D('',#2148,#2149,#2150);
#1667=AXIS2_PLACEMENT_3D('',#2151,#2152,#2153);
#1668=CARTESIAN_POINT('',(0.00959242365132407,4.14514701285659E-19,-3.52943207514266E-20));
#1669=AXIS2_PLACEMENT_3D('',#2154,#2155,#2156);
#1670=CARTESIAN_POINT('',(-3.30681662608079E-18,-0.00959242365132408,3.52943207514263E-20));
#1671=CARTESIAN_POINT('',(0.00979621182566204,0.000203788174337963,3.52943207514269E-20));
#1672=VECTOR('',#2157,1.0);
#1673=AXIS2_PLACEMENT_3D('',#2158,#2159,#2160);
#1674=CARTESIAN_POINT('',(0.000405189861739168,-0.01,3.11420611375808E-05));
#1675=AXIS2_PLACEMENT_3D('',#2161,#2162,#2163);
#1676=AXIS2_PLACEMENT_3D('',#2164,#2165,#2166);
#1677=CARTESIAN_POINT('',(-7.90286778603887E-20,0.01,-0.000444335842803564));
#1678=CARTESIAN_POINT('',(0.0,0.000405189861739168,-0.0117035519388624));
#1679=CARTESIAN_POINT('',(-3.52943207514267E-20,0.00521935542249365,-0.00605427596678319));
#1680=VECTOR('',#2167,1.0);
#1681=CARTESIAN_POINT('',(0.000286512498903806,0.00971348750109619,-0.0002882));
#1682=AXIS2_PLACEMENT_3D('',#2168,#2169,#2170);
#1683=CARTESIAN_POINT('',(-2.01245233037892E-16,0.00959481013826066,-3.11420611377811E-05));
#1684=AXIS2_PLACEMENT_3D('',#2171,#2172,#2173);
#1685=CARTESIAN_POINT('',(4.54302165118492E-19,6.27369656592203E-19,-0.0112903581571964));
#1686=CARTESIAN_POINT('',(3.52943207514266E-20,0.00478064457750632,-0.00568041803321685));
#1687=VECTOR('',#2174,1.0);
#1688=CARTESIAN_POINT('',(0.000286512498903804,0.000286512498903805,-0.011446494));
#1689=AXIS2_PLACEMENT_3D('',#2175,#2176,#2177);
#1690=AXIS2_PLACEMENT_3D('',#2178,#2179,#2180);
#1691=CARTESIAN_POINT('',(-0.00959481013826083,4.70910078028057E-19,-3.1142061137586E-05));
#1692=CARTESIAN_POINT('',(-0.00478064457750633,-3.52943207514269E-20,-0.00568041803321683));
#1693=VECTOR('',#2181,1.0);
#1694=CARTESIAN_POINT('',(-0.000286512498903805,0.000286512498903806,-0.011446494));
#1695=AXIS2_PLACEMENT_3D('',#2182,#2183,#2184);
#1696=CARTESIAN_POINT('',(-0.000405189861739168,0.0,-0.0117035519388624));
#1697=AXIS2_PLACEMENT_3D('',#2185,#2186,#2187);
#1698=CARTESIAN_POINT('',(-0.01,-1.29607031691037E-18,-0.000444335842803563));
#1699=CARTESIAN_POINT('',(-0.00521935542249367,3.52943207514267E-20,-0.00605427596678317));
#1700=VECTOR('',#2188,1.0);
#1701=CARTESIAN_POINT('',(-0.00971348750109619,0.0002865124989038,-0.0002882));
#1702=AXIS2_PLACEMENT_3D('',#2189,#2190,#2191);
#1703=AXIS2_PLACEMENT_3D('',#2192,#2193,#2194);
#1704=CARTESIAN_POINT('',(0.00959481013826083,8.69372451744114E-20,-3.11420611375809E-05));
#1705=CARTESIAN_POINT('',(0.00478064457750633,-3.52943207514268E-20,-0.00568041803321683));
#1706=VECTOR('',#2195,1.0);
#1707=CARTESIAN_POINT('',(0.0097134875010962,0.000286512498903806,-0.0002882));
#1708=AXIS2_PLACEMENT_3D('',#2196,#2197,#2198);
#1709=CARTESIAN_POINT('',(0.01,-6.24326555097072E-19,-0.000444335842803563));
#1710=AXIS2_PLACEMENT_3D('',#2199,#2200,#2201);
#1711=CARTESIAN_POINT('',(0.000405189861739168,0.0,-0.0117035519388624));
#1712=CARTESIAN_POINT('',(0.00521935542249367,3.52943207514265E-20,-0.00605427596678317));
#1713=VECTOR('',#2202,1.0);
#1714=AXIS2_PLACEMENT_3D('',#2203,#2204,#2205);
#1715=CARTESIAN_POINT('',(-1.73472347597681E-18,-0.000405189861739166,-0.0117035519388624));
#1716=CARTESIAN_POINT('',(-1.73472347597681E-18,-0.01,-0.000444335842803563));
#1717=CARTESIAN_POINT('',(-3.52943207514269E-20,-0.00521935542249367,-0.00605427596678317));
#1718=VECTOR('',#2206,1.0);
#1719=CARTESIAN_POINT('',(0.000286512498903805,-0.000286512498903805,-0.011446494));
#1720=AXIS2_PLACEMENT_3D('',#2207,#2208,#2209);
#1721=AXIS2_PLACEMENT_3D('',#2210,#2211,#2212);
#1722=CARTESIAN_POINT('',(-3.98462373716057E-19,-0.00959481013826083,-3.11420611375832E-05));
#1723=CARTESIAN_POINT('',(3.52943207514267E-20,-0.00478064457750633,-0.00568041803321683));
#1724=VECTOR('',#2213,1.0);
#1725=CARTESIAN_POINT('',(0.000286512498903806,-0.0097134875010962,-0.0002882));
#1726=AXIS2_PLACEMENT_3D('',#2214,#2215,#2216);
#1727=AXIS2_PLACEMENT_3D('',#2217,#2218,#2219);
#1728=CARTESIAN_POINT('',(-0.000407576348675926,-0.01,-3.52943207514267E-20));
#1729=CARTESIAN_POINT('',(-0.01,-0.000407576348675926,-3.52943207514267E-20));
#1730=CARTESIAN_POINT('',(-0.000203788174337962,-0.010203788174338,-3.52943207514266E-20));
#1731=VECTOR('',#2220,1.0);
#1732=CARTESIAN_POINT('',(-0.000405189861739165,-0.01,3.11420611375787E-05));
#1733=AXIS2_PLACEMENT_3D('',#2221,#2222,#2223);
#1734=CARTESIAN_POINT('',(-0.000286512498903805,-0.00971348750109619,0.000288199999999998));
#1735=AXIS2_PLACEMENT_3D('',#2224,#2225,#2226);
#1736=AXIS2_PLACEMENT_3D('',#2227,#2228,#2229);
#1737=CARTESIAN_POINT('',(0.000203788174337963,-0.00979621182566204,3.52943207514269E-20));
#1738=VECTOR('',#2230,1.0);
#1739=CARTESIAN_POINT('',(-0.0097134875010962,-0.000286512498903806,0.0002882));
#1740=AXIS2_PLACEMENT_3D('',#2231,#2232,#2233);
#1741=CARTESIAN_POINT('',(-0.01,-0.000405189861739168,3.11420611375808E-05));
#1742=AXIS2_PLACEMENT_3D('',#2234,#2235,#2236);
#1743=AXIS2_PLACEMENT_3D('',#2237,#2238,#2239);
#1744=CARTESIAN_POINT('',(0.00979621182566204,-0.000203788174337962,-3.52943207514265E-20));
#1745=VECTOR('',#2240,1.0);
#1746=CARTESIAN_POINT('',(0.01,0.000405189861739168,3.11420611375806E-05));
#1747=AXIS2_PLACEMENT_3D('',#2241,#2242,#2243);
#1748=CARTESIAN_POINT('',(0.01,0.000407576348675926,3.52943207514269E-20));
#1749=AXIS2_PLACEMENT_3D('',#2244,#2245,#2246);
#1750=CARTESIAN_POINT('',(0.000407576348675926,0.01,3.52943207514269E-20));
#1751=CARTESIAN_POINT('',(0.010203788174338,0.000203788174337963,3.52943207514269E-20));
#1752=VECTOR('',#2247,1.0);
#1753=CARTESIAN_POINT('',(0.000405189861739167,0.01,3.11420611375797E-05));
#1754=AXIS2_PLACEMENT_3D('',#2248,#2249,#2250);
#1755=AXIS2_PLACEMENT_3D('',#2251,#2252,#2253);
#1756=CARTESIAN_POINT('',(0.0,0.000407576348675926,-0.011734694));
#1757=CARTESIAN_POINT('',(0.00959242365132407,0.01,-0.011734694));
#1758=CARTESIAN_POINT('',(-0.000203788174337963,0.000203788174337963,-0.011734694));
#1759=VECTOR('',#2254,1.0);
#1760=CARTESIAN_POINT('',(0.01,0.01,-0.011734694));
#1761=CARTESIAN_POINT('',(0.0,0.01,-0.011734694));
#1762=VECTOR('',#2255,1.0);
#1763=CARTESIAN_POINT('',(0.01,0.00959242365132407,-0.011734694));
#1764=CARTESIAN_POINT('',(0.01,0.0,-0.011734694));
#1765=VECTOR('',#2256,1.0);
#1766=CARTESIAN_POINT('',(0.000407576348675926,0.0,-0.011734694));
#1767=CARTESIAN_POINT('',(0.000203788174337963,-0.000203788174337963,-0.011734694));
#1768=VECTOR('',#2257,1.0);
#1769=CARTESIAN_POINT('',(0.01,-0.00959242365132408,-0.011734694));
#1770=CARTESIAN_POINT('',(0.010203788174338,-0.00979621182566204,-0.011734694));
#1771=VECTOR('',#2258,1.0);
#1772=CARTESIAN_POINT('',(0.01,-0.01,-0.011734694));
#1773=CARTESIAN_POINT('',(0.01,0.0,-0.011734694));
#1774=VECTOR('',#2259,1.0);
#1775=CARTESIAN_POINT('',(0.00959242365132408,-0.01,-0.011734694));
#1776=CARTESIAN_POINT('',(0.0,-0.01,-0.011734694));
#1777=VECTOR('',#2260,1.0);
#1778=CARTESIAN_POINT('',(-1.73472347597681E-18,-0.000407576348675923,-0.011734694));
#1779=CARTESIAN_POINT('',(0.00979621182566204,-0.010203788174338,-0.011734694));
#1780=VECTOR('',#2261,1.0);
#1781=CARTESIAN_POINT('',(-0.00959242365132408,-0.01,-0.011734694));
#1782=CARTESIAN_POINT('',(-0.00979621182566204,-0.010203788174338,-0.011734694));
#1783=VECTOR('',#2262,1.0);
#1784=CARTESIAN_POINT('',(-0.01,-0.01,-0.011734694));
#1785=CARTESIAN_POINT('',(0.0,-0.01,-0.011734694));
#1786=VECTOR('',#2263,1.0);
#1787=CARTESIAN_POINT('',(-0.01,-0.00959242365132408,-0.011734694));
#1788=CARTESIAN_POINT('',(-0.01,0.0,-0.011734694));
#1789=VECTOR('',#2264,1.0);
#1790=CARTESIAN_POINT('',(-0.000407576348675926,0.0,-0.011734694));
#1791=CARTESIAN_POINT('',(-0.010203788174338,-0.00979621182566204,-0.011734694));
#1792=VECTOR('',#2265,1.0);
#1793=CARTESIAN_POINT('',(-0.01,0.00959242365132407,-0.011734694));
#1794=CARTESIAN_POINT('',(-0.000203788174337963,-0.000203788174337963,-0.011734694));
#1795=VECTOR('',#2266,1.0);
#1796=CARTESIAN_POINT('',(-0.01,0.01,-0.011734694));
#1797=CARTESIAN_POINT('',(-0.01,0.0,-0.011734694));
#1798=VECTOR('',#2267,1.0);
#1799=CARTESIAN_POINT('',(-0.00959242365132407,0.01,-0.011734694));
#1800=CARTESIAN_POINT('',(0.0,0.01,-0.011734694));
#1801=VECTOR('',#2268,1.0);
#1802=CARTESIAN_POINT('',(0.000203788174337963,0.000203788174337963,-0.011734694));
#1803=VECTOR('',#2269,1.0);
#1804=CARTESIAN_POINT('',(0.00959481013826083,-0.01,-0.0117035519388624));
#1805=AXIS2_PLACEMENT_3D('',#2270,#2271,#2272);
#1806=CARTESIAN_POINT('',(0.00971348750109619,-0.0097134875010962,-0.011446494));
#1807=AXIS2_PLACEMENT_3D('',#2273,#2274,#2275);
#1808=CARTESIAN_POINT('',(0.01,-0.00959481013826084,-0.0117035519388624));
#1809=AXIS2_PLACEMENT_3D('',#2276,#2277,#2278);
#1810=AXIS2_PLACEMENT_3D('',#2279,#2280,#2281);
#1811=AXIS2_PLACEMENT_3D('',#2282,#2283,#2284);
#1812=AXIS2_PLACEMENT_3D('',#2285,#2286,#2287);
#1813=AXIS2_PLACEMENT_3D('',#2288,#2289,#2290);
#1814=CARTESIAN_POINT('',(0.01,0.000219355422493669,-0.000186928966783172));
#1815=VECTOR('',#2291,1.0);
#1816=CARTESIAN_POINT('',(0.01,0.00959481013826083,-0.0117035519388624));
#1817=CARTESIAN_POINT('',(0.01,-0.000219355422493669,-0.000186928966783172));
#1818=VECTOR('',#2292,1.0);
#1819=AXIS2_PLACEMENT_3D('',#2293,#2294,#2295);
#1820=CARTESIAN_POINT('',(0.01,0.01,-0.0112903581571964));
#1821=CARTESIAN_POINT('',(0.01,0.01,0.0));
#1822=VECTOR('',#2296,1.0);
#1823=CARTESIAN_POINT('',(0.01,0.000405189861739168,-3.11420611375804E-05));
#1824=CARTESIAN_POINT('',(0.01,0.000219355422493669,0.000186928966783172));
#1825=VECTOR('',#2297,1.0);
#1826=AXIS2_PLACEMENT_3D('',#2298,#2299,#2300);
#1827=CARTESIAN_POINT('',(0.01,0.01,0.0112903581571964));
#1828=CARTESIAN_POINT('',(0.01,0.000219355422493669,-0.000186928966783172));
#1829=VECTOR('',#2301,1.0);
#1830=CARTESIAN_POINT('',(0.01,0.01,0.011734694));
#1831=CARTESIAN_POINT('',(0.01,0.01,0.0));
#1832=VECTOR('',#2302,1.0);
#1833=CARTESIAN_POINT('',(0.01,0.00959242365132408,0.011734694));
#1834=CARTESIAN_POINT('',(0.01,0.0,0.011734694));
#1835=VECTOR('',#2303,1.0);
#1836=CARTESIAN_POINT('',(0.01,0.00959481013826083,0.0117035519388624));
#1837=AXIS2_PLACEMENT_3D('',#2304,#2305,#2306);
#1838=CARTESIAN_POINT('',(0.01,-0.000219355422493669,0.000186928966783172));
#1839=VECTOR('',#2307,1.0);
#1840=CARTESIAN_POINT('',(0.01,-0.00959481013826083,0.0117035519388624));
#1841=CARTESIAN_POINT('',(0.01,0.000219355422493669,0.000186928966783172));
#1842=VECTOR('',#2308,1.0);
#1843=CARTESIAN_POINT('',(0.01,-0.00959242365132408,0.011734694));
#1844=AXIS2_PLACEMENT_3D('',#2309,#2310,#2311);
#1845=CARTESIAN_POINT('',(0.01,-0.01,0.011734694));
#1846=CARTESIAN_POINT('',(0.01,0.0,0.011734694));
#1847=VECTOR('',#2312,1.0);
#1848=CARTESIAN_POINT('',(0.01,-0.01,0.0112903581571964));
#1849=CARTESIAN_POINT('',(0.01,-0.01,0.0));
#1850=VECTOR('',#2313,1.0);
#1851=CARTESIAN_POINT('',(0.01,-0.000219355422493669,-0.000186928966783172));
#1852=VECTOR('',#2314,1.0);
#1853=CARTESIAN_POINT('',(0.01,-0.000405189861739168,-3.11420611375804E-05));
#1854=AXIS2_PLACEMENT_3D('',#2315,#2316,#2317);
#1855=CARTESIAN_POINT('',(0.01,-0.01,-0.0112903581571964));
#1856=CARTESIAN_POINT('',(0.01,-0.000219355422493669,0.000186928966783172));
#1857=VECTOR('',#2318,1.0);
#1858=CARTESIAN_POINT('',(0.01,-0.01,0.0));
#1859=VECTOR('',#2319,1.0);
#1860=CARTESIAN_POINT('',(0.0097134875010962,0.0097134875010962,-0.011446494));
#1861=AXIS2_PLACEMENT_3D('',#2320,#2321,#2322);
#1862=CARTESIAN_POINT('',(0.00959481013826083,0.01,-0.0117035519388624));
#1863=AXIS2_PLACEMENT_3D('',#2323,#2324,#2325);
#1864=AXIS2_PLACEMENT_3D('',#2326,#2327,#2328);
#1865=AXIS2_PLACEMENT_3D('',#2329,#2330,#2331);
#1866=CARTESIAN_POINT('',(0.000407576348675923,-1.73472347597681E-18,0.011734694));
#1867=CARTESIAN_POINT('',(0.010203788174338,-0.00979621182566204,0.011734694));
#1868=VECTOR('',#2332,1.0);
#1869=CARTESIAN_POINT('',(0.010203788174338,0.00979621182566204,0.011734694));
#1870=VECTOR('',#2333,1.0);
#1871=CARTESIAN_POINT('',(0.00959242365132408,0.01,0.011734694));
#1872=CARTESIAN_POINT('',(0.0,0.01,0.011734694));
#1873=VECTOR('',#2334,1.0);
#1874=CARTESIAN_POINT('',(-1.73472347597681E-18,0.000407576348675923,0.011734694));
#1875=CARTESIAN_POINT('',(0.00979621182566204,0.010203788174338,0.011734694));
#1876=VECTOR('',#2335,1.0);
#1877=CARTESIAN_POINT('',(-0.00959242365132408,0.01,0.011734694));
#1878=CARTESIAN_POINT('',(-0.00979621182566204,0.010203788174338,0.011734694));
#1879=VECTOR('',#2336,1.0);
#1880=CARTESIAN_POINT('',(-0.01,0.01,0.011734694));
#1881=CARTESIAN_POINT('',(0.0,0.01,0.011734694));
#1882=VECTOR('',#2337,1.0);
#1883=CARTESIAN_POINT('',(-0.01,0.00959242365132408,0.011734694));
#1884=CARTESIAN_POINT('',(-0.01,0.0,0.011734694));
#1885=VECTOR('',#2338,1.0);
#1886=CARTESIAN_POINT('',(-0.000407576348675923,-1.73472347597681E-18,0.011734694));
#1887=CARTESIAN_POINT('',(-0.010203788174338,0.00979621182566204,0.011734694));
#1888=VECTOR('',#2339,1.0);
#1889=CARTESIAN_POINT('',(-0.01,-0.00959242365132408,0.011734694));
#1890=CARTESIAN_POINT('',(-0.010203788174338,-0.00979621182566204,0.011734694));
#1891=VECTOR('',#2340,1.0);
#1892=CARTESIAN_POINT('',(-0.01,-0.01,0.011734694));
#1893=CARTESIAN_POINT('',(-0.01,0.0,0.011734694));
#1894=VECTOR('',#2341,1.0);
#1895=CARTESIAN_POINT('',(-0.00959242365132408,-0.01,0.011734694));
#1896=CARTESIAN_POINT('',(0.0,-0.01,0.011734694));
#1897=VECTOR('',#2342,1.0);
#1898=CARTESIAN_POINT('',(-1.73472347597681E-18,-0.000407576348675923,0.011734694));
#1899=CARTESIAN_POINT('',(-0.00979621182566204,-0.010203788174338,0.011734694));
#1900=VECTOR('',#2343,1.0);
#1901=CARTESIAN_POINT('',(0.00959242365132408,-0.01,0.011734694));
#1902=CARTESIAN_POINT('',(0.00979621182566204,-0.010203788174338,0.011734694));
#1903=VECTOR('',#2344,1.0);
#1904=CARTESIAN_POINT('',(0.0,-0.01,0.011734694));
#1905=VECTOR('',#2345,1.0);
#1906=AXIS2_PLACEMENT_3D('',#2346,#2347,#2348);
#1907=AXIS2_PLACEMENT_3D('',#2349,#2350,#2351);
#1908=AXIS2_PLACEMENT_3D('',#2352,#2353,#2354);
#1909=CARTESIAN_POINT('',(0.0097134875010962,-0.0097134875010962,0.011446494));
#1910=AXIS2_PLACEMENT_3D('',#2355,#2356,#2357);
#1911=CARTESIAN_POINT('',(0.00959481013826083,-0.01,0.0117035519388624));
#1912=AXIS2_PLACEMENT_3D('',#2358,#2359,#2360);
#1913=AXIS2_PLACEMENT_3D('',#2361,#2362,#2363);
#1914=CARTESIAN_POINT('',(-0.00959481013826083,-0.01,-0.0117035519388624));
#1915=AXIS2_PLACEMENT_3D('',#2364,#2365,#2366);
#1916=CARTESIAN_POINT('',(-0.00978064457750633,-0.01,-0.0119216229667832));
#1917=VECTOR('',#2367,1.0);
#1918=CARTESIAN_POINT('',(0.00978064457750633,-0.01,-0.0119216229667832));
#1919=VECTOR('',#2368,1.0);
#1920=CARTESIAN_POINT('',(0.000405189861739168,-0.01,-3.11420611375848E-05));
#1921=CARTESIAN_POINT('',(0.0102193554224937,-0.01,-0.0115477650332168));
#1922=VECTOR('',#2369,1.0);
#1923=AXIS2_PLACEMENT_3D('',#2370,#2371,#2372);
#1924=CARTESIAN_POINT('',(0.0102193554224937,-0.01,0.0115477650332168));
#1925=VECTOR('',#2373,1.0);
#1926=CARTESIAN_POINT('',(0.00978064457750633,-0.01,0.0119216229667832));
#1927=VECTOR('',#2374,1.0);
#1928=CARTESIAN_POINT('',(-0.00959481013826083,-0.01,0.0117035519388624));
#1929=CARTESIAN_POINT('',(-0.00978064457750633,-0.01,0.0119216229667832));
#1930=VECTOR('',#2375,1.0);
#1931=AXIS2_PLACEMENT_3D('',#2376,#2377,#2378);
#1932=CARTESIAN_POINT('',(-0.01,-0.01,0.0112903581571964));
#1933=CARTESIAN_POINT('',(-0.01,-0.01,0.0));
#1934=VECTOR('',#2379,1.0);
#1935=CARTESIAN_POINT('',(-0.0102193554224937,-0.01,0.0115477650332168));
#1936=VECTOR('',#2380,1.0);
#1937=CARTESIAN_POINT('',(-0.000405189861739168,-0.01,-3.11420611375829E-05));
#1938=AXIS2_PLACEMENT_3D('',#2381,#2382,#2383);
#1939=CARTESIAN_POINT('',(-0.01,-0.01,-0.0112903581571964));
#1940=CARTESIAN_POINT('',(-0.0102193554224937,-0.01,-0.0115477650332168));
#1941=VECTOR('',#2384,1.0);
#1942=CARTESIAN_POINT('',(-0.01,-0.01,0.0));
#1943=VECTOR('',#2385,1.0);
#1944=CARTESIAN_POINT('',(0.00971348750109615,0.00971348750109615,0.0114464939999993));
#1945=AXIS2_PLACEMENT_3D('',#2386,#2387,#2388);
#1946=AXIS2_PLACEMENT_3D('',#2389,#2390,#2391);
#1947=AXIS2_PLACEMENT_3D('',#2392,#2393,#2394);
#1948=CARTESIAN_POINT('',(0.000405189861739168,0.01,-3.11420611375794E-05));
#1949=AXIS2_PLACEMENT_3D('',#2395,#2396,#2397);
#1950=AXIS2_PLACEMENT_3D('',#2398,#2399,#2400);
#1951=AXIS2_PLACEMENT_3D('',#2401,#2402,#2403);
#1952=AXIS2_PLACEMENT_3D('',#2404,#2405,#2406);
#1953=CARTESIAN_POINT('',(-0.01,-0.000405189861739168,-3.11420611375848E-05));
#1954=AXIS2_PLACEMENT_3D('',#2407,#2408,#2409);
#1955=CARTESIAN_POINT('',(-0.0097134875010962,-0.000286512498903806,-0.0002882));
#1956=AXIS2_PLACEMENT_3D('',#2410,#2411,#2412);
#1957=AXIS2_PLACEMENT_3D('',#2413,#2414,#2415);
#1958=AXIS2_PLACEMENT_3D('',#2416,#2417,#2418);
#1959=AXIS2_PLACEMENT_3D('',#2419,#2420,#2421);
#1960=CARTESIAN_POINT('',(-0.000286512498903806,-0.0097134875010962,-0.0002882));
#1961=AXIS2_PLACEMENT_3D('',#2422,#2423,#2424);
#1962=AXIS2_PLACEMENT_3D('',#2425,#2426,#2427);
#1963=AXIS2_PLACEMENT_3D('',#2428,#2429,#2430);
#1964=CARTESIAN_POINT('',(-0.0097134875010962,-0.0097134875010962,-0.011446494));
#1965=AXIS2_PLACEMENT_3D('',#2431,#2432,#2433);
#1966=AXIS2_PLACEMENT_3D('',#2434,#2435,#2436);
#1967=CARTESIAN_POINT('',(-0.0097134875010962,-0.0097134875010962,0.011446494));
#1968=AXIS2_PLACEMENT_3D('',#2437,#2438,#2439);
#1969=AXIS2_PLACEMENT_3D('',#2440,#2441,#2442);
#1970=AXIS2_PLACEMENT_3D('',#2443,#2444,#2445);
#1971=AXIS2_PLACEMENT_3D('',#2446,#2447,#2448);
#1972=AXIS2_PLACEMENT_3D('',#2449,#2450,#2451);
#1973=CARTESIAN_POINT('',(-0.000286512498903805,-0.000286512498903806,-0.011446494));
#1974=AXIS2_PLACEMENT_3D('',#2452,#2453,#2454);
#1975=AXIS2_PLACEMENT_3D('',#2455,#2456,#2457);
#1976=AXIS2_PLACEMENT_3D('',#2458,#2459,#2460);
#1977=CARTESIAN_POINT('',(-0.01,-0.00959481013826083,-0.0117035519388624));
#1978=AXIS2_PLACEMENT_3D('',#2461,#2462,#2463);
#1979=AXIS2_PLACEMENT_3D('',#2464,#2465,#2466);
#1980=AXIS2_PLACEMENT_3D('',#2467,#2468,#2469);
#1981=CARTESIAN_POINT('',(0.00971348750109619,-0.000286512498903805,-0.0002882));
#1982=AXIS2_PLACEMENT_3D('',#2470,#2471,#2472);
#1983=AXIS2_PLACEMENT_3D('',#2473,#2474,#2475);
#1984=AXIS2_PLACEMENT_3D('',#2476,#2477,#2478);
#1985=AXIS2_PLACEMENT_3D('',#2479,#2480,#2481);
#1986=AXIS2_PLACEMENT_3D('',#2482,#2483,#2484);
#1987=CARTESIAN_POINT('',(-0.01,-0.00978064457750633,-0.0119216229667832));
#1988=VECTOR('',#2485,1.0);
#1989=CARTESIAN_POINT('',(-0.01,-0.0102193554224937,-0.0115477650332168));
#1990=VECTOR('',#2486,1.0);
#1991=AXIS2_PLACEMENT_3D('',#2487,#2488,#2489);
#1992=CARTESIAN_POINT('',(-0.000286512498903806,0.0097134875010962,-0.0002882));
#1993=AXIS2_PLACEMENT_3D('',#2490,#2491,#2492);
#1994=AXIS2_PLACEMENT_3D('',#2493,#2494,#2495);
#1995=CARTESIAN_POINT('',(0.000219355422493669,0.01,0.000186928966783172));
#1996=VECTOR('',#2496,1.0);
#1997=CARTESIAN_POINT('',(-0.000219355422493669,0.01,-0.000186928966783172));
#1998=VECTOR('',#2497,1.0);
#1999=AXIS2_PLACEMENT_3D('',#2498,#2499,#2500);
#2000=AXIS2_PLACEMENT_3D('',#2501,#2502,#2503);
#2001=AXIS2_PLACEMENT_3D('',#2504,#2505,#2506);
#2002=AXIS2_PLACEMENT_3D('',#2507,#2508,#2509);
#2003=AXIS2_PLACEMENT_3D('',#2510,#2511,#2512);
#2004=CARTESIAN_POINT('',(-0.000286512498903804,-0.000286512498903806,0.011446494));
#2005=AXIS2_PLACEMENT_3D('',#2513,#2514,#2515);
#2006=AXIS2_PLACEMENT_3D('',#2516,#2517,#2518);
#2007=AXIS2_PLACEMENT_3D('',#2519,#2520,#2521);
#2008=CARTESIAN_POINT('',(-0.000405189861739168,0.01,-3.11420611375804E-05));
#2009=CARTESIAN_POINT('',(-0.01,0.01,-0.0112903581571964));
#2010=CARTESIAN_POINT('',(-0.000219355422493669,0.01,0.000186928966783172));
#2011=VECTOR('',#2522,1.0);
#2012=CARTESIAN_POINT('',(-0.0097134875010962,0.0097134875010962,-0.011446494));
#2013=AXIS2_PLACEMENT_3D('',#2523,#2524,#2525);
#2014=CARTESIAN_POINT('',(-0.00959481013826083,0.01,-0.0117035519388624));
#2015=AXIS2_PLACEMENT_3D('',#2526,#2527,#2528);
#2016=CARTESIAN_POINT('',(0.000219355422493669,0.01,-0.000186928966783172));
#2017=VECTOR('',#2529,1.0);
#2018=AXIS2_PLACEMENT_3D('',#2530,#2531,#2532);
#2019=AXIS2_PLACEMENT_3D('',#2533,#2534,#2535);
#2020=CARTESIAN_POINT('',(-0.01,0.00959481013826084,-0.0117035519388624));
#2021=AXIS2_PLACEMENT_3D('',#2536,#2537,#2538);
#2022=AXIS2_PLACEMENT_3D('',#2539,#2540,#2541);
#2023=CARTESIAN_POINT('',(-0.01,0.000405189861739168,-3.1142061137583E-05));
#2024=CARTESIAN_POINT('',(-0.01,0.0102193554224937,-0.0115477650332168));
#2025=VECTOR('',#2542,1.0);
#2026=AXIS2_PLACEMENT_3D('',#2543,#2544,#2545);
#2027=CARTESIAN_POINT('',(-0.01,0.00978064457750633,-0.0119216229667832));
#2028=VECTOR('',#2546,1.0);
#2029=CARTESIAN_POINT('',(-0.00959481013826083,0.01,0.0117035519388624));
#2030=CARTESIAN_POINT('',(0.000219355422493669,0.01,0.000186928966783172));
#2031=VECTOR('',#2547,1.0);
#2032=CARTESIAN_POINT('',(-0.0097134875010962,0.00971348750109619,0.011446494));
#2033=AXIS2_PLACEMENT_3D('',#2548,#2549,#2550);
#2034=CARTESIAN_POINT('',(-0.01,0.01,0.0112903581571964));
#2035=AXIS2_PLACEMENT_3D('',#2551,#2552,#2553);
#2036=CARTESIAN_POINT('',(-0.000219355422493669,0.01,-0.000186928966783172));
#2037=VECTOR('',#2554,1.0);
#2038=CARTESIAN_POINT('',(0.00959481013826083,0.01,0.0117035519388624));
#2039=CARTESIAN_POINT('',(-0.000219355422493669,0.01,0.000186928966783172));
#2040=VECTOR('',#2555,1.0);
#2041=CARTESIAN_POINT('',(0.000219355422493669,0.01,-0.000186928966783172));
#2042=VECTOR('',#2556,1.0);
#2043=AXIS2_PLACEMENT_3D('',#2557,#2558,#2559);
#2044=CARTESIAN_POINT('',(-0.01,-0.00959481013826083,0.0117035519388624));
#2045=CARTESIAN_POINT('',(-0.01,-0.00978064457750633,0.0119216229667832));
#2046=VECTOR('',#2560,1.0);
#2047=AXIS2_PLACEMENT_3D('',#2561,#2562,#2563);
#2048=CARTESIAN_POINT('',(-0.01,-0.0102193554224937,0.0115477650332168));
#2049=VECTOR('',#2564,1.0);
#2050=AXIS2_PLACEMENT_3D('',#2565,#2566,#2567);
#2051=AXIS2_PLACEMENT_3D('',#2568,#2569,#2570);
#2052=CARTESIAN_POINT('',(-0.01,0.0102193554224937,0.0115477650332168));
#2053=VECTOR('',#2571,1.0);
#2054=CARTESIAN_POINT('',(-0.01,0.00959481013826083,0.0117035519388624));
#2055=AXIS2_PLACEMENT_3D('',#2572,#2573,#2574);
#2056=CARTESIAN_POINT('',(-0.01,0.00978064457750633,0.0119216229667832));
#2057=VECTOR('',#2575,1.0);
#2058=AXIS2_PLACEMENT_3D('',#2576,#2577,#2578);
#2059=AXIS2_PLACEMENT_3D('',#2579,#2580,#2581);
#2060=AXIS2_PLACEMENT_3D('',#2582,#2583,#2584);
#2061=AXIS2_PLACEMENT_3D('',#2585,#2586,#2587);
#2062=AXIS2_PLACEMENT_3D('',#2588,#2589,#2590);
#2063=AXIS2_PLACEMENT_3D('',#2591,#2592,#2593);
#2064=CARTESIAN_POINT('',(-0.01,0.01,0.0));
#2065=VECTOR('',#2594,1.0);
#2066=CARTESIAN_POINT('',(-0.01,0.01,0.0));
#2067=VECTOR('',#2595,1.0);
#2068=DIRECTION('',(-0.707106781186548,-0.707106781186548,0.0));
#2069=CARTESIAN_POINT('',(-1.73472347597681E-18,0.01,0.0));
#2070=DIRECTION('',(-1.0,-5.32024086288471E-16,0.0));
#2071=DIRECTION('',(5.32024086288471E-16,-1.0,0.0));
#2072=CARTESIAN_POINT('',(0.0,0.01,-1.88834032626712E-20));
#2073=DIRECTION('',(-0.679555766574467,-0.0562190212997061,-0.731466596475527));
#2074=DIRECTION('',(-0.413996453254441,-0.793743362073643,0.445621377243925));
#2075=CARTESIAN_POINT('',(-9.49852765871966E-22,0.01,1.11462315525612E-21));
#2076=DIRECTION('',(-0.0562190212997051,-0.679555766574468,-0.731466596475526));
#2077=DIRECTION('',(0.793743362073643,0.413996453254441,-0.445621377243925));
#2078=CARTESIAN_POINT('',(1.9166167708544E-20,0.01,0.0));
#2079=DIRECTION('',(0.0,-1.0,0.0));
#2080=DIRECTION('',(1.0,0.0,0.0));
#2081=DIRECTION('',(0.707106781186548,0.707106781186548,-0.0));
#2082=CARTESIAN_POINT('',(-0.01,0.0,0.0));
#2083=DIRECTION('',(-1.0,-0.0,0.0));
#2084=DIRECTION('',(0.0,-1.0,0.0));
#2085=CARTESIAN_POINT('',(-0.01,-5.20417042793042E-18,-3.46944695195361E-18));
#2086=DIRECTION('',(0.679555766574468,0.056219021299703,-0.731466596475527));
#2087=DIRECTION('',(0.413996453254443,0.793743362073643,0.445621377243924));
#2088=CARTESIAN_POINT('',(-0.01,0.0,-1.73472347597681E-18));
#2089=DIRECTION('',(0.056219021299703,0.679555766574466,-0.731466596475528));
#2090=DIRECTION('',(-0.793743362073644,-0.413996453254443,-0.445621377243922));
#2091=CARTESIAN_POINT('',(-0.01,-1.73472347597681E-18,0.0));
#2092=DIRECTION('',(0.0,-1.0,0.0));
#2093=DIRECTION('',(1.0,0.0,0.0));
#2094=DIRECTION('',(-0.648608489879153,0.0,0.761122215453396));
#2095=CARTESIAN_POINT('',(0.01,0.0,1.44411812916273E-19));
#2096=DIRECTION('',(0.707106781186548,0.707106781186547,8.40422842889956E-16));
#2097=DIRECTION('',(-0.364950822977382,0.364950822977381,0.856517246537549));
#2098=CARTESIAN_POINT('',(0.01,0.0,4.78881631065528E-20));
#2099=DIRECTION('',(-0.0562190212997061,0.679555766574467,-0.731466596475527));
#2100=DIRECTION('',(0.793743362073643,-0.413996453254441,-0.445621377243925));
#2101=DIRECTION('',(0.648608489879153,-0.0,-0.761122215453396));
#2102=CARTESIAN_POINT('',(0.0,-3.46944695195361E-18,0.011734694));
#2103=DIRECTION('',(0.707106781186546,-0.707106781186549,2.63088889948162E-15));
#2104=DIRECTION('',(0.364950822977384,0.364950822977379,-0.856517246537549));
#2105=CARTESIAN_POINT('',(-3.46944695195361E-18,-3.46944695195361E-18,0.011734694));
#2106=DIRECTION('',(-0.0562190212997083,-0.679555766574471,-0.731466596475524));
#2107=DIRECTION('',(0.793743362073644,0.413996453254437,-0.445621377243927));
#2108=DIRECTION('',(0.0,0.648608489879153,0.761122215453396));
#2109=CARTESIAN_POINT('',(0.0,-0.01,1.44411812916276E-19));
#2110=DIRECTION('',(0.707106781186548,-0.707106781186547,2.11932716902684E-15));
#2111=DIRECTION('',(0.36495082297738,0.364950822977383,0.856517246537549));
#2112=CARTESIAN_POINT('',(0.0,-0.01,-1.1726637856831E-18));
#2113=DIRECTION('',(0.679555766574468,0.0562190212997069,-0.731466596475526));
#2114=DIRECTION('',(-0.41399645325444,-0.793743362073643,-0.445621377243926));
#2115=DIRECTION('',(-0.0,-0.648608489879153,-0.761122215453396));
#2116=CARTESIAN_POINT('',(-3.46944695195361E-18,0.0,0.011734694));
#2117=DIRECTION('',(-0.707106781186549,-0.707106781186546,2.63088889948162E-15));
#2118=DIRECTION('',(-0.364950822977379,0.364950822977384,0.856517246537549));
#2119=CARTESIAN_POINT('',(-3.46944695195361E-18,3.46944695195361E-18,0.011734694));
#2120=DIRECTION('',(-0.679555766574471,0.0562190212997083,-0.731466596475524));
#2121=DIRECTION('',(0.413996453254437,-0.793743362073644,-0.445621377243927));
#2122=DIRECTION('',(-0.648608489879153,0.0,-0.761122215453396));
#2123=CARTESIAN_POINT('',(1.73472347597681E-18,-1.73472347597681E-18,0.011734694));
#2124=DIRECTION('',(0.0562190212997026,-0.679555766574468,-0.731466596475527));
#2125=DIRECTION('',(0.793743362073645,-0.413996453254441,0.445621377243922));
#2126=CARTESIAN_POINT('',(0.0,-3.46944695195361E-18,0.011734694));
#2127=DIRECTION('',(-0.707106781186551,-0.707106781186544,-7.6734259568213E-16));
#2128=DIRECTION('',(-0.364950822977381,0.364950822977385,-0.856517246537548));
#2129=DIRECTION('',(0.648608489879153,-0.0,0.761122215453396));
#2130=CARTESIAN_POINT('',(-0.01,0.0,-1.73472347597681E-18));
#2131=DIRECTION('',(-0.707106781186548,0.707106781186547,-1.53468519136426E-15));
#2132=DIRECTION('',(0.36495082297738,0.364950822977383,0.856517246537549));
#2133=DIRECTION('',(0.0,-0.648608489879153,0.761122215453396));
#2134=CARTESIAN_POINT('',(0.0,0.01,-1.22493297213038E-18));
#2135=DIRECTION('',(0.679555766574468,-0.0562190212997063,-0.731466596475527));
#2136=DIRECTION('',(0.413996453254441,-0.793743362073644,0.445621377243925));
#2137=CARTESIAN_POINT('',(0.0,0.01,-1.44411812916273E-19));
#2138=DIRECTION('',(0.707106781186547,0.707106781186548,8.76962966493866E-16));
#2139=DIRECTION('',(-0.364950822977381,0.364950822977382,-0.856517246537549));
#2140=DIRECTION('',(-0.0,0.648608489879153,-0.761122215453396));
#2141=CARTESIAN_POINT('',(-3.46944695195361E-18,-3.46944695195361E-18,0.011734694));
#2142=DIRECTION('',(-0.679555766574471,-0.0562190212997081,-0.731466596475524));
#2143=DIRECTION('',(-0.413996453254437,-0.793743362073644,0.445621377243927));
#2144=DIRECTION('',(-0.707106781186548,-0.707106781186548,0.0));
#2145=CARTESIAN_POINT('',(0.01,-1.9166167708544E-20,0.0));
#2146=DIRECTION('',(-1.0,-0.0,0.0));
#2147=DIRECTION('',(0.0,-1.0,0.0));
#2148=CARTESIAN_POINT('',(0.01,9.49852765871966E-22,-1.11462315525612E-21));
#2149=DIRECTION('',(-0.679555766574468,-0.0562190212997051,-0.731466596475526));
#2150=DIRECTION('',(-0.413996453254441,-0.793743362073643,0.445621377243925));
#2151=CARTESIAN_POINT('',(0.01,0.0,1.88834032626712E-20));
#2152=DIRECTION('',(-0.0562190212997062,-0.679555766574467,-0.731466596475527));
#2153=DIRECTION('',(0.793743362073643,0.41399645325444,-0.445621377243925));
#2154=CARTESIAN_POINT('',(0.01,-1.9166167708544E-20,0.0));
#2155=DIRECTION('',(-1.04456989168704E-15,-1.0,-0.0));
#2156=DIRECTION('',(-1.0,1.04456989168704E-15,0.0));
#2157=DIRECTION('',(0.707106781186548,0.707106781186548,-0.0));
#2158=CARTESIAN_POINT('',(-3.46944695195361E-18,-0.01,0.0));
#2159=DIRECTION('',(-1.0,3.99018064716353E-16,0.0));
#2160=DIRECTION('',(-3.99018064716353E-16,-1.0,0.0));
#2161=CARTESIAN_POINT('',(0.0,-0.01,0.0));
#2162=DIRECTION('',(0.0562190212997054,0.679555766574469,-0.731466596475525));
#2163=DIRECTION('',(-0.793743362073643,-0.413996453254441,-0.445621377243926));
#2164=CARTESIAN_POINT('',(0.0,-0.01,0.0));
#2165=DIRECTION('',(0.0,-1.0,0.0));
#2166=DIRECTION('',(1.0,0.0,0.0));
#2167=DIRECTION('',(0.0,-0.648608489879153,-0.761122215453396));
#2168=CARTESIAN_POINT('',(4.06575814682064E-20,0.01,-4.77104277309473E-20));
#2169=DIRECTION('',(-0.707106781186547,-0.707106781186548,1.09620370811733E-15));
#2170=DIRECTION('',(0.364950822977382,-0.364950822977382,-0.856517246537548));
#2171=CARTESIAN_POINT('',(-1.73472347597681E-18,0.01,0.0));
#2172=DIRECTION('',(-0.679555766574467,0.0562190212997037,-0.731466596475527));
#2173=DIRECTION('',(0.413996453254442,-0.793743362073644,-0.445621377243923));
#2174=DIRECTION('',(-0.0,0.648608489879153,0.761122215453396));
#2175=CARTESIAN_POINT('',(0.0,-3.46944695195361E-18,-0.011734694));
#2176=DIRECTION('',(0.707106781186546,-0.707106781186549,-2.63088889948162E-15));
#2177=DIRECTION('',(-0.364950822977384,-0.364950822977379,-0.856517246537549));
#2178=CARTESIAN_POINT('',(0.0,0.0,-0.011734694));
#2179=DIRECTION('',(0.67955576657447,0.0562190212997076,-0.731466596475524));
#2180=DIRECTION('',(0.413996453254439,0.793743362073643,0.445621377243928));
#2181=DIRECTION('',(-0.648608489879153,0.0,0.761122215453396));
#2182=CARTESIAN_POINT('',(0.0,-3.46944695195361E-18,-0.011734694));
#2183=DIRECTION('',(-0.707106781186551,-0.707106781186544,6.94262348474308E-16));
#2184=DIRECTION('',(0.364950822977381,-0.364950822977385,-0.856517246537548));
#2185=CARTESIAN_POINT('',(-3.22481705649829E-19,0.0,-0.011734694));
#2186=DIRECTION('',(-0.0562190212997056,0.679555766574467,-0.731466596475527));
#2187=DIRECTION('',(0.793743362073643,-0.413996453254441,-0.445621377243925));
#2188=DIRECTION('',(0.648608489879153,-0.0,-0.761122215453396));
#2189=CARTESIAN_POINT('',(-0.01,-3.46944695195361E-18,3.46944695195361E-18));
#2190=DIRECTION('',(0.707106781186548,-0.707106781186547,3.98287347282633E-15));
#2191=DIRECTION('',(0.364950822977385,0.36495082297738,-0.856517246537548));
#2192=CARTESIAN_POINT('',(-0.01,-3.46944695195361E-18,0.0));
#2193=DIRECTION('',(-0.0562190212997094,-0.679555766574468,-0.731466596475526));
#2194=DIRECTION('',(0.793743362073643,0.413996453254439,-0.445621377243928));
#2195=DIRECTION('',(-0.648608489879153,0.0,-0.761122215453396));
#2196=CARTESIAN_POINT('',(0.01,2.35695664710008E-20,0.0));
#2197=DIRECTION('',(0.0562190212997059,-0.679555766574467,-0.731466596475527));
#2198=DIRECTION('',(-0.793743362073644,0.413996453254441,-0.445621377243925));
#2199=CARTESIAN_POINT('',(0.01,-4.06575814682064E-20,4.77104277309473E-20));
#2200=DIRECTION('',(-0.707106781186548,-0.707106781186547,1.09620370811733E-15));
#2201=DIRECTION('',(0.364950822977382,-0.364950822977382,0.856517246537548));
#2202=DIRECTION('',(0.648608489879153,-0.0,0.761122215453396));
#2203=CARTESIAN_POINT('',(-1.73472347597681E-18,0.0,-0.011734694));
#2204=DIRECTION('',(0.0562190212997071,0.679555766574469,-0.731466596475525));
#2205=DIRECTION('',(-0.793743362073643,-0.41399645325444,-0.445621377243927));
#2206=DIRECTION('',(0.0,-0.648608489879153,0.761122215453396));
#2207=CARTESIAN_POINT('',(0.0,2.65490539697515E-19,-0.011734694));
#2208=DIRECTION('',(0.679555766574467,-0.0562190212997016,-0.731466596475527));
#2209=DIRECTION('',(0.413996453254444,-0.793743362073643,0.445621377243923));
#2210=CARTESIAN_POINT('',(-3.46944695195361E-18,0.0,-0.011734694));
#2211=DIRECTION('',(-0.707106781186544,-0.707106781186551,7.6734259568213E-16));
#2212=DIRECTION('',(0.364950822977385,-0.364950822977381,0.856517246537548));
#2213=DIRECTION('',(-0.0,0.648608489879153,-0.761122215453396));
#2214=CARTESIAN_POINT('',(-1.73472347597681E-18,-0.01,0.0));
#2215=DIRECTION('',(-0.679555766574469,-0.0562190212997103,-0.731466596475525));
#2216=DIRECTION('',(-0.413996453254438,-0.793743362073643,0.445621377243928));
#2217=CARTESIAN_POINT('',(0.0,-0.01,1.73472347597681E-18));
#2218=DIRECTION('',(0.707106781186547,-0.707106781186548,1.53468519136426E-15));
#2219=DIRECTION('',(0.364950822977383,0.36495082297738,-0.856517246537549));
#2220=DIRECTION('',(-0.707106781186548,0.707106781186548,0.0));
#2221=CARTESIAN_POINT('',(-1.9166167708544E-20,-0.01,0.0));
#2222=DIRECTION('',(-0.0,-1.0,0.0));
#2223=DIRECTION('',(-1.0,0.0,0.0));
#2224=CARTESIAN_POINT('',(3.46944695195361E-18,-0.01,-3.46944695195361E-18));
#2225=DIRECTION('',(-0.0562190212997071,0.67955576657447,-0.731466596475524));
#2226=DIRECTION('',(-0.793743362073643,0.41399645325444,0.445621377243928));
#2227=CARTESIAN_POINT('',(0.0,-0.01,1.88834032626712E-20));
#2228=DIRECTION('',(-0.679555766574467,0.0562190212997062,-0.731466596475527));
#2229=DIRECTION('',(0.41399645325444,-0.793743362073643,-0.445621377243925));
#2230=DIRECTION('',(0.707106781186548,-0.707106781186548,-0.0));
#2231=CARTESIAN_POINT('',(-0.01,0.0,-1.73472347597681E-18));
#2232=DIRECTION('',(0.056219021299703,-0.679555766574466,-0.731466596475528));
#2233=DIRECTION('',(-0.793743362073644,0.413996453254443,-0.445621377243922));
#2234=CARTESIAN_POINT('',(-0.01,0.0,0.0));
#2235=DIRECTION('',(0.679555766574469,-0.0562190212997054,-0.731466596475525));
#2236=DIRECTION('',(-0.413996453254441,0.793743362073643,-0.445621377243926));
#2237=CARTESIAN_POINT('',(-0.01,0.0,0.0));
#2238=DIRECTION('',(-1.0,-0.0,0.0));
#2239=DIRECTION('',(0.0,-1.0,0.0));
#2240=DIRECTION('',(-0.707106781186548,0.707106781186548,0.0));
#2241=CARTESIAN_POINT('',(0.01,9.49852765871966E-22,1.11462315525612E-21));
#2242=DIRECTION('',(-0.679555766574468,0.0562190212997051,-0.731466596475526));
#2243=DIRECTION('',(0.413996453254441,-0.793743362073643,-0.445621377243925));
#2244=CARTESIAN_POINT('',(0.01,-1.9166167708544E-20,0.0));
#2245=DIRECTION('',(-1.0,-0.0,0.0));
#2246=DIRECTION('',(0.0,-1.0,0.0));
#2247=DIRECTION('',(0.707106781186548,-0.707106781186548,-0.0));
#2248=CARTESIAN_POINT('',(0.0,0.01,0.0));
#2249=DIRECTION('',(-0.0,-1.0,0.0));
#2250=DIRECTION('',(-1.0,0.0,0.0));
#2251=CARTESIAN_POINT('',(-1.07430675522963E-18,0.01,-1.26066610347526E-18));
#2252=DIRECTION('',(0.0562190212997055,-0.679555766574468,-0.731466596475526));
#2253=DIRECTION('',(0.793743362073643,-0.413996453254441,0.445621377243926));
#2254=DIRECTION('',(0.707106781186548,0.707106781186548,0.0));
#2255=DIRECTION('',(1.0,-0.0,0.0));
#2256=DIRECTION('',(0.0,-1.0,0.0));
#2257=DIRECTION('',(-0.707106781186548,-0.707106781186548,-0.0));
#2258=DIRECTION('',(0.707106781186548,-0.707106781186548,-0.0));
#2259=DIRECTION('',(0.0,-1.0,0.0));
#2260=DIRECTION('',(-1.0,0.0,0.0));
#2261=DIRECTION('',(-0.707106781186548,0.707106781186548,0.0));
#2262=DIRECTION('',(-0.707106781186548,-0.707106781186548,-0.0));
#2263=DIRECTION('',(-1.0,0.0,0.0));
#2264=DIRECTION('',(0.0,1.0,0.0));
#2265=DIRECTION('',(0.707106781186548,0.707106781186548,0.0));
#2266=DIRECTION('',(-0.707106781186548,0.707106781186548,0.0));
#2267=DIRECTION('',(0.0,1.0,0.0));
#2268=DIRECTION('',(1.0,-0.0,0.0));
#2269=DIRECTION('',(0.707106781186548,-0.707106781186548,-0.0));
#2270=CARTESIAN_POINT('',(0.01,-0.01,-0.011734694));
#2271=DIRECTION('',(-0.0,-1.0,0.0));
#2272=DIRECTION('',(-1.0,0.0,0.0));
#2273=CARTESIAN_POINT('',(0.01,-0.01,-0.011734694));
#2274=DIRECTION('',(-0.0562190212997033,0.679555766574468,-0.731466596475526));
#2275=DIRECTION('',(0.793743362073643,-0.413996453254443,-0.445621377243924));
#2276=CARTESIAN_POINT('',(0.01,-0.01,-0.011734694));
#2277=DIRECTION('',(-0.679555766574469,0.056219021299705,-0.731466596475525));
#2278=DIRECTION('',(-0.413996453254441,0.793743362073643,0.445621377243926));
#2279=CARTESIAN_POINT('',(0.01,-0.01,-0.011734694));
#2280=DIRECTION('',(-1.0,-0.0,0.0));
#2281=DIRECTION('',(0.0,-1.0,0.0));
#2282=CARTESIAN_POINT('',(0.0,0.0,-0.011734694));
#2283=DIRECTION('',(-0.0,-1.0,-0.0));
#2284=DIRECTION('',(-1.0,0.0,0.0));
#2285=CARTESIAN_POINT('',(0.0,0.0,-0.011734694));
#2286=DIRECTION('',(0.0562190212997036,-0.679555766574468,-0.731466596475527));
#2287=DIRECTION('',(-0.793743362073643,0.413996453254442,-0.445621377243924));
#2288=CARTESIAN_POINT('',(-1.73472347597681E-18,1.73472347597681E-18,-0.011734694));
#2289=DIRECTION('',(-1.0,0.0,0.0));
#2290=DIRECTION('',(0.0,-1.0,0.0));
#2291=DIRECTION('',(0.0,-0.648608489879153,-0.761122215453396));
#2292=DIRECTION('',(-0.0,-0.648608489879153,0.761122215453396));
#2293=CARTESIAN_POINT('',(0.01,0.01,-0.011734694));
#2294=DIRECTION('',(-1.0,0.0,0.0));
#2295=DIRECTION('',(0.0,1.0,0.0));
#2296=DIRECTION('',(0.0,-0.0,-1.0));
#2297=DIRECTION('',(0.0,0.648608489879153,-0.761122215453396));
#2298=CARTESIAN_POINT('',(0.01,-1.9166167708544E-20,0.0));
#2299=DIRECTION('',(-1.0,-0.0,0.0));
#2300=DIRECTION('',(0.0,-1.0,0.0));
#2301=DIRECTION('',(-0.0,-0.648608489879153,-0.761122215453396));
#2302=DIRECTION('',(0.0,-0.0,-1.0));
#2303=DIRECTION('',(0.0,-1.0,0.0));
#2304=CARTESIAN_POINT('',(0.01,0.01,0.011734694));
#2305=DIRECTION('',(-1.0,-0.0,0.0));
#2306=DIRECTION('',(0.0,-1.0,0.0));
#2307=DIRECTION('',(0.0,0.648608489879153,0.761122215453396));
#2308=DIRECTION('',(-0.0,0.648608489879153,-0.761122215453396));
#2309=CARTESIAN_POINT('',(0.01,-0.01,0.011734694));
#2310=DIRECTION('',(-1.0,-0.0,0.0));
#2311=DIRECTION('',(0.0,-1.0,0.0));
#2312=DIRECTION('',(0.0,-1.0,0.0));
#2313=DIRECTION('',(-0.0,0.0,1.0));
#2314=DIRECTION('',(0.0,-0.648608489879153,0.761122215453396));
#2315=CARTESIAN_POINT('',(0.01,-1.9166167708544E-20,0.0));
#2316=DIRECTION('',(-1.0,-0.0,0.0));
#2317=DIRECTION('',(0.0,-1.0,0.0));
#2318=DIRECTION('',(-0.0,0.648608489879153,0.761122215453396));
#2319=DIRECTION('',(-0.0,0.0,1.0));
#2320=CARTESIAN_POINT('',(0.01,0.01,-0.011734694));
#2321=DIRECTION('',(-0.679555766574467,-0.0562190212997017,-0.731466596475527));
#2322=DIRECTION('',(0.413996453254444,0.793743362073643,-0.445621377243923));
#2323=CARTESIAN_POINT('',(0.01,0.01,-0.011734694));
#2324=DIRECTION('',(-0.0562190212997017,-0.679555766574467,-0.731466596475527));
#2325=DIRECTION('',(-0.793743362073643,-0.413996453254444,0.445621377243923));
#2326=CARTESIAN_POINT('',(0.01,0.01,-0.011734694));
#2327=DIRECTION('',(-0.0,-1.0,0.0));
#2328=DIRECTION('',(-1.0,0.0,0.0));
#2329=CARTESIAN_POINT('',(0.0,0.0,-0.011734694));
#2330=DIRECTION('',(-1.0,0.0,0.0));
#2331=DIRECTION('',(0.0,1.0,0.0));
#2332=DIRECTION('',(0.707106781186548,-0.707106781186548,-0.0));
#2333=DIRECTION('',(-0.707106781186548,-0.707106781186548,0.0));
#2334=DIRECTION('',(1.0,-0.0,0.0));
#2335=DIRECTION('',(0.707106781186548,0.707106781186548,-0.0));
#2336=DIRECTION('',(0.707106781186548,-0.707106781186548,0.0));
#2337=DIRECTION('',(1.0,-0.0,0.0));
#2338=DIRECTION('',(0.0,1.0,0.0));
#2339=DIRECTION('',(-0.707106781186548,0.707106781186548,-0.0));
#2340=DIRECTION('',(0.707106781186548,0.707106781186548,0.0));
#2341=DIRECTION('',(0.0,1.0,0.0));
#2342=DIRECTION('',(-1.0,0.0,0.0));
#2343=DIRECTION('',(-0.707106781186548,-0.707106781186548,-0.0));
#2344=DIRECTION('',(-0.707106781186548,0.707106781186548,0.0));
#2345=DIRECTION('',(-1.0,0.0,0.0));
#2346=CARTESIAN_POINT('',(-1.73472347597681E-18,1.73472347597681E-18,0.011734694));
#2347=DIRECTION('',(-1.0,0.0,0.0));
#2348=DIRECTION('',(0.0,-1.0,0.0));
#2349=CARTESIAN_POINT('',(-3.46944695195361E-18,3.46944695195361E-18,0.011734694));
#2350=DIRECTION('',(-0.0562190212997081,0.679555766574471,-0.731466596475524));
#2351=DIRECTION('',(-0.793743362073644,0.413996453254437,0.445621377243927));
#2352=CARTESIAN_POINT('',(-1.73472347597681E-18,-1.73472347597681E-18,0.011734694));
#2353=DIRECTION('',(0.0,-1.0,0.0));
#2354=DIRECTION('',(1.0,0.0,0.0));
#2355=CARTESIAN_POINT('',(0.01,-0.01,0.011734694));
#2356=DIRECTION('',(0.67955576657447,-0.0562190212997068,-0.731466596475524));
#2357=DIRECTION('',(0.413996453254438,-0.793743362073644,0.445621377243926));
#2358=CARTESIAN_POINT('',(0.01,-0.01,0.011734694));
#2359=DIRECTION('',(0.0562190212997029,-0.679555766574468,-0.731466596475527));
#2360=DIRECTION('',(-0.793743362073645,0.413996453254441,-0.445621377243922));
#2361=CARTESIAN_POINT('',(0.01,-0.01,0.011734694));
#2362=DIRECTION('',(-0.0,-1.0,0.0));
#2363=DIRECTION('',(-1.0,0.0,0.0));
#2364=CARTESIAN_POINT('',(-0.01,-0.01,-0.011734694));
#2365=DIRECTION('',(-0.0,-1.0,0.0));
#2366=DIRECTION('',(-1.0,0.0,0.0));
#2367=DIRECTION('',(0.648608489879153,0.0,0.761122215453396));
#2368=DIRECTION('',(0.648608489879153,-0.0,-0.761122215453396));
#2369=DIRECTION('',(-0.648608489879153,0.0,0.761122215453396));
#2370=CARTESIAN_POINT('',(0.0,-0.01,0.0));
#2371=DIRECTION('',(0.0,-1.0,0.0));
#2372=DIRECTION('',(1.0,0.0,0.0));
#2373=DIRECTION('',(0.648608489879153,-0.0,0.761122215453396));
#2374=DIRECTION('',(-0.648608489879153,0.0,-0.761122215453396));
#2375=DIRECTION('',(-0.648608489879153,-0.0,0.761122215453396));
#2376=CARTESIAN_POINT('',(-0.01,-0.01,0.011734694));
#2377=DIRECTION('',(-0.0,-1.0,0.0));
#2378=DIRECTION('',(-1.0,0.0,0.0));
#2379=DIRECTION('',(-0.0,0.0,1.0));
#2380=DIRECTION('',(0.648608489879153,0.0,-0.761122215453396));
#2381=CARTESIAN_POINT('',(-1.9166167708544E-20,-0.01,0.0));
#2382=DIRECTION('',(-0.0,-1.0,0.0));
#2383=DIRECTION('',(-1.0,0.0,0.0));
#2384=DIRECTION('',(-0.648608489879153,-0.0,-0.761122215453396));
#2385=DIRECTION('',(-0.0,0.0,1.0));
#2386=CARTESIAN_POINT('',(0.01,0.01,0.011734694));
#2387=DIRECTION('',(0.679555766574469,0.056219021299705,-0.731466596475526));
#2388=DIRECTION('',(-0.41399645325444,-0.793743362073644,-0.445621377243925));
#2389=CARTESIAN_POINT('',(0.01,0.01,0.011734694));
#2390=DIRECTION('',(0.707106781186548,-0.707106781186547,1.644305562176E-15));
#2391=DIRECTION('',(-0.36495082297738,-0.364950822977383,-0.856517246537549));
#2392=CARTESIAN_POINT('',(-1.73472347597681E-18,0.01,0.0));
#2393=DIRECTION('',(-1.0,-5.32024086288471E-16,0.0));
#2394=DIRECTION('',(5.32024086288471E-16,-1.0,0.0));
#2395=CARTESIAN_POINT('',(0.0,0.01,0.0));
#2396=DIRECTION('',(-0.0562190212997031,0.679555766574467,-0.731466596475528));
#2397=DIRECTION('',(-0.793743362073644,0.413996453254442,0.445621377243922));
#2398=CARTESIAN_POINT('',(0.0,0.01,0.0));
#2399=DIRECTION('',(-0.0,-1.0,0.0));
#2400=DIRECTION('',(-1.0,0.0,0.0));
#2401=CARTESIAN_POINT('',(0.01,-1.87372411090062E-20,0.0));
#2402=DIRECTION('',(0.679555766574468,-0.0562190212997049,-0.731466596475526));
#2403=DIRECTION('',(0.41399645325444,-0.793743362073644,0.445621377243924));
#2404=CARTESIAN_POINT('',(0.01,-1.9166167708544E-20,0.0));
#2405=DIRECTION('',(-1.04456989168704E-15,-1.0,-0.0));
#2406=DIRECTION('',(-1.0,1.04456989168704E-15,0.0));
#2407=CARTESIAN_POINT('',(-0.01,0.0,0.0));
#2408=DIRECTION('',(-1.0,-0.0,0.0));
#2409=DIRECTION('',(0.0,-1.0,0.0));
#2410=CARTESIAN_POINT('',(-0.01,3.46944695195361E-18,0.0));
#2411=DIRECTION('',(-0.679555766574468,0.0562190212997058,-0.731466596475526));
#2412=DIRECTION('',(0.41399645325444,-0.793743362073644,-0.445621377243925));
#2413=CARTESIAN_POINT('',(-0.01,3.46944695195361E-18,0.0));
#2414=DIRECTION('',(-0.0562190212997094,0.679555766574468,-0.731466596475526));
#2415=DIRECTION('',(-0.793743362073643,0.413996453254439,0.445621377243928));
#2416=CARTESIAN_POINT('',(-0.01,-1.73472347597681E-18,0.0));
#2417=DIRECTION('',(0.0,-1.0,0.0));
#2418=DIRECTION('',(1.0,0.0,0.0));
#2419=CARTESIAN_POINT('',(-3.46944695195361E-18,-0.01,0.0));
#2420=DIRECTION('',(-1.0,3.99018064716353E-16,0.0));
#2421=DIRECTION('',(-3.99018064716353E-16,-1.0,0.0));
#2422=CARTESIAN_POINT('',(1.18251073230649E-18,-0.01,0.0));
#2423=DIRECTION('',(0.679555766574469,-0.0562190212997069,-0.731466596475526));
#2424=DIRECTION('',(0.413996453254439,-0.793743362073644,0.445621377243926));
#2425=CARTESIAN_POINT('',(1.70045342865981E-18,-0.01,0.0));
#2426=DIRECTION('',(0.0562190212997057,-0.679555766574468,-0.731466596475526));
#2427=DIRECTION('',(-0.793743362073644,0.41399645325444,-0.445621377243925));
#2428=CARTESIAN_POINT('',(0.0,-0.01,3.46944695195361E-18));
#2429=DIRECTION('',(-0.707106781186547,-0.707106781186548,1.53468519136426E-15));
#2430=DIRECTION('',(-0.364950822977383,0.36495082297738,-0.856517246537549));
#2431=CARTESIAN_POINT('',(-0.01,-0.01,-0.011734694));
#2432=DIRECTION('',(0.0562190212997033,0.679555766574468,-0.731466596475526));
#2433=DIRECTION('',(0.793743362073643,0.413996453254443,0.445621377243924));
#2434=CARTESIAN_POINT('',(-0.01,-0.01,-0.011734694));
#2435=DIRECTION('',(0.707106781186547,-0.707106781186547,0.0));
#2436=DIRECTION('',(0.364950822977382,0.364950822977382,0.856517246537548));
#2437=CARTESIAN_POINT('',(-0.01,-0.01,0.011734694));
#2438=DIRECTION('',(0.707106781186547,-0.707106781186547,0.0));
#2439=DIRECTION('',(-0.364950822977382,-0.364950822977382,0.856517246537548));
#2440=CARTESIAN_POINT('',(-0.01,-0.01,0.011734694));
#2441=DIRECTION('',(-0.0562190212997031,-0.679555766574468,-0.731466596475526));
#2442=DIRECTION('',(-0.793743362073645,-0.413996453254441,0.445621377243923));
#2443=CARTESIAN_POINT('',(0.0,-0.01,1.44411812916273E-19));
#2444=DIRECTION('',(-0.707106781186547,-0.707106781186548,4.38481483246934E-16));
#2445=DIRECTION('',(-0.364950822977381,0.364950822977381,0.856517246537549));
#2446=CARTESIAN_POINT('',(0.01,-0.01,0.011734694));
#2447=DIRECTION('',(-0.707106781186548,-0.707106781186548,0.0));
#2448=DIRECTION('',(-0.364950822977382,0.364950822977382,-0.856517246537548));
#2449=CARTESIAN_POINT('',(0.01,0.0,1.44411812916273E-19));
#2450=DIRECTION('',(0.707106781186548,-0.707106781186547,8.40422842889956E-16));
#2451=DIRECTION('',(-0.364950822977382,-0.364950822977381,0.856517246537549));
#2452=CARTESIAN_POINT('',(0.0,2.65490539697515E-19,-0.011734694));
#2453=DIRECTION('',(-0.679555766574467,-0.0562190212997016,-0.731466596475527));
#2454=DIRECTION('',(-0.413996453254444,-0.793743362073643,0.445621377243923));
#2455=CARTESIAN_POINT('',(-3.90871104792606E-19,0.0,-0.011734694));
#2456=DIRECTION('',(-0.0562190212997015,-0.679555766574467,-0.731466596475527));
#2457=DIRECTION('',(0.793743362073643,0.413996453254444,-0.445621377243923));
#2458=CARTESIAN_POINT('',(0.0,0.0,-0.011734694));
#2459=DIRECTION('',(-0.0,-1.0,-0.0));
#2460=DIRECTION('',(-1.0,0.0,0.0));
#2461=CARTESIAN_POINT('',(-0.01,-0.01,-0.011734694));
#2462=DIRECTION('',(-1.0,0.0,0.0));
#2463=DIRECTION('',(0.0,1.0,0.0));
#2464=CARTESIAN_POINT('',(-0.01,-0.01,-0.011734694));
#2465=DIRECTION('',(0.679555766574468,0.0562190212997033,-0.731466596475526));
#2466=DIRECTION('',(-0.413996453254443,-0.793743362073643,-0.445621377243924));
#2467=CARTESIAN_POINT('',(-2.43945488809238E-19,0.0,-0.011734694));
#2468=DIRECTION('',(0.707106781186547,-0.707106781186547,-1.09620370811733E-16));
#2469=DIRECTION('',(-0.364950822977382,-0.364950822977382,0.856517246537549));
#2470=CARTESIAN_POINT('',(0.01,0.0,1.44411812916273E-19));
#2471=DIRECTION('',(0.707106781186548,-0.707106781186547,-9.50043213701689E-16));
#2472=DIRECTION('',(0.364950822977382,0.364950822977381,0.856517246537549));
#2473=CARTESIAN_POINT('',(0.01,-5.1532473982214E-20,0.0));
#2474=DIRECTION('',(0.0562190212997059,0.679555766574467,-0.731466596475527));
#2475=DIRECTION('',(0.793743362073644,0.413996453254441,0.445621377243925));
#2476=CARTESIAN_POINT('',(-3.46944695195361E-18,-0.01,0.0));
#2477=DIRECTION('',(-0.0562190212997058,-0.679555766574468,-0.731466596475526));
#2478=DIRECTION('',(0.793743362073644,0.41399645325444,-0.445621377243925));
#2479=CARTESIAN_POINT('',(0.01,-0.01,-0.011734694));
#2480=DIRECTION('',(-0.707106781186548,-0.707106781186548,0.0));
#2481=DIRECTION('',(0.364950822977382,-0.364950822977382,-0.856517246537548));
#2482=CARTESIAN_POINT('',(-0.01,0.0,1.73472347597681E-18));
#2483=DIRECTION('',(-0.707106781186548,-0.707106781186546,1.46160494415644E-15));
#2484=DIRECTION('',(-0.36495082297738,0.364950822977383,0.856517246537549));
#2485=DIRECTION('',(-0.0,-0.648608489879153,-0.761122215453396));
#2486=DIRECTION('',(0.0,0.648608489879153,0.761122215453396));
#2487=CARTESIAN_POINT('',(0.0,0.0,-0.011734694));
#2488=DIRECTION('',(-0.67955576657447,0.0562190212997076,-0.731466596475524));
#2489=DIRECTION('',(-0.413996453254439,0.793743362073643,0.445621377243928));
#2490=CARTESIAN_POINT('',(5.1532473982214E-20,0.01,0.0));
#2491=DIRECTION('',(0.679555766574467,0.0562190212997059,-0.731466596475527));
#2492=DIRECTION('',(-0.413996453254441,-0.793743362073644,-0.445621377243925));
#2493=CARTESIAN_POINT('',(-4.06575814682064E-20,0.01,-4.77104277309473E-20));
#2494=DIRECTION('',(0.707106781186547,-0.707106781186548,1.09620370811733E-15));
#2495=DIRECTION('',(0.364950822977382,0.364950822977382,0.856517246537548));
#2496=DIRECTION('',(-0.648608489879153,-0.0,0.761122215453396));
#2497=DIRECTION('',(0.648608489879153,0.0,-0.761122215453396));
#2498=CARTESIAN_POINT('',(0.01,0.01,-0.011734694));
#2499=DIRECTION('',(0.707106781186548,-0.707106781186547,-1.68084568577991E-15));
#2500=DIRECTION('',(0.36495082297738,0.364950822977383,-0.856517246537549));
#2501=CARTESIAN_POINT('',(0.01,-1.87372411090062E-20,0.0));
#2502=DIRECTION('',(0.679555766574468,0.056219021299705,-0.731466596475526));
#2503=DIRECTION('',(-0.41399645325444,-0.793743362073644,-0.445621377243924));
#2504=CARTESIAN_POINT('',(3.46944695195361E-18,-3.46944695195361E-18,0.011734694));
#2505=DIRECTION('',(0.679555766574471,-0.0562190212997083,-0.731466596475524));
#2506=DIRECTION('',(-0.413996453254437,0.793743362073644,-0.445621377243927));
#2507=CARTESIAN_POINT('',(0.0,0.01,-1.44411812916273E-19));
#2508=DIRECTION('',(-0.707106781186547,0.707106781186548,9.50043213701689E-16));
#2509=DIRECTION('',(0.364950822977381,0.364950822977382,-0.856517246537549));
#2510=CARTESIAN_POINT('',(-0.01,0.0,-3.46944695195361E-18));
#2511=DIRECTION('',(-0.707106781186548,-0.707106781186547,-1.53468519136426E-15));
#2512=DIRECTION('',(0.36495082297738,-0.364950822977383,0.856517246537549));
#2513=CARTESIAN_POINT('',(7.58941520739852E-19,0.0,0.011734694));
#2514=DIRECTION('',(0.707106781186548,-0.707106781186547,1.49814506776035E-15));
#2515=DIRECTION('',(0.36495082297738,0.364950822977383,0.856517246537548));
#2516=CARTESIAN_POINT('',(1.73472347597681E-18,1.73472347597681E-18,0.011734694));
#2517=DIRECTION('',(0.0562190212997026,0.679555766574468,-0.731466596475527));
#2518=DIRECTION('',(-0.793743362073645,-0.413996453254441,-0.445621377243922));
#2519=CARTESIAN_POINT('',(3.46944695195361E-18,3.46944695195361E-18,0.011734694));
#2520=DIRECTION('',(0.679555766574471,0.0562190212997081,-0.731466596475524));
#2521=DIRECTION('',(0.413996453254437,0.793743362073644,0.445621377243927));
#2522=DIRECTION('',(-0.648608489879153,0.0,-0.761122215453396));
#2523=CARTESIAN_POINT('',(-0.01,0.01,-0.011734694));
#2524=DIRECTION('',(-0.707106781186548,-0.707106781186548,0.0));
#2525=DIRECTION('',(0.364950822977382,-0.364950822977382,0.856517246537548));
#2526=CARTESIAN_POINT('',(-0.01,0.01,-0.011734694));
#2527=DIRECTION('',(0.0562190212997017,-0.679555766574467,-0.731466596475527));
#2528=DIRECTION('',(-0.793743362073643,0.413996453254444,-0.445621377243923));
#2529=DIRECTION('',(0.648608489879153,-0.0,0.761122215453396));
#2530=CARTESIAN_POINT('',(1.87372411090062E-20,0.01,0.0));
#2531=DIRECTION('',(0.0562190212997049,0.679555766574468,-0.731466596475526));
#2532=DIRECTION('',(0.793743362073644,0.41399645325444,0.445621377243924));
#2533=CARTESIAN_POINT('',(-0.01,0.01,-0.011734694));
#2534=DIRECTION('',(-0.0,-1.0,0.0));
#2535=DIRECTION('',(-1.0,0.0,0.0));
#2536=CARTESIAN_POINT('',(-0.01,0.01,-0.011734694));
#2537=DIRECTION('',(0.679555766574467,-0.0562190212997015,-0.731466596475528));
#2538=DIRECTION('',(0.413996453254444,-0.793743362073643,0.445621377243923));
#2539=CARTESIAN_POINT('',(-0.01,0.01,-0.011734694));
#2540=DIRECTION('',(-1.0,-0.0,0.0));
#2541=DIRECTION('',(0.0,-1.0,0.0));
#2542=DIRECTION('',(-0.0,0.648608489879153,-0.761122215453396));
#2543=CARTESIAN_POINT('',(-0.01,-1.73472347597681E-18,0.0));
#2544=DIRECTION('',(-0.679555766574468,-0.0562190212997059,-0.731466596475526));
#2545=DIRECTION('',(-0.41399645325444,-0.793743362073644,0.445621377243925));
#2546=DIRECTION('',(0.0,-0.648608489879153,0.761122215453396));
#2547=DIRECTION('',(-0.648608489879153,0.0,0.761122215453396));
#2548=CARTESIAN_POINT('',(-0.01,0.01,0.011734694));
#2549=DIRECTION('',(-0.056219021299705,0.679555766574469,-0.731466596475526));
#2550=DIRECTION('',(0.793743362073644,-0.41399645325444,-0.445621377243925));
#2551=CARTESIAN_POINT('',(-0.01,0.01,0.011734694));
#2552=DIRECTION('',(-0.707106781186548,-0.707106781186548,0.0));
#2553=DIRECTION('',(-0.364950822977382,0.364950822977382,0.856517246537548));
#2554=DIRECTION('',(0.648608489879153,-0.0,-0.761122215453396));
#2555=DIRECTION('',(-0.648608489879153,-0.0,-0.761122215453396));
#2556=DIRECTION('',(0.648608489879153,0.0,0.761122215453396));
#2557=CARTESIAN_POINT('',(0.01,0.01,0.011734694));
#2558=DIRECTION('',(0.0562190212997068,0.67955576657447,-0.731466596475524));
#2559=DIRECTION('',(0.793743362073644,0.413996453254438,0.445621377243926));
#2560=DIRECTION('',(0.0,0.648608489879153,-0.761122215453396));
#2561=CARTESIAN_POINT('',(-0.01,-0.01,0.011734694));
#2562=DIRECTION('',(-0.679555766574468,-0.0562190212997029,-0.731466596475527));
#2563=DIRECTION('',(0.413996453254441,0.793743362073645,-0.445621377243922));
#2564=DIRECTION('',(-0.0,-0.648608489879153,0.761122215453396));
#2565=CARTESIAN_POINT('',(1.73472347597681E-18,-1.73472347597681E-18,0.011734694));
#2566=DIRECTION('',(0.0,-1.0,0.0));
#2567=DIRECTION('',(1.0,0.0,0.0));
#2568=CARTESIAN_POINT('',(-0.01,-0.01,0.011734694));
#2569=DIRECTION('',(-1.0,0.0,0.0));
#2570=DIRECTION('',(0.0,1.0,0.0));
#2571=DIRECTION('',(0.0,-0.648608489879153,-0.761122215453396));
#2572=CARTESIAN_POINT('',(-0.01,0.01,0.011734694));
#2573=DIRECTION('',(-0.679555766574468,0.0562190212997031,-0.731466596475526));
#2574=DIRECTION('',(-0.413996453254441,0.793743362073645,0.445621377243923));
#2575=DIRECTION('',(-0.0,0.648608489879153,0.761122215453396));
#2576=CARTESIAN_POINT('',(-0.01,0.01,0.011734694));
#2577=DIRECTION('',(-1.0,0.0,0.0));
#2578=DIRECTION('',(0.0,1.0,0.0));
#2579=CARTESIAN_POINT('',(-0.01,0.01,0.011734694));
#2580=DIRECTION('',(0.0,-1.0,0.0));
#2581=DIRECTION('',(1.0,0.0,0.0));
#2582=CARTESIAN_POINT('',(-1.73472347597681E-18,-1.73472347597681E-18,0.011734694));
#2583=DIRECTION('',(-1.0,-0.0,0.0));
#2584=DIRECTION('',(0.0,-1.0,0.0));
#2585=CARTESIAN_POINT('',(-0.01,0.0,0.0));
#2586=DIRECTION('',(-1.0,-0.0,0.0));
#2587=DIRECTION('',(0.0,-1.0,0.0));
#2588=CARTESIAN_POINT('',(1.9166167708544E-20,0.01,0.0));
#2589=DIRECTION('',(0.0,-1.0,0.0));
#2590=DIRECTION('',(1.0,0.0,0.0));
#2591=CARTESIAN_POINT('',(0.01,0.01,0.011734694));
#2592=DIRECTION('',(0.0,-1.0,0.0));
#2593=DIRECTION('',(1.0,0.0,0.0));
#2594=DIRECTION('',(0.0,-0.0,-1.0));
#2595=DIRECTION('',(0.0,-0.0,-1.0));
#2596=PRESENTATION_LAYER_ASSIGNMENT('9','\X2\56FE5C42\X0\0',(#25));
ENDSEC;
END-ISO-10303-21;
