ISO-10303-21;
HEADER;
FILE_DESCRIPTION(('STEP AP214'),'1');
FILE_NAME('UC50.stp','2026-06-17T13:40:02',(' '),(' '),'Spatial InterOp 3D',' ',' ');
FILE_SCHEMA(('AUTOMOTIVE_DESIGN { 1 0 10303 214 1 1 1 1 }'));
ENDSEC;
DATA;
#1=MECHANICAL_DESIGN_GEOMETRIC_PRESENTATION_REPRESENTATION(' ',(#10),#6);
#2=PRODUCT_DEFINITION_CONTEXT('',#11,'design');
#3=APPLICATION_PROTOCOL_DEFINITION('INTERNATIONAL STANDARD','automotive_design',1994,#11);
#4=PRODUCT_CATEGORY_RELATIONSHIP('NONE','NONE',#12,#13);
#5=SHAPE_DEFINITION_REPRESENTATION(#14,#15);
#6= (GEOMETRIC_REPRESENTATION_CONTEXT(3)GLOBAL_UNCERTAINTY_ASSIGNED_CONTEXT((#18))GLOBAL_UNIT_ASSIGNED_CONTEXT((#20,#21,#22))REPRESENTATION_CONTEXT('NONE','WORKSPACE'));
#10=STYLED_ITEM('',(#24),#25);
#11=APPLICATION_CONTEXT(' ');
#12=PRODUCT_CATEGORY('part','NONE');
#13=PRODUCT_RELATED_PRODUCT_CATEGORY('detail',' ',(#26));
#14=PRODUCT_DEFINITION_SHAPE('NONE','NONE',#27);
#15=ADVANCED_BREP_SHAPE_REPRESENTATION('\X2\5B9E4F53\X0\111',(#25,#28),#6);
#18=UNCERTAINTY_MEASURE_WITH_UNIT(LENGTH_MEASURE(1.0E-08),#20,'','');
#20= (CONVERSION_BASED_UNIT('METRE',#31)LENGTH_UNIT()NAMED_UNIT(#34));
#21= (NAMED_UNIT(#36)PLANE_ANGLE_UNIT()SI_UNIT($,.RADIAN.));
#22= (NAMED_UNIT(#36)SOLID_ANGLE_UNIT()SI_UNIT($,.STERADIAN.));
#24=PRESENTATION_STYLE_ASSIGNMENT((#42));
#25=MANIFOLD_SOLID_BREP('\X2\5B9E4F53\X0\111',#43);
#26=PRODUCT('\X2\5B9E4F53\X0\111','','PART--DESC',(#44));
#27=PRODUCT_DEFINITION('','NONE',#45,#2);
#28=AXIS2_PLACEMENT_3D('',#46,#47,#48);
#31=LENGTH_MEASURE_WITH_UNIT(LENGTH_MEASURE(1.0),#49);
#34=DIMENSIONAL_EXPONENTS(1.0,0.0,0.0,0.0,0.0,0.0,0.0);
#36=DIMENSIONAL_EXPONENTS(0.0,0.0,0.0,0.0,0.0,0.0,0.0);
#42=SURFACE_STYLE_USAGE(.BOTH.,#50);
#43=CLOSED_SHELL('',(#51,#52,#53,#54,#55,#56,#57,#58,#59,#60,#61,#62,#63,#64,#65,#66,#67,#68,#69,#70,#71,#72,#73,#74,#75,#76,#77,#78,#79,#80,#81,#82,#83,#84,#85,#86,#87,#88,#89,#90,#91,#92,#93,#94,#95,#96,#97,#98,#99,#100,#101,#102,#103,#104,#105,#106,#107,#108,#109,#110,#111,#112));
#44=PRODUCT_CONTEXT('',#11,'mechanical');
#45=PRODUCT_DEFINITION_FORMATION_WITH_SPECIFIED_SOURCE(' ','NONE',#26,.NOT_KNOWN.);
#46=CARTESIAN_POINT('',(0.0,0.0,0.0));
#47=DIRECTION('',(0.0,0.0,1.0));
#48=DIRECTION('',(1.0,0.0,0.0));
#49= (NAMED_UNIT(#34)LENGTH_UNIT()SI_UNIT($,.METRE.));
#50=SURFACE_SIDE_STYLE('',(#114));
#51=ADVANCED_FACE('5:148657',(#115),#116,.T.);
#52=ADVANCED_FACE('5:148604',(#117),#118,.T.);
#53=ADVANCED_FACE('5:148541',(#119),#120,.T.);
#54=ADVANCED_FACE('5:148621',(#121),#122,.T.);
#55=ADVANCED_FACE('5:137685',(#123),#124,.T.);
#56=ADVANCED_FACE('5:137325',(#125),#126,.T.);
#57=ADVANCED_FACE('5:137505',(#127),#128,.T.);
#58=ADVANCED_FACE('5:137820',(#129),#130,.T.);
#59=ADVANCED_FACE('5:147889',(#131),#132,.T.);
#60=ADVANCED_FACE('5:147929',(#133),#134,.T.);
#61=ADVANCED_FACE('5:147982',(#135),#136,.T.);
#62=ADVANCED_FACE('5:136920',(#137),#138,.T.);
#63=ADVANCED_FACE('5:148571',(#139),#140,.T.);
#64=ADVANCED_FACE('5:136830',(#141),#142,.T.);
#65=ADVANCED_FACE('5:136875',(#143),#144,.T.);
#66=ADVANCED_FACE('5:136785',(#145),#146,.T.);
#67=ADVANCED_FACE('5:147972',(#147),#148,.T.);
#68=ADVANCED_FACE('5:148548',(#149),#150,.T.);
#69=ADVANCED_FACE('5:147912',(#151),#152,.T.);
#70=ADVANCED_FACE('5:147922',(#153),#154,.T.);
#71=ADVANCED_FACE('5:150402',(#155),#156,.F.);
#72=ADVANCED_FACE('5:150471',(#157),#158,.T.);
#73=ADVANCED_FACE('5:150445',(#159),#160,.T.);
#74=ADVANCED_FACE('5:150412',(#161),#162,.T.);
#75=ADVANCED_FACE('5:149785',(#163),#164,.T.);
#76=ADVANCED_FACE('5:149802',(#165),#166,.T.);
#77=ADVANCED_FACE('5:150488',(#167),#168,.F.);
#78=ADVANCED_FACE('5:147922',(#169),#170,.T.);
#79=ADVANCED_FACE('5:147912',(#171),#172,.T.);
#80=ADVANCED_FACE('5:148548',(#173),#174,.T.);
#81=ADVANCED_FACE('5:146501',(#175),#176,.T.);
#82=ADVANCED_FACE('5:146441',(#177),#178,.T.);
#83=ADVANCED_FACE('5:146381',(#179),#180,.T.);
#84=ADVANCED_FACE('5:147972',(#181),#182,.T.);
#85=ADVANCED_FACE('5:150478',(#183),#184,.T.);
#86=ADVANCED_FACE('5:136785',(#185),#186,.T.);
#87=ADVANCED_FACE('5:136875',(#187),#188,.T.);
#88=ADVANCED_FACE('5:146418',(#189),#190,.T.);
#89=ADVANCED_FACE('5:136830',(#191),#192,.T.);
#90=ADVANCED_FACE('5:148571',(#193),#194,.T.);
#91=ADVANCED_FACE('5:136920',(#195),#196,.T.);
#92=ADVANCED_FACE('5:145492',(#197),#198,.T.);
#93=ADVANCED_FACE('5:147982',(#199),#200,.T.);
#94=ADVANCED_FACE('5:147929',(#201),#202,.T.);
#95=ADVANCED_FACE('5:147889',(#203),#204,.T.);
#96=ADVANCED_FACE('5:137820',(#205),#206,.T.);
#97=ADVANCED_FACE('5:137505',(#207),#208,.T.);
#98=ADVANCED_FACE('5:137325',(#209),#210,.T.);
#99=ADVANCED_FACE('5:137685',(#211),#212,.T.);
#100=ADVANCED_FACE('5:145475',(#213),#214,.T.);
#101=ADVANCED_FACE('5:150419',(#215),#216,.T.);
#102=ADVANCED_FACE('5:148621',(#217),#218,.T.);
#103=ADVANCED_FACE('5:145565',(#219),#220,.T.);
#104=ADVANCED_FACE('5:145595',(#221),#222,.T.);
#105=ADVANCED_FACE('5:148541',(#223),#224,.T.);
#106=ADVANCED_FACE('5:149835',(#225),#226,.T.);
#107=ADVANCED_FACE('5:148604',(#227),#228,.T.);
#108=ADVANCED_FACE('5:149871',(#229),#230,.T.);
#109=ADVANCED_FACE('5:148657',(#231),#232,.T.);
#110=ADVANCED_FACE('5:149828',(#233),#234,.T.);
#111=ADVANCED_FACE('5:150429',(#235),#236,.T.);
#112=ADVANCED_FACE('5:150455',(#237),#238,.F.);
#114=SURFACE_STYLE_FILL_AREA(#239);
#115=FACE_OUTER_BOUND('',#240,.T.);
#116=CYLINDRICAL_SURFACE('',#241,0.0003084);
#117=FACE_OUTER_BOUND('',#242,.T.);
#118=CYLINDRICAL_SURFACE('',#243,0.0003084);
#119=FACE_OUTER_BOUND('',#244,.T.);
#120=CYLINDRICAL_SURFACE('',#245,0.0003084);
#121=FACE_OUTER_BOUND('',#246,.T.);
#122=CYLINDRICAL_SURFACE('',#247,0.0003084);
#123=FACE_OUTER_BOUND('',#248,.T.);
#124=CYLINDRICAL_SURFACE('',#249,0.0003084);
#125=FACE_OUTER_BOUND('',#250,.T.);
#126=CYLINDRICAL_SURFACE('',#251,0.0003084);
#127=FACE_OUTER_BOUND('',#252,.T.);
#128=CYLINDRICAL_SURFACE('',#253,0.0003084);
#129=FACE_OUTER_BOUND('',#254,.T.);
#130=CYLINDRICAL_SURFACE('',#255,0.0003084);
#131=FACE_OUTER_BOUND('',#256,.T.);
#132=CYLINDRICAL_SURFACE('',#257,0.0003084);
#133=FACE_OUTER_BOUND('',#258,.T.);
#134=CYLINDRICAL_SURFACE('',#259,0.0003084);
#135=FACE_OUTER_BOUND('',#260,.T.);
#136=CYLINDRICAL_SURFACE('',#261,0.0003084);
#137=FACE_OUTER_BOUND('',#262,.T.);
#138=CYLINDRICAL_SURFACE('',#263,0.0003084);
#139=FACE_OUTER_BOUND('',#264,.T.);
#140=CYLINDRICAL_SURFACE('',#265,0.0003084);
#141=FACE_OUTER_BOUND('',#266,.T.);
#142=CYLINDRICAL_SURFACE('',#267,0.0003084);
#143=FACE_OUTER_BOUND('',#268,.T.);
#144=CYLINDRICAL_SURFACE('',#269,0.0003084);
#145=FACE_OUTER_BOUND('',#270,.T.);
#146=CYLINDRICAL_SURFACE('',#271,0.0003084);
#147=FACE_OUTER_BOUND('',#272,.T.);
#148=CYLINDRICAL_SURFACE('',#273,0.0003084);
#149=FACE_OUTER_BOUND('',#274,.T.);
#150=CYLINDRICAL_SURFACE('',#275,0.0003084);
#151=FACE_OUTER_BOUND('',#276,.T.);
#152=CYLINDRICAL_SURFACE('',#277,0.0003084);
#153=FACE_OUTER_BOUND('',#278,.T.);
#154=CYLINDRICAL_SURFACE('',#279,0.0003084);
#155=FACE_OUTER_BOUND('',#280,.T.);
#156=PLANE('',#281);
#157=FACE_OUTER_BOUND('',#282,.T.);
#158=CYLINDRICAL_SURFACE('',#283,0.000308400000000001);
#159=FACE_OUTER_BOUND('',#284,.T.);
#160=PLANE('',#285);
#161=FACE_OUTER_BOUND('',#286,.T.);
#162=CYLINDRICAL_SURFACE('',#287,0.0003084);
#163=FACE_OUTER_BOUND('',#288,.T.);
#164=PLANE('',#289);
#165=FACE_OUTER_BOUND('',#290,.T.);
#166=CYLINDRICAL_SURFACE('',#291,0.000308400000000001);
#167=FACE_OUTER_BOUND('',#292,.T.);
#168=PLANE('',#293);
#169=FACE_OUTER_BOUND('',#294,.T.);
#170=CYLINDRICAL_SURFACE('',#295,0.0003084);
#171=FACE_OUTER_BOUND('',#296,.T.);
#172=CYLINDRICAL_SURFACE('',#297,0.0003084);
#173=FACE_OUTER_BOUND('',#298,.T.);
#174=CYLINDRICAL_SURFACE('',#299,0.0003084);
#175=FACE_OUTER_BOUND('',#300,.T.);
#176=CYLINDRICAL_SURFACE('',#301,0.0003084);
#177=FACE_OUTER_BOUND('',#302,.T.);
#178=CYLINDRICAL_SURFACE('',#303,0.0003084);
#179=FACE_OUTER_BOUND('',#304,.T.);
#180=CYLINDRICAL_SURFACE('',#305,0.0003084);
#181=FACE_OUTER_BOUND('',#306,.T.);
#182=CYLINDRICAL_SURFACE('',#307,0.0003084);
#183=FACE_OUTER_BOUND('',#308,.T.);
#184=CYLINDRICAL_SURFACE('',#309,0.000308400000000001);
#185=FACE_OUTER_BOUND('',#310,.T.);
#186=CYLINDRICAL_SURFACE('',#311,0.0003084);
#187=FACE_OUTER_BOUND('',#312,.T.);
#188=CYLINDRICAL_SURFACE('',#313,0.0003084);
#189=FACE_OUTER_BOUND('',#314,.T.);
#190=CYLINDRICAL_SURFACE('',#315,0.0003084);
#191=FACE_OUTER_BOUND('',#316,.T.);
#192=CYLINDRICAL_SURFACE('',#317,0.0003084);
#193=FACE_OUTER_BOUND('',#318,.T.);
#194=CYLINDRICAL_SURFACE('',#319,0.0003084);
#195=FACE_OUTER_BOUND('',#320,.T.);
#196=CYLINDRICAL_SURFACE('',#321,0.0003084);
#197=FACE_OUTER_BOUND('',#322,.T.);
#198=CYLINDRICAL_SURFACE('',#323,0.0003084);
#199=FACE_OUTER_BOUND('',#324,.T.);
#200=CYLINDRICAL_SURFACE('',#325,0.0003084);
#201=FACE_OUTER_BOUND('',#326,.T.);
#202=CYLINDRICAL_SURFACE('',#327,0.0003084);
#203=FACE_OUTER_BOUND('',#328,.T.);
#204=CYLINDRICAL_SURFACE('',#329,0.0003084);
#205=FACE_OUTER_BOUND('',#330,.T.);
#206=CYLINDRICAL_SURFACE('',#331,0.0003084);
#207=FACE_OUTER_BOUND('',#332,.T.);
#208=CYLINDRICAL_SURFACE('',#333,0.0003084);
#209=FACE_OUTER_BOUND('',#334,.T.);
#210=CYLINDRICAL_SURFACE('',#335,0.0003084);
#211=FACE_OUTER_BOUND('',#336,.T.);
#212=CYLINDRICAL_SURFACE('',#337,0.0003084);
#213=FACE_OUTER_BOUND('',#338,.T.);
#214=CYLINDRICAL_SURFACE('',#339,0.0003084);
#215=FACE_OUTER_BOUND('',#340,.T.);
#216=CYLINDRICAL_SURFACE('',#341,0.0003084);
#217=FACE_OUTER_BOUND('',#342,.T.);
#218=CYLINDRICAL_SURFACE('',#343,0.0003084);
#219=FACE_OUTER_BOUND('',#344,.T.);
#220=CYLINDRICAL_SURFACE('',#345,0.0003084);
#221=FACE_OUTER_BOUND('',#346,.T.);
#222=CYLINDRICAL_SURFACE('',#347,0.0003084);
#223=FACE_OUTER_BOUND('',#348,.T.);
#224=CYLINDRICAL_SURFACE('',#349,0.0003084);
#225=FACE_OUTER_BOUND('',#350,.T.);
#226=CYLINDRICAL_SURFACE('',#351,0.000308400000000001);
#227=FACE_OUTER_BOUND('',#352,.T.);
#228=CYLINDRICAL_SURFACE('',#353,0.0003084);
#229=FACE_OUTER_BOUND('',#354,.T.);
#230=CYLINDRICAL_SURFACE('',#355,0.000308400000000001);
#231=FACE_OUTER_BOUND('',#356,.T.);
#232=CYLINDRICAL_SURFACE('',#357,0.0003084);
#233=FACE_OUTER_BOUND('',#358,.T.);
#234=CYLINDRICAL_SURFACE('',#359,0.000308400000000001);
#235=FACE_OUTER_BOUND('',#360,.T.);
#236=PLANE('',#361);
#237=FACE_OUTER_BOUND('',#362,.T.);
#238=PLANE('',#363);
#239=FILL_AREA_STYLE('',(#364));
#240=EDGE_LOOP('',(#365,#366,#367,#368,#369,#370,#371,#372,#373,#374));
#241=AXIS2_PLACEMENT_3D('',#375,#376,#377);
#242=EDGE_LOOP('',(#378,#379,#380,#381,#382));
#243=AXIS2_PLACEMENT_3D('',#383,#384,#385);
#244=EDGE_LOOP('',(#386,#387,#388,#389,#390));
#245=AXIS2_PLACEMENT_3D('',#391,#392,#393);
#246=EDGE_LOOP('',(#394,#395,#396,#397,#398));
#247=AXIS2_PLACEMENT_3D('',#399,#400,#401);
#248=EDGE_LOOP('',(#402,#403,#404,#405,#406,#407,#408,#409));
#249=AXIS2_PLACEMENT_3D('',#410,#411,#412);
#250=EDGE_LOOP('',(#413,#414,#415,#416,#417,#418,#419,#420));
#251=AXIS2_PLACEMENT_3D('',#421,#422,#423);
#252=EDGE_LOOP('',(#424,#425,#426,#427,#428,#429,#430,#431));
#253=AXIS2_PLACEMENT_3D('',#432,#433,#434);
#254=EDGE_LOOP('',(#435,#436,#437,#438,#439,#440,#441,#442));
#255=AXIS2_PLACEMENT_3D('',#443,#444,#445);
#256=EDGE_LOOP('',(#446,#447,#448,#449,#450));
#257=AXIS2_PLACEMENT_3D('',#451,#452,#453);
#258=EDGE_LOOP('',(#454,#455,#456,#457,#458));
#259=AXIS2_PLACEMENT_3D('',#459,#460,#461);
#260=EDGE_LOOP('',(#462,#463,#464,#465,#466,#467,#468,#469,#470,#471));
#261=AXIS2_PLACEMENT_3D('',#472,#473,#474);
#262=EDGE_LOOP('',(#475,#476,#477,#478,#479,#480,#481,#482));
#263=AXIS2_PLACEMENT_3D('',#483,#484,#485);
#264=EDGE_LOOP('',(#486,#487,#488,#489,#490));
#265=AXIS2_PLACEMENT_3D('',#491,#492,#493);
#266=EDGE_LOOP('',(#494,#495,#496,#497,#498,#499,#500,#501));
#267=AXIS2_PLACEMENT_3D('',#502,#503,#504);
#268=EDGE_LOOP('',(#505,#506,#507,#508,#509,#510,#511,#512));
#269=AXIS2_PLACEMENT_3D('',#513,#514,#515);
#270=EDGE_LOOP('',(#516,#517,#518,#519,#520,#521,#522,#523));
#271=AXIS2_PLACEMENT_3D('',#524,#525,#526);
#272=EDGE_LOOP('',(#527,#528,#529,#530,#531));
#273=AXIS2_PLACEMENT_3D('',#532,#533,#534);
#274=EDGE_LOOP('',(#535,#536,#537,#538,#539,#540,#541,#542,#543,#544));
#275=AXIS2_PLACEMENT_3D('',#545,#546,#547);
#276=EDGE_LOOP('',(#548,#549,#550,#551,#552,#553,#554,#555,#556,#557));
#277=AXIS2_PLACEMENT_3D('',#558,#559,#560);
#278=EDGE_LOOP('',(#561,#562,#563,#564,#565));
#279=AXIS2_PLACEMENT_3D('',#566,#567,#568);
#280=EDGE_LOOP('',(#569,#570,#571,#572,#573,#574,#575,#576,#577,#578,#579,#580,#581,#582,#583,#584));
#281=AXIS2_PLACEMENT_3D('',#585,#586,#587);
#282=EDGE_LOOP('',(#588,#589,#590,#591,#592,#593,#594,#595,#596,#597));
#283=AXIS2_PLACEMENT_3D('',#598,#599,#600);
#284=EDGE_LOOP('',(#601,#602,#603,#604,#605,#606,#607,#608,#609,#610,#611,#612,#613,#614,#615,#616,#617,#618,#619,#620,#621,#622,#623,#624));
#285=AXIS2_PLACEMENT_3D('',#625,#626,#627);
#286=EDGE_LOOP('',(#628,#629,#630,#631,#632,#633,#634,#635,#636,#637));
#287=AXIS2_PLACEMENT_3D('',#638,#639,#640);
#288=EDGE_LOOP('',(#641,#642,#643,#644,#645,#646,#647,#648,#649,#650,#651,#652,#653,#654,#655,#656));
#289=AXIS2_PLACEMENT_3D('',#657,#658,#659);
#290=EDGE_LOOP('',(#660,#661,#662,#663,#664,#665,#666,#667,#668,#669));
#291=AXIS2_PLACEMENT_3D('',#670,#671,#672);
#292=EDGE_LOOP('',(#673,#674,#675,#676,#677,#678,#679,#680,#681,#682,#683,#684,#685,#686,#687,#688,#689,#690,#691,#692,#693,#694,#695,#696));
#293=AXIS2_PLACEMENT_3D('',#697,#698,#699);
#294=EDGE_LOOP('',(#700,#701,#702,#703,#704));
#295=AXIS2_PLACEMENT_3D('',#705,#706,#707);
#296=EDGE_LOOP('',(#708,#709,#710,#711,#712,#713,#714,#715,#716,#717));
#297=AXIS2_PLACEMENT_3D('',#718,#719,#720);
#298=EDGE_LOOP('',(#721,#722,#723,#724,#725,#726,#727,#728,#729,#730));
#299=AXIS2_PLACEMENT_3D('',#731,#732,#733);
#300=EDGE_LOOP('',(#734,#735,#736,#737,#738,#739,#740,#741));
#301=AXIS2_PLACEMENT_3D('',#742,#743,#744);
#302=EDGE_LOOP('',(#745,#746,#747,#748,#749,#750,#751,#752));
#303=AXIS2_PLACEMENT_3D('',#753,#754,#755);
#304=EDGE_LOOP('',(#756,#757,#758,#759,#760,#761,#762,#763));
#305=AXIS2_PLACEMENT_3D('',#764,#765,#766);
#306=EDGE_LOOP('',(#767,#768,#769,#770,#771));
#307=AXIS2_PLACEMENT_3D('',#772,#773,#774);
#308=EDGE_LOOP('',(#775,#776,#777,#778,#779,#780,#781,#782,#783,#784));
#309=AXIS2_PLACEMENT_3D('',#785,#786,#787);
#310=EDGE_LOOP('',(#788,#789,#790,#791,#792,#793,#794,#795));
#311=AXIS2_PLACEMENT_3D('',#796,#797,#798);
#312=EDGE_LOOP('',(#799,#800,#801,#802,#803,#804,#805,#806));
#313=AXIS2_PLACEMENT_3D('',#807,#808,#809);
#314=EDGE_LOOP('',(#810,#811,#812,#813,#814,#815,#816,#817));
#315=AXIS2_PLACEMENT_3D('',#818,#819,#820);
#316=EDGE_LOOP('',(#821,#822,#823,#824,#825,#826,#827,#828));
#317=AXIS2_PLACEMENT_3D('',#829,#830,#831);
#318=EDGE_LOOP('',(#832,#833,#834,#835,#836));
#319=AXIS2_PLACEMENT_3D('',#837,#838,#839);
#320=EDGE_LOOP('',(#840,#841,#842,#843,#844,#845,#846,#847));
#321=AXIS2_PLACEMENT_3D('',#848,#849,#850);
#322=EDGE_LOOP('',(#851,#852,#853,#854,#855,#856,#857,#858));
#323=AXIS2_PLACEMENT_3D('',#859,#860,#861);
#324=EDGE_LOOP('',(#862,#863,#864,#865,#866,#867,#868,#869,#870,#871));
#325=AXIS2_PLACEMENT_3D('',#872,#873,#874);
#326=EDGE_LOOP('',(#875,#876,#877,#878,#879));
#327=AXIS2_PLACEMENT_3D('',#880,#881,#882);
#328=EDGE_LOOP('',(#883,#884,#885,#886,#887));
#329=AXIS2_PLACEMENT_3D('',#888,#889,#890);
#330=EDGE_LOOP('',(#891,#892,#893,#894,#895,#896,#897,#898));
#331=AXIS2_PLACEMENT_3D('',#899,#900,#901);
#332=EDGE_LOOP('',(#902,#903,#904,#905,#906,#907,#908,#909));
#333=AXIS2_PLACEMENT_3D('',#910,#911,#912);
#334=EDGE_LOOP('',(#913,#914,#915,#916,#917,#918,#919,#920));
#335=AXIS2_PLACEMENT_3D('',#921,#922,#923);
#336=EDGE_LOOP('',(#924,#925,#926,#927,#928,#929,#930,#931));
#337=AXIS2_PLACEMENT_3D('',#932,#933,#934);
#338=EDGE_LOOP('',(#935,#936,#937,#938,#939,#940,#941,#942));
#339=AXIS2_PLACEMENT_3D('',#943,#944,#945);
#340=EDGE_LOOP('',(#946,#947,#948,#949,#950,#951,#952,#953,#954,#955));
#341=AXIS2_PLACEMENT_3D('',#956,#957,#958);
#342=EDGE_LOOP('',(#959,#960,#961,#962,#963));
#343=AXIS2_PLACEMENT_3D('',#964,#965,#966);
#344=EDGE_LOOP('',(#967,#968,#969,#970,#971,#972,#973,#974));
#345=AXIS2_PLACEMENT_3D('',#975,#976,#977);
#346=EDGE_LOOP('',(#978,#979,#980,#981,#982,#983,#984,#985));
#347=AXIS2_PLACEMENT_3D('',#986,#987,#988);
#348=EDGE_LOOP('',(#989,#990,#991,#992,#993));
#349=AXIS2_PLACEMENT_3D('',#994,#995,#996);
#350=EDGE_LOOP('',(#997,#998,#999,#1000,#1001,#1002,#1003,#1004,#1005,#1006));
#351=AXIS2_PLACEMENT_3D('',#1007,#1008,#1009);
#352=EDGE_LOOP('',(#1010,#1011,#1012,#1013,#1014));
#353=AXIS2_PLACEMENT_3D('',#1015,#1016,#1017);
#354=EDGE_LOOP('',(#1018,#1019,#1020,#1021,#1022,#1023,#1024,#1025,#1026,#1027));
#355=AXIS2_PLACEMENT_3D('',#1028,#1029,#1030);
#356=EDGE_LOOP('',(#1031,#1032,#1033,#1034,#1035,#1036,#1037,#1038,#1039,#1040));
#357=AXIS2_PLACEMENT_3D('',#1041,#1042,#1043);
#358=EDGE_LOOP('',(#1044,#1045,#1046,#1047,#1048,#1049,#1050,#1051,#1052,#1053));
#359=AXIS2_PLACEMENT_3D('',#1054,#1055,#1056);
#360=EDGE_LOOP('',(#1057,#1058,#1059,#1060,#1061,#1062,#1063,#1064,#1065,#1066,#1067,#1068,#1069,#1070,#1071,#1072,#1073,#1074,#1075,#1076,#1077,#1078,#1079,#1080));
#361=AXIS2_PLACEMENT_3D('',#1081,#1082,#1083);
#362=EDGE_LOOP('',(#1084,#1085,#1086,#1087,#1088,#1089,#1090,#1091,#1092,#1093,#1094,#1095,#1096,#1097,#1098,#1099,#1100,#1101,#1102,#1103,#1104,#1105,#1106,#1107));
#363=AXIS2_PLACEMENT_3D('',#1108,#1109,#1110);
#364=FILL_AREA_STYLE_COLOUR('',#1111);
#365=ORIENTED_EDGE('',*,*,#1112,.F.);
#366=ORIENTED_EDGE('',*,*,#1113,.T.);
#367=ORIENTED_EDGE('',*,*,#1114,.T.);
#368=ORIENTED_EDGE('',*,*,#1115,.T.);
#369=ORIENTED_EDGE('',*,*,#1116,.T.);
#370=ORIENTED_EDGE('',*,*,#1117,.F.);
#371=ORIENTED_EDGE('',*,*,#1118,.F.);
#372=ORIENTED_EDGE('',*,*,#1119,.T.);
#373=ORIENTED_EDGE('',*,*,#1120,.T.);
#374=ORIENTED_EDGE('',*,*,#1121,.F.);
#375=CARTESIAN_POINT('',(3.83323354170858E-20,0.01,0.0));
#376=DIRECTION('',(-0.707106781186548,-0.707106781186548,0.0));
#377=DIRECTION('',(0.707106781186548,-0.707106781186548,0.0));
#378=ORIENTED_EDGE('',*,*,#1122,.F.);
#379=ORIENTED_EDGE('',*,*,#1123,.T.);
#380=ORIENTED_EDGE('',*,*,#1119,.F.);
#381=ORIENTED_EDGE('',*,*,#1124,.F.);
#382=ORIENTED_EDGE('',*,*,#1125,.T.);
#383=CARTESIAN_POINT('',(-0.01,0.01,0.015));
#384=DIRECTION('',(-0.0,-0.554700196225229,-0.832050294337844));
#385=DIRECTION('',(-1.0,0.0,0.0));
#386=ORIENTED_EDGE('',*,*,#1126,.F.);
#387=ORIENTED_EDGE('',*,*,#1127,.T.);
#388=ORIENTED_EDGE('',*,*,#1128,.F.);
#389=ORIENTED_EDGE('',*,*,#1129,.T.);
#390=ORIENTED_EDGE('',*,*,#1130,.F.);
#391=CARTESIAN_POINT('',(-0.01,-0.01,0.015));
#392=DIRECTION('',(0.0,0.554700196225229,-0.832050294337844));
#393=DIRECTION('',(-1.0,0.0,0.0));
#394=ORIENTED_EDGE('',*,*,#1131,.F.);
#395=ORIENTED_EDGE('',*,*,#1132,.T.);
#396=ORIENTED_EDGE('',*,*,#1133,.F.);
#397=ORIENTED_EDGE('',*,*,#1134,.T.);
#398=ORIENTED_EDGE('',*,*,#1135,.F.);
#399=CARTESIAN_POINT('',(-0.01,0.01,-0.015));
#400=DIRECTION('',(0.0,-0.554700196225229,0.832050294337844));
#401=DIRECTION('',(1.0,0.0,0.0));
#402=ORIENTED_EDGE('',*,*,#1136,.F.);
#403=ORIENTED_EDGE('',*,*,#1137,.F.);
#404=ORIENTED_EDGE('',*,*,#1138,.F.);
#405=ORIENTED_EDGE('',*,*,#1139,.F.);
#406=ORIENTED_EDGE('',*,*,#1140,.F.);
#407=ORIENTED_EDGE('',*,*,#1141,.T.);
#408=ORIENTED_EDGE('',*,*,#1142,.T.);
#409=ORIENTED_EDGE('',*,*,#1143,.T.);
#410=CARTESIAN_POINT('',(0.01,0.0,1.80422147347659E-19));
#411=DIRECTION('',(-0.554700196225229,0.0,0.832050294337844));
#412=DIRECTION('',(0.832050294337844,0.0,0.554700196225229));
#413=ORIENTED_EDGE('',*,*,#1144,.F.);
#414=ORIENTED_EDGE('',*,*,#1145,.F.);
#415=ORIENTED_EDGE('',*,*,#1146,.F.);
#416=ORIENTED_EDGE('',*,*,#1147,.F.);
#417=ORIENTED_EDGE('',*,*,#1148,.F.);
#418=ORIENTED_EDGE('',*,*,#1149,.F.);
#419=ORIENTED_EDGE('',*,*,#1150,.T.);
#420=ORIENTED_EDGE('',*,*,#1151,.T.);
#421=CARTESIAN_POINT('',(0.0,-0.01,0.0));
#422=DIRECTION('',(-0.0,0.554700196225229,0.832050294337844));
#423=DIRECTION('',(1.0,0.0,0.0));
#424=ORIENTED_EDGE('',*,*,#1152,.F.);
#425=ORIENTED_EDGE('',*,*,#1153,.T.);
#426=ORIENTED_EDGE('',*,*,#1154,.T.);
#427=ORIENTED_EDGE('',*,*,#1155,.T.);
#428=ORIENTED_EDGE('',*,*,#1156,.F.);
#429=ORIENTED_EDGE('',*,*,#1120,.F.);
#430=ORIENTED_EDGE('',*,*,#1123,.F.);
#431=ORIENTED_EDGE('',*,*,#1157,.F.);
#432=CARTESIAN_POINT('',(-7.51758947281911E-21,0.0,0.015));
#433=DIRECTION('',(-0.554700196225229,0.0,-0.832050294337844));
#434=DIRECTION('',(-0.832050294337844,0.0,0.554700196225229));
#435=ORIENTED_EDGE('',*,*,#1158,.F.);
#436=ORIENTED_EDGE('',*,*,#1159,.F.);
#437=ORIENTED_EDGE('',*,*,#1160,.F.);
#438=ORIENTED_EDGE('',*,*,#1161,.F.);
#439=ORIENTED_EDGE('',*,*,#1154,.F.);
#440=ORIENTED_EDGE('',*,*,#1162,.T.);
#441=ORIENTED_EDGE('',*,*,#1163,.T.);
#442=ORIENTED_EDGE('',*,*,#1142,.F.);
#443=CARTESIAN_POINT('',(0.0,0.01,0.0));
#444=DIRECTION('',(0.0,-0.554700196225229,0.832050294337844));
#445=DIRECTION('',(1.0,0.0,0.0));
#446=ORIENTED_EDGE('',*,*,#1164,.F.);
#447=ORIENTED_EDGE('',*,*,#1165,.F.);
#448=ORIENTED_EDGE('',*,*,#1166,.T.);
#449=ORIENTED_EDGE('',*,*,#1167,.T.);
#450=ORIENTED_EDGE('',*,*,#1168,.T.);
#451=CARTESIAN_POINT('',(0.01,0.0,0.0));
#452=DIRECTION('',(0.0,0.554700196225229,-0.832050294337844));
#453=DIRECTION('',(-1.0,0.0,0.0));
#454=ORIENTED_EDGE('',*,*,#1169,.F.);
#455=ORIENTED_EDGE('',*,*,#1170,.T.);
#456=ORIENTED_EDGE('',*,*,#1171,.T.);
#457=ORIENTED_EDGE('',*,*,#1172,.F.);
#458=ORIENTED_EDGE('',*,*,#1173,.F.);
#459=CARTESIAN_POINT('',(0.01,0.0,0.0));
#460=DIRECTION('',(-0.0,-0.554700196225229,-0.832050294337844));
#461=DIRECTION('',(-1.0,0.0,0.0));
#462=ORIENTED_EDGE('',*,*,#1174,.F.);
#463=ORIENTED_EDGE('',*,*,#1175,.T.);
#464=ORIENTED_EDGE('',*,*,#1176,.T.);
#465=ORIENTED_EDGE('',*,*,#1177,.T.);
#466=ORIENTED_EDGE('',*,*,#1178,.T.);
#467=ORIENTED_EDGE('',*,*,#1179,.F.);
#468=ORIENTED_EDGE('',*,*,#1180,.F.);
#469=ORIENTED_EDGE('',*,*,#1146,.T.);
#470=ORIENTED_EDGE('',*,*,#1181,.T.);
#471=ORIENTED_EDGE('',*,*,#1182,.F.);
#472=CARTESIAN_POINT('',(0.01,-3.83323354170858E-20,0.0));
#473=DIRECTION('',(-0.707106781186548,-0.707106781186548,0.0));
#474=DIRECTION('',(0.707106781186548,-0.707106781186548,0.0));
#475=ORIENTED_EDGE('',*,*,#1183,.F.);
#476=ORIENTED_EDGE('',*,*,#1184,.T.);
#477=ORIENTED_EDGE('',*,*,#1185,.T.);
#478=ORIENTED_EDGE('',*,*,#1186,.F.);
#479=ORIENTED_EDGE('',*,*,#1187,.F.);
#480=ORIENTED_EDGE('',*,*,#1188,.F.);
#481=ORIENTED_EDGE('',*,*,#1189,.F.);
#482=ORIENTED_EDGE('',*,*,#1190,.F.);
#483=CARTESIAN_POINT('',(0.0,0.01,0.0));
#484=DIRECTION('',(-0.0,-0.554700196225229,-0.832050294337844));
#485=DIRECTION('',(-1.0,0.0,0.0));
#486=ORIENTED_EDGE('',*,*,#1191,.F.);
#487=ORIENTED_EDGE('',*,*,#1192,.F.);
#488=ORIENTED_EDGE('',*,*,#1193,.F.);
#489=ORIENTED_EDGE('',*,*,#1194,.F.);
#490=ORIENTED_EDGE('',*,*,#1195,.T.);
#491=CARTESIAN_POINT('',(-0.01,-0.01,-0.015));
#492=DIRECTION('',(-0.0,0.554700196225229,0.832050294337844));
#493=DIRECTION('',(1.0,0.0,0.0));
#494=ORIENTED_EDGE('',*,*,#1196,.F.);
#495=ORIENTED_EDGE('',*,*,#1197,.T.);
#496=ORIENTED_EDGE('',*,*,#1190,.T.);
#497=ORIENTED_EDGE('',*,*,#1198,.F.);
#498=ORIENTED_EDGE('',*,*,#1199,.F.);
#499=ORIENTED_EDGE('',*,*,#1200,.T.);
#500=ORIENTED_EDGE('',*,*,#1135,.T.);
#501=ORIENTED_EDGE('',*,*,#1201,.T.);
#502=CARTESIAN_POINT('',(7.51758947281911E-21,0.0,-0.015));
#503=DIRECTION('',(-0.554700196225229,0.0,0.832050294337844));
#504=DIRECTION('',(0.832050294337844,0.0,0.554700196225229));
#505=ORIENTED_EDGE('',*,*,#1202,.F.);
#506=ORIENTED_EDGE('',*,*,#1203,.T.);
#507=ORIENTED_EDGE('',*,*,#1165,.T.);
#508=ORIENTED_EDGE('',*,*,#1204,.T.);
#509=ORIENTED_EDGE('',*,*,#1205,.F.);
#510=ORIENTED_EDGE('',*,*,#1206,.F.);
#511=ORIENTED_EDGE('',*,*,#1187,.T.);
#512=ORIENTED_EDGE('',*,*,#1207,.T.);
#513=CARTESIAN_POINT('',(0.01,0.0,1.80422147347659E-19));
#514=DIRECTION('',(-0.554700196225229,0.0,-0.832050294337844));
#515=DIRECTION('',(-0.832050294337844,0.0,0.554700196225229));
#516=ORIENTED_EDGE('',*,*,#1208,.F.);
#517=ORIENTED_EDGE('',*,*,#1209,.T.);
#518=ORIENTED_EDGE('',*,*,#1210,.T.);
#519=ORIENTED_EDGE('',*,*,#1211,.F.);
#520=ORIENTED_EDGE('',*,*,#1212,.F.);
#521=ORIENTED_EDGE('',*,*,#1213,.T.);
#522=ORIENTED_EDGE('',*,*,#1214,.T.);
#523=ORIENTED_EDGE('',*,*,#1215,.F.);
#524=CARTESIAN_POINT('',(0.0,0.0,-0.015));
#525=DIRECTION('',(0.0,-0.554700196225229,0.832050294337844));
#526=DIRECTION('',(1.0,0.0,0.0));
#527=ORIENTED_EDGE('',*,*,#1216,.F.);
#528=ORIENTED_EDGE('',*,*,#1217,.F.);
#529=ORIENTED_EDGE('',*,*,#1218,.T.);
#530=ORIENTED_EDGE('',*,*,#1219,.T.);
#531=ORIENTED_EDGE('',*,*,#1220,.T.);
#532=CARTESIAN_POINT('',(0.01,0.0,0.0));
#533=DIRECTION('',(0.0,-0.554700196225229,0.832050294337844));
#534=DIRECTION('',(1.0,0.0,0.0));
#535=ORIENTED_EDGE('',*,*,#1221,.F.);
#536=ORIENTED_EDGE('',*,*,#1222,.F.);
#537=ORIENTED_EDGE('',*,*,#1223,.T.);
#538=ORIENTED_EDGE('',*,*,#1147,.T.);
#539=ORIENTED_EDGE('',*,*,#1180,.T.);
#540=ORIENTED_EDGE('',*,*,#1224,.F.);
#541=ORIENTED_EDGE('',*,*,#1121,.T.);
#542=ORIENTED_EDGE('',*,*,#1225,.T.);
#543=ORIENTED_EDGE('',*,*,#1226,.T.);
#544=ORIENTED_EDGE('',*,*,#1227,.F.);
#545=CARTESIAN_POINT('',(-3.83323354170858E-20,-0.01,0.0));
#546=DIRECTION('',(-0.707106781186548,0.707106781186548,0.0));
#547=DIRECTION('',(-0.707106781186548,-0.707106781186548,0.0));
#548=ORIENTED_EDGE('',*,*,#1228,.F.);
#549=ORIENTED_EDGE('',*,*,#1178,.F.);
#550=ORIENTED_EDGE('',*,*,#1139,.T.);
#551=ORIENTED_EDGE('',*,*,#1229,.T.);
#552=ORIENTED_EDGE('',*,*,#1230,.T.);
#553=ORIENTED_EDGE('',*,*,#1231,.F.);
#554=ORIENTED_EDGE('',*,*,#1232,.T.);
#555=ORIENTED_EDGE('',*,*,#1233,.T.);
#556=ORIENTED_EDGE('',*,*,#1234,.T.);
#557=ORIENTED_EDGE('',*,*,#1113,.F.);
#558=CARTESIAN_POINT('',(0.01,-3.83323354170858E-20,0.0));
#559=DIRECTION('',(-0.707106781186548,0.707106781186548,0.0));
#560=DIRECTION('',(-0.707106781186548,-0.707106781186548,0.0));
#561=ORIENTED_EDGE('',*,*,#1235,.F.);
#562=ORIENTED_EDGE('',*,*,#1236,.T.);
#563=ORIENTED_EDGE('',*,*,#1237,.T.);
#564=ORIENTED_EDGE('',*,*,#1229,.F.);
#565=ORIENTED_EDGE('',*,*,#1138,.T.);
#566=CARTESIAN_POINT('',(0.01,0.0,0.0));
#567=DIRECTION('',(-0.0,0.554700196225229,0.832050294337844));
#568=DIRECTION('',(1.0,0.0,0.0));
#569=ORIENTED_EDGE('',*,*,#1238,.T.);
#570=ORIENTED_EDGE('',*,*,#1239,.T.);
#571=ORIENTED_EDGE('',*,*,#1240,.T.);
#572=ORIENTED_EDGE('',*,*,#1241,.T.);
#573=ORIENTED_EDGE('',*,*,#1242,.T.);
#574=ORIENTED_EDGE('',*,*,#1243,.T.);
#575=ORIENTED_EDGE('',*,*,#1244,.T.);
#576=ORIENTED_EDGE('',*,*,#1245,.T.);
#577=ORIENTED_EDGE('',*,*,#1246,.T.);
#578=ORIENTED_EDGE('',*,*,#1247,.T.);
#579=ORIENTED_EDGE('',*,*,#1248,.T.);
#580=ORIENTED_EDGE('',*,*,#1249,.T.);
#581=ORIENTED_EDGE('',*,*,#1250,.T.);
#582=ORIENTED_EDGE('',*,*,#1251,.T.);
#583=ORIENTED_EDGE('',*,*,#1252,.T.);
#584=ORIENTED_EDGE('',*,*,#1253,.T.);
#585=CARTESIAN_POINT('',(0.0,0.0,-0.015));
#586=DIRECTION('',(0.0,0.0,1.0));
#587=DIRECTION('',(1.0,0.0,0.0));
#588=ORIENTED_EDGE('',*,*,#1245,.F.);
#589=ORIENTED_EDGE('',*,*,#1254,.F.);
#590=ORIENTED_EDGE('',*,*,#1255,.T.);
#591=ORIENTED_EDGE('',*,*,#1172,.T.);
#592=ORIENTED_EDGE('',*,*,#1256,.T.);
#593=ORIENTED_EDGE('',*,*,#1242,.F.);
#594=ORIENTED_EDGE('',*,*,#1257,.T.);
#595=ORIENTED_EDGE('',*,*,#1258,.T.);
#596=ORIENTED_EDGE('',*,*,#1259,.T.);
#597=ORIENTED_EDGE('',*,*,#1260,.F.);
#598=CARTESIAN_POINT('',(0.01,-0.01,-0.015));
#599=DIRECTION('',(-0.707106781186547,0.707106781186547,0.0));
#600=DIRECTION('',(-0.707106781186548,-0.707106781186548,0.0));
#601=ORIENTED_EDGE('',*,*,#1243,.F.);
#602=ORIENTED_EDGE('',*,*,#1256,.F.);
#603=ORIENTED_EDGE('',*,*,#1171,.F.);
#604=ORIENTED_EDGE('',*,*,#1261,.F.);
#605=ORIENTED_EDGE('',*,*,#1262,.F.);
#606=ORIENTED_EDGE('',*,*,#1240,.F.);
#607=ORIENTED_EDGE('',*,*,#1263,.F.);
#608=ORIENTED_EDGE('',*,*,#1167,.F.);
#609=ORIENTED_EDGE('',*,*,#1264,.F.);
#610=ORIENTED_EDGE('',*,*,#1230,.F.);
#611=ORIENTED_EDGE('',*,*,#1237,.F.);
#612=ORIENTED_EDGE('',*,*,#1265,.F.);
#613=ORIENTED_EDGE('',*,*,#1266,.T.);
#614=ORIENTED_EDGE('',*,*,#1267,.F.);
#615=ORIENTED_EDGE('',*,*,#1268,.F.);
#616=ORIENTED_EDGE('',*,*,#1219,.F.);
#617=ORIENTED_EDGE('',*,*,#1269,.F.);
#618=ORIENTED_EDGE('',*,*,#1270,.T.);
#619=ORIENTED_EDGE('',*,*,#1271,.F.);
#620=ORIENTED_EDGE('',*,*,#1272,.F.);
#621=ORIENTED_EDGE('',*,*,#1175,.F.);
#622=ORIENTED_EDGE('',*,*,#1273,.F.);
#623=ORIENTED_EDGE('',*,*,#1274,.F.);
#624=ORIENTED_EDGE('',*,*,#1275,.F.);
#625=CARTESIAN_POINT('',(0.01,0.0,0.0));
#626=DIRECTION('',(1.0,0.0,0.0));
#627=DIRECTION('',(0.0,1.0,0.0));
#628=ORIENTED_EDGE('',*,*,#1241,.F.);
#629=ORIENTED_EDGE('',*,*,#1262,.T.);
#630=ORIENTED_EDGE('',*,*,#1276,.T.);
#631=ORIENTED_EDGE('',*,*,#1277,.T.);
#632=ORIENTED_EDGE('',*,*,#1278,.T.);
#633=ORIENTED_EDGE('',*,*,#1238,.F.);
#634=ORIENTED_EDGE('',*,*,#1279,.F.);
#635=ORIENTED_EDGE('',*,*,#1188,.T.);
#636=ORIENTED_EDGE('',*,*,#1206,.T.);
#637=ORIENTED_EDGE('',*,*,#1257,.F.);
#638=CARTESIAN_POINT('',(0.0,0.0,-0.015));
#639=DIRECTION('',(0.707106781186547,0.707106781186547,0.0));
#640=DIRECTION('',(-0.707106781186548,0.707106781186548,0.0));
#641=ORIENTED_EDGE('',*,*,#1270,.F.);
#642=ORIENTED_EDGE('',*,*,#1280,.F.);
#643=ORIENTED_EDGE('',*,*,#1281,.F.);
#644=ORIENTED_EDGE('',*,*,#1266,.F.);
#645=ORIENTED_EDGE('',*,*,#1282,.F.);
#646=ORIENTED_EDGE('',*,*,#1283,.F.);
#647=ORIENTED_EDGE('',*,*,#1284,.F.);
#648=ORIENTED_EDGE('',*,*,#1285,.F.);
#649=ORIENTED_EDGE('',*,*,#1286,.F.);
#650=ORIENTED_EDGE('',*,*,#1287,.F.);
#651=ORIENTED_EDGE('',*,*,#1288,.F.);
#652=ORIENTED_EDGE('',*,*,#1289,.F.);
#653=ORIENTED_EDGE('',*,*,#1290,.F.);
#654=ORIENTED_EDGE('',*,*,#1291,.F.);
#655=ORIENTED_EDGE('',*,*,#1292,.F.);
#656=ORIENTED_EDGE('',*,*,#1293,.F.);
#657=CARTESIAN_POINT('',(0.0,0.0,0.015));
#658=DIRECTION('',(0.0,0.0,1.0));
#659=DIRECTION('',(1.0,0.0,0.0));
#660=ORIENTED_EDGE('',*,*,#1292,.T.);
#661=ORIENTED_EDGE('',*,*,#1294,.F.);
#662=ORIENTED_EDGE('',*,*,#1295,.F.);
#663=ORIENTED_EDGE('',*,*,#1296,.F.);
#664=ORIENTED_EDGE('',*,*,#1297,.T.);
#665=ORIENTED_EDGE('',*,*,#1280,.T.);
#666=ORIENTED_EDGE('',*,*,#1269,.T.);
#667=ORIENTED_EDGE('',*,*,#1218,.F.);
#668=ORIENTED_EDGE('',*,*,#1298,.F.);
#669=ORIENTED_EDGE('',*,*,#1299,.F.);
#670=CARTESIAN_POINT('',(0.01,-0.01,0.015));
#671=DIRECTION('',(-0.707106781186547,0.707106781186547,0.0));
#672=DIRECTION('',(-0.707106781186548,-0.707106781186548,0.0));
#673=ORIENTED_EDGE('',*,*,#1247,.F.);
#674=ORIENTED_EDGE('',*,*,#1300,.T.);
#675=ORIENTED_EDGE('',*,*,#1301,.T.);
#676=ORIENTED_EDGE('',*,*,#1302,.T.);
#677=ORIENTED_EDGE('',*,*,#1254,.T.);
#678=ORIENTED_EDGE('',*,*,#1244,.F.);
#679=ORIENTED_EDGE('',*,*,#1275,.T.);
#680=ORIENTED_EDGE('',*,*,#1303,.T.);
#681=ORIENTED_EDGE('',*,*,#1304,.T.);
#682=ORIENTED_EDGE('',*,*,#1182,.T.);
#683=ORIENTED_EDGE('',*,*,#1305,.T.);
#684=ORIENTED_EDGE('',*,*,#1271,.T.);
#685=ORIENTED_EDGE('',*,*,#1293,.T.);
#686=ORIENTED_EDGE('',*,*,#1299,.T.);
#687=ORIENTED_EDGE('',*,*,#1306,.T.);
#688=ORIENTED_EDGE('',*,*,#1307,.T.);
#689=ORIENTED_EDGE('',*,*,#1308,.T.);
#690=ORIENTED_EDGE('',*,*,#1290,.T.);
#691=ORIENTED_EDGE('',*,*,#1309,.F.);
#692=ORIENTED_EDGE('',*,*,#1310,.T.);
#693=ORIENTED_EDGE('',*,*,#1222,.T.);
#694=ORIENTED_EDGE('',*,*,#1311,.T.);
#695=ORIENTED_EDGE('',*,*,#1312,.T.);
#696=ORIENTED_EDGE('',*,*,#1313,.F.);
#697=CARTESIAN_POINT('',(0.0,-0.01,0.0));
#698=DIRECTION('',(0.0,1.0,-0.0));
#699=DIRECTION('',(-1.0,0.0,0.0));
#700=ORIENTED_EDGE('',*,*,#1235,.T.);
#701=ORIENTED_EDGE('',*,*,#1137,.T.);
#702=ORIENTED_EDGE('',*,*,#1268,.T.);
#703=ORIENTED_EDGE('',*,*,#1314,.T.);
#704=ORIENTED_EDGE('',*,*,#1315,.T.);
#705=CARTESIAN_POINT('',(0.01,0.0,0.0));
#706=DIRECTION('',(-0.0,0.554700196225229,0.832050294337844));
#707=DIRECTION('',(1.0,0.0,0.0));
#708=ORIENTED_EDGE('',*,*,#1228,.T.);
#709=ORIENTED_EDGE('',*,*,#1316,.F.);
#710=ORIENTED_EDGE('',*,*,#1317,.F.);
#711=ORIENTED_EDGE('',*,*,#1318,.F.);
#712=ORIENTED_EDGE('',*,*,#1319,.T.);
#713=ORIENTED_EDGE('',*,*,#1231,.T.);
#714=ORIENTED_EDGE('',*,*,#1264,.T.);
#715=ORIENTED_EDGE('',*,*,#1166,.F.);
#716=ORIENTED_EDGE('',*,*,#1203,.F.);
#717=ORIENTED_EDGE('',*,*,#1320,.F.);
#718=CARTESIAN_POINT('',(0.01,-3.83323354170858E-20,0.0));
#719=DIRECTION('',(-0.707106781186548,0.707106781186548,0.0));
#720=DIRECTION('',(-0.707106781186548,-0.707106781186548,0.0));
#721=ORIENTED_EDGE('',*,*,#1221,.T.);
#722=ORIENTED_EDGE('',*,*,#1321,.F.);
#723=ORIENTED_EDGE('',*,*,#1322,.F.);
#724=ORIENTED_EDGE('',*,*,#1323,.F.);
#725=ORIENTED_EDGE('',*,*,#1324,.T.);
#726=ORIENTED_EDGE('',*,*,#1224,.T.);
#727=ORIENTED_EDGE('',*,*,#1325,.T.);
#728=ORIENTED_EDGE('',*,*,#1213,.F.);
#729=ORIENTED_EDGE('',*,*,#1326,.F.);
#730=ORIENTED_EDGE('',*,*,#1311,.F.);
#731=CARTESIAN_POINT('',(-3.83323354170858E-20,-0.01,0.0));
#732=DIRECTION('',(-0.707106781186548,0.707106781186548,0.0));
#733=DIRECTION('',(-0.707106781186548,-0.707106781186548,0.0));
#734=ORIENTED_EDGE('',*,*,#1312,.F.);
#735=ORIENTED_EDGE('',*,*,#1326,.T.);
#736=ORIENTED_EDGE('',*,*,#1212,.T.);
#737=ORIENTED_EDGE('',*,*,#1327,.T.);
#738=ORIENTED_EDGE('',*,*,#1301,.F.);
#739=ORIENTED_EDGE('',*,*,#1328,.F.);
#740=ORIENTED_EDGE('',*,*,#1192,.T.);
#741=ORIENTED_EDGE('',*,*,#1329,.T.);
#742=CARTESIAN_POINT('',(-0.01,-0.01,-0.015));
#743=DIRECTION('',(0.554700196225229,0.0,0.832050294337844));
#744=DIRECTION('',(0.832050294337844,0.0,-0.554700196225229));
#745=ORIENTED_EDGE('',*,*,#1310,.F.);
#746=ORIENTED_EDGE('',*,*,#1330,.T.);
#747=ORIENTED_EDGE('',*,*,#1130,.T.);
#748=ORIENTED_EDGE('',*,*,#1331,.T.);
#749=ORIENTED_EDGE('',*,*,#1307,.F.);
#750=ORIENTED_EDGE('',*,*,#1332,.T.);
#751=ORIENTED_EDGE('',*,*,#1148,.T.);
#752=ORIENTED_EDGE('',*,*,#1223,.F.);
#753=CARTESIAN_POINT('',(-0.01,-0.01,0.015));
#754=DIRECTION('',(0.554700196225229,0.0,-0.832050294337844));
#755=DIRECTION('',(-0.832050294337844,0.0,-0.554700196225229));
#756=ORIENTED_EDGE('',*,*,#1306,.F.);
#757=ORIENTED_EDGE('',*,*,#1298,.T.);
#758=ORIENTED_EDGE('',*,*,#1217,.T.);
#759=ORIENTED_EDGE('',*,*,#1333,.T.);
#760=ORIENTED_EDGE('',*,*,#1305,.F.);
#761=ORIENTED_EDGE('',*,*,#1181,.F.);
#762=ORIENTED_EDGE('',*,*,#1145,.T.);
#763=ORIENTED_EDGE('',*,*,#1334,.T.);
#764=CARTESIAN_POINT('',(0.01,-0.01,0.015));
#765=DIRECTION('',(-0.554700196225229,0.0,-0.832050294337844));
#766=DIRECTION('',(-0.832050294337844,0.0,0.554700196225229));
#767=ORIENTED_EDGE('',*,*,#1216,.T.);
#768=ORIENTED_EDGE('',*,*,#1335,.T.);
#769=ORIENTED_EDGE('',*,*,#1176,.F.);
#770=ORIENTED_EDGE('',*,*,#1272,.T.);
#771=ORIENTED_EDGE('',*,*,#1333,.F.);
#772=CARTESIAN_POINT('',(0.01,0.0,0.0));
#773=DIRECTION('',(0.0,-0.554700196225229,0.832050294337844));
#774=DIRECTION('',(1.0,0.0,0.0));
#775=ORIENTED_EDGE('',*,*,#1246,.F.);
#776=ORIENTED_EDGE('',*,*,#1260,.T.);
#777=ORIENTED_EDGE('',*,*,#1336,.T.);
#778=ORIENTED_EDGE('',*,*,#1337,.T.);
#779=ORIENTED_EDGE('',*,*,#1338,.T.);
#780=ORIENTED_EDGE('',*,*,#1249,.F.);
#781=ORIENTED_EDGE('',*,*,#1339,.F.);
#782=ORIENTED_EDGE('',*,*,#1193,.T.);
#783=ORIENTED_EDGE('',*,*,#1328,.T.);
#784=ORIENTED_EDGE('',*,*,#1300,.F.);
#785=CARTESIAN_POINT('',(-0.01,-0.01,-0.015));
#786=DIRECTION('',(0.707106781186547,0.707106781186547,0.0));
#787=DIRECTION('',(-0.707106781186548,0.707106781186548,0.0));
#788=ORIENTED_EDGE('',*,*,#1208,.T.);
#789=ORIENTED_EDGE('',*,*,#1340,.F.);
#790=ORIENTED_EDGE('',*,*,#1327,.F.);
#791=ORIENTED_EDGE('',*,*,#1211,.T.);
#792=ORIENTED_EDGE('',*,*,#1341,.T.);
#793=ORIENTED_EDGE('',*,*,#1336,.F.);
#794=ORIENTED_EDGE('',*,*,#1259,.F.);
#795=ORIENTED_EDGE('',*,*,#1342,.T.);
#796=CARTESIAN_POINT('',(0.0,0.0,-0.015));
#797=DIRECTION('',(0.0,-0.554700196225229,0.832050294337844));
#798=DIRECTION('',(1.0,0.0,0.0));
#799=ORIENTED_EDGE('',*,*,#1202,.T.);
#800=ORIENTED_EDGE('',*,*,#1209,.F.);
#801=ORIENTED_EDGE('',*,*,#1342,.F.);
#802=ORIENTED_EDGE('',*,*,#1258,.F.);
#803=ORIENTED_EDGE('',*,*,#1205,.T.);
#804=ORIENTED_EDGE('',*,*,#1170,.F.);
#805=ORIENTED_EDGE('',*,*,#1343,.F.);
#806=ORIENTED_EDGE('',*,*,#1344,.T.);
#807=CARTESIAN_POINT('',(0.01,0.0,1.80422147347659E-19));
#808=DIRECTION('',(-0.554700196225229,0.0,-0.832050294337844));
#809=DIRECTION('',(-0.832050294337844,0.0,0.554700196225229));
#810=ORIENTED_EDGE('',*,*,#1302,.F.);
#811=ORIENTED_EDGE('',*,*,#1340,.T.);
#812=ORIENTED_EDGE('',*,*,#1215,.T.);
#813=ORIENTED_EDGE('',*,*,#1345,.T.);
#814=ORIENTED_EDGE('',*,*,#1303,.F.);
#815=ORIENTED_EDGE('',*,*,#1346,.T.);
#816=ORIENTED_EDGE('',*,*,#1173,.T.);
#817=ORIENTED_EDGE('',*,*,#1255,.F.);
#818=CARTESIAN_POINT('',(0.01,-0.01,-0.015));
#819=DIRECTION('',(-0.554700196225229,0.0,0.832050294337844));
#820=DIRECTION('',(0.832050294337844,0.0,0.554700196225229));
#821=ORIENTED_EDGE('',*,*,#1196,.T.);
#822=ORIENTED_EDGE('',*,*,#1323,.T.);
#823=ORIENTED_EDGE('',*,*,#1347,.F.);
#824=ORIENTED_EDGE('',*,*,#1195,.F.);
#825=ORIENTED_EDGE('',*,*,#1199,.T.);
#826=ORIENTED_EDGE('',*,*,#1337,.F.);
#827=ORIENTED_EDGE('',*,*,#1341,.F.);
#828=ORIENTED_EDGE('',*,*,#1210,.F.);
#829=CARTESIAN_POINT('',(7.51758947281911E-21,0.0,-0.015));
#830=DIRECTION('',(-0.554700196225229,0.0,0.832050294337844));
#831=DIRECTION('',(0.832050294337844,0.0,0.554700196225229));
#832=ORIENTED_EDGE('',*,*,#1191,.T.);
#833=ORIENTED_EDGE('',*,*,#1347,.T.);
#834=ORIENTED_EDGE('',*,*,#1322,.T.);
#835=ORIENTED_EDGE('',*,*,#1348,.F.);
#836=ORIENTED_EDGE('',*,*,#1329,.F.);
#837=CARTESIAN_POINT('',(-0.01,-0.01,-0.015));
#838=DIRECTION('',(-0.0,0.554700196225229,0.832050294337844));
#839=DIRECTION('',(1.0,0.0,0.0));
#840=ORIENTED_EDGE('',*,*,#1183,.T.);
#841=ORIENTED_EDGE('',*,*,#1197,.F.);
#842=ORIENTED_EDGE('',*,*,#1207,.F.);
#843=ORIENTED_EDGE('',*,*,#1186,.T.);
#844=ORIENTED_EDGE('',*,*,#1349,.T.);
#845=ORIENTED_EDGE('',*,*,#1317,.T.);
#846=ORIENTED_EDGE('',*,*,#1350,.T.);
#847=ORIENTED_EDGE('',*,*,#1351,.T.);
#848=CARTESIAN_POINT('',(0.0,0.01,0.0));
#849=DIRECTION('',(-0.0,-0.554700196225229,-0.832050294337844));
#850=DIRECTION('',(-1.0,0.0,0.0));
#851=ORIENTED_EDGE('',*,*,#1352,.T.);
#852=ORIENTED_EDGE('',*,*,#1318,.T.);
#853=ORIENTED_EDGE('',*,*,#1349,.F.);
#854=ORIENTED_EDGE('',*,*,#1185,.F.);
#855=ORIENTED_EDGE('',*,*,#1353,.T.);
#856=ORIENTED_EDGE('',*,*,#1277,.F.);
#857=ORIENTED_EDGE('',*,*,#1354,.F.);
#858=ORIENTED_EDGE('',*,*,#1168,.F.);
#859=CARTESIAN_POINT('',(-1.50351789456382E-20,0.01,2.25527684184573E-20));
#860=DIRECTION('',(0.554700196225229,0.0,-0.832050294337844));
#861=DIRECTION('',(-0.832050294337844,0.0,-0.554700196225229));
#862=ORIENTED_EDGE('',*,*,#1174,.T.);
#863=ORIENTED_EDGE('',*,*,#1304,.F.);
#864=ORIENTED_EDGE('',*,*,#1345,.F.);
#865=ORIENTED_EDGE('',*,*,#1214,.F.);
#866=ORIENTED_EDGE('',*,*,#1325,.F.);
#867=ORIENTED_EDGE('',*,*,#1179,.T.);
#868=ORIENTED_EDGE('',*,*,#1320,.T.);
#869=ORIENTED_EDGE('',*,*,#1344,.F.);
#870=ORIENTED_EDGE('',*,*,#1355,.F.);
#871=ORIENTED_EDGE('',*,*,#1273,.T.);
#872=CARTESIAN_POINT('',(0.01,-3.83323354170858E-20,0.0));
#873=DIRECTION('',(-0.707106781186548,-0.707106781186548,0.0));
#874=DIRECTION('',(0.707106781186548,-0.707106781186548,0.0));
#875=ORIENTED_EDGE('',*,*,#1169,.T.);
#876=ORIENTED_EDGE('',*,*,#1346,.F.);
#877=ORIENTED_EDGE('',*,*,#1274,.T.);
#878=ORIENTED_EDGE('',*,*,#1355,.T.);
#879=ORIENTED_EDGE('',*,*,#1343,.T.);
#880=CARTESIAN_POINT('',(0.01,0.0,0.0));
#881=DIRECTION('',(-0.0,-0.554700196225229,-0.832050294337844));
#882=DIRECTION('',(-1.0,0.0,0.0));
#883=ORIENTED_EDGE('',*,*,#1164,.T.);
#884=ORIENTED_EDGE('',*,*,#1354,.T.);
#885=ORIENTED_EDGE('',*,*,#1276,.F.);
#886=ORIENTED_EDGE('',*,*,#1261,.T.);
#887=ORIENTED_EDGE('',*,*,#1204,.F.);
#888=CARTESIAN_POINT('',(0.01,0.0,0.0));
#889=DIRECTION('',(0.0,0.554700196225229,-0.832050294337844));
#890=DIRECTION('',(-1.0,0.0,0.0));
#891=ORIENTED_EDGE('',*,*,#1158,.T.);
#892=ORIENTED_EDGE('',*,*,#1141,.F.);
#893=ORIENTED_EDGE('',*,*,#1155,.F.);
#894=ORIENTED_EDGE('',*,*,#1161,.T.);
#895=ORIENTED_EDGE('',*,*,#1356,.F.);
#896=ORIENTED_EDGE('',*,*,#1114,.F.);
#897=ORIENTED_EDGE('',*,*,#1234,.F.);
#898=ORIENTED_EDGE('',*,*,#1357,.F.);
#899=CARTESIAN_POINT('',(0.0,0.01,0.0));
#900=DIRECTION('',(0.0,-0.554700196225229,0.832050294337844));
#901=DIRECTION('',(1.0,0.0,0.0));
#902=ORIENTED_EDGE('',*,*,#1152,.T.);
#903=ORIENTED_EDGE('',*,*,#1127,.F.);
#904=ORIENTED_EDGE('',*,*,#1358,.F.);
#905=ORIENTED_EDGE('',*,*,#1225,.F.);
#906=ORIENTED_EDGE('',*,*,#1156,.T.);
#907=ORIENTED_EDGE('',*,*,#1150,.F.);
#908=ORIENTED_EDGE('',*,*,#1359,.F.);
#909=ORIENTED_EDGE('',*,*,#1360,.T.);
#910=CARTESIAN_POINT('',(-7.51758947281911E-21,0.0,0.015));
#911=DIRECTION('',(-0.554700196225229,0.0,-0.832050294337844));
#912=DIRECTION('',(-0.832050294337844,0.0,0.554700196225229));
#913=ORIENTED_EDGE('',*,*,#1144,.T.);
#914=ORIENTED_EDGE('',*,*,#1361,.T.);
#915=ORIENTED_EDGE('',*,*,#1295,.T.);
#916=ORIENTED_EDGE('',*,*,#1362,.T.);
#917=ORIENTED_EDGE('',*,*,#1359,.T.);
#918=ORIENTED_EDGE('',*,*,#1149,.T.);
#919=ORIENTED_EDGE('',*,*,#1332,.F.);
#920=ORIENTED_EDGE('',*,*,#1334,.F.);
#921=CARTESIAN_POINT('',(0.0,-0.01,0.0));
#922=DIRECTION('',(-0.0,0.554700196225229,0.832050294337844));
#923=DIRECTION('',(1.0,0.0,0.0));
#924=ORIENTED_EDGE('',*,*,#1136,.T.);
#925=ORIENTED_EDGE('',*,*,#1296,.T.);
#926=ORIENTED_EDGE('',*,*,#1361,.F.);
#927=ORIENTED_EDGE('',*,*,#1151,.F.);
#928=ORIENTED_EDGE('',*,*,#1140,.T.);
#929=ORIENTED_EDGE('',*,*,#1177,.F.);
#930=ORIENTED_EDGE('',*,*,#1335,.F.);
#931=ORIENTED_EDGE('',*,*,#1220,.F.);
#932=CARTESIAN_POINT('',(0.01,0.0,1.80422147347659E-19));
#933=DIRECTION('',(-0.554700196225229,0.0,0.832050294337844));
#934=DIRECTION('',(0.832050294337844,0.0,0.554700196225229));
#935=ORIENTED_EDGE('',*,*,#1363,.T.);
#936=ORIENTED_EDGE('',*,*,#1132,.F.);
#937=ORIENTED_EDGE('',*,*,#1364,.F.);
#938=ORIENTED_EDGE('',*,*,#1365,.F.);
#939=ORIENTED_EDGE('',*,*,#1366,.T.);
#940=ORIENTED_EDGE('',*,*,#1184,.F.);
#941=ORIENTED_EDGE('',*,*,#1351,.F.);
#942=ORIENTED_EDGE('',*,*,#1367,.T.);
#943=CARTESIAN_POINT('',(-1.50351789456382E-20,0.01,-2.25527684184573E-20));
#944=DIRECTION('',(-0.554700196225229,0.0,-0.832050294337844));
#945=DIRECTION('',(-0.832050294337844,0.0,0.554700196225229));
#946=ORIENTED_EDGE('',*,*,#1250,.F.);
#947=ORIENTED_EDGE('',*,*,#1338,.F.);
#948=ORIENTED_EDGE('',*,*,#1198,.T.);
#949=ORIENTED_EDGE('',*,*,#1189,.T.);
#950=ORIENTED_EDGE('',*,*,#1279,.T.);
#951=ORIENTED_EDGE('',*,*,#1253,.F.);
#952=ORIENTED_EDGE('',*,*,#1368,.T.);
#953=ORIENTED_EDGE('',*,*,#1365,.T.);
#954=ORIENTED_EDGE('',*,*,#1369,.T.);
#955=ORIENTED_EDGE('',*,*,#1370,.F.);
#956=CARTESIAN_POINT('',(0.0,0.0,-0.015));
#957=DIRECTION('',(-0.707106781186547,0.707106781186547,0.0));
#958=DIRECTION('',(-0.707106781186548,-0.707106781186548,0.0));
#959=ORIENTED_EDGE('',*,*,#1131,.T.);
#960=ORIENTED_EDGE('',*,*,#1200,.F.);
#961=ORIENTED_EDGE('',*,*,#1371,.F.);
#962=ORIENTED_EDGE('',*,*,#1369,.F.);
#963=ORIENTED_EDGE('',*,*,#1364,.T.);
#964=CARTESIAN_POINT('',(-0.01,0.01,-0.015));
#965=DIRECTION('',(0.0,-0.554700196225229,0.832050294337844));
#966=DIRECTION('',(1.0,0.0,0.0));
#967=ORIENTED_EDGE('',*,*,#1372,.T.);
#968=ORIENTED_EDGE('',*,*,#1373,.T.);
#969=ORIENTED_EDGE('',*,*,#1374,.F.);
#970=ORIENTED_EDGE('',*,*,#1125,.F.);
#971=ORIENTED_EDGE('',*,*,#1375,.T.);
#972=ORIENTED_EDGE('',*,*,#1115,.F.);
#973=ORIENTED_EDGE('',*,*,#1356,.T.);
#974=ORIENTED_EDGE('',*,*,#1160,.T.);
#975=CARTESIAN_POINT('',(1.50351789456382E-20,0.01,-2.25527684184573E-20));
#976=DIRECTION('',(-0.554700196225229,0.0,0.832050294337844));
#977=DIRECTION('',(0.832050294337844,0.0,0.554700196225229));
#978=ORIENTED_EDGE('',*,*,#1376,.T.);
#979=ORIENTED_EDGE('',*,*,#1159,.T.);
#980=ORIENTED_EDGE('',*,*,#1357,.T.);
#981=ORIENTED_EDGE('',*,*,#1233,.F.);
#982=ORIENTED_EDGE('',*,*,#1377,.T.);
#983=ORIENTED_EDGE('',*,*,#1236,.F.);
#984=ORIENTED_EDGE('',*,*,#1315,.F.);
#985=ORIENTED_EDGE('',*,*,#1378,.T.);
#986=CARTESIAN_POINT('',(1.50351789456382E-20,0.01,2.25527684184573E-20));
#987=DIRECTION('',(0.554700196225229,0.0,0.832050294337844));
#988=DIRECTION('',(0.832050294337844,0.0,-0.554700196225229));
#989=ORIENTED_EDGE('',*,*,#1126,.T.);
#990=ORIENTED_EDGE('',*,*,#1330,.F.);
#991=ORIENTED_EDGE('',*,*,#1379,.F.);
#992=ORIENTED_EDGE('',*,*,#1226,.F.);
#993=ORIENTED_EDGE('',*,*,#1358,.T.);
#994=CARTESIAN_POINT('',(-0.01,-0.01,0.015));
#995=DIRECTION('',(0.0,0.554700196225229,-0.832050294337844));
#996=DIRECTION('',(-1.0,0.0,0.0));
#997=ORIENTED_EDGE('',*,*,#1288,.T.);
#998=ORIENTED_EDGE('',*,*,#1380,.T.);
#999=ORIENTED_EDGE('',*,*,#1360,.F.);
#1000=ORIENTED_EDGE('',*,*,#1362,.F.);
#1001=ORIENTED_EDGE('',*,*,#1294,.T.);
#1002=ORIENTED_EDGE('',*,*,#1291,.T.);
#1003=ORIENTED_EDGE('',*,*,#1308,.F.);
#1004=ORIENTED_EDGE('',*,*,#1331,.F.);
#1005=ORIENTED_EDGE('',*,*,#1129,.F.);
#1006=ORIENTED_EDGE('',*,*,#1381,.F.);
#1007=CARTESIAN_POINT('',(-0.01,-0.01,0.015));
#1008=DIRECTION('',(0.707106781186547,0.707106781186547,0.0));
#1009=DIRECTION('',(-0.707106781186548,0.707106781186548,0.0));
#1010=ORIENTED_EDGE('',*,*,#1122,.T.);
#1011=ORIENTED_EDGE('',*,*,#1374,.T.);
#1012=ORIENTED_EDGE('',*,*,#1382,.T.);
#1013=ORIENTED_EDGE('',*,*,#1383,.F.);
#1014=ORIENTED_EDGE('',*,*,#1157,.T.);
#1015=CARTESIAN_POINT('',(-0.01,0.01,0.015));
#1016=DIRECTION('',(-0.0,-0.554700196225229,-0.832050294337844));
#1017=DIRECTION('',(-1.0,0.0,0.0));
#1018=ORIENTED_EDGE('',*,*,#1287,.T.);
#1019=ORIENTED_EDGE('',*,*,#1384,.F.);
#1020=ORIENTED_EDGE('',*,*,#1382,.F.);
#1021=ORIENTED_EDGE('',*,*,#1373,.F.);
#1022=ORIENTED_EDGE('',*,*,#1385,.T.);
#1023=ORIENTED_EDGE('',*,*,#1284,.T.);
#1024=ORIENTED_EDGE('',*,*,#1386,.T.);
#1025=ORIENTED_EDGE('',*,*,#1162,.F.);
#1026=ORIENTED_EDGE('',*,*,#1153,.F.);
#1027=ORIENTED_EDGE('',*,*,#1380,.F.);
#1028=CARTESIAN_POINT('',(-0.01,0.01,0.015));
#1029=DIRECTION('',(0.707106781186547,-0.707106781186547,0.0));
#1030=DIRECTION('',(0.707106781186548,0.707106781186548,0.0));
#1031=ORIENTED_EDGE('',*,*,#1112,.T.);
#1032=ORIENTED_EDGE('',*,*,#1324,.F.);
#1033=ORIENTED_EDGE('',*,*,#1201,.F.);
#1034=ORIENTED_EDGE('',*,*,#1134,.F.);
#1035=ORIENTED_EDGE('',*,*,#1387,.F.);
#1036=ORIENTED_EDGE('',*,*,#1117,.T.);
#1037=ORIENTED_EDGE('',*,*,#1388,.T.);
#1038=ORIENTED_EDGE('',*,*,#1367,.F.);
#1039=ORIENTED_EDGE('',*,*,#1350,.F.);
#1040=ORIENTED_EDGE('',*,*,#1316,.T.);
#1041=CARTESIAN_POINT('',(3.83323354170858E-20,0.01,0.0));
#1042=DIRECTION('',(-0.707106781186548,-0.707106781186548,0.0));
#1043=DIRECTION('',(0.707106781186548,-0.707106781186548,0.0));
#1044=ORIENTED_EDGE('',*,*,#1283,.T.);
#1045=ORIENTED_EDGE('',*,*,#1389,.T.);
#1046=ORIENTED_EDGE('',*,*,#1378,.F.);
#1047=ORIENTED_EDGE('',*,*,#1314,.F.);
#1048=ORIENTED_EDGE('',*,*,#1267,.T.);
#1049=ORIENTED_EDGE('',*,*,#1281,.T.);
#1050=ORIENTED_EDGE('',*,*,#1297,.F.);
#1051=ORIENTED_EDGE('',*,*,#1143,.F.);
#1052=ORIENTED_EDGE('',*,*,#1163,.F.);
#1053=ORIENTED_EDGE('',*,*,#1386,.F.);
#1054=CARTESIAN_POINT('',(0.01,0.01,0.015));
#1055=DIRECTION('',(-0.707106781186547,-0.707106781186547,0.0));
#1056=DIRECTION('',(0.707106781186548,-0.707106781186548,0.0));
#1057=ORIENTED_EDGE('',*,*,#1252,.F.);
#1058=ORIENTED_EDGE('',*,*,#1390,.F.);
#1059=ORIENTED_EDGE('',*,*,#1363,.F.);
#1060=ORIENTED_EDGE('',*,*,#1388,.F.);
#1061=ORIENTED_EDGE('',*,*,#1116,.F.);
#1062=ORIENTED_EDGE('',*,*,#1375,.F.);
#1063=ORIENTED_EDGE('',*,*,#1391,.F.);
#1064=ORIENTED_EDGE('',*,*,#1285,.T.);
#1065=ORIENTED_EDGE('',*,*,#1385,.F.);
#1066=ORIENTED_EDGE('',*,*,#1372,.F.);
#1067=ORIENTED_EDGE('',*,*,#1376,.F.);
#1068=ORIENTED_EDGE('',*,*,#1389,.F.);
#1069=ORIENTED_EDGE('',*,*,#1282,.T.);
#1070=ORIENTED_EDGE('',*,*,#1265,.T.);
#1071=ORIENTED_EDGE('',*,*,#1377,.F.);
#1072=ORIENTED_EDGE('',*,*,#1232,.F.);
#1073=ORIENTED_EDGE('',*,*,#1319,.F.);
#1074=ORIENTED_EDGE('',*,*,#1352,.F.);
#1075=ORIENTED_EDGE('',*,*,#1263,.T.);
#1076=ORIENTED_EDGE('',*,*,#1239,.F.);
#1077=ORIENTED_EDGE('',*,*,#1278,.F.);
#1078=ORIENTED_EDGE('',*,*,#1353,.F.);
#1079=ORIENTED_EDGE('',*,*,#1366,.F.);
#1080=ORIENTED_EDGE('',*,*,#1368,.F.);
#1081=CARTESIAN_POINT('',(0.0,0.01,0.0));
#1082=DIRECTION('',(0.0,1.0,-0.0));
#1083=DIRECTION('',(-1.0,0.0,0.0));
#1084=ORIENTED_EDGE('',*,*,#1248,.F.);
#1085=ORIENTED_EDGE('',*,*,#1313,.T.);
#1086=ORIENTED_EDGE('',*,*,#1348,.T.);
#1087=ORIENTED_EDGE('',*,*,#1321,.T.);
#1088=ORIENTED_EDGE('',*,*,#1227,.T.);
#1089=ORIENTED_EDGE('',*,*,#1379,.T.);
#1090=ORIENTED_EDGE('',*,*,#1309,.T.);
#1091=ORIENTED_EDGE('',*,*,#1289,.T.);
#1092=ORIENTED_EDGE('',*,*,#1381,.T.);
#1093=ORIENTED_EDGE('',*,*,#1128,.T.);
#1094=ORIENTED_EDGE('',*,*,#1383,.T.);
#1095=ORIENTED_EDGE('',*,*,#1384,.T.);
#1096=ORIENTED_EDGE('',*,*,#1286,.T.);
#1097=ORIENTED_EDGE('',*,*,#1391,.T.);
#1098=ORIENTED_EDGE('',*,*,#1124,.T.);
#1099=ORIENTED_EDGE('',*,*,#1118,.T.);
#1100=ORIENTED_EDGE('',*,*,#1387,.T.);
#1101=ORIENTED_EDGE('',*,*,#1133,.T.);
#1102=ORIENTED_EDGE('',*,*,#1390,.T.);
#1103=ORIENTED_EDGE('',*,*,#1251,.F.);
#1104=ORIENTED_EDGE('',*,*,#1370,.T.);
#1105=ORIENTED_EDGE('',*,*,#1371,.T.);
#1106=ORIENTED_EDGE('',*,*,#1194,.T.);
#1107=ORIENTED_EDGE('',*,*,#1339,.T.);
#1108=CARTESIAN_POINT('',(-0.01,0.0,0.0));
#1109=DIRECTION('',(1.0,0.0,0.0));
#1110=DIRECTION('',(0.0,1.0,0.0));
#1111=COLOUR_RGB('',0.560784339904785,0.686274528503418,0.560784339904785);
#1112=EDGE_CURVE('',#1392,#1393,#1394,.T.);
#1113=EDGE_CURVE('5:140447',#1392,#1395,#1396,.T.);
#1114=EDGE_CURVE('5:141065',#1395,#1397,#1398,.T.);
#1115=EDGE_CURVE('5:145886',#1397,#1399,#1400,.T.);
#1116=EDGE_CURVE('5:145756',#1399,#1401,#1402,.T.);
#1117=EDGE_CURVE('',#1403,#1401,#1404,.T.);
#1118=EDGE_CURVE('5:148684',#1405,#1403,#1406,.T.);
#1119=EDGE_CURVE('5:148847',#1405,#1407,#1408,.T.);
#1120=EDGE_CURVE('5:140330',#1407,#1409,#1410,.T.);
#1121=EDGE_CURVE('5:140099',#1393,#1409,#1411,.T.);
#1122=EDGE_CURVE('',#1412,#1413,#1414,.T.);
#1123=EDGE_CURVE('5:140318',#1412,#1407,#1415,.T.);
#1124=EDGE_CURVE('5:148678',#1416,#1405,#1417,.T.);
#1125=EDGE_CURVE('5:145909',#1416,#1413,#1418,.T.);
#1126=EDGE_CURVE('',#1419,#1420,#1421,.T.);
#1127=EDGE_CURVE('5:140342',#1419,#1422,#1423,.T.);
#1128=EDGE_CURVE('5:148708',#1424,#1422,#1425,.T.);
#1129=EDGE_CURVE('5:148807',#1424,#1426,#1427,.T.);
#1130=EDGE_CURVE('5:146825',#1420,#1426,#1428,.T.);
#1131=EDGE_CURVE('',#1429,#1430,#1431,.T.);
#1132=EDGE_CURVE('5:145846',#1429,#1432,#1433,.T.);
#1133=EDGE_CURVE('5:148687',#1434,#1432,#1435,.T.);
#1134=EDGE_CURVE('5:148857',#1434,#1436,#1437,.T.);
#1135=EDGE_CURVE('5:139529',#1430,#1436,#1438,.T.);
#1136=EDGE_CURVE('',#1439,#1440,#1441,.T.);
#1137=EDGE_CURVE('5:140684',#1442,#1439,#1443,.T.);
#1138=EDGE_CURVE('5:140684',#1444,#1442,#1445,.T.);
#1139=EDGE_CURVE('5:140735',#1446,#1444,#1447,.T.);
#1140=EDGE_CURVE('',#1448,#1446,#1449,.T.);
#1141=EDGE_CURVE('5:141041',#1448,#1450,#1451,.T.);
#1142=EDGE_CURVE('5:141041',#1450,#1452,#1453,.T.);
#1143=EDGE_CURVE('5:141455',#1452,#1440,#1454,.T.);
#1144=EDGE_CURVE('',#1455,#1456,#1457,.T.);
#1145=EDGE_CURVE('5:139976',#1458,#1455,#1459,.T.);
#1146=EDGE_CURVE('5:140021',#1460,#1458,#1461,.T.);
#1147=EDGE_CURVE('5:140009',#1462,#1460,#1463,.T.);
#1148=EDGE_CURVE('5:139997',#1464,#1462,#1465,.T.);
#1149=EDGE_CURVE('',#1466,#1464,#1467,.T.);
#1150=EDGE_CURVE('5:141212',#1466,#1448,#1468,.T.);
#1151=EDGE_CURVE('5:140759',#1448,#1456,#1469,.T.);
#1152=EDGE_CURVE('',#1470,#1422,#1471,.T.);
#1153=EDGE_CURVE('5:141332',#1470,#1472,#1473,.T.);
#1154=EDGE_CURVE('5:141413',#1472,#1474,#1475,.T.);
#1155=EDGE_CURVE('5:141413',#1474,#1448,#1476,.T.);
#1156=EDGE_CURVE('',#1409,#1448,#1477,.T.);
#1157=EDGE_CURVE('5:140318',#1422,#1412,#1478,.T.);
#1158=EDGE_CURVE('',#1479,#1450,#1480,.T.);
#1159=EDGE_CURVE('5:140978',#1481,#1479,#1482,.T.);
#1160=EDGE_CURVE('5:141014',#1483,#1481,#1484,.T.);
#1161=EDGE_CURVE('',#1474,#1483,#1485,.T.);
#1162=EDGE_CURVE('5:141341',#1472,#1486,#1487,.T.);
#1163=EDGE_CURVE('5:141464',#1486,#1452,#1488,.T.);
#1164=EDGE_CURVE('',#1489,#1490,#1491,.T.);
#1165=EDGE_CURVE('5:140540',#1492,#1489,#1493,.T.);
#1166=EDGE_CURVE('5:148122',#1492,#1494,#1495,.T.);
#1167=EDGE_CURVE('5:148070',#1494,#1496,#1497,.T.);
#1168=EDGE_CURVE('5:145879',#1496,#1490,#1498,.T.);
#1169=EDGE_CURVE('',#1499,#1500,#1501,.T.);
#1170=EDGE_CURVE('5:139838',#1499,#1502,#1503,.T.);
#1171=EDGE_CURVE('5:148085',#1502,#1504,#1505,.T.);
#1172=EDGE_CURVE('5:148152',#1506,#1504,#1507,.T.);
#1173=EDGE_CURVE('5:146755',#1500,#1506,#1508,.T.);
#1174=EDGE_CURVE('',#1509,#1510,#1511,.T.);
#1175=EDGE_CURVE('5:148109',#1509,#1512,#1513,.T.);
#1176=EDGE_CURVE('5:148195',#1512,#1514,#1515,.T.);
#1177=EDGE_CURVE('5:140720',#1514,#1446,#1516,.T.);
#1178=EDGE_CURVE('5:140816',#1446,#1517,#1518,.T.);
#1179=EDGE_CURVE('',#1519,#1517,#1520,.T.);
#1180=EDGE_CURVE('5:140078',#1460,#1519,#1521,.T.);
#1181=EDGE_CURVE('5:146712',#1458,#1522,#1523,.T.);
#1182=EDGE_CURVE('5:146589',#1510,#1522,#1524,.T.);
#1183=EDGE_CURVE('',#1525,#1526,#1527,.T.);
#1184=EDGE_CURVE('5:140174',#1525,#1528,#1529,.T.);
#1185=EDGE_CURVE('5:139655',#1528,#1530,#1531,.T.);
#1186=EDGE_CURVE('',#1532,#1530,#1533,.T.);
#1187=EDGE_CURVE('5:139427',#1534,#1532,#1535,.T.);
#1188=EDGE_CURVE('5:139457',#1536,#1534,#1537,.T.);
#1189=EDGE_CURVE('5:139493',#1538,#1536,#1539,.T.);
#1190=EDGE_CURVE('5:139436',#1526,#1538,#1540,.T.);
#1191=EDGE_CURVE('',#1541,#1542,#1543,.T.);
#1192=EDGE_CURVE('5:146882',#1544,#1541,#1545,.T.);
#1193=EDGE_CURVE('5:148817',#1546,#1544,#1547,.T.);
#1194=EDGE_CURVE('5:148696',#1548,#1546,#1549,.T.);
#1195=EDGE_CURVE('5:139559',#1548,#1542,#1550,.T.);
#1196=EDGE_CURVE('',#1551,#1552,#1553,.T.);
#1197=EDGE_CURVE('5:139436',#1551,#1526,#1554,.T.);
#1198=EDGE_CURVE('5:139256',#1555,#1538,#1556,.T.);
#1199=EDGE_CURVE('',#1548,#1555,#1557,.T.);
#1200=EDGE_CURVE('5:139529',#1548,#1430,#1558,.T.);
#1201=EDGE_CURVE('5:140111',#1436,#1552,#1559,.T.);
#1202=EDGE_CURVE('',#1560,#1551,#1561,.T.);
#1203=EDGE_CURVE('5:140477',#1560,#1492,#1562,.T.);
#1204=EDGE_CURVE('5:140540',#1489,#1502,#1563,.T.);
#1205=EDGE_CURVE('',#1564,#1502,#1565,.T.);
#1206=EDGE_CURVE('5:139517',#1534,#1564,#1566,.T.);
#1207=EDGE_CURVE('5:139427',#1532,#1551,#1567,.T.);
#1208=EDGE_CURVE('',#1568,#1569,#1570,.T.);
#1209=EDGE_CURVE('5:139337',#1568,#1551,#1571,.T.);
#1210=EDGE_CURVE('5:139415',#1551,#1572,#1573,.T.);
#1211=EDGE_CURVE('',#1574,#1572,#1575,.T.);
#1212=EDGE_CURVE('5:139754',#1576,#1574,#1577,.T.);
#1213=EDGE_CURVE('5:139715',#1576,#1578,#1579,.T.);
#1214=EDGE_CURVE('5:139772',#1578,#1580,#1581,.T.);
#1215=EDGE_CURVE('5:139175',#1569,#1580,#1582,.T.);
#1216=EDGE_CURVE('',#1583,#1584,#1585,.T.);
#1217=EDGE_CURVE('5:146692',#1586,#1583,#1587,.T.);
#1218=EDGE_CURVE('5:148182',#1586,#1588,#1589,.T.);
#1219=EDGE_CURVE('5:148106',#1588,#1439,#1590,.T.);
#1220=EDGE_CURVE('5:140705',#1439,#1584,#1591,.T.);
#1221=EDGE_CURVE('',#1592,#1593,#1594,.T.);
#1222=EDGE_CURVE('5:146586',#1595,#1592,#1596,.T.);
#1223=EDGE_CURVE('5:146845',#1595,#1462,#1597,.T.);
#1224=EDGE_CURVE('',#1393,#1519,#1598,.T.);
#1225=EDGE_CURVE('5:140384',#1409,#1599,#1600,.T.);
#1226=EDGE_CURVE('5:148784',#1599,#1601,#1602,.T.);
#1227=EDGE_CURVE('5:148714',#1593,#1601,#1603,.T.);
#1228=EDGE_CURVE('',#1517,#1392,#1604,.T.);
#1229=EDGE_CURVE('5:148142',#1444,#1605,#1606,.T.);
#1230=EDGE_CURVE('5:148076',#1605,#1607,#1608,.T.);
#1231=EDGE_CURVE('',#1609,#1607,#1610,.T.);
#1232=EDGE_CURVE('5:145765',#1609,#1611,#1612,.T.);
#1233=EDGE_CURVE('5:145919',#1611,#1613,#1614,.T.);
#1234=EDGE_CURVE('5:140987',#1613,#1395,#1615,.T.);
#1235=EDGE_CURVE('',#1616,#1442,#1617,.T.);
#1236=EDGE_CURVE('5:145936',#1616,#1618,#1619,.T.);
#1237=EDGE_CURVE('5:148082',#1618,#1605,#1620,.T.);
#1238=EDGE_CURVE('5:150530',#1621,#1622,#1623,.T.);
#1239=EDGE_CURVE('5:150551',#1622,#1624,#1625,.T.);
#1240=EDGE_CURVE('5:150542',#1624,#1626,#1627,.T.);
#1241=EDGE_CURVE('5:150533',#1626,#1628,#1629,.T.);
#1242=EDGE_CURVE('5:150521',#1628,#1630,#1631,.T.);
#1243=EDGE_CURVE('5:150545',#1630,#1632,#1633,.T.);
#1244=EDGE_CURVE('5:150512',#1632,#1634,#1635,.T.);
#1245=EDGE_CURVE('5:150518',#1634,#1636,#1637,.T.);
#1246=EDGE_CURVE('5:150527',#1636,#1638,#1639,.T.);
#1247=EDGE_CURVE('5:150515',#1638,#1640,#1641,.T.);
#1248=EDGE_CURVE('5:150554',#1640,#1642,#1643,.T.);
#1249=EDGE_CURVE('5:150524',#1642,#1644,#1645,.T.);
#1250=EDGE_CURVE('5:150536',#1644,#1646,#1647,.T.);
#1251=EDGE_CURVE('5:150557',#1646,#1648,#1649,.T.);
#1252=EDGE_CURVE('5:150548',#1648,#1650,#1651,.T.);
#1253=EDGE_CURVE('5:150539',#1650,#1621,#1652,.T.);
#1254=EDGE_CURVE('5:150739',#1653,#1634,#1654,.T.);
#1255=EDGE_CURVE('5:146805',#1653,#1506,#1655,.T.);
#1256=EDGE_CURVE('5:150699',#1504,#1630,#1656,.T.);
#1257=EDGE_CURVE('5:150682',#1628,#1564,#1657,.T.);
#1258=EDGE_CURVE('5:139376',#1564,#1658,#1659,.T.);
#1259=EDGE_CURVE('5:139409',#1658,#1660,#1661,.T.);
#1260=EDGE_CURVE('5:150762',#1636,#1660,#1662,.T.);
#1261=EDGE_CURVE('5:148079',#1663,#1502,#1664,.T.);
#1262=EDGE_CURVE('5:150662',#1626,#1663,#1665,.T.);
#1263=EDGE_CURVE('5:150639',#1496,#1624,#1666,.T.);
#1264=EDGE_CURVE('5:148076',#1607,#1494,#1667,.T.);
#1265=EDGE_CURVE('5:150052',#1668,#1618,#1669,.T.);
#1266=EDGE_CURVE('5:149955',#1668,#1670,#1671,.T.);
#1267=EDGE_CURVE('5:150029',#1672,#1670,#1673,.T.);
#1268=EDGE_CURVE('5:148100',#1439,#1672,#1674,.T.);
#1269=EDGE_CURVE('5:149992',#1675,#1588,#1676,.T.);
#1270=EDGE_CURVE('5:149940',#1675,#1677,#1678,.T.);
#1271=EDGE_CURVE('5:149999',#1679,#1677,#1680,.T.);
#1272=EDGE_CURVE('5:148115',#1512,#1679,#1681,.T.);
#1273=EDGE_CURVE('5:148109',#1682,#1509,#1683,.T.);
#1274=EDGE_CURVE('5:148103',#1684,#1682,#1685,.T.);
#1275=EDGE_CURVE('5:150722',#1632,#1684,#1686,.T.);
#1276=EDGE_CURVE('5:148135',#1663,#1687,#1688,.T.);
#1277=EDGE_CURVE('5:145816',#1687,#1689,#1690,.T.);
#1278=EDGE_CURVE('5:150619',#1689,#1622,#1691,.T.);
#1279=EDGE_CURVE('5:150609',#1536,#1621,#1692,.T.);
#1280=EDGE_CURVE('5:149943',#1693,#1675,#1694,.T.);
#1281=EDGE_CURVE('5:149949',#1670,#1693,#1695,.T.);
#1282=EDGE_CURVE('5:149961',#1696,#1668,#1697,.T.);
#1283=EDGE_CURVE('5:149967',#1698,#1696,#1699,.T.);
#1284=EDGE_CURVE('5:149973',#1700,#1698,#1701,.T.);
#1285=EDGE_CURVE('5:149979',#1702,#1700,#1703,.T.);
#1286=EDGE_CURVE('5:149985',#1704,#1702,#1705,.T.);
#1287=EDGE_CURVE('5:149982',#1706,#1704,#1707,.T.);
#1288=EDGE_CURVE('5:149976',#1708,#1706,#1709,.T.);
#1289=EDGE_CURVE('5:149970',#1710,#1708,#1711,.T.);
#1290=EDGE_CURVE('5:149964',#1712,#1710,#1713,.T.);
#1291=EDGE_CURVE('5:149958',#1714,#1712,#1715,.T.);
#1292=EDGE_CURVE('5:149952',#1716,#1714,#1717,.T.);
#1293=EDGE_CURVE('5:149946',#1677,#1716,#1718,.T.);
#1294=EDGE_CURVE('5:150039',#1719,#1714,#1720,.T.);
#1295=EDGE_CURVE('5:141227',#1721,#1719,#1722,.T.);
#1296=EDGE_CURVE('5:141536',#1440,#1721,#1723,.T.);
#1297=EDGE_CURVE('5:150009',#1440,#1693,#1724,.T.);
#1298=EDGE_CURVE('5:146745',#1725,#1586,#1726,.T.);
#1299=EDGE_CURVE('5:150022',#1716,#1725,#1727,.T.);
#1300=EDGE_CURVE('5:150752',#1638,#1728,#1729,.T.);
#1301=EDGE_CURVE('5:146565',#1728,#1730,#1731,.T.);
#1302=EDGE_CURVE('5:146574',#1730,#1653,#1732,.T.);
#1303=EDGE_CURVE('5:146571',#1684,#1733,#1734,.T.);
#1304=EDGE_CURVE('5:146589',#1733,#1510,#1735,.T.);
#1305=EDGE_CURVE('5:146604',#1522,#1679,#1736,.T.);
#1306=EDGE_CURVE('5:146601',#1725,#1737,#1738,.T.);
#1307=EDGE_CURVE('5:146580',#1737,#1739,#1740,.T.);
#1308=EDGE_CURVE('5:150059',#1739,#1712,#1741,.T.);
#1309=EDGE_CURVE('5:150079',#1742,#1710,#1743,.T.);
#1310=EDGE_CURVE('5:146577',#1742,#1595,#1744,.T.);
#1311=EDGE_CURVE('5:146586',#1592,#1745,#1746,.T.);
#1312=EDGE_CURVE('5:146568',#1745,#1747,#1748,.T.);
#1313=EDGE_CURVE('5:150732',#1640,#1747,#1749,.T.);
#1314=EDGE_CURVE('5:148165',#1672,#1750,#1751,.T.);
#1315=EDGE_CURVE('5:145936',#1750,#1616,#1752,.T.);
#1316=EDGE_CURVE('5:140447',#1753,#1392,#1754,.T.);
#1317=EDGE_CURVE('5:140504',#1755,#1753,#1756,.T.);
#1318=EDGE_CURVE('5:145899',#1757,#1755,#1758,.T.);
#1319=EDGE_CURVE('5:145765',#1757,#1609,#1759,.T.);
#1320=EDGE_CURVE('5:140816',#1517,#1560,#1760,.T.);
#1321=EDGE_CURVE('5:148714',#1761,#1593,#1762,.T.);
#1322=EDGE_CURVE('5:148794',#1763,#1761,#1764,.T.);
#1323=EDGE_CURVE('5:140177',#1552,#1763,#1765,.T.);
#1324=EDGE_CURVE('5:140099',#1552,#1393,#1766,.T.);
#1325=EDGE_CURVE('5:140078',#1519,#1578,#1767,.T.);
#1326=EDGE_CURVE('5:146865',#1745,#1576,#1768,.T.);
#1327=EDGE_CURVE('5:139754',#1574,#1730,#1769,.T.);
#1328=EDGE_CURVE('5:146832',#1544,#1728,#1770,.T.);
#1329=EDGE_CURVE('5:146882',#1541,#1747,#1771,.T.);
#1330=EDGE_CURVE('5:146825',#1742,#1420,#1772,.T.);
#1331=EDGE_CURVE('5:146772',#1426,#1739,#1773,.T.);
#1332=EDGE_CURVE('5:139997',#1737,#1464,#1774,.T.);
#1333=EDGE_CURVE('5:146692',#1583,#1679,#1775,.T.);
#1334=EDGE_CURVE('5:139976',#1455,#1737,#1776,.T.);
#1335=EDGE_CURVE('5:140705',#1584,#1514,#1777,.T.);
#1336=EDGE_CURVE('5:139190',#1660,#1778,#1779,.T.);
#1337=EDGE_CURVE('5:139292',#1778,#1555,#1780,.T.);
#1338=EDGE_CURVE('5:150689',#1555,#1644,#1781,.T.);
#1339=EDGE_CURVE('5:150709',#1546,#1642,#1782,.T.);
#1340=EDGE_CURVE('5:139175',#1730,#1569,#1783,.T.);
#1341=EDGE_CURVE('5:139415',#1572,#1778,#1784,.T.);
#1342=EDGE_CURVE('5:139337',#1658,#1568,#1785,.T.);
#1343=EDGE_CURVE('5:139838',#1786,#1499,#1787,.T.);
#1344=EDGE_CURVE('5:139784',#1786,#1560,#1788,.T.);
#1345=EDGE_CURVE('5:146732',#1580,#1733,#1789,.T.);
#1346=EDGE_CURVE('5:146755',#1684,#1500,#1790,.T.);
#1347=EDGE_CURVE('5:139559',#1542,#1763,#1791,.T.);
#1348=EDGE_CURVE('5:148699',#1747,#1761,#1792,.T.);
#1349=EDGE_CURVE('5:139655',#1530,#1755,#1793,.T.);
#1350=EDGE_CURVE('5:140543',#1753,#1794,#1795,.T.);
#1351=EDGE_CURVE('5:140174',#1794,#1525,#1796,.T.);
#1352=EDGE_CURVE('5:145759',#1496,#1757,#1797,.T.);
#1353=EDGE_CURVE('5:145735',#1528,#1689,#1798,.T.);
#1354=EDGE_CURVE('5:145879',#1490,#1687,#1799,.T.);
#1355=EDGE_CURVE('5:148175',#1682,#1786,#1800,.T.);
#1356=EDGE_CURVE('5:141014',#1397,#1483,#1801,.T.);
#1357=EDGE_CURVE('5:140978',#1479,#1613,#1802,.T.);
#1358=EDGE_CURVE('5:140342',#1599,#1419,#1803,.T.);
#1359=EDGE_CURVE('5:141212',#1804,#1466,#1805,.T.);
#1360=EDGE_CURVE('5:141146',#1804,#1470,#1806,.T.);
#1361=EDGE_CURVE('5:140759',#1456,#1721,#1807,.T.);
#1362=EDGE_CURVE('5:141311',#1719,#1804,#1808,.T.);
#1363=EDGE_CURVE('5:145750',#1809,#1432,#1810,.T.);
#1364=EDGE_CURVE('5:145846',#1811,#1429,#1812,.T.);
#1365=EDGE_CURVE('5:145799',#1813,#1811,#1814,.T.);
#1366=EDGE_CURVE('5:145729',#1813,#1528,#1815,.T.);
#1367=EDGE_CURVE('5:145866',#1794,#1809,#1816,.T.);
#1368=EDGE_CURVE('5:150632',#1650,#1813,#1817,.T.);
#1369=EDGE_CURVE('5:148834',#1811,#1818,#1819,.T.);
#1370=EDGE_CURVE('5:150672',#1646,#1818,#1820,.T.);
#1371=EDGE_CURVE('5:148690',#1818,#1548,#1821,.T.);
#1372=EDGE_CURVE('5:145786',#1481,#1822,#1823,.T.);
#1373=EDGE_CURVE('5:145969',#1822,#1824,#1825,.T.);
#1374=EDGE_CURVE('5:145909',#1413,#1824,#1826,.T.);
#1375=EDGE_CURVE('5:145762',#1416,#1399,#1827,.T.);
#1376=EDGE_CURVE('5:145792',#1828,#1481,#1829,.T.);
#1377=EDGE_CURVE('5:145771',#1611,#1618,#1830,.T.);
#1378=EDGE_CURVE('5:145986',#1750,#1828,#1831,.T.);
#1379=EDGE_CURVE('5:148711',#1601,#1742,#1832,.T.);
#1380=EDGE_CURVE('5:150122',#1706,#1470,#1833,.T.);
#1381=EDGE_CURVE('5:150102',#1708,#1424,#1834,.T.);
#1382=EDGE_CURVE('5:148824',#1824,#1835,#1836,.T.);
#1383=EDGE_CURVE('5:148681',#1422,#1835,#1837,.T.);
#1384=EDGE_CURVE('5:150139',#1835,#1704,#1838,.T.);
#1385=EDGE_CURVE('5:150109',#1822,#1700,#1839,.T.);
#1386=EDGE_CURVE('5:150092',#1698,#1486,#1840,.T.);
#1387=EDGE_CURVE('5:148684',#1403,#1434,#1841,.T.);
#1388=EDGE_CURVE('5:145756',#1401,#1809,#1842,.T.);
#1389=EDGE_CURVE('5:150072',#1696,#1828,#1843,.T.);
#1390=EDGE_CURVE('5:150649',#1432,#1648,#1844,.T.);
#1391=EDGE_CURVE('5:150132',#1702,#1416,#1845,.T.);
#1392=VERTEX_POINT('',#1846);
#1393=VERTEX_POINT('',#1847);
#1394=LINE('',#1848,#1849);
#1395=VERTEX_POINT('',#1850);
#1396=ELLIPSE('',#1851,0.000436143462635863,0.0003084);
#1397=VERTEX_POINT('',#1852);
#1398=ELLIPSE('',#1853,0.000559449060381362,0.0003084);
#1399=VERTEX_POINT('',#1854);
#1400=ELLIPSE('',#1855,0.000559449060381363,0.0003084);
#1401=VERTEX_POINT('',#1856);
#1402=ELLIPSE('',#1857,0.000436143462635863,0.0003084);
#1403=VERTEX_POINT('',#1858);
#1404=LINE('',#1859,#1860);
#1405=VERTEX_POINT('',#1861);
#1406=ELLIPSE('',#1862,0.000436143462635863,0.0003084);
#1407=VERTEX_POINT('',#1863);
#1408=ELLIPSE('',#1864,0.000559449060381363,0.0003084);
#1409=VERTEX_POINT('',#1865);
#1410=ELLIPSE('',#1866,0.000559449060381361,0.0003084);
#1411=ELLIPSE('',#1867,0.000436143462635861,0.0003084);
#1412=VERTEX_POINT('',#1868);
#1413=VERTEX_POINT('',#1869);
#1414=LINE('',#1870,#1871);
#1415=ELLIPSE('',#1872,0.000786268808996002,0.0003084);
#1416=VERTEX_POINT('',#1873);
#1417=LINE('',#1874,#1875);
#1418=ELLIPSE('',#1876,0.00078626880899601,0.0003084);
#1419=VERTEX_POINT('',#1877);
#1420=VERTEX_POINT('',#1878);
#1421=LINE('',#1879,#1880);
#1422=VERTEX_POINT('',#1881);
#1423=ELLIPSE('',#1882,0.000786268808996002,0.0003084);
#1424=VERTEX_POINT('',#1883);
#1425=LINE('',#1884,#1885);
#1426=VERTEX_POINT('',#1886);
#1427=ELLIPSE('',#1887,0.000559449060381363,0.000308400000000001);
#1428=ELLIPSE('',#1888,0.000786268808996008,0.0003084);
#1429=VERTEX_POINT('',#1889);
#1430=VERTEX_POINT('',#1890);
#1431=LINE('',#1891,#1892);
#1432=VERTEX_POINT('',#1893);
#1433=ELLIPSE('',#1894,0.00078626880899601,0.0003084);
#1434=VERTEX_POINT('',#1895);
#1435=LINE('',#1896,#1897);
#1436=VERTEX_POINT('',#1898);
#1437=ELLIPSE('',#1899,0.000559449060381362,0.0003084);
#1438=ELLIPSE('',#1900,0.000786268808996,0.0003084);
#1439=VERTEX_POINT('',#1901);
#1440=VERTEX_POINT('',#1902);
#1441=LINE('',#1903,#1904);
#1442=VERTEX_POINT('',#1905);
#1443=ELLIPSE('',#1906,0.000786268808996008,0.0003084);
#1444=VERTEX_POINT('',#1907);
#1445=ELLIPSE('',#1908,0.000786268808996008,0.0003084);
#1446=VERTEX_POINT('',#1909);
#1447=ELLIPSE('',#1910,0.000559449060381362,0.0003084);
#1448=VERTEX_POINT('',#1911);
#1449=LINE('',#1912,#1913);
#1450=VERTEX_POINT('',#1914);
#1451=ELLIPSE('',#1915,0.000786268808996002,0.0003084);
#1452=VERTEX_POINT('',#1916);
#1453=ELLIPSE('',#1917,0.000786268808996002,0.0003084);
#1454=ELLIPSE('',#1918,0.000559449060381361,0.000308400000000001);
#1455=VERTEX_POINT('',#1919);
#1456=VERTEX_POINT('',#1920);
#1457=LINE('',#1921,#1922);
#1458=VERTEX_POINT('',#1923);
#1459=ELLIPSE('',#1924,0.000786268808996007,0.0003084);
#1460=VERTEX_POINT('',#1925);
#1461=ELLIPSE('',#1926,0.000559449060381364,0.0003084);
#1462=VERTEX_POINT('',#1927);
#1463=ELLIPSE('',#1928,0.000559449060381362,0.0003084);
#1464=VERTEX_POINT('',#1929);
#1465=ELLIPSE('',#1930,0.000786268808996007,0.0003084);
#1466=VERTEX_POINT('',#1931);
#1467=LINE('',#1932,#1933);
#1468=ELLIPSE('',#1934,0.000786268808996006,0.0003084);
#1469=ELLIPSE('',#1935,0.000786268808996005,0.0003084);
#1470=VERTEX_POINT('',#1936);
#1471=LINE('',#1937,#1938);
#1472=VERTEX_POINT('',#1939);
#1473=ELLIPSE('',#1940,0.000559449060381367,0.000308400000000001);
#1474=VERTEX_POINT('',#1941);
#1475=ELLIPSE('',#1942,0.000786268808996011,0.0003084);
#1476=ELLIPSE('',#1943,0.000786268808996011,0.0003084);
#1477=LINE('',#1944,#1945);
#1478=ELLIPSE('',#1946,0.000786268808996002,0.0003084);
#1479=VERTEX_POINT('',#1947);
#1480=LINE('',#1948,#1949);
#1481=VERTEX_POINT('',#1950);
#1482=ELLIPSE('',#1951,0.000786268808996008,0.0003084);
#1483=VERTEX_POINT('',#1952);
#1484=ELLIPSE('',#1953,0.000786268808996008,0.0003084);
#1485=LINE('',#1954,#1955);
#1486=VERTEX_POINT('',#1956);
#1487=ELLIPSE('',#1957,0.00055944906038136,0.000308400000000001);
#1488=ELLIPSE('',#1958,0.00055944906038136,0.000308400000000001);
#1489=VERTEX_POINT('',#1959);
#1490=VERTEX_POINT('',#1960);
#1491=LINE('',#1961,#1962);
#1492=VERTEX_POINT('',#1963);
#1493=ELLIPSE('',#1964,0.000786268808996007,0.000308400000000001);
#1494=VERTEX_POINT('',#1965);
#1495=ELLIPSE('',#1966,0.000559449060381363,0.0003084);
#1496=VERTEX_POINT('',#1967);
#1497=LINE('',#1968,#1969);
#1498=ELLIPSE('',#1970,0.000786268808996002,0.0003084);
#1499=VERTEX_POINT('',#1971);
#1500=VERTEX_POINT('',#1972);
#1501=LINE('',#1973,#1974);
#1502=VERTEX_POINT('',#1975);
#1503=ELLIPSE('',#1976,0.000786268808996008,0.0003084);
#1504=VERTEX_POINT('',#1977);
#1505=LINE('',#1978,#1979);
#1506=VERTEX_POINT('',#1980);
#1507=ELLIPSE('',#1981,0.000559449060381363,0.0003084);
#1508=ELLIPSE('',#1982,0.000786268808996011,0.0003084);
#1509=VERTEX_POINT('',#1983);
#1510=VERTEX_POINT('',#1984);
#1511=LINE('',#1985,#1986);
#1512=VERTEX_POINT('',#1987);
#1513=ELLIPSE('',#1988,0.000436143462635863,0.0003084);
#1514=VERTEX_POINT('',#1989);
#1515=ELLIPSE('',#1990,0.000559449060381362,0.0003084);
#1516=ELLIPSE('',#1991,0.000559449060381362,0.0003084);
#1517=VERTEX_POINT('',#1992);
#1518=ELLIPSE('',#1993,0.000436143462635863,0.0003084);
#1519=VERTEX_POINT('',#1994);
#1520=LINE('',#1995,#1996);
#1521=ELLIPSE('',#1997,0.000436143462635863,0.0003084);
#1522=VERTEX_POINT('',#1998);
#1523=ELLIPSE('',#1999,0.000559449060381358,0.0003084);
#1524=ELLIPSE('',#2000,0.000436143462635863,0.0003084);
#1525=VERTEX_POINT('',#2001);
#1526=VERTEX_POINT('',#2002);
#1527=LINE('',#2003,#2004);
#1528=VERTEX_POINT('',#2005);
#1529=ELLIPSE('',#2006,0.000786268808996009,0.0003084);
#1530=VERTEX_POINT('',#2007);
#1531=ELLIPSE('',#2008,0.000786268808996009,0.0003084);
#1532=VERTEX_POINT('',#2009);
#1533=LINE('',#2010,#2011);
#1534=VERTEX_POINT('',#2012);
#1535=ELLIPSE('',#2013,0.000786268808996002,0.0003084);
#1536=VERTEX_POINT('',#2014);
#1537=ELLIPSE('',#2015,0.000559449060381363,0.0003084);
#1538=VERTEX_POINT('',#2016);
#1539=ELLIPSE('',#2017,0.000559449060381363,0.0003084);
#1540=ELLIPSE('',#2018,0.000786268808996011,0.0003084);
#1541=VERTEX_POINT('',#2019);
#1542=VERTEX_POINT('',#2020);
#1543=LINE('',#2021,#2022);
#1544=VERTEX_POINT('',#2023);
#1545=ELLIPSE('',#2024,0.000786268808996008,0.0003084);
#1546=VERTEX_POINT('',#2025);
#1547=ELLIPSE('',#2026,0.000559449060381363,0.0003084);
#1548=VERTEX_POINT('',#2027);
#1549=LINE('',#2028,#2029);
#1550=ELLIPSE('',#2030,0.000786268808996002,0.0003084);
#1551=VERTEX_POINT('',#2031);
#1552=VERTEX_POINT('',#2032);
#1553=LINE('',#2033,#2034);
#1554=ELLIPSE('',#2035,0.000786268808996011,0.0003084);
#1555=VERTEX_POINT('',#2036);
#1556=ELLIPSE('',#2037,0.000559449060381361,0.0003084);
#1557=LINE('',#2038,#2039);
#1558=ELLIPSE('',#2040,0.000786268808996,0.0003084);
#1559=ELLIPSE('',#2041,0.000559449060381355,0.0003084);
#1560=VERTEX_POINT('',#2042);
#1561=LINE('',#2043,#2044);
#1562=ELLIPSE('',#2045,0.000559449060381363,0.0003084);
#1563=ELLIPSE('',#2046,0.000786268808996007,0.000308400000000001);
#1564=VERTEX_POINT('',#2047);
#1565=LINE('',#2048,#2049);
#1566=ELLIPSE('',#2050,0.000559449060381365,0.0003084);
#1567=ELLIPSE('',#2051,0.000786268808996002,0.0003084);
#1568=VERTEX_POINT('',#2052);
#1569=VERTEX_POINT('',#2053);
#1570=LINE('',#2054,#2055);
#1571=ELLIPSE('',#2056,0.000786268808996009,0.0003084);
#1572=VERTEX_POINT('',#2057);
#1573=ELLIPSE('',#2058,0.000786268808996008,0.0003084);
#1574=VERTEX_POINT('',#2059);
#1575=LINE('',#2060,#2061);
#1576=VERTEX_POINT('',#2062);
#1577=ELLIPSE('',#2063,0.000786268808996002,0.0003084);
#1578=VERTEX_POINT('',#2064);
#1579=ELLIPSE('',#2065,0.000559449060381363,0.0003084);
#1580=VERTEX_POINT('',#2066);
#1581=ELLIPSE('',#2067,0.000559449060381358,0.0003084);
#1582=ELLIPSE('',#2068,0.000786268808996002,0.0003084);
#1583=VERTEX_POINT('',#2069);
#1584=VERTEX_POINT('',#2070);
#1585=LINE('',#2071,#2072);
#1586=VERTEX_POINT('',#2073);
#1587=ELLIPSE('',#2074,0.000786268808996011,0.0003084);
#1588=VERTEX_POINT('',#2075);
#1589=ELLIPSE('',#2076,0.000559449060381365,0.000308400000000001);
#1590=LINE('',#2077,#2078);
#1591=ELLIPSE('',#2079,0.000786268808996008,0.0003084);
#1592=VERTEX_POINT('',#2080);
#1593=VERTEX_POINT('',#2081);
#1594=LINE('',#2082,#2083);
#1595=VERTEX_POINT('',#2084);
#1596=ELLIPSE('',#2085,0.000436143462635863,0.0003084);
#1597=ELLIPSE('',#2086,0.000559449060381361,0.0003084);
#1598=LINE('',#2087,#2088);
#1599=VERTEX_POINT('',#2089);
#1600=ELLIPSE('',#2090,0.000559449060381361,0.0003084);
#1601=VERTEX_POINT('',#2091);
#1602=ELLIPSE('',#2092,0.000559449060381363,0.0003084);
#1603=ELLIPSE('',#2093,0.000436143462635863,0.0003084);
#1604=LINE('',#2094,#2095);
#1605=VERTEX_POINT('',#2096);
#1606=ELLIPSE('',#2097,0.000559449060381362,0.0003084);
#1607=VERTEX_POINT('',#2098);
#1608=ELLIPSE('',#2099,0.000436143462635863,0.0003084);
#1609=VERTEX_POINT('',#2100);
#1610=LINE('',#2101,#2102);
#1611=VERTEX_POINT('',#2103);
#1612=ELLIPSE('',#2104,0.000436143462635863,0.0003084);
#1613=VERTEX_POINT('',#2105);
#1614=ELLIPSE('',#2106,0.000559449060381362,0.0003084);
#1615=ELLIPSE('',#2107,0.000559449060381364,0.0003084);
#1616=VERTEX_POINT('',#2108);
#1617=LINE('',#2109,#2110);
#1618=VERTEX_POINT('',#2111);
#1619=ELLIPSE('',#2112,0.000786268808996002,0.0003084);
#1620=LINE('',#2113,#2114);
#1621=VERTEX_POINT('',#2115);
#1622=VERTEX_POINT('',#2116);
#1623=LINE('',#2117,#2118);
#1624=VERTEX_POINT('',#2119);
#1625=LINE('',#2120,#2121);
#1626=VERTEX_POINT('',#2122);
#1627=LINE('',#2123,#2124);
#1628=VERTEX_POINT('',#2125);
#1629=LINE('',#2126,#2127);
#1630=VERTEX_POINT('',#2128);
#1631=LINE('',#2129,#2130);
#1632=VERTEX_POINT('',#2131);
#1633=LINE('',#2132,#2133);
#1634=VERTEX_POINT('',#2134);
#1635=LINE('',#2135,#2136);
#1636=VERTEX_POINT('',#2137);
#1637=LINE('',#2138,#2139);
#1638=VERTEX_POINT('',#2140);
#1639=LINE('',#2141,#2142);
#1640=VERTEX_POINT('',#2143);
#1641=LINE('',#2144,#2145);
#1642=VERTEX_POINT('',#2146);
#1643=LINE('',#2147,#2148);
#1644=VERTEX_POINT('',#2149);
#1645=LINE('',#2150,#2151);
#1646=VERTEX_POINT('',#2152);
#1647=LINE('',#2153,#2154);
#1648=VERTEX_POINT('',#2155);
#1649=LINE('',#2156,#2157);
#1650=VERTEX_POINT('',#2158);
#1651=LINE('',#2159,#2160);
#1652=LINE('',#2161,#2162);
#1653=VERTEX_POINT('',#2163);
#1654=ELLIPSE('',#2164,0.000436143462635864,0.000308400000000001);
#1655=ELLIPSE('',#2165,0.000559449060381362,0.0003084);
#1656=ELLIPSE('',#2166,0.000436143462635864,0.000308400000000001);
#1657=ELLIPSE('',#2167,0.000436143462635861,0.0003084);
#1658=VERTEX_POINT('',#2168);
#1659=ELLIPSE('',#2169,0.000559449060381363,0.0003084);
#1660=VERTEX_POINT('',#2170);
#1661=ELLIPSE('',#2171,0.000559449060381363,0.0003084);
#1662=ELLIPSE('',#2172,0.000436143462635865,0.000308400000000001);
#1663=VERTEX_POINT('',#2173);
#1664=LINE('',#2174,#2175);
#1665=ELLIPSE('',#2176,0.000436143462635863,0.0003084);
#1666=LINE('',#2177,#2178);
#1667=ELLIPSE('',#2179,0.000436143462635863,0.0003084);
#1668=VERTEX_POINT('',#2180);
#1669=LINE('',#2181,#2182);
#1670=VERTEX_POINT('',#2183);
#1671=LINE('',#2184,#2185);
#1672=VERTEX_POINT('',#2186);
#1673=ELLIPSE('',#2187,0.000436143462635864,0.000308400000000001);
#1674=LINE('',#2188,#2189);
#1675=VERTEX_POINT('',#2190);
#1676=ELLIPSE('',#2191,0.000436143462635864,0.000308400000000001);
#1677=VERTEX_POINT('',#2192);
#1678=LINE('',#2193,#2194);
#1679=VERTEX_POINT('',#2195);
#1680=LINE('',#2196,#2197);
#1681=LINE('',#2198,#2199);
#1682=VERTEX_POINT('',#2200);
#1683=ELLIPSE('',#2201,0.000436143462635863,0.0003084);
#1684=VERTEX_POINT('',#2202);
#1685=LINE('',#2203,#2204);
#1686=LINE('',#2205,#2206);
#1687=VERTEX_POINT('',#2207);
#1688=ELLIPSE('',#2208,0.000559449060381361,0.0003084);
#1689=VERTEX_POINT('',#2209);
#1690=ELLIPSE('',#2210,0.00055944906038136,0.0003084);
#1691=ELLIPSE('',#2211,0.000436143462635863,0.0003084);
#1692=ELLIPSE('',#2212,0.000436143462635863,0.0003084);
#1693=VERTEX_POINT('',#2213);
#1694=LINE('',#2214,#2215);
#1695=LINE('',#2216,#2217);
#1696=VERTEX_POINT('',#2218);
#1697=LINE('',#2219,#2220);
#1698=VERTEX_POINT('',#2221);
#1699=LINE('',#2222,#2223);
#1700=VERTEX_POINT('',#2224);
#1701=LINE('',#2225,#2226);
#1702=VERTEX_POINT('',#2227);
#1703=LINE('',#2228,#2229);
#1704=VERTEX_POINT('',#2230);
#1705=LINE('',#2231,#2232);
#1706=VERTEX_POINT('',#2233);
#1707=LINE('',#2234,#2235);
#1708=VERTEX_POINT('',#2236);
#1709=LINE('',#2237,#2238);
#1710=VERTEX_POINT('',#2239);
#1711=LINE('',#2240,#2241);
#1712=VERTEX_POINT('',#2242);
#1713=LINE('',#2243,#2244);
#1714=VERTEX_POINT('',#2245);
#1715=LINE('',#2246,#2247);
#1716=VERTEX_POINT('',#2248);
#1717=LINE('',#2249,#2250);
#1718=LINE('',#2251,#2252);
#1719=VERTEX_POINT('',#2253);
#1720=ELLIPSE('',#2254,0.000436143462635865,0.000308400000000001);
#1721=VERTEX_POINT('',#2255);
#1722=ELLIPSE('',#2256,0.00055944906038136,0.000308400000000001);
#1723=ELLIPSE('',#2257,0.000559449060381361,0.000308400000000001);
#1724=ELLIPSE('',#2258,0.000436143462635865,0.000308400000000001);
#1725=VERTEX_POINT('',#2259);
#1726=ELLIPSE('',#2260,0.000559449060381363,0.000308400000000001);
#1727=ELLIPSE('',#2261,0.000436143462635864,0.000308400000000001);
#1728=VERTEX_POINT('',#2262);
#1729=ELLIPSE('',#2263,0.000436143462635864,0.000308400000000001);
#1730=VERTEX_POINT('',#2264);
#1731=LINE('',#2265,#2266);
#1732=LINE('',#2267,#2268);
#1733=VERTEX_POINT('',#2269);
#1734=LINE('',#2270,#2271);
#1735=ELLIPSE('',#2272,0.000436143462635863,0.0003084);
#1736=LINE('',#2273,#2274);
#1737=VERTEX_POINT('',#2275);
#1738=LINE('',#2276,#2277);
#1739=VERTEX_POINT('',#2278);
#1740=LINE('',#2279,#2280);
#1741=ELLIPSE('',#2281,0.000436143462635864,0.000308400000000001);
#1742=VERTEX_POINT('',#2282);
#1743=LINE('',#2283,#2284);
#1744=LINE('',#2285,#2286);
#1745=VERTEX_POINT('',#2287);
#1746=ELLIPSE('',#2288,0.000436143462635863,0.0003084);
#1747=VERTEX_POINT('',#2289);
#1748=LINE('',#2290,#2291);
#1749=LINE('',#2292,#2293);
#1750=VERTEX_POINT('',#2294);
#1751=ELLIPSE('',#2295,0.000559449060381365,0.000308400000000001);
#1752=ELLIPSE('',#2296,0.000786268808996002,0.0003084);
#1753=VERTEX_POINT('',#2297);
#1754=ELLIPSE('',#2298,0.000436143462635863,0.0003084);
#1755=VERTEX_POINT('',#2299);
#1756=ELLIPSE('',#2300,0.000559449060381367,0.0003084);
#1757=VERTEX_POINT('',#2301);
#1758=ELLIPSE('',#2302,0.000559449060381366,0.0003084);
#1759=ELLIPSE('',#2303,0.000436143462635863,0.0003084);
#1760=ELLIPSE('',#2304,0.000436143462635863,0.0003084);
#1761=VERTEX_POINT('',#2305);
#1762=ELLIPSE('',#2306,0.000436143462635863,0.0003084);
#1763=VERTEX_POINT('',#2307);
#1764=ELLIPSE('',#2308,0.000559449060381362,0.0003084);
#1765=ELLIPSE('',#2309,0.000559449060381355,0.0003084);
#1766=ELLIPSE('',#2310,0.000436143462635861,0.0003084);
#1767=ELLIPSE('',#2311,0.000436143462635863,0.0003084);
#1768=ELLIPSE('',#2312,0.000559449060381364,0.0003084);
#1769=ELLIPSE('',#2313,0.000786268808996002,0.0003084);
#1770=ELLIPSE('',#2314,0.000559449060381362,0.0003084);
#1771=ELLIPSE('',#2315,0.000786268808996008,0.0003084);
#1772=ELLIPSE('',#2316,0.000786268808996008,0.0003084);
#1773=ELLIPSE('',#2317,0.000559449060381363,0.000308400000000001);
#1774=ELLIPSE('',#2318,0.000786268808996007,0.0003084);
#1775=ELLIPSE('',#2319,0.000786268808996011,0.0003084);
#1776=ELLIPSE('',#2320,0.000786268808996007,0.0003084);
#1777=ELLIPSE('',#2321,0.000786268808996008,0.0003084);
#1778=VERTEX_POINT('',#2322);
#1779=ELLIPSE('',#2323,0.000559449060381363,0.0003084);
#1780=ELLIPSE('',#2324,0.000559449060381361,0.0003084);
#1781=ELLIPSE('',#2325,0.000436143462635861,0.0003084);
#1782=ELLIPSE('',#2326,0.000436143462635864,0.000308400000000001);
#1783=ELLIPSE('',#2327,0.000786268808996002,0.0003084);
#1784=ELLIPSE('',#2328,0.000786268808996008,0.0003084);
#1785=ELLIPSE('',#2329,0.000786268808996009,0.0003084);
#1786=VERTEX_POINT('',#2330);
#1787=ELLIPSE('',#2331,0.000786268808996008,0.0003084);
#1788=ELLIPSE('',#2332,0.000559449060381363,0.0003084);
#1789=ELLIPSE('',#2333,0.000559449060381361,0.0003084);
#1790=ELLIPSE('',#2334,0.000786268808996011,0.0003084);
#1791=ELLIPSE('',#2335,0.000786268808996002,0.0003084);
#1792=LINE('',#2336,#2337);
#1793=ELLIPSE('',#2338,0.000786268808996009,0.0003084);
#1794=VERTEX_POINT('',#2339);
#1795=ELLIPSE('',#2340,0.000559449060381363,0.0003084);
#1796=ELLIPSE('',#2341,0.000786268808996009,0.0003084);
#1797=LINE('',#2342,#2343);
#1798=LINE('',#2344,#2345);
#1799=ELLIPSE('',#2346,0.000786268808996002,0.0003084);
#1800=ELLIPSE('',#2347,0.000559449060381363,0.0003084);
#1801=ELLIPSE('',#2348,0.000786268808996008,0.0003084);
#1802=ELLIPSE('',#2349,0.000786268808996008,0.0003084);
#1803=ELLIPSE('',#2350,0.000786268808996002,0.0003084);
#1804=VERTEX_POINT('',#2351);
#1805=ELLIPSE('',#2352,0.000786268808996006,0.0003084);
#1806=ELLIPSE('',#2353,0.000559449060381367,0.000308400000000001);
#1807=ELLIPSE('',#2354,0.000786268808996005,0.0003084);
#1808=ELLIPSE('',#2355,0.00055944906038136,0.000308400000000001);
#1809=VERTEX_POINT('',#2356);
#1810=LINE('',#2357,#2358);
#1811=VERTEX_POINT('',#2359);
#1812=ELLIPSE('',#2360,0.00078626880899601,0.0003084);
#1813=VERTEX_POINT('',#2361);
#1814=ELLIPSE('',#2362,0.00055944906038136,0.0003084);
#1815=LINE('',#2363,#2364);
#1816=ELLIPSE('',#2365,0.000559449060381363,0.0003084);
#1817=ELLIPSE('',#2366,0.000436143462635863,0.0003084);
#1818=VERTEX_POINT('',#2367);
#1819=ELLIPSE('',#2368,0.000559449060381363,0.0003084);
#1820=ELLIPSE('',#2369,0.000436143462635863,0.0003084);
#1821=LINE('',#2370,#2371);
#1822=VERTEX_POINT('',#2372);
#1823=LINE('',#2373,#2374);
#1824=VERTEX_POINT('',#2375);
#1825=ELLIPSE('',#2376,0.000559449060381364,0.000308400000000001);
#1826=ELLIPSE('',#2377,0.00078626880899601,0.0003084);
#1827=LINE('',#2378,#2379);
#1828=VERTEX_POINT('',#2380);
#1829=LINE('',#2381,#2382);
#1830=LINE('',#2383,#2384);
#1831=ELLIPSE('',#2385,0.000559449060381364,0.000308400000000001);
#1832=LINE('',#2386,#2387);
#1833=ELLIPSE('',#2388,0.000436143462635865,0.000308400000000001);
#1834=ELLIPSE('',#2389,0.000436143462635864,0.000308400000000001);
#1835=VERTEX_POINT('',#2390);
#1836=ELLIPSE('',#2391,0.000559449060381363,0.000308400000000001);
#1837=LINE('',#2392,#2393);
#1838=ELLIPSE('',#2394,0.000436143462635864,0.000308400000000001);
#1839=ELLIPSE('',#2395,0.000436143462635864,0.000308400000000001);
#1840=ELLIPSE('',#2396,0.000436143462635865,0.000308400000000001);
#1841=ELLIPSE('',#2397,0.000436143462635863,0.0003084);
#1842=ELLIPSE('',#2398,0.000436143462635863,0.0003084);
#1843=ELLIPSE('',#2399,0.000436143462635864,0.000308400000000001);
#1844=LINE('',#2400,#2401);
#1845=LINE('',#2402,#2403);
#1846=CARTESIAN_POINT('',(2.71050543121376E-19,0.00956385653736414,-3.77681072857042E-20));
#1847=CARTESIAN_POINT('',(-0.00956385653736414,-3.44234189764148E-18,3.77681072857037E-20));
#1848=CARTESIAN_POINT('',(0.000218071731317932,0.00978192826868207,-3.77681072857045E-20));
#1849=VECTOR('',#2404,1.0);
#1850=CARTESIAN_POINT('',(2.62389967471169E-19,0.0095777921429121,7.73357789553002E-05));
#1851=AXIS2_PLACEMENT_3D('',#2405,#2406,#2407);
#1852=CARTESIAN_POINT('',(-0.000298546038817093,0.00970145396118291,0.000308400000000001));
#1853=AXIS2_PLACEMENT_3D('',#2408,#2409,#2410);
#1854=CARTESIAN_POINT('',(-0.000422207857087898,0.01,7.73357789552998E-05));
#1855=AXIS2_PLACEMENT_3D('',#2411,#2412,#2413);
#1856=CARTESIAN_POINT('',(-0.000436143462635863,0.01,3.77681072857043E-20));
#1857=AXIS2_PLACEMENT_3D('',#2414,#2415,#2416);
#1858=CARTESIAN_POINT('',(-0.01,0.000436143462635863,3.77681072857043E-20));
#1859=CARTESIAN_POINT('',(-0.000218071731317931,0.0102180717313179,3.77681072857043E-20));
#1860=VECTOR('',#2417,1.0);
#1861=CARTESIAN_POINT('',(-0.01,0.000422207857087896,7.73357789552962E-05));
#1862=AXIS2_PLACEMENT_3D('',#2418,#2419,#2420);
#1863=CARTESIAN_POINT('',(-0.00970145396118291,0.000298546038817093,0.000308399999999997));
#1864=AXIS2_PLACEMENT_3D('',#2421,#2422,#2423);
#1865=CARTESIAN_POINT('',(-0.0095777921429121,-3.38778027104518E-18,7.7335778955296E-05));
#1866=AXIS2_PLACEMENT_3D('',#2424,#2425,#2426);
#1867=AXIS2_PLACEMENT_3D('',#2427,#2428,#2429);
#1868=CARTESIAN_POINT('',(-0.00969160000000001,0.0003084,0.000462600000000001));
#1869=CARTESIAN_POINT('',(-0.0096916,0.0096916,0.0145374));
#1870=CARTESIAN_POINT('',(-0.0096916,0.005,0.0075));
#1871=VECTOR('',#2430,1.0);
#1872=AXIS2_PLACEMENT_3D('',#2431,#2432,#2433);
#1873=CARTESIAN_POINT('',(-0.01,0.01,0.0144440239933235));
#1874=CARTESIAN_POINT('',(-0.01,0.0102566043107738,0.0148289304594841));
#1875=VECTOR('',#2434,1.0);
#1876=AXIS2_PLACEMENT_3D('',#2435,#2436,#2437);
#1877=CARTESIAN_POINT('',(-0.00969160000000001,-0.0003084,0.000462600000000001));
#1878=CARTESIAN_POINT('',(-0.0096916,-0.0096916,0.0145374));
#1879=CARTESIAN_POINT('',(-0.0096916,-0.005,0.0075));
#1880=VECTOR('',#2438,1.0);
#1881=CARTESIAN_POINT('',(-0.01,-5.20417042793042E-18,0.00055597600667654));
#1882=AXIS2_PLACEMENT_3D('',#2439,#2440,#2441);
#1883=CARTESIAN_POINT('',(-0.01,-0.0095777921429121,0.0149226642210447));
#1884=CARTESIAN_POINT('',(-0.01,-0.00974339568922621,0.0151710695405159));
#1885=VECTOR('',#2442,1.0);
#1886=CARTESIAN_POINT('',(-0.00970145396118291,-0.0097014539611829,0.0146916));
#1887=AXIS2_PLACEMENT_3D('',#2443,#2444,#2445);
#1888=AXIS2_PLACEMENT_3D('',#2446,#2447,#2448);
#1889=CARTESIAN_POINT('',(-0.0096916,0.0096916,-0.0145374));
#1890=CARTESIAN_POINT('',(-0.0096916,0.000308399999999993,-0.000462599999999991));
#1891=CARTESIAN_POINT('',(-0.0096916,0.005,-0.0075));
#1892=VECTOR('',#2449,1.0);
#1893=CARTESIAN_POINT('',(-0.01,0.01,-0.0144440239933235));
#1894=AXIS2_PLACEMENT_3D('',#2450,#2451,#2452);
#1895=CARTESIAN_POINT('',(-0.01,0.000422207857087897,-7.73357789553013E-05));
#1896=CARTESIAN_POINT('',(-0.01,0.0102566043107738,-0.0148289304594841));
#1897=VECTOR('',#2453,1.0);
#1898=CARTESIAN_POINT('',(-0.00970145396118291,0.000298546038817088,-0.0003084));
#1899=AXIS2_PLACEMENT_3D('',#2454,#2455,#2456);
#1900=AXIS2_PLACEMENT_3D('',#2457,#2458,#2459);
#1901=CARTESIAN_POINT('',(0.01,-5.42101086242752E-20,0.000555976006676548));
#1902=CARTESIAN_POINT('',(0.000422207857087897,6.58491465252276E-19,0.0149226642210447));
#1903=CARTESIAN_POINT('',(0.00525660431077379,-3.77681072857044E-20,0.00767106954051586));
#1904=VECTOR('',#2460,1.0);
#1905=CARTESIAN_POINT('',(0.0096916,0.0003084,0.0004626));
#1906=AXIS2_PLACEMENT_3D('',#2461,#2462,#2463);
#1907=CARTESIAN_POINT('',(0.00970145396118291,0.000298546038817093,0.000308399999999999));
#1908=AXIS2_PLACEMENT_3D('',#2464,#2465,#2466);
#1909=CARTESIAN_POINT('',(0.0095777921429121,-4.31917286623839E-19,7.73357789552992E-05));
#1910=AXIS2_PLACEMENT_3D('',#2467,#2468,#2469);
#1911=CARTESIAN_POINT('',(1.29133677319127E-18,-1.81420933166135E-18,0.0144440239933235));
#1912=CARTESIAN_POINT('',(0.00474339568922621,3.77681072857043E-20,0.00732893045948414));
#1913=VECTOR('',#2470,1.0);
#1914=CARTESIAN_POINT('',(0.0003084,0.000308399999999995,0.0145374));
#1915=AXIS2_PLACEMENT_3D('',#2471,#2472,#2473);
#1916=CARTESIAN_POINT('',(0.000298546038817094,0.000298546038817089,0.0146916));
#1917=AXIS2_PLACEMENT_3D('',#2474,#2475,#2476);
#1918=AXIS2_PLACEMENT_3D('',#2477,#2478,#2479);
#1919=CARTESIAN_POINT('',(0.000308399999999999,-0.0096916,0.000462599999999996));
#1920=CARTESIAN_POINT('',(0.000308399999999996,-0.0003084,0.0145374));
#1921=CARTESIAN_POINT('',(0.0003084,-0.005,0.0075));
#1922=VECTOR('',#2480,1.0);
#1923=CARTESIAN_POINT('',(0.000298546038817092,-0.00970145396118291,0.000308399999999993));
#1924=AXIS2_PLACEMENT_3D('',#2481,#2482,#2483);
#1925=CARTESIAN_POINT('',(-1.52481150199987E-18,-0.0095777921429121,7.73357789552977E-05));
#1926=AXIS2_PLACEMENT_3D('',#2484,#2485,#2486);
#1927=CARTESIAN_POINT('',(-0.000298546038817092,-0.00970145396118291,0.000308399999999996));
#1928=AXIS2_PLACEMENT_3D('',#2487,#2488,#2489);
#1929=CARTESIAN_POINT('',(-0.000308399999999999,-0.0096916,0.000462599999999996));
#1930=AXIS2_PLACEMENT_3D('',#2490,#2491,#2492);
#1931=CARTESIAN_POINT('',(-0.000308399999999997,-0.0003084,0.0145374));
#1932=CARTESIAN_POINT('',(-0.0003084,-0.005,0.0075));
#1933=VECTOR('',#2493,1.0);
#1934=AXIS2_PLACEMENT_3D('',#2494,#2495,#2496);
#1935=AXIS2_PLACEMENT_3D('',#2497,#2498,#2499);
#1936=CARTESIAN_POINT('',(-0.000422207857087898,-5.86916305985725E-19,0.0149226642210447));
#1937=CARTESIAN_POINT('',(-0.00525660431077379,-3.77681072857044E-20,0.00767106954051586));
#1938=VECTOR('',#2500,1.0);
#1939=CARTESIAN_POINT('',(-0.000298546038817027,0.000298546038817027,0.0146916000000006));
#1940=AXIS2_PLACEMENT_3D('',#2501,#2502,#2503);
#1941=CARTESIAN_POINT('',(-0.0003084,0.0003084,0.0145374));
#1942=AXIS2_PLACEMENT_3D('',#2504,#2505,#2506);
#1943=AXIS2_PLACEMENT_3D('',#2507,#2508,#2509);
#1944=CARTESIAN_POINT('',(-0.00474339568922621,3.77681072857044E-20,0.00732893045948414));
#1945=VECTOR('',#2510,1.0);
#1946=AXIS2_PLACEMENT_3D('',#2511,#2512,#2513);
#1947=CARTESIAN_POINT('',(0.000308399999999999,0.0096916,0.000462600000000001));
#1948=CARTESIAN_POINT('',(0.0003084,0.005,0.0075));
#1949=VECTOR('',#2514,1.0);
#1950=CARTESIAN_POINT('',(0.0,0.01,0.000555976006676547));
#1951=AXIS2_PLACEMENT_3D('',#2515,#2516,#2517);
#1952=CARTESIAN_POINT('',(-0.0003084,0.0096916,0.000462600000000002));
#1953=AXIS2_PLACEMENT_3D('',#2518,#2519,#2520);
#1954=CARTESIAN_POINT('',(-0.0003084,0.005,0.0075));
#1955=VECTOR('',#2521,1.0);
#1956=CARTESIAN_POINT('',(-9.87737197878375E-19,0.000422207857087898,0.0149226642210447));
#1957=AXIS2_PLACEMENT_3D('',#2522,#2523,#2524);
#1958=AXIS2_PLACEMENT_3D('',#2525,#2526,#2527);
#1959=CARTESIAN_POINT('',(0.0096916,0.000308399999999999,-0.000462599999999997));
#1960=CARTESIAN_POINT('',(0.00969160000000001,0.0096916,-0.0145374));
#1961=CARTESIAN_POINT('',(0.0096916,0.005,-0.0075));
#1962=VECTOR('',#2528,1.0);
#1963=CARTESIAN_POINT('',(0.00970145396118291,0.000298546038817092,-0.0003084));
#1964=AXIS2_PLACEMENT_3D('',#2529,#2530,#2531);
#1965=CARTESIAN_POINT('',(0.01,0.000422207857087898,-7.73357789552992E-05));
#1966=AXIS2_PLACEMENT_3D('',#2532,#2533,#2534);
#1967=CARTESIAN_POINT('',(0.01,0.01,-0.0144440239933235));
#1968=CARTESIAN_POINT('',(0.01,0.000256604310773791,0.000171069540515861));
#1969=VECTOR('',#2535,1.0);
#1970=AXIS2_PLACEMENT_3D('',#2536,#2537,#2538);
#1971=CARTESIAN_POINT('',(0.0096916,-0.0003084,-0.000462600000000001));
#1972=CARTESIAN_POINT('',(0.0096916,-0.0096916,-0.0145374));
#1973=CARTESIAN_POINT('',(0.0096916,-0.005,-0.0075));
#1974=VECTOR('',#2539,1.0);
#1975=CARTESIAN_POINT('',(0.01,-6.65474165325563E-19,-0.000555976006676547));
#1976=AXIS2_PLACEMENT_3D('',#2540,#2541,#2542);
#1977=CARTESIAN_POINT('',(0.01,-0.0095777921429121,-0.0149226642210447));
#1978=CARTESIAN_POINT('',(0.01,0.000256604310773791,-0.000171069540515861));
#1979=VECTOR('',#2543,1.0);
#1980=CARTESIAN_POINT('',(0.00970145396118291,-0.00970145396118291,-0.0146916));
#1981=AXIS2_PLACEMENT_3D('',#2544,#2545,#2546);
#1982=AXIS2_PLACEMENT_3D('',#2547,#2548,#2549);
#1983=CARTESIAN_POINT('',(0.01,-0.000436143462635863,-3.77681072857045E-20));
#1984=CARTESIAN_POINT('',(0.000436143462635863,-0.01,-3.77681072857045E-20));
#1985=CARTESIAN_POINT('',(0.0102180717313179,-0.000218071731317931,-3.77681072857044E-20));
#1986=VECTOR('',#2550,1.0);
#1987=CARTESIAN_POINT('',(0.01,-0.000422207857087898,7.73357789552992E-05));
#1988=AXIS2_PLACEMENT_3D('',#2551,#2552,#2553);
#1989=CARTESIAN_POINT('',(0.00970145396118291,-0.000298546038817093,0.000308399999999999));
#1990=AXIS2_PLACEMENT_3D('',#2554,#2555,#2556);
#1991=AXIS2_PLACEMENT_3D('',#2557,#2558,#2559);
#1992=CARTESIAN_POINT('',(0.00956385653736414,-4.4490815009915E-19,-3.77681072857043E-20));
#1993=AXIS2_PLACEMENT_3D('',#2560,#2561,#2562);
#1994=CARTESIAN_POINT('',(-1.51788304147971E-18,-0.00956385653736414,3.77681072857041E-20));
#1995=CARTESIAN_POINT('',(0.00978192826868207,0.000218071731317932,3.77681072857043E-20));
#1996=VECTOR('',#2563,1.0);
#1997=AXIS2_PLACEMENT_3D('',#2564,#2565,#2566);
#1998=CARTESIAN_POINT('',(0.000422207857087894,-0.01,7.73357789552936E-05));
#1999=AXIS2_PLACEMENT_3D('',#2567,#2568,#2569);
#2000=AXIS2_PLACEMENT_3D('',#2570,#2571,#2572);
#2001=CARTESIAN_POINT('',(-0.0003084,0.0096916,-0.000462600000000004));
#2002=CARTESIAN_POINT('',(-0.0003084,0.0003084,-0.0145374));
#2003=CARTESIAN_POINT('',(-0.0003084,0.005,-0.0075));
#2004=VECTOR('',#2573,1.0);
#2005=CARTESIAN_POINT('',(-2.29747033267159E-19,0.01,-0.000555976006676547));
#2006=AXIS2_PLACEMENT_3D('',#2574,#2575,#2576);
#2007=CARTESIAN_POINT('',(0.0003084,0.0096916,-0.000462600000000002));
#2008=AXIS2_PLACEMENT_3D('',#2577,#2578,#2579);
#2009=CARTESIAN_POINT('',(0.0003084,0.000308399999999995,-0.0145374));
#2010=CARTESIAN_POINT('',(0.0003084,0.005,-0.0075));
#2011=VECTOR('',#2580,1.0);
#2012=CARTESIAN_POINT('',(0.000298546038817093,0.000298546038817093,-0.0146916));
#2013=AXIS2_PLACEMENT_3D('',#2581,#2582,#2583);
#2014=CARTESIAN_POINT('',(0.0,0.000422207857087897,-0.0149226642210447));
#2015=AXIS2_PLACEMENT_3D('',#2584,#2585,#2586);
#2016=CARTESIAN_POINT('',(-0.000298546038817093,0.000298546038817093,-0.0146916));
#2017=AXIS2_PLACEMENT_3D('',#2587,#2588,#2589);
#2018=AXIS2_PLACEMENT_3D('',#2590,#2591,#2592);
#2019=CARTESIAN_POINT('',(-0.0096916,-0.0096916,-0.0145374));
#2020=CARTESIAN_POINT('',(-0.00969160000000001,-0.0003084,-0.000462600000000001));
#2021=CARTESIAN_POINT('',(-0.0096916,-0.005,-0.0075));
#2022=VECTOR('',#2593,1.0);
#2023=CARTESIAN_POINT('',(-0.00970145396118291,-0.00970145396118291,-0.0146916));
#2024=AXIS2_PLACEMENT_3D('',#2594,#2595,#2596);
#2025=CARTESIAN_POINT('',(-0.01,-0.0095777921429121,-0.0149226642210447));
#2026=AXIS2_PLACEMENT_3D('',#2597,#2598,#2599);
#2027=CARTESIAN_POINT('',(-0.01,-3.50958399094314E-18,-0.000555976006676543));
#2028=CARTESIAN_POINT('',(-0.01,-0.00974339568922621,-0.0151710695405159));
#2029=VECTOR('',#2600,1.0);
#2030=AXIS2_PLACEMENT_3D('',#2601,#2602,#2603);
#2031=CARTESIAN_POINT('',(1.02438528061968E-18,1.11950677096293E-18,-0.0144440239933235));
#2032=CARTESIAN_POINT('',(-0.0095777921429121,-3.57875796332755E-20,-7.73357789553046E-05));
#2033=CARTESIAN_POINT('',(-0.00474339568922621,-3.77681072857043E-20,-0.00732893045948414));
#2034=VECTOR('',#2604,1.0);
#2035=AXIS2_PLACEMENT_3D('',#2605,#2606,#2607);
#2036=CARTESIAN_POINT('',(-0.000422207857087896,-1.65305679506837E-18,-0.0149226642210447));
#2037=AXIS2_PLACEMENT_3D('',#2608,#2609,#2610);
#2038=CARTESIAN_POINT('',(-0.00525660431077379,3.77681072857044E-20,-0.00767106954051586));
#2039=VECTOR('',#2611,1.0);
#2040=AXIS2_PLACEMENT_3D('',#2612,#2613,#2614);
#2041=AXIS2_PLACEMENT_3D('',#2615,#2616,#2617);
#2042=CARTESIAN_POINT('',(0.0095777921429121,5.72601274132418E-20,-7.73357789552983E-05));
#2043=CARTESIAN_POINT('',(0.00474339568922621,-3.77681072857042E-20,-0.00732893045948414));
#2044=VECTOR('',#2618,1.0);
#2045=AXIS2_PLACEMENT_3D('',#2619,#2620,#2621);
#2046=AXIS2_PLACEMENT_3D('',#2622,#2623,#2624);
#2047=CARTESIAN_POINT('',(0.000422207857087897,-1.65305679506837E-18,-0.0149226642210447));
#2048=CARTESIAN_POINT('',(0.00525660431077379,3.77681072857045E-20,-0.00767106954051586));
#2049=VECTOR('',#2625,1.0);
#2050=AXIS2_PLACEMENT_3D('',#2626,#2627,#2628);
#2051=AXIS2_PLACEMENT_3D('',#2629,#2630,#2631);
#2052=CARTESIAN_POINT('',(0.0003084,-0.0003084,-0.0145374));
#2053=CARTESIAN_POINT('',(0.0003084,-0.00969160000000001,-0.000462599999999993));
#2054=CARTESIAN_POINT('',(0.0003084,-0.005,-0.0075));
#2055=VECTOR('',#2632,1.0);
#2056=AXIS2_PLACEMENT_3D('',#2633,#2634,#2635);
#2057=CARTESIAN_POINT('',(-0.0003084,-0.0003084,-0.0145374));
#2058=AXIS2_PLACEMENT_3D('',#2636,#2637,#2638);
#2059=CARTESIAN_POINT('',(-0.0003084,-0.00969160000000001,-0.000462599999999993));
#2060=CARTESIAN_POINT('',(-0.0003084,-0.005,-0.0075));
#2061=VECTOR('',#2639,1.0);
#2062=CARTESIAN_POINT('',(-0.000298546038817094,-0.00970145396118291,-0.000308400000000001));
#2063=AXIS2_PLACEMENT_3D('',#2640,#2641,#2642);
#2064=CARTESIAN_POINT('',(-9.5194961824514E-19,-0.00957779214291211,-7.7335778955299E-05));
#2065=AXIS2_PLACEMENT_3D('',#2643,#2644,#2645);
#2066=CARTESIAN_POINT('',(0.000298546038817094,-0.00970145396118291,-0.0003084));
#2067=AXIS2_PLACEMENT_3D('',#2646,#2647,#2648);
#2068=AXIS2_PLACEMENT_3D('',#2649,#2650,#2651);
#2069=CARTESIAN_POINT('',(0.0096916,-0.0096916,0.0145374));
#2070=CARTESIAN_POINT('',(0.0096916,-0.0003084,0.000462599999999999));
#2071=CARTESIAN_POINT('',(0.0096916,-0.005,0.0075));
#2072=VECTOR('',#2652,1.0);
#2073=CARTESIAN_POINT('',(0.00970145396118291,-0.00970145396118291,0.0146916));
#2074=AXIS2_PLACEMENT_3D('',#2653,#2654,#2655);
#2075=CARTESIAN_POINT('',(0.01,-0.0095777921429121,0.0149226642210447));
#2076=AXIS2_PLACEMENT_3D('',#2656,#2657,#2658);
#2077=CARTESIAN_POINT('',(0.01,0.000256604310773791,0.000171069540515861));
#2078=VECTOR('',#2659,1.0);
#2079=AXIS2_PLACEMENT_3D('',#2660,#2661,#2662);
#2080=CARTESIAN_POINT('',(-0.000436143462635863,-0.01,-3.77681072857045E-20));
#2081=CARTESIAN_POINT('',(-0.01,-0.000436143462635863,-3.77681072857045E-20));
#2082=CARTESIAN_POINT('',(-0.000218071731317931,-0.0102180717313179,-3.77681072857044E-20));
#2083=VECTOR('',#2663,1.0);
#2084=CARTESIAN_POINT('',(-0.000422207857087896,-0.01,7.73357789552954E-05));
#2085=AXIS2_PLACEMENT_3D('',#2664,#2665,#2666);
#2086=AXIS2_PLACEMENT_3D('',#2667,#2668,#2669);
#2087=CARTESIAN_POINT('',(0.000218071731317932,-0.00978192826868207,3.77681072857044E-20));
#2088=VECTOR('',#2670,1.0);
#2089=CARTESIAN_POINT('',(-0.00970145396118291,-0.000298546038817093,0.000308399999999997));
#2090=AXIS2_PLACEMENT_3D('',#2671,#2672,#2673);
#2091=CARTESIAN_POINT('',(-0.01,-0.000422207857087896,7.73357789552962E-05));
#2092=AXIS2_PLACEMENT_3D('',#2674,#2675,#2676);
#2093=AXIS2_PLACEMENT_3D('',#2677,#2678,#2679);
#2094=CARTESIAN_POINT('',(0.00978192826868207,-0.000218071731317932,-3.77681072857043E-20));
#2095=VECTOR('',#2680,1.0);
#2096=CARTESIAN_POINT('',(0.01,0.000422207857087898,7.73357789552992E-05));
#2097=AXIS2_PLACEMENT_3D('',#2681,#2682,#2683);
#2098=CARTESIAN_POINT('',(0.01,0.000436143462635863,3.77681072857045E-20));
#2099=AXIS2_PLACEMENT_3D('',#2684,#2685,#2686);
#2100=CARTESIAN_POINT('',(0.000436143462635863,0.01,3.77681072857045E-20));
#2101=CARTESIAN_POINT('',(0.0102180717313179,0.000218071731317931,3.77681072857044E-20));
#2102=VECTOR('',#2687,1.0);
#2103=CARTESIAN_POINT('',(0.000422207857087898,0.01,7.73357789552994E-05));
#2104=AXIS2_PLACEMENT_3D('',#2688,#2689,#2690);
#2105=CARTESIAN_POINT('',(0.000298546038817093,0.00970145396118291,0.000308399999999999));
#2106=AXIS2_PLACEMENT_3D('',#2691,#2692,#2693);
#2107=AXIS2_PLACEMENT_3D('',#2694,#2695,#2696);
#2108=CARTESIAN_POINT('',(0.00969160000000001,0.0096916,0.0145374));
#2109=CARTESIAN_POINT('',(0.0096916,0.005,0.0075));
#2110=VECTOR('',#2697,1.0);
#2111=CARTESIAN_POINT('',(0.01,0.01,0.0144440239933235));
#2112=AXIS2_PLACEMENT_3D('',#2698,#2699,#2700);
#2113=CARTESIAN_POINT('',(0.01,0.000256604310773791,-0.000171069540515861));
#2114=VECTOR('',#2701,1.0);
#2115=CARTESIAN_POINT('',(0.0,0.000436143462635863,-0.015));
#2116=CARTESIAN_POINT('',(0.00956385653736414,0.01,-0.015));
#2117=CARTESIAN_POINT('',(-0.000218071731317931,0.000218071731317931,-0.015));
#2118=VECTOR('',#2702,1.0);
#2119=CARTESIAN_POINT('',(0.01,0.01,-0.015));
#2120=CARTESIAN_POINT('',(0.0,0.01,-0.015));
#2121=VECTOR('',#2703,1.0);
#2122=CARTESIAN_POINT('',(0.01,0.00956385653736414,-0.015));
#2123=CARTESIAN_POINT('',(0.01,0.0,-0.015));
#2124=VECTOR('',#2704,1.0);
#2125=CARTESIAN_POINT('',(0.000436143462635861,-1.70761842166467E-18,-0.015));
#2126=CARTESIAN_POINT('',(0.000218071731317931,-0.000218071731317931,-0.015));
#2127=VECTOR('',#2705,1.0);
#2128=CARTESIAN_POINT('',(0.01,-0.00956385653736414,-0.015));
#2129=CARTESIAN_POINT('',(0.0102180717313179,-0.00978192826868207,-0.015));
#2130=VECTOR('',#2706,1.0);
#2131=CARTESIAN_POINT('',(0.01,-0.01,-0.015));
#2132=CARTESIAN_POINT('',(0.01,0.0,-0.015));
#2133=VECTOR('',#2707,1.0);
#2134=CARTESIAN_POINT('',(0.00956385653736414,-0.01,-0.015));
#2135=CARTESIAN_POINT('',(0.0,-0.01,-0.015));
#2136=VECTOR('',#2708,1.0);
#2137=CARTESIAN_POINT('',(1.70761842166467E-18,-0.000436143462635865,-0.015));
#2138=CARTESIAN_POINT('',(0.00978192826868207,-0.0102180717313179,-0.015));
#2139=VECTOR('',#2709,1.0);
#2140=CARTESIAN_POINT('',(-0.00956385653736414,-0.01,-0.015));
#2141=CARTESIAN_POINT('',(-0.00978192826868207,-0.0102180717313179,-0.015));
#2142=VECTOR('',#2710,1.0);
#2143=CARTESIAN_POINT('',(-0.01,-0.01,-0.015));
#2144=CARTESIAN_POINT('',(0.0,-0.01,-0.015));
#2145=VECTOR('',#2711,1.0);
#2146=CARTESIAN_POINT('',(-0.01,-0.00956385653736414,-0.015));
#2147=CARTESIAN_POINT('',(-0.01,0.0,-0.015));
#2148=VECTOR('',#2712,1.0);
#2149=CARTESIAN_POINT('',(-0.000436143462635861,-1.70761842166467E-18,-0.015));
#2150=CARTESIAN_POINT('',(-0.0102180717313179,-0.00978192826868207,-0.015));
#2151=VECTOR('',#2713,1.0);
#2152=CARTESIAN_POINT('',(-0.01,0.00956385653736414,-0.015));
#2153=CARTESIAN_POINT('',(-0.000218071731317931,-0.000218071731317931,-0.015));
#2154=VECTOR('',#2714,1.0);
#2155=CARTESIAN_POINT('',(-0.01,0.01,-0.015));
#2156=CARTESIAN_POINT('',(-0.01,0.0,-0.015));
#2157=VECTOR('',#2715,1.0);
#2158=CARTESIAN_POINT('',(-0.00956385653736414,0.01,-0.015));
#2159=CARTESIAN_POINT('',(0.0,0.01,-0.015));
#2160=VECTOR('',#2716,1.0);
#2161=CARTESIAN_POINT('',(0.000218071731317931,0.000218071731317931,-0.015));
#2162=VECTOR('',#2717,1.0);
#2163=CARTESIAN_POINT('',(0.0095777921429121,-0.01,-0.0149226642210447));
#2164=AXIS2_PLACEMENT_3D('',#2718,#2719,#2720);
#2165=AXIS2_PLACEMENT_3D('',#2721,#2722,#2723);
#2166=AXIS2_PLACEMENT_3D('',#2724,#2725,#2726);
#2167=AXIS2_PLACEMENT_3D('',#2727,#2728,#2729);
#2168=CARTESIAN_POINT('',(0.000298546038817093,-0.000298546038817093,-0.0146916));
#2169=AXIS2_PLACEMENT_3D('',#2730,#2731,#2732);
#2170=CARTESIAN_POINT('',(1.65305679506836E-18,-0.000422207857087899,-0.0149226642210447));
#2171=AXIS2_PLACEMENT_3D('',#2733,#2734,#2735);
#2172=AXIS2_PLACEMENT_3D('',#2736,#2737,#2738);
#2173=CARTESIAN_POINT('',(0.01,0.0095777921429121,-0.0149226642210447));
#2174=CARTESIAN_POINT('',(0.01,-0.000256604310773791,-0.000171069540515861));
#2175=VECTOR('',#2739,1.0);
#2176=AXIS2_PLACEMENT_3D('',#2740,#2741,#2742);
#2177=CARTESIAN_POINT('',(0.01,0.01,0.0));
#2178=VECTOR('',#2743,1.0);
#2179=AXIS2_PLACEMENT_3D('',#2744,#2745,#2746);
#2180=CARTESIAN_POINT('',(0.01,0.01,0.015));
#2181=CARTESIAN_POINT('',(0.01,0.01,0.0));
#2182=VECTOR('',#2747,1.0);
#2183=CARTESIAN_POINT('',(0.01,0.00956385653736414,0.015));
#2184=CARTESIAN_POINT('',(0.01,0.0,0.015));
#2185=VECTOR('',#2748,1.0);
#2186=CARTESIAN_POINT('',(0.01,0.0095777921429121,0.0149226642210447));
#2187=AXIS2_PLACEMENT_3D('',#2749,#2750,#2751);
#2188=CARTESIAN_POINT('',(0.01,-0.000256604310773791,0.000171069540515861));
#2189=VECTOR('',#2752,1.0);
#2190=CARTESIAN_POINT('',(0.01,-0.00956385653736414,0.015));
#2191=AXIS2_PLACEMENT_3D('',#2753,#2754,#2755);
#2192=CARTESIAN_POINT('',(0.01,-0.01,0.015));
#2193=CARTESIAN_POINT('',(0.01,0.0,0.015));
#2194=VECTOR('',#2756,1.0);
#2195=CARTESIAN_POINT('',(0.01,-0.01,0.0144440239933235));
#2196=CARTESIAN_POINT('',(0.01,-0.01,0.0));
#2197=VECTOR('',#2757,1.0);
#2198=CARTESIAN_POINT('',(0.01,-0.000256604310773791,-0.000171069540515861));
#2199=VECTOR('',#2758,1.0);
#2200=CARTESIAN_POINT('',(0.01,-0.000422207857087898,-7.73357789552992E-05));
#2201=AXIS2_PLACEMENT_3D('',#2759,#2760,#2761);
#2202=CARTESIAN_POINT('',(0.01,-0.01,-0.0144440239933235));
#2203=CARTESIAN_POINT('',(0.01,-0.000256604310773791,0.000171069540515861));
#2204=VECTOR('',#2762,1.0);
#2205=CARTESIAN_POINT('',(0.01,-0.01,0.0));
#2206=VECTOR('',#2763,1.0);
#2207=CARTESIAN_POINT('',(0.00970145396118291,0.00970145396118291,-0.0146916));
#2208=AXIS2_PLACEMENT_3D('',#2764,#2765,#2766);
#2209=CARTESIAN_POINT('',(0.0095777921429121,0.01,-0.0149226642210447));
#2210=AXIS2_PLACEMENT_3D('',#2767,#2768,#2769);
#2211=AXIS2_PLACEMENT_3D('',#2770,#2771,#2772);
#2212=AXIS2_PLACEMENT_3D('',#2773,#2774,#2775);
#2213=CARTESIAN_POINT('',(0.000436143462635865,1.70761842166467E-18,0.015));
#2214=CARTESIAN_POINT('',(0.0102180717313179,-0.00978192826868207,0.015));
#2215=VECTOR('',#2776,1.0);
#2216=CARTESIAN_POINT('',(0.0102180717313179,0.00978192826868207,0.015));
#2217=VECTOR('',#2777,1.0);
#2218=CARTESIAN_POINT('',(0.00956385653736414,0.01,0.015));
#2219=CARTESIAN_POINT('',(0.0,0.01,0.015));
#2220=VECTOR('',#2778,1.0);
#2221=CARTESIAN_POINT('',(1.70761842166467E-18,0.000436143462635865,0.015));
#2222=CARTESIAN_POINT('',(0.00978192826868207,0.0102180717313179,0.015));
#2223=VECTOR('',#2779,1.0);
#2224=CARTESIAN_POINT('',(-0.00956385653736414,0.01,0.015));
#2225=CARTESIAN_POINT('',(-0.00978192826868207,0.0102180717313179,0.015));
#2226=VECTOR('',#2780,1.0);
#2227=CARTESIAN_POINT('',(-0.01,0.01,0.015));
#2228=CARTESIAN_POINT('',(0.0,0.01,0.015));
#2229=VECTOR('',#2781,1.0);
#2230=CARTESIAN_POINT('',(-0.01,0.00956385653736414,0.015));
#2231=CARTESIAN_POINT('',(-0.01,0.0,0.015));
#2232=VECTOR('',#2782,1.0);
#2233=CARTESIAN_POINT('',(-0.000436143462635865,1.70761842166467E-18,0.015));
#2234=CARTESIAN_POINT('',(-0.0102180717313179,0.00978192826868207,0.015));
#2235=VECTOR('',#2783,1.0);
#2236=CARTESIAN_POINT('',(-0.01,-0.00956385653736414,0.015));
#2237=CARTESIAN_POINT('',(-0.0102180717313179,-0.00978192826868207,0.015));
#2238=VECTOR('',#2784,1.0);
#2239=CARTESIAN_POINT('',(-0.01,-0.01,0.015));
#2240=CARTESIAN_POINT('',(-0.01,0.0,0.015));
#2241=VECTOR('',#2785,1.0);
#2242=CARTESIAN_POINT('',(-0.00956385653736414,-0.01,0.015));
#2243=CARTESIAN_POINT('',(0.0,-0.01,0.015));
#2244=VECTOR('',#2786,1.0);
#2245=CARTESIAN_POINT('',(1.70761842166467E-18,-0.000436143462635865,0.015));
#2246=CARTESIAN_POINT('',(-0.00978192826868207,-0.0102180717313179,0.015));
#2247=VECTOR('',#2787,1.0);
#2248=CARTESIAN_POINT('',(0.00956385653736414,-0.01,0.015));
#2249=CARTESIAN_POINT('',(0.00978192826868207,-0.0102180717313179,0.015));
#2250=VECTOR('',#2788,1.0);
#2251=CARTESIAN_POINT('',(0.0,-0.01,0.015));
#2252=VECTOR('',#2789,1.0);
#2253=CARTESIAN_POINT('',(-1.50307834459758E-19,-0.000422207857087897,0.0149226642210447));
#2254=AXIS2_PLACEMENT_3D('',#2790,#2791,#2792);
#2255=CARTESIAN_POINT('',(0.00029854603881709,-0.000298546038817093,0.0146916));
#2256=AXIS2_PLACEMENT_3D('',#2793,#2794,#2795);
#2257=AXIS2_PLACEMENT_3D('',#2796,#2797,#2798);
#2258=AXIS2_PLACEMENT_3D('',#2799,#2800,#2801);
#2259=CARTESIAN_POINT('',(0.0095777921429121,-0.01,0.0149226642210447));
#2260=AXIS2_PLACEMENT_3D('',#2802,#2803,#2804);
#2261=AXIS2_PLACEMENT_3D('',#2805,#2806,#2807);
#2262=CARTESIAN_POINT('',(-0.0095777921429121,-0.01,-0.0149226642210447));
#2263=AXIS2_PLACEMENT_3D('',#2808,#2809,#2810);
#2264=CARTESIAN_POINT('',(-1.73472347597681E-18,-0.01,-0.000555976006676543));
#2265=CARTESIAN_POINT('',(-0.00974339568922621,-0.01,-0.0151710695405159));
#2266=VECTOR('',#2811,1.0);
#2267=CARTESIAN_POINT('',(0.00974339568922621,-0.01,-0.0151710695405159));
#2268=VECTOR('',#2812,1.0);
#2269=CARTESIAN_POINT('',(0.000422207857087898,-0.01,-7.73357789552997E-05));
#2270=CARTESIAN_POINT('',(0.0102566043107738,-0.01,-0.0148289304594841));
#2271=VECTOR('',#2813,1.0);
#2272=AXIS2_PLACEMENT_3D('',#2814,#2815,#2816);
#2273=CARTESIAN_POINT('',(0.0102566043107738,-0.01,0.0148289304594841));
#2274=VECTOR('',#2817,1.0);
#2275=CARTESIAN_POINT('',(-1.73472347597681E-18,-0.01,0.000555976006676543));
#2276=CARTESIAN_POINT('',(0.00974339568922621,-0.01,0.0151710695405159));
#2277=VECTOR('',#2818,1.0);
#2278=CARTESIAN_POINT('',(-0.0095777921429121,-0.01,0.0149226642210447));
#2279=CARTESIAN_POINT('',(-0.00974339568922621,-0.01,0.0151710695405159));
#2280=VECTOR('',#2819,1.0);
#2281=AXIS2_PLACEMENT_3D('',#2820,#2821,#2822);
#2282=CARTESIAN_POINT('',(-0.01,-0.01,0.0144440239933234));
#2283=CARTESIAN_POINT('',(-0.01,-0.01,0.0));
#2284=VECTOR('',#2823,1.0);
#2285=CARTESIAN_POINT('',(-0.0102566043107738,-0.01,0.0148289304594841));
#2286=VECTOR('',#2824,1.0);
#2287=CARTESIAN_POINT('',(-0.000422207857087898,-0.01,-7.73357789552984E-05));
#2288=AXIS2_PLACEMENT_3D('',#2825,#2826,#2827);
#2289=CARTESIAN_POINT('',(-0.01,-0.01,-0.0144440239933234));
#2290=CARTESIAN_POINT('',(-0.0102566043107738,-0.01,-0.0148289304594841));
#2291=VECTOR('',#2828,1.0);
#2292=CARTESIAN_POINT('',(-0.01,-0.01,0.0));
#2293=VECTOR('',#2829,1.0);
#2294=CARTESIAN_POINT('',(0.00970145396118291,0.00970145396118291,0.0146916));
#2295=AXIS2_PLACEMENT_3D('',#2830,#2831,#2832);
#2296=AXIS2_PLACEMENT_3D('',#2833,#2834,#2835);
#2297=CARTESIAN_POINT('',(-4.93868598939204E-19,0.0095777921429121,-7.7335778955299E-05));
#2298=AXIS2_PLACEMENT_3D('',#2836,#2837,#2838);
#2299=CARTESIAN_POINT('',(0.000298546038817092,0.0097014539611829,-0.0003084));
#2300=AXIS2_PLACEMENT_3D('',#2839,#2840,#2841);
#2301=CARTESIAN_POINT('',(0.000422207857087898,0.01,-7.73357789552991E-05));
#2302=AXIS2_PLACEMENT_3D('',#2842,#2843,#2844);
#2303=AXIS2_PLACEMENT_3D('',#2845,#2846,#2847);
#2304=AXIS2_PLACEMENT_3D('',#2848,#2849,#2850);
#2305=CARTESIAN_POINT('',(-0.01,-0.000422207857087897,-7.73357789553013E-05));
#2306=AXIS2_PLACEMENT_3D('',#2851,#2852,#2853);
#2307=CARTESIAN_POINT('',(-0.00970145396118291,-0.000298546038817094,-0.0003084));
#2308=AXIS2_PLACEMENT_3D('',#2854,#2855,#2856);
#2309=AXIS2_PLACEMENT_3D('',#2857,#2858,#2859);
#2310=AXIS2_PLACEMENT_3D('',#2860,#2861,#2862);
#2311=AXIS2_PLACEMENT_3D('',#2863,#2864,#2865);
#2312=AXIS2_PLACEMENT_3D('',#2866,#2867,#2868);
#2313=AXIS2_PLACEMENT_3D('',#2869,#2870,#2871);
#2314=AXIS2_PLACEMENT_3D('',#2872,#2873,#2874);
#2315=AXIS2_PLACEMENT_3D('',#2875,#2876,#2877);
#2316=AXIS2_PLACEMENT_3D('',#2878,#2879,#2880);
#2317=AXIS2_PLACEMENT_3D('',#2881,#2882,#2883);
#2318=AXIS2_PLACEMENT_3D('',#2884,#2885,#2886);
#2319=AXIS2_PLACEMENT_3D('',#2887,#2888,#2889);
#2320=AXIS2_PLACEMENT_3D('',#2890,#2891,#2892);
#2321=AXIS2_PLACEMENT_3D('',#2893,#2894,#2895);
#2322=CARTESIAN_POINT('',(-0.000298546038817093,-0.000298546038817093,-0.0146916));
#2323=AXIS2_PLACEMENT_3D('',#2896,#2897,#2898);
#2324=AXIS2_PLACEMENT_3D('',#2899,#2900,#2901);
#2325=AXIS2_PLACEMENT_3D('',#2902,#2903,#2904);
#2326=AXIS2_PLACEMENT_3D('',#2905,#2906,#2907);
#2327=AXIS2_PLACEMENT_3D('',#2908,#2909,#2910);
#2328=AXIS2_PLACEMENT_3D('',#2911,#2912,#2913);
#2329=AXIS2_PLACEMENT_3D('',#2914,#2915,#2916);
#2330=CARTESIAN_POINT('',(0.00970145396118291,-0.000298546038817092,-0.0003084));
#2331=AXIS2_PLACEMENT_3D('',#2917,#2918,#2919);
#2332=AXIS2_PLACEMENT_3D('',#2920,#2921,#2922);
#2333=AXIS2_PLACEMENT_3D('',#2923,#2924,#2925);
#2334=AXIS2_PLACEMENT_3D('',#2926,#2927,#2928);
#2335=AXIS2_PLACEMENT_3D('',#2929,#2930,#2931);
#2336=CARTESIAN_POINT('',(-0.01,-0.0102566043107738,-0.0148289304594841));
#2337=VECTOR('',#2932,1.0);
#2338=AXIS2_PLACEMENT_3D('',#2933,#2934,#2935);
#2339=CARTESIAN_POINT('',(-0.000298546038817092,0.00970145396118291,-0.000308400000000001));
#2340=AXIS2_PLACEMENT_3D('',#2936,#2937,#2938);
#2341=AXIS2_PLACEMENT_3D('',#2939,#2940,#2941);
#2342=CARTESIAN_POINT('',(0.000256604310773791,0.01,0.000171069540515861));
#2343=VECTOR('',#2942,1.0);
#2344=CARTESIAN_POINT('',(-0.000256604310773791,0.01,-0.000171069540515861));
#2345=VECTOR('',#2943,1.0);
#2346=AXIS2_PLACEMENT_3D('',#2944,#2945,#2946);
#2347=AXIS2_PLACEMENT_3D('',#2947,#2948,#2949);
#2348=AXIS2_PLACEMENT_3D('',#2950,#2951,#2952);
#2349=AXIS2_PLACEMENT_3D('',#2953,#2954,#2955);
#2350=AXIS2_PLACEMENT_3D('',#2956,#2957,#2958);
#2351=CARTESIAN_POINT('',(-0.000298546038817091,-0.000298546038817094,0.0146916));
#2352=AXIS2_PLACEMENT_3D('',#2959,#2960,#2961);
#2353=AXIS2_PLACEMENT_3D('',#2962,#2963,#2964);
#2354=AXIS2_PLACEMENT_3D('',#2965,#2966,#2967);
#2355=AXIS2_PLACEMENT_3D('',#2968,#2969,#2970);
#2356=CARTESIAN_POINT('',(-0.000422207857087898,0.01,-7.73357789552992E-05));
#2357=CARTESIAN_POINT('',(-0.000256604310773791,0.01,0.000171069540515861));
#2358=VECTOR('',#2971,1.0);
#2359=CARTESIAN_POINT('',(-0.00970145396118284,0.00970145396118324,-0.0146916));
#2360=AXIS2_PLACEMENT_3D('',#2972,#2973,#2974);
#2361=CARTESIAN_POINT('',(-0.0095777921429121,0.01,-0.0149226642210447));
#2362=AXIS2_PLACEMENT_3D('',#2975,#2976,#2977);
#2363=CARTESIAN_POINT('',(0.000256604310773791,0.01,-0.000171069540515861));
#2364=VECTOR('',#2978,1.0);
#2365=AXIS2_PLACEMENT_3D('',#2979,#2980,#2981);
#2366=AXIS2_PLACEMENT_3D('',#2982,#2983,#2984);
#2367=CARTESIAN_POINT('',(-0.01,0.0095777921429121,-0.0149226642210447));
#2368=AXIS2_PLACEMENT_3D('',#2985,#2986,#2987);
#2369=AXIS2_PLACEMENT_3D('',#2988,#2989,#2990);
#2370=CARTESIAN_POINT('',(-0.01,0.00974339568922621,-0.0151710695405159));
#2371=VECTOR('',#2991,1.0);
#2372=CARTESIAN_POINT('',(-0.0095777921429121,0.01,0.0149226642210447));
#2373=CARTESIAN_POINT('',(0.000256604310773791,0.01,0.000171069540515861));
#2374=VECTOR('',#2992,1.0);
#2375=CARTESIAN_POINT('',(-0.00970145396118291,0.0097014539611829,0.0146916));
#2376=AXIS2_PLACEMENT_3D('',#2993,#2994,#2995);
#2377=AXIS2_PLACEMENT_3D('',#2996,#2997,#2998);
#2378=CARTESIAN_POINT('',(-0.000256604310773791,0.01,-0.000171069540515861));
#2379=VECTOR('',#2999,1.0);
#2380=CARTESIAN_POINT('',(0.0095777921429121,0.01,0.0149226642210447));
#2381=CARTESIAN_POINT('',(-0.000256604310773791,0.01,0.000171069540515861));
#2382=VECTOR('',#3000,1.0);
#2383=CARTESIAN_POINT('',(0.000256604310773791,0.01,-0.000171069540515861));
#2384=VECTOR('',#3001,1.0);
#2385=AXIS2_PLACEMENT_3D('',#3002,#3003,#3004);
#2386=CARTESIAN_POINT('',(-0.01,-0.0102566043107738,0.0148289304594841));
#2387=VECTOR('',#3005,1.0);
#2388=AXIS2_PLACEMENT_3D('',#3006,#3007,#3008);
#2389=AXIS2_PLACEMENT_3D('',#3009,#3010,#3011);
#2390=CARTESIAN_POINT('',(-0.01,0.0095777921429121,0.0149226642210447));
#2391=AXIS2_PLACEMENT_3D('',#3012,#3013,#3014);
#2392=CARTESIAN_POINT('',(-0.01,0.00974339568922621,0.0151710695405159));
#2393=VECTOR('',#3015,1.0);
#2394=AXIS2_PLACEMENT_3D('',#3016,#3017,#3018);
#2395=AXIS2_PLACEMENT_3D('',#3019,#3020,#3021);
#2396=AXIS2_PLACEMENT_3D('',#3022,#3023,#3024);
#2397=AXIS2_PLACEMENT_3D('',#3025,#3026,#3027);
#2398=AXIS2_PLACEMENT_3D('',#3028,#3029,#3030);
#2399=AXIS2_PLACEMENT_3D('',#3031,#3032,#3033);
#2400=CARTESIAN_POINT('',(-0.01,0.01,0.0));
#2401=VECTOR('',#3034,1.0);
#2402=CARTESIAN_POINT('',(-0.01,0.01,0.0));
#2403=VECTOR('',#3035,1.0);
#2404=DIRECTION('',(-0.707106781186548,-0.707106781186548,0.0));
#2405=CARTESIAN_POINT('',(0.0,0.01,0.0));
#2406=DIRECTION('',(-1.0,-6.2147106707335E-16,0.0));
#2407=DIRECTION('',(6.21471067073351E-16,-1.0,0.0));
#2408=CARTESIAN_POINT('',(0.0,0.01,0.0));
#2409=DIRECTION('',(-0.641358988852308,-0.138235604332915,-0.754685076779089));
#2410=DIRECTION('',(0.423754337237316,0.756174588705416,-0.498630377202151));
#2411=CARTESIAN_POINT('',(-1.88514473977505E-21,0.01,2.82771710966258E-21));
#2412=DIRECTION('',(-0.138235604332916,-0.641358988852307,-0.754685076779089));
#2413=DIRECTION('',(0.756174588705416,0.423754337237315,-0.498630377202151));
#2414=CARTESIAN_POINT('',(3.83323354170858E-20,0.01,0.0));
#2415=DIRECTION('',(0.0,-1.0,0.0));
#2416=DIRECTION('',(1.0,0.0,0.0));
#2417=DIRECTION('',(0.707106781186548,0.707106781186548,-0.0));
#2418=CARTESIAN_POINT('',(-0.01,0.0,0.0));
#2419=DIRECTION('',(-1.0,-0.0,0.0));
#2420=DIRECTION('',(0.0,-1.0,0.0));
#2421=CARTESIAN_POINT('',(-0.01,-1.73472347597681E-18,-3.46944695195361E-18));
#2422=DIRECTION('',(0.641358988852308,0.138235604332915,-0.754685076779089));
#2423=DIRECTION('',(-0.423754337237315,-0.756174588705416,-0.498630377202151));
#2424=CARTESIAN_POINT('',(-0.01,0.0,-5.20417042793042E-18));
#2425=DIRECTION('',(0.138235604332913,0.641358988852308,-0.754685076779089));
#2426=DIRECTION('',(-0.756174588705415,-0.423754337237317,-0.49863037720215));
#2427=CARTESIAN_POINT('',(-0.01,-1.73472347597681E-18,0.0));
#2428=DIRECTION('',(-3.97741482926944E-15,-1.0,0.0));
#2429=DIRECTION('',(1.0,-3.97741482926944E-15,0.0));
#2430=DIRECTION('',(-0.0,0.554700196225229,0.832050294337844));
#2431=CARTESIAN_POINT('',(-0.01,0.0,-5.20417042793042E-18));
#2432=DIRECTION('',(-0.707106781186547,0.707106781186547,-3.49313110868488E-15));
#2433=DIRECTION('',(0.301511344577762,0.301511344577766,0.904534033733291));
#2434=DIRECTION('',(0.0,-0.554700196225229,-0.832050294337844));
#2435=CARTESIAN_POINT('',(-0.01,0.01,0.015));
#2436=DIRECTION('',(-0.707106781186547,-0.707106781186548,-1.39179442611662E-15));
#2437=DIRECTION('',(-0.301511344577765,0.301511344577763,0.904534033733291));
#2438=DIRECTION('',(-0.0,-0.554700196225229,0.832050294337844));
#2439=CARTESIAN_POINT('',(-0.01,0.0,-5.20417042793042E-18));
#2440=DIRECTION('',(-0.707106781186547,-0.707106781186547,-3.49313110868488E-15));
#2441=DIRECTION('',(0.301511344577762,-0.301511344577766,0.904534033733291));
#2442=DIRECTION('',(0.0,0.554700196225229,-0.832050294337844));
#2443=CARTESIAN_POINT('',(-0.01,-0.01,0.015));
#2444=DIRECTION('',(-0.641358988852308,-0.138235604332915,-0.754685076779089));
#2445=DIRECTION('',(0.423754337237315,0.756174588705416,-0.49863037720215));
#2446=CARTESIAN_POINT('',(-0.01,-0.01,0.015));
#2447=DIRECTION('',(0.707106781186548,-0.707106781186548,0.0));
#2448=DIRECTION('',(-0.301511344577764,-0.301511344577764,0.904534033733291));
#2449=DIRECTION('',(0.0,-0.554700196225229,0.832050294337844));
#2450=CARTESIAN_POINT('',(-0.01,0.01,-0.015));
#2451=DIRECTION('',(-0.707106781186547,-0.707106781186548,1.39179442611662E-15));
#2452=DIRECTION('',(0.301511344577765,-0.301511344577763,0.904534033733291));
#2453=DIRECTION('',(-0.0,0.554700196225229,-0.832050294337844));
#2454=CARTESIAN_POINT('',(-0.01,-1.73472347597681E-18,0.0));
#2455=DIRECTION('',(-0.641358988852307,-0.138235604332916,-0.754685076779089));
#2456=DIRECTION('',(-0.423754337237315,-0.756174588705415,0.498630377202151));
#2457=CARTESIAN_POINT('',(-0.01,-3.46944695195361E-18,5.20417042793042E-18));
#2458=DIRECTION('',(0.707106781186546,-0.707106781186549,3.84790223691069E-15));
#2459=DIRECTION('',(0.301511344577767,0.301511344577761,-0.904534033733291));
#2460=DIRECTION('',(-0.554700196225229,0.0,0.832050294337844));
#2461=CARTESIAN_POINT('',(0.01,0.0,1.80422147347659E-19));
#2462=DIRECTION('',(0.707106781186546,0.707106781186549,-3.82061215012406E-16));
#2463=DIRECTION('',(-0.301511344577764,0.301511344577764,0.904534033733291));
#2464=CARTESIAN_POINT('',(0.01,0.0,1.80422147347659E-19));
#2465=DIRECTION('',(0.707106781186546,0.707106781186549,-3.82061215012406E-16));
#2466=DIRECTION('',(-0.301511344577764,0.301511344577764,0.904534033733291));
#2467=CARTESIAN_POINT('',(0.01,0.0,2.12164519179433E-20));
#2468=DIRECTION('',(-0.138235604332915,0.641358988852308,-0.754685076779088));
#2469=DIRECTION('',(0.756174588705415,-0.423754337237315,-0.498630377202151));
#2470=DIRECTION('',(0.554700196225229,-0.0,-0.832050294337844));
#2471=CARTESIAN_POINT('',(0.0,-3.46944695195361E-18,0.015));
#2472=DIRECTION('',(0.707106781186548,-0.707106781186547,3.27481041439207E-15));
#2473=DIRECTION('',(0.301511344577766,0.301511344577762,-0.904534033733291));
#2474=CARTESIAN_POINT('',(0.0,-3.46944695195361E-18,0.015));
#2475=DIRECTION('',(0.707106781186548,-0.707106781186547,3.27481041439207E-15));
#2476=DIRECTION('',(0.301511344577766,0.301511344577762,-0.904534033733291));
#2477=CARTESIAN_POINT('',(-1.73472347597681E-18,-1.73472347597681E-18,0.015));
#2478=DIRECTION('',(-0.138235604332916,-0.641358988852308,-0.754685076779088));
#2479=DIRECTION('',(0.756174588705415,0.423754337237314,-0.498630377202152));
#2480=DIRECTION('',(0.0,0.554700196225229,0.832050294337844));
#2481=CARTESIAN_POINT('',(0.0,-0.01,-2.60208521396521E-18));
#2482=DIRECTION('',(0.707106781186548,-0.707106781186547,-6.00381909305209E-16));
#2483=DIRECTION('',(0.301511344577764,0.301511344577764,0.904534033733291));
#2484=CARTESIAN_POINT('',(0.0,-0.01,0.0));
#2485=DIRECTION('',(0.641358988852309,0.138235604332916,-0.754685076779088));
#2486=DIRECTION('',(0.423754337237314,0.756174588705415,0.498630377202152));
#2487=CARTESIAN_POINT('',(0.0,-0.01,0.0));
#2488=DIRECTION('',(-0.641358988852308,0.138235604332915,-0.754685076779089));
#2489=DIRECTION('',(0.423754337237316,-0.756174588705416,-0.49863037720215));
#2490=CARTESIAN_POINT('',(0.0,-0.01,-2.60208521396521E-18));
#2491=DIRECTION('',(-0.707106781186548,-0.707106781186547,-6.00381909305209E-16));
#2492=DIRECTION('',(0.301511344577764,-0.301511344577764,-0.904534033733291));
#2493=DIRECTION('',(-0.0,-0.554700196225229,-0.832050294337844));
#2494=CARTESIAN_POINT('',(2.3039296165317E-18,0.0,0.015));
#2495=DIRECTION('',(0.707106781186548,-0.707106781186547,1.00973321110422E-15));
#2496=DIRECTION('',(0.301511344577763,0.301511344577764,0.904534033733291));
#2497=CARTESIAN_POINT('',(-3.46944695195361E-18,0.0,0.015));
#2498=DIRECTION('',(-0.707106781186547,-0.707106781186548,1.82843581470224E-15));
#2499=DIRECTION('',(-0.301511344577763,0.301511344577765,0.90453403373329));
#2500=DIRECTION('',(-0.554700196225229,0.0,-0.832050294337844));
#2501=CARTESIAN_POINT('',(3.46944695195361E-18,-3.46944695195361E-18,0.015));
#2502=DIRECTION('',(0.138235604332911,-0.641358988852305,-0.754685076779091));
#2503=DIRECTION('',(0.756174588705417,-0.423754337237319,0.498630377202147));
#2504=CARTESIAN_POINT('',(0.0,-1.73472347597681E-18,0.015));
#2505=DIRECTION('',(-0.707106781186549,-0.707106781186546,-9.82443124317611E-16));
#2506=DIRECTION('',(0.301511344577763,-0.301511344577765,0.904534033733291));
#2507=CARTESIAN_POINT('',(0.0,-1.73472347597681E-18,0.015));
#2508=DIRECTION('',(-0.707106781186549,-0.707106781186546,-9.82443124317611E-16));
#2509=DIRECTION('',(0.301511344577763,-0.301511344577765,0.904534033733291));
#2510=DIRECTION('',(0.554700196225229,-0.0,0.832050294337844));
#2511=CARTESIAN_POINT('',(-0.01,0.0,-5.20417042793042E-18));
#2512=DIRECTION('',(-0.707106781186547,0.707106781186547,-3.49313110868488E-15));
#2513=DIRECTION('',(0.301511344577762,0.301511344577766,0.904534033733291));
#2514=DIRECTION('',(0.0,-0.554700196225229,0.832050294337844));
#2515=CARTESIAN_POINT('',(0.0,0.01,-1.01994044125868E-35));
#2516=DIRECTION('',(0.707106781186549,0.707106781186546,-4.09351301799006E-16));
#2517=DIRECTION('',(0.301511344577764,-0.301511344577764,0.904534033733291));
#2518=CARTESIAN_POINT('',(0.0,0.01,9.41483484238779E-36));
#2519=DIRECTION('',(-0.707106781186549,0.707106781186546,-3.54771128225805E-16));
#2520=DIRECTION('',(0.301511344577764,0.301511344577764,-0.904534033733291));
#2521=DIRECTION('',(-0.0,0.554700196225229,-0.832050294337844));
#2522=CARTESIAN_POINT('',(1.73472347597681E-18,-1.73472347597681E-18,0.015));
#2523=DIRECTION('',(0.641358988852309,-0.138235604332918,-0.754685076779087));
#2524=DIRECTION('',(-0.423754337237313,0.756174588705415,-0.498630377202153));
#2525=CARTESIAN_POINT('',(-1.73472347597681E-18,-1.73472347597681E-18,0.015));
#2526=DIRECTION('',(-0.641358988852309,-0.138235604332918,-0.754685076779087));
#2527=DIRECTION('',(-0.423754337237313,-0.756174588705415,0.498630377202153));
#2528=DIRECTION('',(0.0,0.554700196225229,-0.832050294337844));
#2529=CARTESIAN_POINT('',(0.01,-5.42101086242752E-20,8.13151629364128E-20));
#2530=DIRECTION('',(-0.707106781186546,-0.707106781186548,2.72900867866004E-17));
#2531=DIRECTION('',(-0.301511344577764,0.301511344577763,-0.904534033733291));
#2532=CARTESIAN_POINT('',(0.01,-3.63415443031853E-20,0.0));
#2533=DIRECTION('',(0.641358988852307,-0.138235604332915,-0.75468507677909));
#2534=DIRECTION('',(0.423754337237316,-0.756174588705415,0.49863037720215));
#2535=DIRECTION('',(0.0,0.554700196225229,-0.832050294337844));
#2536=CARTESIAN_POINT('',(0.01,0.01,-0.015));
#2537=DIRECTION('',(0.707106781186548,-0.707106781186547,-2.83816902580646E-15));
#2538=DIRECTION('',(0.301511344577761,0.301511344577766,-0.904534033733291));
#2539=DIRECTION('',(0.0,-0.554700196225229,-0.832050294337844));
#2540=CARTESIAN_POINT('',(0.01,0.0,1.80422147347659E-19));
#2541=DIRECTION('',(0.707106781186546,-0.707106781186549,3.54771128225805E-16));
#2542=DIRECTION('',(0.301511344577764,0.301511344577764,0.904534033733291));
#2543=DIRECTION('',(0.0,-0.554700196225229,-0.832050294337844));
#2544=CARTESIAN_POINT('',(0.01,-0.01,-0.015));
#2545=DIRECTION('',(-0.641358988852308,0.138235604332915,-0.754685076779089));
#2546=DIRECTION('',(-0.423754337237315,0.756174588705416,0.498630377202151));
#2547=CARTESIAN_POINT('',(0.01,-0.01,-0.015));
#2548=DIRECTION('',(-0.707106781186548,-0.707106781186547,1.36450433933001E-15));
#2549=DIRECTION('',(-0.301511344577763,0.301511344577765,0.904534033733291));
#2550=DIRECTION('',(-0.707106781186548,-0.707106781186548,0.0));
#2551=CARTESIAN_POINT('',(0.01,-3.83323354170858E-20,0.0));
#2552=DIRECTION('',(-1.0,-0.0,0.0));
#2553=DIRECTION('',(0.0,-1.0,0.0));
#2554=CARTESIAN_POINT('',(0.01,0.0,0.0));
#2555=DIRECTION('',(-0.641358988852307,-0.138235604332915,-0.75468507677909));
#2556=DIRECTION('',(0.423754337237316,0.756174588705416,-0.49863037720215));
#2557=CARTESIAN_POINT('',(0.01,0.0,5.77878002209947E-21));
#2558=DIRECTION('',(-0.138235604332915,-0.641358988852308,-0.754685076779089));
#2559=DIRECTION('',(0.756174588705416,0.423754337237315,-0.498630377202151));
#2560=CARTESIAN_POINT('',(0.01,-3.83323354170858E-20,0.0));
#2561=DIRECTION('',(9.68611532856931E-16,-1.0,-0.0));
#2562=DIRECTION('',(-1.0,-9.68611532856931E-16,0.0));
#2563=DIRECTION('',(0.707106781186548,0.707106781186548,-0.0));
#2564=CARTESIAN_POINT('',(-1.73472347597681E-18,-0.01,0.0));
#2565=DIRECTION('',(-1.0,4.9717685365868E-16,0.0));
#2566=DIRECTION('',(-4.9717685365868E-16,-1.0,0.0));
#2567=CARTESIAN_POINT('',(-1.73472347597681E-18,-0.01,-3.46944695195361E-18));
#2568=DIRECTION('',(0.138235604332912,0.641358988852306,-0.754685076779091));
#2569=DIRECTION('',(-0.756174588705416,-0.423754337237318,-0.498630377202147));
#2570=CARTESIAN_POINT('',(0.0,-0.01,0.0));
#2571=DIRECTION('',(0.0,-1.0,0.0));
#2572=DIRECTION('',(1.0,0.0,0.0));
#2573=DIRECTION('',(0.0,-0.554700196225229,-0.832050294337844));
#2574=CARTESIAN_POINT('',(-1.35525271560688E-20,0.01,-2.03287907341033E-20));
#2575=DIRECTION('',(0.707106781186548,-0.707106781186547,-1.25534399218362E-15));
#2576=DIRECTION('',(0.301511344577764,0.301511344577763,0.904534033733291));
#2577=CARTESIAN_POINT('',(-1.35525271560688E-20,0.01,2.03287907341033E-20));
#2578=DIRECTION('',(-0.707106781186548,-0.707106781186547,-1.28263407897022E-15));
#2579=DIRECTION('',(0.301511344577764,-0.301511344577763,-0.904534033733291));
#2580=DIRECTION('',(-0.0,0.554700196225229,0.832050294337844));
#2581=CARTESIAN_POINT('',(0.0,-3.46944695195361E-18,-0.015));
#2582=DIRECTION('',(0.707106781186548,-0.707106781186547,-3.22023024081887E-15));
#2583=DIRECTION('',(-0.301511344577766,-0.301511344577762,-0.904534033733291));
#2584=CARTESIAN_POINT('',(0.0,0.0,-0.015));
#2585=DIRECTION('',(0.641358988852309,0.138235604332915,-0.754685076779087));
#2586=DIRECTION('',(-0.423754337237315,-0.756174588705415,-0.498630377202152));
#2587=CARTESIAN_POINT('',(0.0,0.0,-0.015));
#2588=DIRECTION('',(-0.641358988852309,0.138235604332915,-0.754685076779087));
#2589=DIRECTION('',(-0.423754337237315,0.756174588705415,0.498630377202152));
#2590=CARTESIAN_POINT('',(0.0,-1.73472347597681E-18,-0.015));
#2591=DIRECTION('',(-0.707106781186549,-0.707106781186546,9.82443124317611E-16));
#2592=DIRECTION('',(-0.301511344577763,0.301511344577765,0.904534033733291));
#2593=DIRECTION('',(0.0,0.554700196225229,0.832050294337844));
#2594=CARTESIAN_POINT('',(-0.01,-0.01,-0.015));
#2595=DIRECTION('',(0.707106781186548,-0.707106781186548,0.0));
#2596=DIRECTION('',(0.301511344577764,0.301511344577764,0.904534033733291));
#2597=CARTESIAN_POINT('',(-0.01,-0.01,-0.015));
#2598=DIRECTION('',(0.641358988852308,0.138235604332915,-0.754685076779089));
#2599=DIRECTION('',(0.423754337237315,0.756174588705416,0.498630377202151));
#2600=DIRECTION('',(-0.0,-0.554700196225229,-0.832050294337844));
#2601=CARTESIAN_POINT('',(-0.01,0.0,5.20417042793042E-18));
#2602=DIRECTION('',(-0.707106781186547,-0.707106781186547,3.49313110868488E-15));
#2603=DIRECTION('',(-0.301511344577762,0.301511344577766,0.904534033733291));
#2604=DIRECTION('',(-0.554700196225229,0.0,0.832050294337844));
#2605=CARTESIAN_POINT('',(0.0,-1.73472347597681E-18,-0.015));
#2606=DIRECTION('',(-0.707106781186549,-0.707106781186546,9.82443124317611E-16));
#2607=DIRECTION('',(-0.301511344577763,0.301511344577765,0.904534033733291));
#2608=CARTESIAN_POINT('',(8.56327962988527E-21,0.0,-0.015));
#2609=DIRECTION('',(-0.138235604332913,0.641358988852308,-0.754685076779089));
#2610=DIRECTION('',(0.756174588705415,-0.423754337237317,-0.49863037720215));
#2611=DIRECTION('',(0.554700196225229,-0.0,-0.832050294337844));
#2612=CARTESIAN_POINT('',(-0.01,-3.46944695195361E-18,5.20417042793042E-18));
#2613=DIRECTION('',(0.707106781186546,-0.707106781186549,3.84790223691069E-15));
#2614=DIRECTION('',(0.301511344577767,0.301511344577761,-0.904534033733291));
#2615=CARTESIAN_POINT('',(-0.01,-1.73472347597681E-18,0.0));
#2616=DIRECTION('',(-0.138235604332922,-0.641358988852311,-0.754685076779085));
#2617=DIRECTION('',(0.756174588705414,0.423754337237311,-0.498630377202157));
#2618=DIRECTION('',(-0.554700196225229,0.0,-0.832050294337844));
#2619=CARTESIAN_POINT('',(0.01,2.66513030867314E-20,0.0));
#2620=DIRECTION('',(0.138235604332914,-0.641358988852308,-0.754685076779089));
#2621=DIRECTION('',(-0.756174588705416,0.423754337237316,-0.49863037720215));
#2622=CARTESIAN_POINT('',(0.01,-5.42101086242752E-20,8.13151629364128E-20));
#2623=DIRECTION('',(-0.707106781186546,-0.707106781186548,2.72900867866004E-17));
#2624=DIRECTION('',(-0.301511344577764,0.301511344577763,-0.904534033733291));
#2625=DIRECTION('',(0.554700196225229,-0.0,0.832050294337844));
#2626=CARTESIAN_POINT('',(-3.46944695195361E-18,0.0,-0.015));
#2627=DIRECTION('',(0.138235604332917,0.64135898885231,-0.754685076779086));
#2628=DIRECTION('',(-0.756174588705415,-0.423754337237314,-0.498630377202154));
#2629=CARTESIAN_POINT('',(0.0,-3.46944695195361E-18,-0.015));
#2630=DIRECTION('',(0.707106781186548,-0.707106781186547,-3.22023024081887E-15));
#2631=DIRECTION('',(-0.301511344577766,-0.301511344577762,-0.904534033733291));
#2632=DIRECTION('',(0.0,-0.554700196225229,0.832050294337844));
#2633=CARTESIAN_POINT('',(-1.73472347597681E-18,0.0,-0.015));
#2634=DIRECTION('',(-0.707106781186546,-0.707106781186549,4.91221562158807E-16));
#2635=DIRECTION('',(0.301511344577765,-0.301511344577763,0.904534033733291));
#2636=CARTESIAN_POINT('',(-1.50463276905253E-36,0.0,-0.015));
#2637=DIRECTION('',(0.707106781186547,-0.707106781186547,8.18702603598012E-17));
#2638=DIRECTION('',(-0.301511344577764,-0.301511344577764,0.904534033733291));
#2639=DIRECTION('',(-0.0,0.554700196225229,-0.832050294337844));
#2640=CARTESIAN_POINT('',(0.0,-0.01,5.20417042793042E-18));
#2641=DIRECTION('',(-0.707106781186548,-0.707106781186547,3.49313110868488E-15));
#2642=DIRECTION('',(0.301511344577766,-0.301511344577762,0.904534033733291));
#2643=CARTESIAN_POINT('',(-6.31165049363948E-19,-0.01,0.0));
#2644=DIRECTION('',(0.641358988852307,-0.138235604332914,-0.754685076779089));
#2645=DIRECTION('',(0.423754337237316,-0.756174588705416,0.49863037720215));
#2646=CARTESIAN_POINT('',(0.0,-0.01,0.0));
#2647=DIRECTION('',(-0.641358988852309,-0.138235604332919,-0.754685076779087));
#2648=DIRECTION('',(-0.423754337237313,-0.756174588705415,0.498630377202154));
#2649=CARTESIAN_POINT('',(0.0,-0.01,5.20417042793042E-18));
#2650=DIRECTION('',(0.707106781186548,-0.707106781186547,3.49313110868488E-15));
#2651=DIRECTION('',(0.301511344577766,0.301511344577762,-0.904534033733291));
#2652=DIRECTION('',(-0.0,0.554700196225229,-0.832050294337844));
#2653=CARTESIAN_POINT('',(0.01,-0.01,0.015));
#2654=DIRECTION('',(-0.707106781186548,-0.707106781186547,-1.36450433933001E-15));
#2655=DIRECTION('',(0.301511344577763,-0.301511344577765,0.904534033733291));
#2656=CARTESIAN_POINT('',(0.01,-0.01,0.015));
#2657=DIRECTION('',(0.641358988852307,-0.138235604332913,-0.75468507677909));
#2658=DIRECTION('',(0.423754337237317,-0.756174588705416,0.498630377202149));
#2659=DIRECTION('',(-0.0,0.554700196225229,-0.832050294337844));
#2660=CARTESIAN_POINT('',(0.01,0.0,1.80422147347659E-19));
#2661=DIRECTION('',(0.707106781186546,-0.707106781186549,-3.82061215012406E-16));
#2662=DIRECTION('',(-0.301511344577764,-0.301511344577764,0.904534033733291));
#2663=DIRECTION('',(-0.707106781186548,0.707106781186548,0.0));
#2664=CARTESIAN_POINT('',(-3.83323354170858E-20,-0.01,0.0));
#2665=DIRECTION('',(-0.0,-1.0,0.0));
#2666=DIRECTION('',(-1.0,0.0,0.0));
#2667=CARTESIAN_POINT('',(1.73472347597681E-18,-0.01,-3.46944695195361E-18));
#2668=DIRECTION('',(-0.138235604332914,0.641358988852307,-0.754685076779089));
#2669=DIRECTION('',(-0.756174588705416,0.423754337237316,0.49863037720215));
#2670=DIRECTION('',(0.707106781186548,-0.707106781186548,-0.0));
#2671=CARTESIAN_POINT('',(-0.01,0.0,-5.20417042793042E-18));
#2672=DIRECTION('',(0.138235604332913,-0.641358988852308,-0.754685076779089));
#2673=DIRECTION('',(-0.756174588705415,0.423754337237317,-0.49863037720215));
#2674=CARTESIAN_POINT('',(-0.01,1.73472347597681E-18,-3.46944695195361E-18));
#2675=DIRECTION('',(0.641358988852308,-0.138235604332915,-0.754685076779089));
#2676=DIRECTION('',(-0.423754337237315,0.756174588705416,-0.498630377202151));
#2677=CARTESIAN_POINT('',(-0.01,0.0,0.0));
#2678=DIRECTION('',(-1.0,-0.0,0.0));
#2679=DIRECTION('',(0.0,-1.0,0.0));
#2680=DIRECTION('',(-0.707106781186548,0.707106781186548,0.0));
#2681=CARTESIAN_POINT('',(0.01,0.0,0.0));
#2682=DIRECTION('',(-0.641358988852307,0.138235604332915,-0.75468507677909));
#2683=DIRECTION('',(0.423754337237316,-0.756174588705416,-0.49863037720215));
#2684=CARTESIAN_POINT('',(0.01,-3.83323354170858E-20,0.0));
#2685=DIRECTION('',(-1.0,-0.0,0.0));
#2686=DIRECTION('',(0.0,-1.0,0.0));
#2687=DIRECTION('',(0.707106781186548,-0.707106781186548,-0.0));
#2688=CARTESIAN_POINT('',(0.0,0.01,0.0));
#2689=DIRECTION('',(-0.0,-1.0,0.0));
#2690=DIRECTION('',(-1.0,0.0,0.0));
#2691=CARTESIAN_POINT('',(-1.88514473977504E-21,0.01,-2.82771710966257E-21));
#2692=DIRECTION('',(0.138235604332916,-0.641358988852307,-0.754685076779089));
#2693=DIRECTION('',(0.756174588705416,-0.423754337237315,0.49863037720215));
#2694=CARTESIAN_POINT('',(0.0,0.01,0.0));
#2695=DIRECTION('',(0.641358988852309,-0.138235604332916,-0.754685076779088));
#2696=DIRECTION('',(0.423754337237314,-0.756174588705415,0.498630377202152));
#2697=DIRECTION('',(-0.0,-0.554700196225229,-0.832050294337844));
#2698=CARTESIAN_POINT('',(0.01,0.01,0.015));
#2699=DIRECTION('',(0.707106781186548,-0.707106781186547,2.83816902580646E-15));
#2700=DIRECTION('',(-0.301511344577761,-0.301511344577766,-0.904534033733291));
#2701=DIRECTION('',(-0.0,-0.554700196225229,-0.832050294337844));
#2702=DIRECTION('',(0.707106781186548,0.707106781186548,0.0));
#2703=DIRECTION('',(1.0,-0.0,0.0));
#2704=DIRECTION('',(0.0,-1.0,0.0));
#2705=DIRECTION('',(-0.707106781186548,-0.707106781186548,-0.0));
#2706=DIRECTION('',(0.707106781186548,-0.707106781186548,-0.0));
#2707=DIRECTION('',(0.0,-1.0,0.0));
#2708=DIRECTION('',(-1.0,0.0,0.0));
#2709=DIRECTION('',(-0.707106781186548,0.707106781186548,0.0));
#2710=DIRECTION('',(-0.707106781186548,-0.707106781186548,-0.0));
#2711=DIRECTION('',(-1.0,0.0,0.0));
#2712=DIRECTION('',(0.0,1.0,0.0));
#2713=DIRECTION('',(0.707106781186548,0.707106781186548,0.0));
#2714=DIRECTION('',(-0.707106781186548,0.707106781186548,0.0));
#2715=DIRECTION('',(0.0,1.0,0.0));
#2716=DIRECTION('',(1.0,-0.0,0.0));
#2717=DIRECTION('',(0.707106781186548,-0.707106781186548,-0.0));
#2718=CARTESIAN_POINT('',(0.01,-0.01,-0.015));
#2719=DIRECTION('',(-0.0,-1.0,0.0));
#2720=DIRECTION('',(-1.0,0.0,0.0));
#2721=CARTESIAN_POINT('',(0.01,-0.01,-0.015));
#2722=DIRECTION('',(-0.138235604332915,0.641358988852308,-0.754685076779089));
#2723=DIRECTION('',(0.756174588705416,-0.423754337237315,-0.498630377202151));
#2724=CARTESIAN_POINT('',(0.01,-0.01,-0.015));
#2725=DIRECTION('',(-1.0,-0.0,0.0));
#2726=DIRECTION('',(0.0,-1.0,0.0));
#2727=CARTESIAN_POINT('',(0.0,0.0,-0.015));
#2728=DIRECTION('',(-3.97741482926943E-15,-1.0,-0.0));
#2729=DIRECTION('',(-1.0,3.97741482926943E-15,0.0));
#2730=CARTESIAN_POINT('',(-1.73472347597681E-18,0.0,-0.015));
#2731=DIRECTION('',(0.138235604332914,-0.641358988852309,-0.754685076779088));
#2732=DIRECTION('',(-0.756174588705415,0.423754337237316,-0.498630377202151));
#2733=CARTESIAN_POINT('',(0.0,0.0,-0.015));
#2734=DIRECTION('',(0.641358988852309,-0.138235604332915,-0.754685076779088));
#2735=DIRECTION('',(0.423754337237315,-0.756174588705415,0.498630377202151));
#2736=CARTESIAN_POINT('',(0.0,0.0,-0.015));
#2737=DIRECTION('',(-1.0,-3.97741482926946E-15,0.0));
#2738=DIRECTION('',(3.97741482926946E-15,-1.0,0.0));
#2739=DIRECTION('',(-0.0,-0.554700196225229,0.832050294337844));
#2740=CARTESIAN_POINT('',(0.01,0.01,-0.015));
#2741=DIRECTION('',(-1.0,0.0,0.0));
#2742=DIRECTION('',(0.0,1.0,0.0));
#2743=DIRECTION('',(0.0,-0.0,-1.0));
#2744=CARTESIAN_POINT('',(0.01,-3.83323354170858E-20,0.0));
#2745=DIRECTION('',(-1.0,-0.0,0.0));
#2746=DIRECTION('',(0.0,-1.0,0.0));
#2747=DIRECTION('',(0.0,-0.0,-1.0));
#2748=DIRECTION('',(0.0,-1.0,0.0));
#2749=CARTESIAN_POINT('',(0.01,0.01,0.015));
#2750=DIRECTION('',(-1.0,-0.0,0.0));
#2751=DIRECTION('',(0.0,-1.0,0.0));
#2752=DIRECTION('',(0.0,0.554700196225229,0.832050294337844));
#2753=CARTESIAN_POINT('',(0.01,-0.01,0.015));
#2754=DIRECTION('',(-1.0,-0.0,0.0));
#2755=DIRECTION('',(0.0,-1.0,0.0));
#2756=DIRECTION('',(0.0,-1.0,0.0));
#2757=DIRECTION('',(-0.0,0.0,1.0));
#2758=DIRECTION('',(0.0,-0.554700196225229,0.832050294337844));
#2759=CARTESIAN_POINT('',(0.01,-3.83323354170858E-20,0.0));
#2760=DIRECTION('',(-1.0,-0.0,0.0));
#2761=DIRECTION('',(0.0,-1.0,0.0));
#2762=DIRECTION('',(-0.0,0.554700196225229,0.832050294337844));
#2763=DIRECTION('',(-0.0,0.0,1.0));
#2764=CARTESIAN_POINT('',(0.01,0.01,-0.015));
#2765=DIRECTION('',(-0.641358988852307,-0.138235604332913,-0.75468507677909));
#2766=DIRECTION('',(-0.423754337237317,-0.756174588705416,0.498630377202149));
#2767=CARTESIAN_POINT('',(0.01,0.01,-0.015));
#2768=DIRECTION('',(-0.138235604332913,-0.641358988852307,-0.75468507677909));
#2769=DIRECTION('',(-0.756174588705416,-0.423754337237317,0.498630377202149));
#2770=CARTESIAN_POINT('',(0.01,0.01,-0.015));
#2771=DIRECTION('',(-0.0,-1.0,0.0));
#2772=DIRECTION('',(-1.0,0.0,0.0));
#2773=CARTESIAN_POINT('',(0.0,0.0,-0.015));
#2774=DIRECTION('',(-1.0,0.0,0.0));
#2775=DIRECTION('',(0.0,1.0,0.0));
#2776=DIRECTION('',(0.707106781186548,-0.707106781186548,-0.0));
#2777=DIRECTION('',(-0.707106781186548,-0.707106781186548,0.0));
#2778=DIRECTION('',(1.0,-0.0,0.0));
#2779=DIRECTION('',(0.707106781186548,0.707106781186548,-0.0));
#2780=DIRECTION('',(0.707106781186548,-0.707106781186548,0.0));
#2781=DIRECTION('',(1.0,-0.0,0.0));
#2782=DIRECTION('',(0.0,1.0,0.0));
#2783=DIRECTION('',(-0.707106781186548,0.707106781186548,-0.0));
#2784=DIRECTION('',(0.707106781186548,0.707106781186548,0.0));
#2785=DIRECTION('',(0.0,1.0,0.0));
#2786=DIRECTION('',(-1.0,0.0,0.0));
#2787=DIRECTION('',(-0.707106781186548,-0.707106781186548,-0.0));
#2788=DIRECTION('',(-0.707106781186548,0.707106781186548,0.0));
#2789=DIRECTION('',(-1.0,0.0,0.0));
#2790=CARTESIAN_POINT('',(0.0,0.0,0.015));
#2791=DIRECTION('',(-1.0,-3.97741482926946E-15,0.0));
#2792=DIRECTION('',(3.97741482926946E-15,-1.0,0.0));
#2793=CARTESIAN_POINT('',(-1.73472347597681E-18,1.73472347597681E-18,0.015));
#2794=DIRECTION('',(-0.641358988852309,0.138235604332918,-0.754685076779087));
#2795=DIRECTION('',(0.423754337237313,-0.756174588705415,-0.498630377202153));
#2796=CARTESIAN_POINT('',(-1.73472347597681E-18,1.73472347597681E-18,0.015));
#2797=DIRECTION('',(-0.138235604332916,0.641358988852308,-0.754685076779088));
#2798=DIRECTION('',(-0.756174588705415,0.423754337237314,0.498630377202152));
#2799=CARTESIAN_POINT('',(0.0,0.0,0.015));
#2800=DIRECTION('',(3.97741482926946E-15,-1.0,0.0));
#2801=DIRECTION('',(1.0,3.97741482926946E-15,0.0));
#2802=CARTESIAN_POINT('',(0.01,-0.01,0.015));
#2803=DIRECTION('',(0.138235604332915,-0.641358988852308,-0.754685076779089));
#2804=DIRECTION('',(-0.756174588705416,0.423754337237315,-0.498630377202151));
#2805=CARTESIAN_POINT('',(0.01,-0.01,0.015));
#2806=DIRECTION('',(-0.0,-1.0,0.0));
#2807=DIRECTION('',(-1.0,0.0,0.0));
#2808=CARTESIAN_POINT('',(-0.01,-0.01,-0.015));
#2809=DIRECTION('',(-0.0,-1.0,0.0));
#2810=DIRECTION('',(-1.0,0.0,0.0));
#2811=DIRECTION('',(0.554700196225229,0.0,0.832050294337844));
#2812=DIRECTION('',(0.554700196225229,-0.0,-0.832050294337844));
#2813=DIRECTION('',(-0.554700196225229,0.0,0.832050294337844));
#2814=CARTESIAN_POINT('',(0.0,-0.01,0.0));
#2815=DIRECTION('',(0.0,-1.0,0.0));
#2816=DIRECTION('',(1.0,0.0,0.0));
#2817=DIRECTION('',(0.554700196225229,-0.0,0.832050294337844));
#2818=DIRECTION('',(-0.554700196225229,0.0,-0.832050294337844));
#2819=DIRECTION('',(-0.554700196225229,-0.0,0.832050294337844));
#2820=CARTESIAN_POINT('',(-0.01,-0.01,0.015));
#2821=DIRECTION('',(-0.0,-1.0,0.0));
#2822=DIRECTION('',(-1.0,0.0,0.0));
#2823=DIRECTION('',(-0.0,0.0,1.0));
#2824=DIRECTION('',(0.554700196225229,0.0,-0.832050294337844));
#2825=CARTESIAN_POINT('',(-3.83323354170858E-20,-0.01,0.0));
#2826=DIRECTION('',(-0.0,-1.0,0.0));
#2827=DIRECTION('',(-1.0,0.0,0.0));
#2828=DIRECTION('',(-0.554700196225229,-0.0,-0.832050294337844));
#2829=DIRECTION('',(-0.0,0.0,1.0));
#2830=CARTESIAN_POINT('',(0.01,0.01,0.015));
#2831=DIRECTION('',(0.641358988852307,0.138235604332913,-0.75468507677909));
#2832=DIRECTION('',(-0.423754337237317,-0.756174588705416,-0.498630377202149));
#2833=CARTESIAN_POINT('',(0.01,0.01,0.015));
#2834=DIRECTION('',(0.707106781186548,-0.707106781186547,2.83816902580646E-15));
#2835=DIRECTION('',(-0.301511344577761,-0.301511344577766,-0.904534033733291));
#2836=CARTESIAN_POINT('',(0.0,0.01,0.0));
#2837=DIRECTION('',(-1.0,-6.2147106707335E-16,0.0));
#2838=DIRECTION('',(6.21471067073351E-16,-1.0,0.0));
#2839=CARTESIAN_POINT('',(-3.46944695195361E-18,0.01,0.0));
#2840=DIRECTION('',(-0.641358988852305,0.138235604332912,-0.754685076779092));
#2841=DIRECTION('',(0.423754337237319,-0.756174588705416,-0.498630377202147));
#2842=CARTESIAN_POINT('',(-1.73472347597681E-18,0.01,0.0));
#2843=DIRECTION('',(-0.138235604332912,0.641358988852305,-0.754685076779092));
#2844=DIRECTION('',(-0.756174588705416,0.423754337237319,0.498630377202147));
#2845=CARTESIAN_POINT('',(0.0,0.01,0.0));
#2846=DIRECTION('',(-0.0,-1.0,0.0));
#2847=DIRECTION('',(-1.0,0.0,0.0));
#2848=CARTESIAN_POINT('',(0.01,-3.83323354170858E-20,0.0));
#2849=DIRECTION('',(9.68611532856931E-16,-1.0,-0.0));
#2850=DIRECTION('',(-1.0,-9.68611532856931E-16,0.0));
#2851=CARTESIAN_POINT('',(-0.01,0.0,0.0));
#2852=DIRECTION('',(-1.0,-0.0,0.0));
#2853=DIRECTION('',(0.0,-1.0,0.0));
#2854=CARTESIAN_POINT('',(-0.01,1.73472347597681E-18,0.0));
#2855=DIRECTION('',(-0.641358988852307,0.138235604332916,-0.754685076779089));
#2856=DIRECTION('',(0.423754337237315,-0.756174588705415,-0.498630377202151));
#2857=CARTESIAN_POINT('',(-0.01,1.73472347597681E-18,0.0));
#2858=DIRECTION('',(-0.138235604332922,0.641358988852311,-0.754685076779085));
#2859=DIRECTION('',(-0.756174588705414,0.423754337237311,0.498630377202157));
#2860=CARTESIAN_POINT('',(-0.01,-1.73472347597681E-18,0.0));
#2861=DIRECTION('',(-3.97741482926944E-15,-1.0,0.0));
#2862=DIRECTION('',(1.0,-3.97741482926944E-15,0.0));
#2863=CARTESIAN_POINT('',(-1.73472347597681E-18,-0.01,0.0));
#2864=DIRECTION('',(-1.0,4.9717685365868E-16,0.0));
#2865=DIRECTION('',(-4.9717685365868E-16,-1.0,0.0));
#2866=CARTESIAN_POINT('',(-1.66108806792991E-19,-0.01,0.0));
#2867=DIRECTION('',(0.138235604332914,-0.641358988852306,-0.75468507677909));
#2868=DIRECTION('',(-0.756174588705416,0.423754337237317,-0.498630377202149));
#2869=CARTESIAN_POINT('',(0.0,-0.01,5.20417042793042E-18));
#2870=DIRECTION('',(-0.707106781186548,-0.707106781186547,3.49313110868488E-15));
#2871=DIRECTION('',(0.301511344577766,-0.301511344577762,0.904534033733291));
#2872=CARTESIAN_POINT('',(-0.01,-0.01,-0.015));
#2873=DIRECTION('',(0.138235604332915,0.641358988852308,-0.754685076779089));
#2874=DIRECTION('',(0.756174588705416,0.423754337237315,0.498630377202151));
#2875=CARTESIAN_POINT('',(-0.01,-0.01,-0.015));
#2876=DIRECTION('',(0.707106781186548,-0.707106781186548,0.0));
#2877=DIRECTION('',(0.301511344577764,0.301511344577764,0.904534033733291));
#2878=CARTESIAN_POINT('',(-0.01,-0.01,0.015));
#2879=DIRECTION('',(0.707106781186548,-0.707106781186548,0.0));
#2880=DIRECTION('',(-0.301511344577764,-0.301511344577764,0.904534033733291));
#2881=CARTESIAN_POINT('',(-0.01,-0.01,0.015));
#2882=DIRECTION('',(-0.138235604332915,-0.641358988852308,-0.754685076779089));
#2883=DIRECTION('',(-0.756174588705416,-0.423754337237315,0.498630377202151));
#2884=CARTESIAN_POINT('',(0.0,-0.01,-2.60208521396521E-18));
#2885=DIRECTION('',(-0.707106781186548,-0.707106781186547,-6.00381909305209E-16));
#2886=DIRECTION('',(0.301511344577764,-0.301511344577764,-0.904534033733291));
#2887=CARTESIAN_POINT('',(0.01,-0.01,0.015));
#2888=DIRECTION('',(-0.707106781186548,-0.707106781186547,-1.36450433933001E-15));
#2889=DIRECTION('',(0.301511344577763,-0.301511344577765,0.904534033733291));
#2890=CARTESIAN_POINT('',(0.0,-0.01,-2.60208521396521E-18));
#2891=DIRECTION('',(0.707106781186548,-0.707106781186547,-6.00381909305209E-16));
#2892=DIRECTION('',(0.301511344577764,0.301511344577764,0.904534033733291));
#2893=CARTESIAN_POINT('',(0.01,0.0,1.80422147347659E-19));
#2894=DIRECTION('',(0.707106781186546,-0.707106781186549,-3.82061215012406E-16));
#2895=DIRECTION('',(-0.301511344577764,-0.301511344577764,0.904534033733291));
#2896=CARTESIAN_POINT('',(0.0,0.0,-0.015));
#2897=DIRECTION('',(-0.641358988852309,-0.138235604332915,-0.754685076779088));
#2898=DIRECTION('',(0.423754337237315,0.756174588705415,-0.498630377202151));
#2899=CARTESIAN_POINT('',(8.56327962988527E-21,0.0,-0.015));
#2900=DIRECTION('',(-0.138235604332913,-0.641358988852308,-0.754685076779089));
#2901=DIRECTION('',(0.756174588705415,0.423754337237317,-0.498630377202149));
#2902=CARTESIAN_POINT('',(0.0,0.0,-0.015));
#2903=DIRECTION('',(3.97741482926943E-15,-1.0,-0.0));
#2904=DIRECTION('',(-1.0,-3.97741482926943E-15,0.0));
#2905=CARTESIAN_POINT('',(-0.01,-0.01,-0.015));
#2906=DIRECTION('',(-1.0,0.0,0.0));
#2907=DIRECTION('',(0.0,1.0,0.0));
#2908=CARTESIAN_POINT('',(0.0,-0.01,5.20417042793042E-18));
#2909=DIRECTION('',(0.707106781186548,-0.707106781186547,3.49313110868488E-15));
#2910=DIRECTION('',(0.301511344577766,0.301511344577762,-0.904534033733291));
#2911=CARTESIAN_POINT('',(-1.50463276905253E-36,0.0,-0.015));
#2912=DIRECTION('',(0.707106781186547,-0.707106781186547,8.18702603598012E-17));
#2913=DIRECTION('',(-0.301511344577764,-0.301511344577764,0.904534033733291));
#2914=CARTESIAN_POINT('',(-1.73472347597681E-18,0.0,-0.015));
#2915=DIRECTION('',(-0.707106781186546,-0.707106781186549,4.91221562158807E-16));
#2916=DIRECTION('',(0.301511344577765,-0.301511344577763,0.904534033733291));
#2917=CARTESIAN_POINT('',(0.01,0.0,1.80422147347659E-19));
#2918=DIRECTION('',(0.707106781186546,-0.707106781186549,3.54771128225805E-16));
#2919=DIRECTION('',(0.301511344577764,0.301511344577764,0.904534033733291));
#2920=CARTESIAN_POINT('',(0.01,-6.25441345336998E-20,0.0));
#2921=DIRECTION('',(0.138235604332914,0.641358988852307,-0.754685076779089));
#2922=DIRECTION('',(0.756174588705416,0.423754337237316,0.49863037720215));
#2923=CARTESIAN_POINT('',(0.0,-0.01,0.0));
#2924=DIRECTION('',(-0.138235604332916,-0.641358988852307,-0.754685076779089));
#2925=DIRECTION('',(0.756174588705415,0.423754337237315,-0.498630377202151));
#2926=CARTESIAN_POINT('',(0.01,-0.01,-0.015));
#2927=DIRECTION('',(-0.707106781186548,-0.707106781186547,1.36450433933001E-15));
#2928=DIRECTION('',(-0.301511344577763,0.301511344577765,0.904534033733291));
#2929=CARTESIAN_POINT('',(-0.01,0.0,5.20417042793042E-18));
#2930=DIRECTION('',(-0.707106781186547,-0.707106781186547,3.49313110868488E-15));
#2931=DIRECTION('',(-0.301511344577762,0.301511344577766,0.904534033733291));
#2932=DIRECTION('',(0.0,0.554700196225229,0.832050294337844));
#2933=CARTESIAN_POINT('',(-1.35525271560688E-20,0.01,2.03287907341033E-20));
#2934=DIRECTION('',(-0.707106781186548,-0.707106781186547,-1.28263407897022E-15));
#2935=DIRECTION('',(0.301511344577764,-0.301511344577763,-0.904534033733291));
#2936=CARTESIAN_POINT('',(1.79464157234842E-20,0.01,0.0));
#2937=DIRECTION('',(0.641358988852307,0.138235604332914,-0.754685076779089));
#2938=DIRECTION('',(-0.423754337237316,-0.756174588705416,-0.498630377202149));
#2939=CARTESIAN_POINT('',(-1.35525271560688E-20,0.01,-2.03287907341033E-20));
#2940=DIRECTION('',(0.707106781186548,-0.707106781186547,-1.25534399218362E-15));
#2941=DIRECTION('',(0.301511344577764,0.301511344577763,0.904534033733291));
#2942=DIRECTION('',(-0.554700196225229,-0.0,0.832050294337844));
#2943=DIRECTION('',(0.554700196225229,0.0,-0.832050294337844));
#2944=CARTESIAN_POINT('',(0.01,0.01,-0.015));
#2945=DIRECTION('',(0.707106781186548,-0.707106781186547,-2.83816902580646E-15));
#2946=DIRECTION('',(0.301511344577761,0.301511344577766,-0.904534033733291));
#2947=CARTESIAN_POINT('',(0.01,-3.63415443031853E-20,0.0));
#2948=DIRECTION('',(0.641358988852307,0.138235604332915,-0.75468507677909));
#2949=DIRECTION('',(-0.423754337237316,-0.756174588705415,-0.49863037720215));
#2950=CARTESIAN_POINT('',(0.0,0.01,9.41483484238779E-36));
#2951=DIRECTION('',(-0.707106781186549,0.707106781186546,-3.54771128225805E-16));
#2952=DIRECTION('',(0.301511344577764,0.301511344577764,-0.904534033733291));
#2953=CARTESIAN_POINT('',(0.0,0.01,-1.01994044125868E-35));
#2954=DIRECTION('',(0.707106781186549,0.707106781186546,-4.09351301799006E-16));
#2955=DIRECTION('',(0.301511344577764,-0.301511344577764,0.904534033733291));
#2956=CARTESIAN_POINT('',(-0.01,0.0,-5.20417042793042E-18));
#2957=DIRECTION('',(-0.707106781186547,-0.707106781186547,-3.49313110868488E-15));
#2958=DIRECTION('',(0.301511344577762,-0.301511344577766,0.904534033733291));
#2959=CARTESIAN_POINT('',(2.3039296165317E-18,0.0,0.015));
#2960=DIRECTION('',(0.707106781186548,-0.707106781186547,1.00973321110422E-15));
#2961=DIRECTION('',(0.301511344577763,0.301511344577764,0.904534033733291));
#2962=CARTESIAN_POINT('',(3.46944695195361E-18,3.46944695195361E-18,0.015));
#2963=DIRECTION('',(0.138235604332911,0.641358988852305,-0.754685076779091));
#2964=DIRECTION('',(-0.756174588705417,-0.423754337237319,-0.498630377202147));
#2965=CARTESIAN_POINT('',(-3.46944695195361E-18,0.0,0.015));
#2966=DIRECTION('',(-0.707106781186547,-0.707106781186548,1.82843581470224E-15));
#2967=DIRECTION('',(-0.301511344577763,0.301511344577765,0.90453403373329));
#2968=CARTESIAN_POINT('',(1.73472347597681E-18,1.73472347597681E-18,0.015));
#2969=DIRECTION('',(0.641358988852309,0.138235604332918,-0.754685076779087));
#2970=DIRECTION('',(0.423754337237313,0.756174588705415,0.498630377202153));
#2971=DIRECTION('',(-0.554700196225229,0.0,-0.832050294337844));
#2972=CARTESIAN_POINT('',(-0.01,0.01,-0.015));
#2973=DIRECTION('',(-0.707106781186547,-0.707106781186548,1.39179442611662E-15));
#2974=DIRECTION('',(0.301511344577765,-0.301511344577763,0.904534033733291));
#2975=CARTESIAN_POINT('',(-0.01,0.01,-0.015));
#2976=DIRECTION('',(0.138235604332913,-0.641358988852307,-0.75468507677909));
#2977=DIRECTION('',(-0.756174588705416,0.423754337237317,-0.498630377202149));
#2978=DIRECTION('',(0.554700196225229,-0.0,0.832050294337844));
#2979=CARTESIAN_POINT('',(3.39384468496704E-20,0.01,0.0));
#2980=DIRECTION('',(0.138235604332915,0.641358988852307,-0.754685076779089));
#2981=DIRECTION('',(0.756174588705415,0.423754337237316,0.49863037720215));
#2982=CARTESIAN_POINT('',(-0.01,0.01,-0.015));
#2983=DIRECTION('',(-0.0,-1.0,0.0));
#2984=DIRECTION('',(-1.0,0.0,0.0));
#2985=CARTESIAN_POINT('',(-0.01,0.01,-0.015));
#2986=DIRECTION('',(0.641358988852308,-0.138235604332915,-0.754685076779089));
#2987=DIRECTION('',(0.423754337237315,-0.756174588705416,0.49863037720215));
#2988=CARTESIAN_POINT('',(-0.01,0.01,-0.015));
#2989=DIRECTION('',(-1.0,-0.0,0.0));
#2990=DIRECTION('',(0.0,-1.0,0.0));
#2991=DIRECTION('',(0.0,-0.554700196225229,0.832050294337844));
#2992=DIRECTION('',(-0.554700196225229,0.0,0.832050294337844));
#2993=CARTESIAN_POINT('',(-0.01,0.01,0.015));
#2994=DIRECTION('',(-0.138235604332914,0.641358988852307,-0.75468507677909));
#2995=DIRECTION('',(0.756174588705416,-0.423754337237316,-0.498630377202149));
#2996=CARTESIAN_POINT('',(-0.01,0.01,0.015));
#2997=DIRECTION('',(-0.707106781186547,-0.707106781186548,-1.39179442611662E-15));
#2998=DIRECTION('',(-0.301511344577765,0.301511344577763,0.904534033733291));
#2999=DIRECTION('',(0.554700196225229,-0.0,-0.832050294337844));
#3000=DIRECTION('',(-0.554700196225229,-0.0,-0.832050294337844));
#3001=DIRECTION('',(0.554700196225229,0.0,0.832050294337844));
#3002=CARTESIAN_POINT('',(0.01,0.01,0.015));
#3003=DIRECTION('',(0.138235604332914,0.641358988852307,-0.75468507677909));
#3004=DIRECTION('',(0.756174588705416,0.423754337237316,0.498630377202149));
#3005=DIRECTION('',(-0.0,-0.554700196225229,0.832050294337844));
#3006=CARTESIAN_POINT('',(0.0,0.0,0.015));
#3007=DIRECTION('',(-3.97741482926946E-15,-1.0,0.0));
#3008=DIRECTION('',(1.0,-3.97741482926946E-15,0.0));
#3009=CARTESIAN_POINT('',(-0.01,-0.01,0.015));
#3010=DIRECTION('',(-1.0,0.0,0.0));
#3011=DIRECTION('',(0.0,1.0,0.0));
#3012=CARTESIAN_POINT('',(-0.01,0.01,0.015));
#3013=DIRECTION('',(-0.641358988852308,0.138235604332915,-0.754685076779089));
#3014=DIRECTION('',(-0.423754337237315,0.756174588705416,0.49863037720215));
#3015=DIRECTION('',(-0.0,0.554700196225229,0.832050294337844));
#3016=CARTESIAN_POINT('',(-0.01,0.01,0.015));
#3017=DIRECTION('',(-1.0,0.0,0.0));
#3018=DIRECTION('',(0.0,1.0,0.0));
#3019=CARTESIAN_POINT('',(-0.01,0.01,0.015));
#3020=DIRECTION('',(0.0,-1.0,0.0));
#3021=DIRECTION('',(1.0,0.0,0.0));
#3022=CARTESIAN_POINT('',(0.0,0.0,0.015));
#3023=DIRECTION('',(-1.0,3.97741482926946E-15,0.0));
#3024=DIRECTION('',(-3.97741482926946E-15,-1.0,0.0));
#3025=CARTESIAN_POINT('',(-0.01,0.0,0.0));
#3026=DIRECTION('',(-1.0,-0.0,0.0));
#3027=DIRECTION('',(0.0,-1.0,0.0));
#3028=CARTESIAN_POINT('',(3.83323354170858E-20,0.01,0.0));
#3029=DIRECTION('',(0.0,-1.0,0.0));
#3030=DIRECTION('',(1.0,0.0,0.0));
#3031=CARTESIAN_POINT('',(0.01,0.01,0.015));
#3032=DIRECTION('',(0.0,-1.0,0.0));
#3033=DIRECTION('',(1.0,0.0,0.0));
#3034=DIRECTION('',(0.0,-0.0,-1.0));
#3035=DIRECTION('',(0.0,-0.0,-1.0));
#3036=PRESENTATION_LAYER_ASSIGNMENT('9','\X2\56FE5C42\X0\0',(#25));
ENDSEC;
END-ISO-10303-21;
