ISO-10303-21;
HEADER;
FILE_DESCRIPTION(('STEP AP214'),'1');
FILE_NAME('3.stp','2025-01-06T02:24:33',(' '),(' '),'Spatial InterOp 3D',' ',' ');
FILE_SCHEMA(('AUTOMOTIVE_DESIGN { 1 0 10303 214 1 1 1 1 }'));
ENDSEC;
DATA;
#1=MECHANICAL_DESIGN_GEOMETRIC_PRESENTATION_REPRESENTATION(' ',(#10),#6);
#2=PRODUCT_DEFINITION_CONTEXT('',#11,'design');
#3=APPLICATION_PROTOCOL_DEFINITION('INTERNATIONAL STANDARD','automotive_design',1994,#11);
#4=PRODUCT_CATEGORY_RELATIONSHIP('NONE','NONE',#12,#13);
#5=SHAPE_DEFINITION_REPRESENTATION(#14,#15);
#6= (GEOMETRIC_REPRESENTATION_CONTEXT(3)GLOBAL_UNCERTAINTY_ASSIGNED_CONTEXT((#18))GLOBAL_UNIT_ASSIGNED_CONTEXT((#20,#21,#22))REPRESENTATION_CONTEXT('NONE','WORKSPACE'));
#10=STYLED_ITEM('',(#24),#25);
#11=APPLICATION_CONTEXT(' ');
#12=PRODUCT_CATEGORY('part','NONE');
#13=PRODUCT_RELATED_PRODUCT_CATEGORY('detail',' ',(#26));
#14=PRODUCT_DEFINITION_SHAPE('NONE','NONE',#27);
#15=ADVANCED_BREP_SHAPE_REPRESENTATION('\X2\5B9E4F53\X0\111',(#25,#28),#6);
#18=UNCERTAINTY_MEASURE_WITH_UNIT(LENGTH_MEASURE(1.0E-08),#20,'','');
#20= (CONVERSION_BASED_UNIT('METRE',#31)LENGTH_UNIT()NAMED_UNIT(#34));
#21= (NAMED_UNIT(#36)PLANE_ANGLE_UNIT()SI_UNIT($,.RADIAN.));
#22= (NAMED_UNIT(#36)SOLID_ANGLE_UNIT()SI_UNIT($,.STERADIAN.));
#24=PRESENTATION_STYLE_ASSIGNMENT((#42));
#25=MANIFOLD_SOLID_BREP('\X2\5B9E4F53\X0\111',#43);
#26=PRODUCT('\X2\5B9E4F53\X0\111','','PART--DESC',(#44));
#27=PRODUCT_DEFINITION('','NONE',#45,#2);
#28=AXIS2_PLACEMENT_3D('',#46,#47,#48);
#31=LENGTH_MEASURE_WITH_UNIT(LENGTH_MEASURE(1.0),#49);
#34=DIMENSIONAL_EXPONENTS(1.0,0.0,0.0,0.0,0.0,0.0,0.0);
#36=DIMENSIONAL_EXPONENTS(0.0,0.0,0.0,0.0,0.0,0.0,0.0);
#42=SURFACE_STYLE_USAGE(.BOTH.,#50);
#43=CLOSED_SHELL('',(#51,#52,#53,#54,#55,#56,#57,#58,#59,#60,#61,#62,#63,#64,#65,#66,#67,#68,#69,#70,#71,#72,#73,#74,#75,#76,#77,#78,#79,#80,#81,#82,#83,#84,#85,#86,#87,#88,#89,#90,#91,#92,#93,#94,#95,#96,#97,#98,#99,#100,#101,#102,#103,#104,#105,#106,#107,#108,#109,#110,#111,#112,#113,#114,#115,#116,#117,#118,#119,#120));
#44=PRODUCT_CONTEXT('',#11,'mechanical');
#45=PRODUCT_DEFINITION_FORMATION_WITH_SPECIFIED_SOURCE(' ','NONE',#26,.NOT_KNOWN.);
#46=CARTESIAN_POINT('',(0.0,0.0,0.0));
#47=DIRECTION('',(0.0,0.0,1.0));
#48=DIRECTION('',(1.0,0.0,0.0));
#49= (NAMED_UNIT(#34)LENGTH_UNIT()SI_UNIT($,.METRE.));
#50=SURFACE_SIDE_STYLE('',(#122));
#51=ADVANCED_FACE('1:57623',(#123),#124,.T.);
#52=ADVANCED_FACE('1:57533',(#125),#126,.T.);
#53=ADVANCED_FACE('1:57578',(#127),#128,.T.);
#54=ADVANCED_FACE('1:57488',(#129),#130,.T.);
#55=ADVANCED_FACE('1:57443',(#131),#132,.T.);
#56=ADVANCED_FACE('1:57398',(#133),#134,.T.);
#57=ADVANCED_FACE('1:57218',(#135),#136,.T.);
#58=ADVANCED_FACE('1:56768',(#137),#138,.T.);
#59=ADVANCED_FACE('1:57353',(#139),#140,.T.);
#60=ADVANCED_FACE('1:56903',(#141),#142,.T.);
#61=ADVANCED_FACE('1:57083',(#143),#144,.T.);
#62=ADVANCED_FACE('1:56183',(#145),#146,.T.);
#63=ADVANCED_FACE('1:56408',(#147),#148,.T.);
#64=ADVANCED_FACE('1:56633',(#149),#150,.T.);
#65=ADVANCED_FACE('1:76576',(#151,#152,#153,#154,#155),#156,.F.);
#66=ADVANCED_FACE('1:76699',(#157),#158,.T.);
#67=ADVANCED_FACE('1:76689',(#159,#160,#161,#162,#163),#164,.T.);
#68=ADVANCED_FACE('1:76659',(#165,#166,#167,#168,#169),#170,.T.);
#69=ADVANCED_FACE('1:76629',(#171),#172,.T.);
#70=ADVANCED_FACE('1:76619',(#173),#174,.T.);
#71=ADVANCED_FACE('1:76589',(#175),#176,.T.);
#72=ADVANCED_FACE('1:75910',(#177,#178,#179,#180,#181),#182,.T.);
#73=ADVANCED_FACE('1:73752',(#183),#184,.T.);
#74=ADVANCED_FACE('1:73839',(#185),#186,.T.);
#75=ADVANCED_FACE('1:72283',(#187),#188,.T.);
#76=ADVANCED_FACE('1:76636',(#189),#190,.T.);
#77=ADVANCED_FACE('1:76646',(#191),#192,.T.);
#78=ADVANCED_FACE('1:74387',(#193),#194,.T.);
#79=ADVANCED_FACE('1:56633',(#195),#196,.T.);
#80=ADVANCED_FACE('1:74377',(#197),#198,.T.);
#81=ADVANCED_FACE('1:71651',(#199),#200,.T.);
#82=ADVANCED_FACE('1:76596',(#201),#202,.T.);
#83=ADVANCED_FACE('1:76606',(#203),#204,.T.);
#84=ADVANCED_FACE('1:56408',(#205),#206,.T.);
#85=ADVANCED_FACE('1:72310',(#207),#208,.T.);
#86=ADVANCED_FACE('1:56183',(#209),#210,.T.);
#87=ADVANCED_FACE('1:57083',(#211),#212,.T.);
#88=ADVANCED_FACE('1:56903',(#213),#214,.T.);
#89=ADVANCED_FACE('1:72250',(#215),#216,.T.);
#90=ADVANCED_FACE('1:57353',(#217),#218,.T.);
#91=ADVANCED_FACE('1:56768',(#219),#220,.T.);
#92=ADVANCED_FACE('1:57218',(#221),#222,.T.);
#93=ADVANCED_FACE('1:73809',(#223),#224,.T.);
#94=ADVANCED_FACE('1:73779',(#225),#226,.T.);
#95=ADVANCED_FACE('1:73789',(#227),#228,.T.);
#96=ADVANCED_FACE('1:57398',(#229),#230,.T.);
#97=ADVANCED_FACE('1:71661',(#231),#232,.T.);
#98=ADVANCED_FACE('1:72260',(#233),#234,.T.);
#99=ADVANCED_FACE('1:57443',(#235),#236,.T.);
#100=ADVANCED_FACE('1:75927',(#237),#238,.T.);
#101=ADVANCED_FACE('1:57488',(#239),#240,.T.);
#102=ADVANCED_FACE('1:73759',(#241),#242,.T.);
#103=ADVANCED_FACE('1:57578',(#243),#244,.T.);
#104=ADVANCED_FACE('1:57533',(#245),#246,.T.);
#105=ADVANCED_FACE('1:57623',(#247),#248,.T.);
#106=ADVANCED_FACE('1:75917',(#249),#250,.T.);
#107=ADVANCED_FACE('1:71634',(#251),#252,.T.);
#108=ADVANCED_FACE('1:71684',(#253),#254,.T.);
#109=ADVANCED_FACE('1:75967',(#255),#256,.T.);
#110=ADVANCED_FACE('1:75987',(#257),#258,.T.);
#111=ADVANCED_FACE('1:74400',(#259),#260,.T.);
#112=ADVANCED_FACE('1:74410',(#261),#262,.T.);
#113=ADVANCED_FACE('1:74420',(#263),#264,.T.);
#114=ADVANCED_FACE('1:74430',(#265),#266,.T.);
#115=ADVANCED_FACE('1:76666',(#267,#268,#269,#270,#271),#272,.F.);
#116=ADVANCED_FACE('1:75940',(#273),#274,.T.);
#117=ADVANCED_FACE('1:75950',(#275),#276,.T.);
#118=ADVANCED_FACE('1:75960',(#277),#278,.T.);
#119=ADVANCED_FACE('1:75980',(#279),#280,.T.);
#120=ADVANCED_FACE('1:76676',(#281,#282,#283,#284,#285),#286,.F.);
#122=SURFACE_STYLE_FILL_AREA(#287);
#123=FACE_OUTER_BOUND('',#288,.T.);
#124=CYLINDRICAL_SURFACE('',#289,0.0002438);
#125=FACE_OUTER_BOUND('',#290,.T.);
#126=CYLINDRICAL_SURFACE('',#291,0.0002438);
#127=FACE_OUTER_BOUND('',#292,.T.);
#128=CYLINDRICAL_SURFACE('',#293,0.0002438);
#129=FACE_OUTER_BOUND('',#294,.T.);
#130=CYLINDRICAL_SURFACE('',#295,0.0002438);
#131=FACE_OUTER_BOUND('',#296,.T.);
#132=CYLINDRICAL_SURFACE('',#297,0.0002438);
#133=FACE_OUTER_BOUND('',#298,.T.);
#134=CYLINDRICAL_SURFACE('',#299,0.0002438);
#135=FACE_OUTER_BOUND('',#300,.T.);
#136=CYLINDRICAL_SURFACE('',#301,0.0002438);
#137=FACE_OUTER_BOUND('',#302,.T.);
#138=CYLINDRICAL_SURFACE('',#303,0.0002438);
#139=FACE_OUTER_BOUND('',#304,.T.);
#140=CYLINDRICAL_SURFACE('',#305,0.0002438);
#141=FACE_OUTER_BOUND('',#306,.T.);
#142=CYLINDRICAL_SURFACE('',#307,0.0002438);
#143=FACE_OUTER_BOUND('',#308,.T.);
#144=CYLINDRICAL_SURFACE('',#309,0.0002438);
#145=FACE_OUTER_BOUND('',#310,.T.);
#146=CYLINDRICAL_SURFACE('',#311,0.0002438);
#147=FACE_OUTER_BOUND('',#312,.T.);
#148=CYLINDRICAL_SURFACE('',#313,0.0002438);
#149=FACE_OUTER_BOUND('',#314,.T.);
#150=CYLINDRICAL_SURFACE('',#315,0.0002438);
#151=FACE_BOUND('',#316,.T.);
#152=FACE_OUTER_BOUND('',#317,.T.);
#153=FACE_BOUND('',#318,.T.);
#154=FACE_BOUND('',#319,.T.);
#155=FACE_BOUND('',#320,.T.);
#156=PLANE('',#321);
#157=FACE_OUTER_BOUND('',#322,.T.);
#158=CYLINDRICAL_SURFACE('',#323,0.000243800000000001);
#159=FACE_BOUND('',#324,.T.);
#160=FACE_OUTER_BOUND('',#325,.T.);
#161=FACE_BOUND('',#326,.T.);
#162=FACE_BOUND('',#327,.T.);
#163=FACE_BOUND('',#328,.T.);
#164=PLANE('',#329);
#165=FACE_BOUND('',#330,.T.);
#166=FACE_BOUND('',#331,.T.);
#167=FACE_BOUND('',#332,.T.);
#168=FACE_BOUND('',#333,.T.);
#169=FACE_OUTER_BOUND('',#334,.T.);
#170=PLANE('',#335);
#171=FACE_OUTER_BOUND('',#336,.T.);
#172=CYLINDRICAL_SURFACE('',#337,0.000243800000000001);
#173=FACE_OUTER_BOUND('',#338,.T.);
#174=CYLINDRICAL_SURFACE('',#339,0.0002438);
#175=FACE_OUTER_BOUND('',#340,.T.);
#176=CYLINDRICAL_SURFACE('',#341,0.0002438);
#177=FACE_OUTER_BOUND('',#342,.T.);
#178=FACE_BOUND('',#343,.T.);
#179=FACE_BOUND('',#344,.T.);
#180=FACE_BOUND('',#345,.T.);
#181=FACE_BOUND('',#346,.T.);
#182=PLANE('',#347);
#183=FACE_OUTER_BOUND('',#348,.T.);
#184=CYLINDRICAL_SURFACE('',#349,0.0002438);
#185=FACE_OUTER_BOUND('',#350,.T.);
#186=CYLINDRICAL_SURFACE('',#351,0.000243800000000001);
#187=FACE_OUTER_BOUND('',#352,.T.);
#188=CYLINDRICAL_SURFACE('',#353,0.0002438);
#189=FACE_OUTER_BOUND('',#354,.T.);
#190=CYLINDRICAL_SURFACE('',#355,0.0002438);
#191=FACE_OUTER_BOUND('',#356,.T.);
#192=CYLINDRICAL_SURFACE('',#357,0.000243800000000001);
#193=FACE_OUTER_BOUND('',#358,.T.);
#194=CYLINDRICAL_SURFACE('',#359,0.0002438);
#195=FACE_OUTER_BOUND('',#360,.T.);
#196=CYLINDRICAL_SURFACE('',#361,0.0002438);
#197=FACE_OUTER_BOUND('',#362,.T.);
#198=CYLINDRICAL_SURFACE('',#363,0.0002438);
#199=FACE_OUTER_BOUND('',#364,.T.);
#200=CYLINDRICAL_SURFACE('',#365,0.0002438);
#201=FACE_OUTER_BOUND('',#366,.T.);
#202=CYLINDRICAL_SURFACE('',#367,0.0002438);
#203=FACE_OUTER_BOUND('',#368,.T.);
#204=CYLINDRICAL_SURFACE('',#369,0.000243800000000001);
#205=FACE_OUTER_BOUND('',#370,.T.);
#206=CYLINDRICAL_SURFACE('',#371,0.0002438);
#207=FACE_OUTER_BOUND('',#372,.T.);
#208=CYLINDRICAL_SURFACE('',#373,0.0002438);
#209=FACE_OUTER_BOUND('',#374,.T.);
#210=CYLINDRICAL_SURFACE('',#375,0.0002438);
#211=FACE_OUTER_BOUND('',#376,.T.);
#212=CYLINDRICAL_SURFACE('',#377,0.0002438);
#213=FACE_OUTER_BOUND('',#378,.T.);
#214=CYLINDRICAL_SURFACE('',#379,0.0002438);
#215=FACE_OUTER_BOUND('',#380,.T.);
#216=CYLINDRICAL_SURFACE('',#381,0.0002438);
#217=FACE_OUTER_BOUND('',#382,.T.);
#218=CYLINDRICAL_SURFACE('',#383,0.0002438);
#219=FACE_OUTER_BOUND('',#384,.T.);
#220=CYLINDRICAL_SURFACE('',#385,0.0002438);
#221=FACE_OUTER_BOUND('',#386,.T.);
#222=CYLINDRICAL_SURFACE('',#387,0.0002438);
#223=FACE_OUTER_BOUND('',#388,.T.);
#224=CYLINDRICAL_SURFACE('',#389,0.0002438);
#225=FACE_OUTER_BOUND('',#390,.T.);
#226=CYLINDRICAL_SURFACE('',#391,0.000243800000000001);
#227=FACE_OUTER_BOUND('',#392,.T.);
#228=CYLINDRICAL_SURFACE('',#393,0.0002438);
#229=FACE_OUTER_BOUND('',#394,.T.);
#230=CYLINDRICAL_SURFACE('',#395,0.0002438);
#231=FACE_OUTER_BOUND('',#396,.T.);
#232=CYLINDRICAL_SURFACE('',#397,0.0002438);
#233=FACE_OUTER_BOUND('',#398,.T.);
#234=CYLINDRICAL_SURFACE('',#399,0.0002438);
#235=FACE_OUTER_BOUND('',#400,.T.);
#236=CYLINDRICAL_SURFACE('',#401,0.0002438);
#237=FACE_OUTER_BOUND('',#402,.T.);
#238=CYLINDRICAL_SURFACE('',#403,0.0002438);
#239=FACE_OUTER_BOUND('',#404,.T.);
#240=CYLINDRICAL_SURFACE('',#405,0.0002438);
#241=FACE_OUTER_BOUND('',#406,.T.);
#242=CYLINDRICAL_SURFACE('',#407,0.0002438);
#243=FACE_OUTER_BOUND('',#408,.T.);
#244=CYLINDRICAL_SURFACE('',#409,0.0002438);
#245=FACE_OUTER_BOUND('',#410,.T.);
#246=CYLINDRICAL_SURFACE('',#411,0.0002438);
#247=FACE_OUTER_BOUND('',#412,.T.);
#248=CYLINDRICAL_SURFACE('',#413,0.0002438);
#249=FACE_OUTER_BOUND('',#414,.T.);
#250=CYLINDRICAL_SURFACE('',#415,0.0002438);
#251=FACE_OUTER_BOUND('',#416,.T.);
#252=CYLINDRICAL_SURFACE('',#417,0.0002438);
#253=FACE_OUTER_BOUND('',#418,.T.);
#254=CYLINDRICAL_SURFACE('',#419,0.0002438);
#255=FACE_OUTER_BOUND('',#420,.T.);
#256=CYLINDRICAL_SURFACE('',#421,0.000243800000000001);
#257=FACE_OUTER_BOUND('',#422,.T.);
#258=CYLINDRICAL_SURFACE('',#423,0.000243800000000001);
#259=FACE_OUTER_BOUND('',#424,.T.);
#260=CYLINDRICAL_SURFACE('',#425,0.0002438);
#261=FACE_OUTER_BOUND('',#426,.T.);
#262=CYLINDRICAL_SURFACE('',#427,0.000243800000000001);
#263=FACE_OUTER_BOUND('',#428,.T.);
#264=CYLINDRICAL_SURFACE('',#429,0.0002438);
#265=FACE_OUTER_BOUND('',#430,.T.);
#266=CYLINDRICAL_SURFACE('',#431,0.000243800000000001);
#267=FACE_OUTER_BOUND('',#432,.T.);
#268=FACE_BOUND('',#433,.T.);
#269=FACE_BOUND('',#434,.T.);
#270=FACE_BOUND('',#435,.T.);
#271=FACE_BOUND('',#436,.T.);
#272=PLANE('',#437);
#273=FACE_OUTER_BOUND('',#438,.T.);
#274=CYLINDRICAL_SURFACE('',#439,0.000243800000000001);
#275=FACE_OUTER_BOUND('',#440,.T.);
#276=CYLINDRICAL_SURFACE('',#441,0.0002438);
#277=FACE_OUTER_BOUND('',#442,.T.);
#278=CYLINDRICAL_SURFACE('',#443,0.000243800000000001);
#279=FACE_OUTER_BOUND('',#444,.T.);
#280=CYLINDRICAL_SURFACE('',#445,0.0002438);
#281=FACE_OUTER_BOUND('',#446,.T.);
#282=FACE_BOUND('',#447,.T.);
#283=FACE_BOUND('',#448,.T.);
#284=FACE_BOUND('',#449,.T.);
#285=FACE_BOUND('',#450,.T.);
#286=PLANE('',#451);
#287=FILL_AREA_STYLE('',(#452));
#288=EDGE_LOOP('',(#453,#454,#455,#456,#457,#458,#459,#460,#461,#462,#463,#464));
#289=AXIS2_PLACEMENT_3D('',#465,#466,#467);
#290=EDGE_LOOP('',(#468,#469,#470,#471,#472,#473));
#291=AXIS2_PLACEMENT_3D('',#474,#475,#476);
#292=EDGE_LOOP('',(#477,#478,#479,#480,#481,#482,#483,#484,#485,#486,#487,#488));
#293=AXIS2_PLACEMENT_3D('',#489,#490,#491);
#294=EDGE_LOOP('',(#492,#493,#494,#495,#496,#497,#498,#499,#500,#501,#502,#503));
#295=AXIS2_PLACEMENT_3D('',#504,#505,#506);
#296=EDGE_LOOP('',(#507,#508,#509,#510,#511,#512,#513,#514,#515,#516,#517,#518));
#297=AXIS2_PLACEMENT_3D('',#519,#520,#521);
#298=EDGE_LOOP('',(#522,#523,#524,#525,#526,#527,#528,#529));
#299=AXIS2_PLACEMENT_3D('',#530,#531,#532);
#300=EDGE_LOOP('',(#533,#534,#535,#536,#537,#538,#539,#540));
#301=AXIS2_PLACEMENT_3D('',#541,#542,#543);
#302=EDGE_LOOP('',(#544,#545,#546,#547,#548,#549,#550,#551));
#303=AXIS2_PLACEMENT_3D('',#552,#553,#554);
#304=EDGE_LOOP('',(#555,#556,#557,#558,#559,#560,#561,#562));
#305=AXIS2_PLACEMENT_3D('',#563,#564,#565);
#306=EDGE_LOOP('',(#566,#567,#568,#569,#570,#571,#572,#573));
#307=AXIS2_PLACEMENT_3D('',#574,#575,#576);
#308=EDGE_LOOP('',(#577,#578,#579,#580,#581,#582,#583,#584));
#309=AXIS2_PLACEMENT_3D('',#585,#586,#587);
#310=EDGE_LOOP('',(#588,#589,#590,#591,#592,#593,#594,#595));
#311=AXIS2_PLACEMENT_3D('',#596,#597,#598);
#312=EDGE_LOOP('',(#599,#600,#601,#602,#603,#604,#605,#606));
#313=AXIS2_PLACEMENT_3D('',#607,#608,#609);
#314=EDGE_LOOP('',(#610,#611,#612,#613,#614,#615));
#315=AXIS2_PLACEMENT_3D('',#616,#617,#618);
#316=EDGE_LOOP('',(#619,#620,#621));
#317=EDGE_LOOP('',(#622,#623,#624,#625));
#318=EDGE_LOOP('',(#626,#627,#628));
#319=EDGE_LOOP('',(#629,#630,#631));
#320=EDGE_LOOP('',(#632,#633,#634));
#321=AXIS2_PLACEMENT_3D('',#635,#636,#637);
#322=EDGE_LOOP('',(#638,#639,#640,#641,#642,#643,#644,#645));
#323=AXIS2_PLACEMENT_3D('',#646,#647,#648);
#324=EDGE_LOOP('',(#649,#650,#651));
#325=EDGE_LOOP('',(#652,#653,#654,#655));
#326=EDGE_LOOP('',(#656,#657,#658));
#327=EDGE_LOOP('',(#659,#660,#661));
#328=EDGE_LOOP('',(#662,#663,#664));
#329=AXIS2_PLACEMENT_3D('',#665,#666,#667);
#330=EDGE_LOOP('',(#668,#669,#670));
#331=EDGE_LOOP('',(#671,#672,#673));
#332=EDGE_LOOP('',(#674,#675,#676));
#333=EDGE_LOOP('',(#677,#678,#679));
#334=EDGE_LOOP('',(#680,#681,#682,#683));
#335=AXIS2_PLACEMENT_3D('',#684,#685,#686);
#336=EDGE_LOOP('',(#687,#688,#689,#690,#691,#692,#693,#694));
#337=AXIS2_PLACEMENT_3D('',#695,#696,#697);
#338=EDGE_LOOP('',(#698,#699,#700,#701,#702,#703,#704,#705));
#339=AXIS2_PLACEMENT_3D('',#706,#707,#708);
#340=EDGE_LOOP('',(#709,#710,#711,#712,#713,#714,#715,#716));
#341=AXIS2_PLACEMENT_3D('',#717,#718,#719);
#342=EDGE_LOOP('',(#720,#721,#722,#723));
#343=EDGE_LOOP('',(#724,#725,#726));
#344=EDGE_LOOP('',(#727,#728,#729));
#345=EDGE_LOOP('',(#730,#731,#732));
#346=EDGE_LOOP('',(#733,#734,#735));
#347=AXIS2_PLACEMENT_3D('',#736,#737,#738);
#348=EDGE_LOOP('',(#739,#740,#741,#742,#743,#744,#745,#746,#747));
#349=AXIS2_PLACEMENT_3D('',#748,#749,#750);
#350=EDGE_LOOP('',(#751,#752,#753,#754,#755,#756,#757,#758));
#351=AXIS2_PLACEMENT_3D('',#759,#760,#761);
#352=EDGE_LOOP('',(#762,#763,#764,#765,#766,#767,#768,#769,#770));
#353=AXIS2_PLACEMENT_3D('',#771,#772,#773);
#354=EDGE_LOOP('',(#774,#775,#776,#777,#778,#779,#780,#781));
#355=AXIS2_PLACEMENT_3D('',#782,#783,#784);
#356=EDGE_LOOP('',(#785,#786,#787,#788,#789,#790,#791,#792));
#357=AXIS2_PLACEMENT_3D('',#793,#794,#795);
#358=EDGE_LOOP('',(#796,#797,#798,#799,#800,#801,#802,#803,#804));
#359=AXIS2_PLACEMENT_3D('',#805,#806,#807);
#360=EDGE_LOOP('',(#808,#809,#810,#811,#812,#813));
#361=AXIS2_PLACEMENT_3D('',#814,#815,#816);
#362=EDGE_LOOP('',(#817,#818,#819,#820,#821,#822,#823,#824,#825));
#363=AXIS2_PLACEMENT_3D('',#826,#827,#828);
#364=EDGE_LOOP('',(#829,#830,#831,#832,#833,#834,#835,#836,#837));
#365=AXIS2_PLACEMENT_3D('',#838,#839,#840);
#366=EDGE_LOOP('',(#841,#842,#843,#844,#845,#846,#847,#848));
#367=AXIS2_PLACEMENT_3D('',#849,#850,#851);
#368=EDGE_LOOP('',(#852,#853,#854,#855,#856,#857,#858,#859));
#369=AXIS2_PLACEMENT_3D('',#860,#861,#862);
#370=EDGE_LOOP('',(#863,#864,#865,#866,#867,#868,#869,#870,#871,#872,#873,#874));
#371=AXIS2_PLACEMENT_3D('',#875,#876,#877);
#372=EDGE_LOOP('',(#878,#879,#880,#881,#882,#883,#884,#885,#886));
#373=AXIS2_PLACEMENT_3D('',#887,#888,#889);
#374=EDGE_LOOP('',(#890,#891,#892,#893,#894,#895,#896,#897,#898,#899,#900,#901));
#375=AXIS2_PLACEMENT_3D('',#902,#903,#904);
#376=EDGE_LOOP('',(#905,#906,#907,#908,#909,#910,#911,#912));
#377=AXIS2_PLACEMENT_3D('',#913,#914,#915);
#378=EDGE_LOOP('',(#916,#917,#918,#919,#920,#921,#922,#923,#924,#925,#926,#927));
#379=AXIS2_PLACEMENT_3D('',#928,#929,#930);
#380=EDGE_LOOP('',(#931,#932,#933,#934,#935,#936,#937,#938,#939));
#381=AXIS2_PLACEMENT_3D('',#940,#941,#942);
#382=EDGE_LOOP('',(#943,#944,#945,#946,#947,#948,#949,#950));
#383=AXIS2_PLACEMENT_3D('',#951,#952,#953);
#384=EDGE_LOOP('',(#954,#955,#956,#957,#958,#959,#960,#961,#962,#963,#964,#965));
#385=AXIS2_PLACEMENT_3D('',#966,#967,#968);
#386=EDGE_LOOP('',(#969,#970,#971,#972,#973,#974,#975,#976));
#387=AXIS2_PLACEMENT_3D('',#977,#978,#979);
#388=EDGE_LOOP('',(#980,#981,#982,#983,#984,#985,#986,#987,#988));
#389=AXIS2_PLACEMENT_3D('',#989,#990,#991);
#390=EDGE_LOOP('',(#992,#993,#994,#995,#996,#997,#998,#999));
#391=AXIS2_PLACEMENT_3D('',#1000,#1001,#1002);
#392=EDGE_LOOP('',(#1003,#1004,#1005,#1006,#1007,#1008,#1009,#1010,#1011));
#393=AXIS2_PLACEMENT_3D('',#1012,#1013,#1014);
#394=EDGE_LOOP('',(#1015,#1016,#1017,#1018,#1019,#1020,#1021,#1022));
#395=AXIS2_PLACEMENT_3D('',#1023,#1024,#1025);
#396=EDGE_LOOP('',(#1026,#1027,#1028,#1029,#1030,#1031,#1032,#1033,#1034));
#397=AXIS2_PLACEMENT_3D('',#1035,#1036,#1037);
#398=EDGE_LOOP('',(#1038,#1039,#1040,#1041,#1042,#1043,#1044,#1045,#1046));
#399=AXIS2_PLACEMENT_3D('',#1047,#1048,#1049);
#400=EDGE_LOOP('',(#1050,#1051,#1052,#1053,#1054,#1055,#1056,#1057));
#401=AXIS2_PLACEMENT_3D('',#1058,#1059,#1060);
#402=EDGE_LOOP('',(#1061,#1062,#1063,#1064,#1065,#1066,#1067,#1068));
#403=AXIS2_PLACEMENT_3D('',#1069,#1070,#1071);
#404=EDGE_LOOP('',(#1072,#1073,#1074,#1075,#1076,#1077,#1078,#1079));
#405=AXIS2_PLACEMENT_3D('',#1080,#1081,#1082);
#406=EDGE_LOOP('',(#1083,#1084,#1085,#1086,#1087,#1088,#1089,#1090,#1091));
#407=AXIS2_PLACEMENT_3D('',#1092,#1093,#1094);
#408=EDGE_LOOP('',(#1095,#1096,#1097,#1098,#1099,#1100,#1101,#1102));
#409=AXIS2_PLACEMENT_3D('',#1103,#1104,#1105);
#410=EDGE_LOOP('',(#1106,#1107,#1108,#1109,#1110,#1111));
#411=AXIS2_PLACEMENT_3D('',#1112,#1113,#1114);
#412=EDGE_LOOP('',(#1115,#1116,#1117,#1118,#1119,#1120,#1121,#1122));
#413=AXIS2_PLACEMENT_3D('',#1123,#1124,#1125);
#414=EDGE_LOOP('',(#1126,#1127,#1128,#1129,#1130,#1131,#1132,#1133));
#415=AXIS2_PLACEMENT_3D('',#1134,#1135,#1136);
#416=EDGE_LOOP('',(#1137,#1138,#1139,#1140,#1141,#1142,#1143,#1144,#1145));
#417=AXIS2_PLACEMENT_3D('',#1146,#1147,#1148);
#418=EDGE_LOOP('',(#1149,#1150,#1151,#1152,#1153,#1154,#1155,#1156,#1157));
#419=AXIS2_PLACEMENT_3D('',#1158,#1159,#1160);
#420=EDGE_LOOP('',(#1161,#1162,#1163,#1164,#1165,#1166,#1167,#1168));
#421=AXIS2_PLACEMENT_3D('',#1169,#1170,#1171);
#422=EDGE_LOOP('',(#1172,#1173,#1174,#1175,#1176,#1177,#1178,#1179));
#423=AXIS2_PLACEMENT_3D('',#1180,#1181,#1182);
#424=EDGE_LOOP('',(#1183,#1184,#1185,#1186,#1187,#1188,#1189,#1190,#1191));
#425=AXIS2_PLACEMENT_3D('',#1192,#1193,#1194);
#426=EDGE_LOOP('',(#1195,#1196,#1197,#1198,#1199,#1200,#1201,#1202));
#427=AXIS2_PLACEMENT_3D('',#1203,#1204,#1205);
#428=EDGE_LOOP('',(#1206,#1207,#1208,#1209,#1210,#1211,#1212,#1213,#1214));
#429=AXIS2_PLACEMENT_3D('',#1215,#1216,#1217);
#430=EDGE_LOOP('',(#1218,#1219,#1220,#1221,#1222,#1223,#1224,#1225));
#431=AXIS2_PLACEMENT_3D('',#1226,#1227,#1228);
#432=EDGE_LOOP('',(#1229,#1230,#1231,#1232));
#433=EDGE_LOOP('',(#1233,#1234,#1235));
#434=EDGE_LOOP('',(#1236,#1237,#1238));
#435=EDGE_LOOP('',(#1239,#1240,#1241));
#436=EDGE_LOOP('',(#1242,#1243,#1244));
#437=AXIS2_PLACEMENT_3D('',#1245,#1246,#1247);
#438=EDGE_LOOP('',(#1248,#1249,#1250,#1251,#1252,#1253,#1254,#1255));
#439=AXIS2_PLACEMENT_3D('',#1256,#1257,#1258);
#440=EDGE_LOOP('',(#1259,#1260,#1261,#1262,#1263,#1264,#1265,#1266));
#441=AXIS2_PLACEMENT_3D('',#1267,#1268,#1269);
#442=EDGE_LOOP('',(#1270,#1271,#1272,#1273,#1274,#1275,#1276,#1277));
#443=AXIS2_PLACEMENT_3D('',#1278,#1279,#1280);
#444=EDGE_LOOP('',(#1281,#1282,#1283,#1284,#1285,#1286,#1287,#1288));
#445=AXIS2_PLACEMENT_3D('',#1289,#1290,#1291);
#446=EDGE_LOOP('',(#1292,#1293,#1294,#1295));
#447=EDGE_LOOP('',(#1296,#1297,#1298));
#448=EDGE_LOOP('',(#1299,#1300,#1301));
#449=EDGE_LOOP('',(#1302,#1303,#1304));
#450=EDGE_LOOP('',(#1305,#1306,#1307));
#451=AXIS2_PLACEMENT_3D('',#1308,#1309,#1310);
#452=FILL_AREA_STYLE_COLOUR('',#1311);
#453=ORIENTED_EDGE('',*,*,#1312,.F.);
#454=ORIENTED_EDGE('',*,*,#1313,.F.);
#455=ORIENTED_EDGE('',*,*,#1314,.F.);
#456=ORIENTED_EDGE('',*,*,#1315,.F.);
#457=ORIENTED_EDGE('',*,*,#1316,.F.);
#458=ORIENTED_EDGE('',*,*,#1317,.F.);
#459=ORIENTED_EDGE('',*,*,#1318,.F.);
#460=ORIENTED_EDGE('',*,*,#1319,.T.);
#461=ORIENTED_EDGE('',*,*,#1320,.T.);
#462=ORIENTED_EDGE('',*,*,#1321,.T.);
#463=ORIENTED_EDGE('',*,*,#1322,.T.);
#464=ORIENTED_EDGE('',*,*,#1323,.T.);
#465=CARTESIAN_POINT('',(0.0,0.0,0.0));
#466=DIRECTION('',(0.577350269189626,0.577350269189626,0.577350269189626));
#467=DIRECTION('',(-0.707106781186548,0.707106781186548,0.0));
#468=ORIENTED_EDGE('',*,*,#1324,.F.);
#469=ORIENTED_EDGE('',*,*,#1315,.T.);
#470=ORIENTED_EDGE('',*,*,#1325,.T.);
#471=ORIENTED_EDGE('',*,*,#1326,.F.);
#472=ORIENTED_EDGE('',*,*,#1327,.T.);
#473=ORIENTED_EDGE('',*,*,#1328,.T.);
#474=CARTESIAN_POINT('',(0.0,0.0,0.0));
#475=DIRECTION('',(0.0,0.0,1.0));
#476=DIRECTION('',(1.0,0.0,0.0));
#477=ORIENTED_EDGE('',*,*,#1329,.F.);
#478=ORIENTED_EDGE('',*,*,#1330,.F.);
#479=ORIENTED_EDGE('',*,*,#1331,.F.);
#480=ORIENTED_EDGE('',*,*,#1325,.F.);
#481=ORIENTED_EDGE('',*,*,#1314,.T.);
#482=ORIENTED_EDGE('',*,*,#1332,.F.);
#483=ORIENTED_EDGE('',*,*,#1333,.F.);
#484=ORIENTED_EDGE('',*,*,#1334,.T.);
#485=ORIENTED_EDGE('',*,*,#1335,.T.);
#486=ORIENTED_EDGE('',*,*,#1336,.T.);
#487=ORIENTED_EDGE('',*,*,#1337,.T.);
#488=ORIENTED_EDGE('',*,*,#1338,.F.);
#489=CARTESIAN_POINT('',(0.0,0.0,0.0));
#490=DIRECTION('',(-0.577350269189626,0.577350269189626,0.577350269189626));
#491=DIRECTION('',(-0.707106781186548,-0.707106781186548,0.0));
#492=ORIENTED_EDGE('',*,*,#1339,.F.);
#493=ORIENTED_EDGE('',*,*,#1340,.F.);
#494=ORIENTED_EDGE('',*,*,#1316,.T.);
#495=ORIENTED_EDGE('',*,*,#1341,.T.);
#496=ORIENTED_EDGE('',*,*,#1342,.F.);
#497=ORIENTED_EDGE('',*,*,#1343,.F.);
#498=ORIENTED_EDGE('',*,*,#1344,.F.);
#499=ORIENTED_EDGE('',*,*,#1345,.F.);
#500=ORIENTED_EDGE('',*,*,#1346,.T.);
#501=ORIENTED_EDGE('',*,*,#1347,.T.);
#502=ORIENTED_EDGE('',*,*,#1348,.T.);
#503=ORIENTED_EDGE('',*,*,#1349,.T.);
#504=CARTESIAN_POINT('',(0.0,0.0,0.0));
#505=DIRECTION('',(0.577350269189626,-0.577350269189626,0.577350269189626));
#506=DIRECTION('',(0.707106781186548,0.707106781186548,0.0));
#507=ORIENTED_EDGE('',*,*,#1350,.F.);
#508=ORIENTED_EDGE('',*,*,#1351,.F.);
#509=ORIENTED_EDGE('',*,*,#1342,.T.);
#510=ORIENTED_EDGE('',*,*,#1352,.T.);
#511=ORIENTED_EDGE('',*,*,#1331,.T.);
#512=ORIENTED_EDGE('',*,*,#1353,.F.);
#513=ORIENTED_EDGE('',*,*,#1354,.F.);
#514=ORIENTED_EDGE('',*,*,#1355,.F.);
#515=ORIENTED_EDGE('',*,*,#1356,.T.);
#516=ORIENTED_EDGE('',*,*,#1357,.T.);
#517=ORIENTED_EDGE('',*,*,#1358,.T.);
#518=ORIENTED_EDGE('',*,*,#1359,.F.);
#519=CARTESIAN_POINT('',(0.0,0.0,0.0));
#520=DIRECTION('',(-0.577350269189626,-0.577350269189626,0.577350269189626));
#521=DIRECTION('',(0.707106781186548,-0.707106781186548,0.0));
#522=ORIENTED_EDGE('',*,*,#1360,.F.);
#523=ORIENTED_EDGE('',*,*,#1361,.T.);
#524=ORIENTED_EDGE('',*,*,#1332,.T.);
#525=ORIENTED_EDGE('',*,*,#1313,.T.);
#526=ORIENTED_EDGE('',*,*,#1362,.T.);
#527=ORIENTED_EDGE('',*,*,#1363,.F.);
#528=ORIENTED_EDGE('',*,*,#1364,.T.);
#529=ORIENTED_EDGE('',*,*,#1365,.T.);
#530=CARTESIAN_POINT('',(0.0,0.0,0.0));
#531=DIRECTION('',(0.0,1.0,0.0));
#532=DIRECTION('',(-1.0,0.0,0.0));
#533=ORIENTED_EDGE('',*,*,#1366,.F.);
#534=ORIENTED_EDGE('',*,*,#1367,.T.);
#535=ORIENTED_EDGE('',*,*,#1353,.T.);
#536=ORIENTED_EDGE('',*,*,#1330,.T.);
#537=ORIENTED_EDGE('',*,*,#1368,.T.);
#538=ORIENTED_EDGE('',*,*,#1369,.F.);
#539=ORIENTED_EDGE('',*,*,#1370,.T.);
#540=ORIENTED_EDGE('',*,*,#1371,.T.);
#541=CARTESIAN_POINT('',(0.0,0.0,0.0));
#542=DIRECTION('',(-1.0,0.0,0.0));
#543=DIRECTION('',(0.0,-1.0,0.0));
#544=ORIENTED_EDGE('',*,*,#1372,.F.);
#545=ORIENTED_EDGE('',*,*,#1373,.T.);
#546=ORIENTED_EDGE('',*,*,#1374,.T.);
#547=ORIENTED_EDGE('',*,*,#1375,.T.);
#548=ORIENTED_EDGE('',*,*,#1376,.F.);
#549=ORIENTED_EDGE('',*,*,#1377,.T.);
#550=ORIENTED_EDGE('',*,*,#1378,.T.);
#551=ORIENTED_EDGE('',*,*,#1379,.F.);
#552=CARTESIAN_POINT('',(0.0,0.0,0.0));
#553=DIRECTION('',(-0.577350269189626,0.577350269189626,-0.577350269189626));
#554=DIRECTION('',(-0.707106781186548,-0.707106781186548,0.0));
#555=ORIENTED_EDGE('',*,*,#1380,.F.);
#556=ORIENTED_EDGE('',*,*,#1381,.T.);
#557=ORIENTED_EDGE('',*,*,#1317,.T.);
#558=ORIENTED_EDGE('',*,*,#1340,.T.);
#559=ORIENTED_EDGE('',*,*,#1382,.T.);
#560=ORIENTED_EDGE('',*,*,#1383,.F.);
#561=ORIENTED_EDGE('',*,*,#1384,.T.);
#562=ORIENTED_EDGE('',*,*,#1385,.T.);
#563=CARTESIAN_POINT('',(0.0,0.0,0.0));
#564=DIRECTION('',(1.0,0.0,0.0));
#565=DIRECTION('',(0.0,1.0,0.0));
#566=ORIENTED_EDGE('',*,*,#1386,.F.);
#567=ORIENTED_EDGE('',*,*,#1387,.T.);
#568=ORIENTED_EDGE('',*,*,#1388,.T.);
#569=ORIENTED_EDGE('',*,*,#1389,.T.);
#570=ORIENTED_EDGE('',*,*,#1390,.F.);
#571=ORIENTED_EDGE('',*,*,#1391,.T.);
#572=ORIENTED_EDGE('',*,*,#1392,.T.);
#573=ORIENTED_EDGE('',*,*,#1393,.T.);
#574=CARTESIAN_POINT('',(0.0,0.0,0.0));
#575=DIRECTION('',(0.577350269189626,0.577350269189626,-0.577350269189626));
#576=DIRECTION('',(-0.707106781186548,0.707106781186548,0.0));
#577=ORIENTED_EDGE('',*,*,#1394,.F.);
#578=ORIENTED_EDGE('',*,*,#1395,.T.);
#579=ORIENTED_EDGE('',*,*,#1343,.T.);
#580=ORIENTED_EDGE('',*,*,#1351,.T.);
#581=ORIENTED_EDGE('',*,*,#1396,.T.);
#582=ORIENTED_EDGE('',*,*,#1397,.F.);
#583=ORIENTED_EDGE('',*,*,#1398,.T.);
#584=ORIENTED_EDGE('',*,*,#1399,.T.);
#585=CARTESIAN_POINT('',(0.0,0.0,0.0));
#586=DIRECTION('',(0.0,-1.0,0.0));
#587=DIRECTION('',(1.0,0.0,0.0));
#588=ORIENTED_EDGE('',*,*,#1400,.F.);
#589=ORIENTED_EDGE('',*,*,#1401,.T.);
#590=ORIENTED_EDGE('',*,*,#1402,.T.);
#591=ORIENTED_EDGE('',*,*,#1403,.T.);
#592=ORIENTED_EDGE('',*,*,#1404,.F.);
#593=ORIENTED_EDGE('',*,*,#1405,.F.);
#594=ORIENTED_EDGE('',*,*,#1406,.T.);
#595=ORIENTED_EDGE('',*,*,#1407,.F.);
#596=CARTESIAN_POINT('',(0.0,0.0,0.0));
#597=DIRECTION('',(-0.577350269189626,-0.577350269189626,-0.577350269189626));
#598=DIRECTION('',(0.707106781186548,-0.707106781186548,0.0));
#599=ORIENTED_EDGE('',*,*,#1408,.F.);
#600=ORIENTED_EDGE('',*,*,#1409,.T.);
#601=ORIENTED_EDGE('',*,*,#1410,.T.);
#602=ORIENTED_EDGE('',*,*,#1411,.T.);
#603=ORIENTED_EDGE('',*,*,#1412,.F.);
#604=ORIENTED_EDGE('',*,*,#1413,.F.);
#605=ORIENTED_EDGE('',*,*,#1414,.T.);
#606=ORIENTED_EDGE('',*,*,#1415,.T.);
#607=CARTESIAN_POINT('',(0.0,0.0,0.0));
#608=DIRECTION('',(0.577350269189626,-0.577350269189626,-0.577350269189626));
#609=DIRECTION('',(0.707106781186548,0.707106781186548,0.0));
#610=ORIENTED_EDGE('',*,*,#1416,.F.);
#611=ORIENTED_EDGE('',*,*,#1417,.T.);
#612=ORIENTED_EDGE('',*,*,#1418,.T.);
#613=ORIENTED_EDGE('',*,*,#1419,.F.);
#614=ORIENTED_EDGE('',*,*,#1420,.F.);
#615=ORIENTED_EDGE('',*,*,#1421,.F.);
#616=CARTESIAN_POINT('',(0.0,0.0,0.0));
#617=DIRECTION('',(0.0,0.0,-1.0));
#618=DIRECTION('',(-1.0,0.0,0.0));
#619=ORIENTED_EDGE('',*,*,#1422,.T.);
#620=ORIENTED_EDGE('',*,*,#1423,.T.);
#621=ORIENTED_EDGE('',*,*,#1424,.T.);
#622=ORIENTED_EDGE('',*,*,#1425,.T.);
#623=ORIENTED_EDGE('',*,*,#1426,.T.);
#624=ORIENTED_EDGE('',*,*,#1427,.T.);
#625=ORIENTED_EDGE('',*,*,#1428,.T.);
#626=ORIENTED_EDGE('',*,*,#1429,.T.);
#627=ORIENTED_EDGE('',*,*,#1430,.T.);
#628=ORIENTED_EDGE('',*,*,#1431,.T.);
#629=ORIENTED_EDGE('',*,*,#1432,.T.);
#630=ORIENTED_EDGE('',*,*,#1433,.T.);
#631=ORIENTED_EDGE('',*,*,#1434,.T.);
#632=ORIENTED_EDGE('',*,*,#1435,.T.);
#633=ORIENTED_EDGE('',*,*,#1436,.T.);
#634=ORIENTED_EDGE('',*,*,#1437,.T.);
#635=CARTESIAN_POINT('',(0.0,0.0,-0.01));
#636=DIRECTION('',(0.0,0.0,1.0));
#637=DIRECTION('',(1.0,0.0,0.0));
#638=ORIENTED_EDGE('',*,*,#1422,.F.);
#639=ORIENTED_EDGE('',*,*,#1438,.T.);
#640=ORIENTED_EDGE('',*,*,#1439,.T.);
#641=ORIENTED_EDGE('',*,*,#1440,.T.);
#642=ORIENTED_EDGE('',*,*,#1441,.F.);
#643=ORIENTED_EDGE('',*,*,#1442,.T.);
#644=ORIENTED_EDGE('',*,*,#1443,.T.);
#645=ORIENTED_EDGE('',*,*,#1444,.T.);
#646=CARTESIAN_POINT('',(-0.01,-0.01,-0.01));
#647=DIRECTION('',(1.0,0.0,0.0));
#648=DIRECTION('',(0.0,1.0,0.0));
#649=ORIENTED_EDGE('',*,*,#1445,.F.);
#650=ORIENTED_EDGE('',*,*,#1446,.F.);
#651=ORIENTED_EDGE('',*,*,#1447,.F.);
#652=ORIENTED_EDGE('',*,*,#1426,.F.);
#653=ORIENTED_EDGE('',*,*,#1448,.F.);
#654=ORIENTED_EDGE('',*,*,#1449,.T.);
#655=ORIENTED_EDGE('',*,*,#1450,.F.);
#656=ORIENTED_EDGE('',*,*,#1451,.F.);
#657=ORIENTED_EDGE('',*,*,#1452,.F.);
#658=ORIENTED_EDGE('',*,*,#1453,.F.);
#659=ORIENTED_EDGE('',*,*,#1454,.F.);
#660=ORIENTED_EDGE('',*,*,#1455,.F.);
#661=ORIENTED_EDGE('',*,*,#1456,.F.);
#662=ORIENTED_EDGE('',*,*,#1457,.F.);
#663=ORIENTED_EDGE('',*,*,#1458,.F.);
#664=ORIENTED_EDGE('',*,*,#1459,.F.);
#665=CARTESIAN_POINT('',(0.01,0.0,0.0));
#666=DIRECTION('',(1.0,0.0,0.0));
#667=DIRECTION('',(0.0,1.0,0.0));
#668=ORIENTED_EDGE('',*,*,#1460,.F.);
#669=ORIENTED_EDGE('',*,*,#1461,.F.);
#670=ORIENTED_EDGE('',*,*,#1462,.F.);
#671=ORIENTED_EDGE('',*,*,#1463,.F.);
#672=ORIENTED_EDGE('',*,*,#1464,.F.);
#673=ORIENTED_EDGE('',*,*,#1465,.F.);
#674=ORIENTED_EDGE('',*,*,#1466,.F.);
#675=ORIENTED_EDGE('',*,*,#1467,.F.);
#676=ORIENTED_EDGE('',*,*,#1468,.F.);
#677=ORIENTED_EDGE('',*,*,#1469,.F.);
#678=ORIENTED_EDGE('',*,*,#1470,.F.);
#679=ORIENTED_EDGE('',*,*,#1471,.F.);
#680=ORIENTED_EDGE('',*,*,#1425,.F.);
#681=ORIENTED_EDGE('',*,*,#1472,.F.);
#682=ORIENTED_EDGE('',*,*,#1473,.T.);
#683=ORIENTED_EDGE('',*,*,#1448,.T.);
#684=CARTESIAN_POINT('',(0.0,0.01,0.0));
#685=DIRECTION('',(0.0,1.0,-0.0));
#686=DIRECTION('',(-1.0,0.0,0.0));
#687=ORIENTED_EDGE('',*,*,#1433,.F.);
#688=ORIENTED_EDGE('',*,*,#1474,.F.);
#689=ORIENTED_EDGE('',*,*,#1475,.T.);
#690=ORIENTED_EDGE('',*,*,#1476,.T.);
#691=ORIENTED_EDGE('',*,*,#1451,.T.);
#692=ORIENTED_EDGE('',*,*,#1477,.T.);
#693=ORIENTED_EDGE('',*,*,#1478,.T.);
#694=ORIENTED_EDGE('',*,*,#1479,.T.);
#695=CARTESIAN_POINT('',(0.01,-0.01,-0.01));
#696=DIRECTION('',(0.0,1.0,0.0));
#697=DIRECTION('',(-1.0,0.0,0.0));
#698=ORIENTED_EDGE('',*,*,#1423,.F.);
#699=ORIENTED_EDGE('',*,*,#1444,.F.);
#700=ORIENTED_EDGE('',*,*,#1480,.T.);
#701=ORIENTED_EDGE('',*,*,#1474,.T.);
#702=ORIENTED_EDGE('',*,*,#1432,.F.);
#703=ORIENTED_EDGE('',*,*,#1481,.T.);
#704=ORIENTED_EDGE('',*,*,#1482,.T.);
#705=ORIENTED_EDGE('',*,*,#1483,.F.);
#706=CARTESIAN_POINT('',(0.01,-0.01,-0.01));
#707=DIRECTION('',(-0.707106781186548,0.707106781186548,0.0));
#708=DIRECTION('',(-0.707106781186548,-0.707106781186548,0.0));
#709=ORIENTED_EDGE('',*,*,#1430,.F.);
#710=ORIENTED_EDGE('',*,*,#1484,.F.);
#711=ORIENTED_EDGE('',*,*,#1421,.T.);
#712=ORIENTED_EDGE('',*,*,#1485,.T.);
#713=ORIENTED_EDGE('',*,*,#1435,.F.);
#714=ORIENTED_EDGE('',*,*,#1486,.T.);
#715=ORIENTED_EDGE('',*,*,#1487,.T.);
#716=ORIENTED_EDGE('',*,*,#1488,.F.);
#717=CARTESIAN_POINT('',(0.0,0.0,-0.01));
#718=DIRECTION('',(-0.707106781186548,0.707106781186548,0.0));
#719=DIRECTION('',(-0.707106781186548,-0.707106781186548,0.0));
#720=ORIENTED_EDGE('',*,*,#1489,.F.);
#721=ORIENTED_EDGE('',*,*,#1490,.F.);
#722=ORIENTED_EDGE('',*,*,#1449,.F.);
#723=ORIENTED_EDGE('',*,*,#1473,.F.);
#724=ORIENTED_EDGE('',*,*,#1491,.F.);
#725=ORIENTED_EDGE('',*,*,#1492,.F.);
#726=ORIENTED_EDGE('',*,*,#1493,.F.);
#727=ORIENTED_EDGE('',*,*,#1494,.F.);
#728=ORIENTED_EDGE('',*,*,#1495,.F.);
#729=ORIENTED_EDGE('',*,*,#1496,.F.);
#730=ORIENTED_EDGE('',*,*,#1497,.F.);
#731=ORIENTED_EDGE('',*,*,#1498,.F.);
#732=ORIENTED_EDGE('',*,*,#1499,.F.);
#733=ORIENTED_EDGE('',*,*,#1500,.F.);
#734=ORIENTED_EDGE('',*,*,#1501,.F.);
#735=ORIENTED_EDGE('',*,*,#1502,.F.);
#736=CARTESIAN_POINT('',(0.0,0.0,0.01));
#737=DIRECTION('',(0.0,0.0,1.0));
#738=DIRECTION('',(1.0,0.0,0.0));
#739=ORIENTED_EDGE('',*,*,#1446,.T.);
#740=ORIENTED_EDGE('',*,*,#1503,.F.);
#741=ORIENTED_EDGE('',*,*,#1504,.F.);
#742=ORIENTED_EDGE('',*,*,#1349,.F.);
#743=ORIENTED_EDGE('',*,*,#1505,.T.);
#744=ORIENTED_EDGE('',*,*,#1457,.T.);
#745=ORIENTED_EDGE('',*,*,#1506,.T.);
#746=ORIENTED_EDGE('',*,*,#1384,.F.);
#747=ORIENTED_EDGE('',*,*,#1507,.F.);
#748=CARTESIAN_POINT('',(0.01,0.0,0.0));
#749=DIRECTION('',(0.0,-0.707106781186548,0.707106781186548));
#750=DIRECTION('',(0.0,-0.707106781186548,-0.707106781186548));
#751=ORIENTED_EDGE('',*,*,#1445,.T.);
#752=ORIENTED_EDGE('',*,*,#1508,.F.);
#753=ORIENTED_EDGE('',*,*,#1414,.F.);
#754=ORIENTED_EDGE('',*,*,#1509,.F.);
#755=ORIENTED_EDGE('',*,*,#1510,.F.);
#756=ORIENTED_EDGE('',*,*,#1511,.T.);
#757=ORIENTED_EDGE('',*,*,#1512,.T.);
#758=ORIENTED_EDGE('',*,*,#1503,.T.);
#759=CARTESIAN_POINT('',(0.01,-0.01,-0.01));
#760=DIRECTION('',(0.0,0.0,1.0));
#761=DIRECTION('',(1.0,0.0,0.0));
#762=ORIENTED_EDGE('',*,*,#1513,.F.);
#763=ORIENTED_EDGE('',*,*,#1440,.F.);
#764=ORIENTED_EDGE('',*,*,#1514,.T.);
#765=ORIENTED_EDGE('',*,*,#1407,.T.);
#766=ORIENTED_EDGE('',*,*,#1515,.T.);
#767=ORIENTED_EDGE('',*,*,#1516,.F.);
#768=ORIENTED_EDGE('',*,*,#1517,.T.);
#769=ORIENTED_EDGE('',*,*,#1518,.T.);
#770=ORIENTED_EDGE('',*,*,#1519,.T.);
#771=CARTESIAN_POINT('',(-0.01,-0.01,-0.01));
#772=DIRECTION('',(0.707106781186548,0.0,0.707106781186548));
#773=DIRECTION('',(0.707106781186548,0.0,-0.707106781186548));
#774=ORIENTED_EDGE('',*,*,#1424,.F.);
#775=ORIENTED_EDGE('',*,*,#1483,.T.);
#776=ORIENTED_EDGE('',*,*,#1520,.T.);
#777=ORIENTED_EDGE('',*,*,#1484,.T.);
#778=ORIENTED_EDGE('',*,*,#1429,.F.);
#779=ORIENTED_EDGE('',*,*,#1521,.T.);
#780=ORIENTED_EDGE('',*,*,#1522,.T.);
#781=ORIENTED_EDGE('',*,*,#1438,.F.);
#782=CARTESIAN_POINT('',(-0.01,-0.01,-0.01));
#783=DIRECTION('',(0.707106781186548,0.707106781186548,0.0));
#784=DIRECTION('',(-0.707106781186548,0.707106781186548,0.0));
#785=ORIENTED_EDGE('',*,*,#1431,.F.);
#786=ORIENTED_EDGE('',*,*,#1488,.T.);
#787=ORIENTED_EDGE('',*,*,#1523,.T.);
#788=ORIENTED_EDGE('',*,*,#1524,.T.);
#789=ORIENTED_EDGE('',*,*,#1525,.F.);
#790=ORIENTED_EDGE('',*,*,#1526,.T.);
#791=ORIENTED_EDGE('',*,*,#1527,.T.);
#792=ORIENTED_EDGE('',*,*,#1521,.F.);
#793=CARTESIAN_POINT('',(-0.01,-0.01,-0.01));
#794=DIRECTION('',(0.0,1.0,0.0));
#795=DIRECTION('',(-1.0,0.0,0.0));
#796=ORIENTED_EDGE('',*,*,#1528,.F.);
#797=ORIENTED_EDGE('',*,*,#1529,.T.);
#798=ORIENTED_EDGE('',*,*,#1405,.T.);
#799=ORIENTED_EDGE('',*,*,#1530,.T.);
#800=ORIENTED_EDGE('',*,*,#1526,.F.);
#801=ORIENTED_EDGE('',*,*,#1531,.F.);
#802=ORIENTED_EDGE('',*,*,#1532,.T.);
#803=ORIENTED_EDGE('',*,*,#1533,.T.);
#804=ORIENTED_EDGE('',*,*,#1534,.T.);
#805=CARTESIAN_POINT('',(-0.01,-0.01,-0.01));
#806=DIRECTION('',(0.0,0.707106781186548,0.707106781186548));
#807=DIRECTION('',(0.0,-0.707106781186548,0.707106781186548));
#808=ORIENTED_EDGE('',*,*,#1416,.T.);
#809=ORIENTED_EDGE('',*,*,#1520,.F.);
#810=ORIENTED_EDGE('',*,*,#1482,.F.);
#811=ORIENTED_EDGE('',*,*,#1419,.T.);
#812=ORIENTED_EDGE('',*,*,#1535,.F.);
#813=ORIENTED_EDGE('',*,*,#1536,.F.);
#814=CARTESIAN_POINT('',(0.0,0.0,0.0));
#815=DIRECTION('',(0.0,0.0,-1.0));
#816=DIRECTION('',(-1.0,0.0,0.0));
#817=ORIENTED_EDGE('',*,*,#1537,.F.);
#818=ORIENTED_EDGE('',*,*,#1538,.T.);
#819=ORIENTED_EDGE('',*,*,#1539,.T.);
#820=ORIENTED_EDGE('',*,*,#1532,.F.);
#821=ORIENTED_EDGE('',*,*,#1540,.F.);
#822=ORIENTED_EDGE('',*,*,#1524,.F.);
#823=ORIENTED_EDGE('',*,*,#1541,.T.);
#824=ORIENTED_EDGE('',*,*,#1379,.T.);
#825=ORIENTED_EDGE('',*,*,#1542,.T.);
#826=CARTESIAN_POINT('',(-0.01,0.01,-0.01));
#827=DIRECTION('',(0.0,-0.707106781186548,0.707106781186548));
#828=DIRECTION('',(0.0,-0.707106781186548,-0.707106781186548));
#829=ORIENTED_EDGE('',*,*,#1468,.T.);
#830=ORIENTED_EDGE('',*,*,#1543,.T.);
#831=ORIENTED_EDGE('',*,*,#1377,.F.);
#832=ORIENTED_EDGE('',*,*,#1544,.F.);
#833=ORIENTED_EDGE('',*,*,#1545,.F.);
#834=ORIENTED_EDGE('',*,*,#1461,.T.);
#835=ORIENTED_EDGE('',*,*,#1546,.T.);
#836=ORIENTED_EDGE('',*,*,#1547,.T.);
#837=ORIENTED_EDGE('',*,*,#1548,.T.);
#838=CARTESIAN_POINT('',(0.0,0.01,0.0));
#839=DIRECTION('',(-0.707106781186548,0.0,-0.707106781186548));
#840=DIRECTION('',(-0.707106781186548,0.0,0.707106781186548));
#841=ORIENTED_EDGE('',*,*,#1434,.F.);
#842=ORIENTED_EDGE('',*,*,#1479,.F.);
#843=ORIENTED_EDGE('',*,*,#1549,.T.);
#844=ORIENTED_EDGE('',*,*,#1550,.T.);
#845=ORIENTED_EDGE('',*,*,#1436,.F.);
#846=ORIENTED_EDGE('',*,*,#1485,.F.);
#847=ORIENTED_EDGE('',*,*,#1420,.T.);
#848=ORIENTED_EDGE('',*,*,#1481,.F.);
#849=CARTESIAN_POINT('',(0.0,0.0,-0.01));
#850=DIRECTION('',(0.707106781186548,0.707106781186548,0.0));
#851=DIRECTION('',(-0.707106781186548,0.707106781186548,0.0));
#852=ORIENTED_EDGE('',*,*,#1437,.F.);
#853=ORIENTED_EDGE('',*,*,#1550,.F.);
#854=ORIENTED_EDGE('',*,*,#1551,.T.);
#855=ORIENTED_EDGE('',*,*,#1552,.T.);
#856=ORIENTED_EDGE('',*,*,#1462,.T.);
#857=ORIENTED_EDGE('',*,*,#1545,.T.);
#858=ORIENTED_EDGE('',*,*,#1553,.T.);
#859=ORIENTED_EDGE('',*,*,#1486,.F.);
#860=CARTESIAN_POINT('',(-0.01,0.01,-0.01));
#861=DIRECTION('',(1.0,0.0,0.0));
#862=DIRECTION('',(0.0,1.0,0.0));
#863=ORIENTED_EDGE('',*,*,#1408,.T.);
#864=ORIENTED_EDGE('',*,*,#1554,.T.);
#865=ORIENTED_EDGE('',*,*,#1475,.F.);
#866=ORIENTED_EDGE('',*,*,#1480,.F.);
#867=ORIENTED_EDGE('',*,*,#1443,.F.);
#868=ORIENTED_EDGE('',*,*,#1555,.F.);
#869=ORIENTED_EDGE('',*,*,#1412,.T.);
#870=ORIENTED_EDGE('',*,*,#1556,.T.);
#871=ORIENTED_EDGE('',*,*,#1557,.F.);
#872=ORIENTED_EDGE('',*,*,#1535,.T.);
#873=ORIENTED_EDGE('',*,*,#1558,.T.);
#874=ORIENTED_EDGE('',*,*,#1559,.T.);
#875=CARTESIAN_POINT('',(0.0,0.0,0.0));
#876=DIRECTION('',(0.577350269189626,-0.577350269189626,-0.577350269189626));
#877=DIRECTION('',(0.707106781186548,0.707106781186548,0.0));
#878=ORIENTED_EDGE('',*,*,#1560,.F.);
#879=ORIENTED_EDGE('',*,*,#1519,.F.);
#880=ORIENTED_EDGE('',*,*,#1561,.T.);
#881=ORIENTED_EDGE('',*,*,#1562,.T.);
#882=ORIENTED_EDGE('',*,*,#1563,.F.);
#883=ORIENTED_EDGE('',*,*,#1509,.T.);
#884=ORIENTED_EDGE('',*,*,#1413,.T.);
#885=ORIENTED_EDGE('',*,*,#1555,.T.);
#886=ORIENTED_EDGE('',*,*,#1442,.F.);
#887=CARTESIAN_POINT('',(0.01,-0.01,-0.01));
#888=DIRECTION('',(-0.707106781186548,0.0,0.707106781186548));
#889=DIRECTION('',(0.707106781186548,0.0,0.707106781186548));
#890=ORIENTED_EDGE('',*,*,#1400,.T.);
#891=ORIENTED_EDGE('',*,*,#1514,.F.);
#892=ORIENTED_EDGE('',*,*,#1439,.F.);
#893=ORIENTED_EDGE('',*,*,#1522,.F.);
#894=ORIENTED_EDGE('',*,*,#1527,.F.);
#895=ORIENTED_EDGE('',*,*,#1530,.F.);
#896=ORIENTED_EDGE('',*,*,#1404,.T.);
#897=ORIENTED_EDGE('',*,*,#1564,.T.);
#898=ORIENTED_EDGE('',*,*,#1565,.T.);
#899=ORIENTED_EDGE('',*,*,#1536,.T.);
#900=ORIENTED_EDGE('',*,*,#1557,.T.);
#901=ORIENTED_EDGE('',*,*,#1566,.T.);
#902=CARTESIAN_POINT('',(0.0,0.0,0.0));
#903=DIRECTION('',(-0.577350269189626,-0.577350269189626,-0.577350269189626));
#904=DIRECTION('',(0.707106781186548,-0.707106781186548,0.0));
#905=ORIENTED_EDGE('',*,*,#1394,.T.);
#906=ORIENTED_EDGE('',*,*,#1561,.F.);
#907=ORIENTED_EDGE('',*,*,#1518,.F.);
#908=ORIENTED_EDGE('',*,*,#1397,.T.);
#909=ORIENTED_EDGE('',*,*,#1401,.F.);
#910=ORIENTED_EDGE('',*,*,#1566,.F.);
#911=ORIENTED_EDGE('',*,*,#1556,.F.);
#912=ORIENTED_EDGE('',*,*,#1411,.F.);
#913=CARTESIAN_POINT('',(0.0,0.0,0.0));
#914=DIRECTION('',(0.0,-1.0,0.0));
#915=DIRECTION('',(1.0,0.0,0.0));
#916=ORIENTED_EDGE('',*,*,#1386,.T.);
#917=ORIENTED_EDGE('',*,*,#1567,.T.);
#918=ORIENTED_EDGE('',*,*,#1551,.F.);
#919=ORIENTED_EDGE('',*,*,#1549,.F.);
#920=ORIENTED_EDGE('',*,*,#1478,.F.);
#921=ORIENTED_EDGE('',*,*,#1568,.T.);
#922=ORIENTED_EDGE('',*,*,#1390,.T.);
#923=ORIENTED_EDGE('',*,*,#1569,.T.);
#924=ORIENTED_EDGE('',*,*,#1558,.F.);
#925=ORIENTED_EDGE('',*,*,#1418,.F.);
#926=ORIENTED_EDGE('',*,*,#1570,.F.);
#927=ORIENTED_EDGE('',*,*,#1571,.T.);
#928=CARTESIAN_POINT('',(0.0,0.0,0.0));
#929=DIRECTION('',(0.577350269189626,0.577350269189626,-0.577350269189626));
#930=DIRECTION('',(-0.707106781186548,0.707106781186548,0.0));
#931=ORIENTED_EDGE('',*,*,#1572,.F.);
#932=ORIENTED_EDGE('',*,*,#1573,.F.);
#933=ORIENTED_EDGE('',*,*,#1574,.T.);
#934=ORIENTED_EDGE('',*,*,#1359,.T.);
#935=ORIENTED_EDGE('',*,*,#1575,.T.);
#936=ORIENTED_EDGE('',*,*,#1576,.F.);
#937=ORIENTED_EDGE('',*,*,#1577,.T.);
#938=ORIENTED_EDGE('',*,*,#1398,.F.);
#939=ORIENTED_EDGE('',*,*,#1517,.F.);
#940=CARTESIAN_POINT('',(-0.01,-0.01,0.01));
#941=DIRECTION('',(0.707106781186548,0.0,-0.707106781186548));
#942=DIRECTION('',(-0.707106781186548,0.0,-0.707106781186548));
#943=ORIENTED_EDGE('',*,*,#1380,.T.);
#944=ORIENTED_EDGE('',*,*,#1578,.F.);
#945=ORIENTED_EDGE('',*,*,#1579,.F.);
#946=ORIENTED_EDGE('',*,*,#1383,.T.);
#947=ORIENTED_EDGE('',*,*,#1409,.F.);
#948=ORIENTED_EDGE('',*,*,#1559,.F.);
#949=ORIENTED_EDGE('',*,*,#1569,.F.);
#950=ORIENTED_EDGE('',*,*,#1389,.F.);
#951=CARTESIAN_POINT('',(0.0,0.0,0.0));
#952=DIRECTION('',(1.0,0.0,0.0));
#953=DIRECTION('',(0.0,1.0,0.0));
#954=ORIENTED_EDGE('',*,*,#1372,.T.);
#955=ORIENTED_EDGE('',*,*,#1541,.F.);
#956=ORIENTED_EDGE('',*,*,#1523,.F.);
#957=ORIENTED_EDGE('',*,*,#1487,.F.);
#958=ORIENTED_EDGE('',*,*,#1553,.F.);
#959=ORIENTED_EDGE('',*,*,#1544,.T.);
#960=ORIENTED_EDGE('',*,*,#1376,.T.);
#961=ORIENTED_EDGE('',*,*,#1580,.T.);
#962=ORIENTED_EDGE('',*,*,#1570,.T.);
#963=ORIENTED_EDGE('',*,*,#1417,.F.);
#964=ORIENTED_EDGE('',*,*,#1565,.F.);
#965=ORIENTED_EDGE('',*,*,#1581,.T.);
#966=CARTESIAN_POINT('',(0.0,0.0,0.0));
#967=DIRECTION('',(-0.577350269189626,0.577350269189626,-0.577350269189626));
#968=DIRECTION('',(-0.707106781186548,-0.707106781186548,0.0));
#969=ORIENTED_EDGE('',*,*,#1366,.T.);
#970=ORIENTED_EDGE('',*,*,#1533,.F.);
#971=ORIENTED_EDGE('',*,*,#1539,.F.);
#972=ORIENTED_EDGE('',*,*,#1369,.T.);
#973=ORIENTED_EDGE('',*,*,#1373,.F.);
#974=ORIENTED_EDGE('',*,*,#1581,.F.);
#975=ORIENTED_EDGE('',*,*,#1564,.F.);
#976=ORIENTED_EDGE('',*,*,#1403,.F.);
#977=CARTESIAN_POINT('',(0.0,0.0,0.0));
#978=DIRECTION('',(-1.0,0.0,0.0));
#979=DIRECTION('',(0.0,-1.0,0.0));
#980=ORIENTED_EDGE('',*,*,#1447,.T.);
#981=ORIENTED_EDGE('',*,*,#1507,.T.);
#982=ORIENTED_EDGE('',*,*,#1579,.T.);
#983=ORIENTED_EDGE('',*,*,#1582,.T.);
#984=ORIENTED_EDGE('',*,*,#1452,.T.);
#985=ORIENTED_EDGE('',*,*,#1476,.F.);
#986=ORIENTED_EDGE('',*,*,#1554,.F.);
#987=ORIENTED_EDGE('',*,*,#1415,.F.);
#988=ORIENTED_EDGE('',*,*,#1508,.T.);
#989=CARTESIAN_POINT('',(0.01,0.0,0.0));
#990=DIRECTION('',(0.0,-0.707106781186548,-0.707106781186548));
#991=DIRECTION('',(0.0,0.707106781186548,-0.707106781186548));
#992=ORIENTED_EDGE('',*,*,#1454,.T.);
#993=ORIENTED_EDGE('',*,*,#1583,.T.);
#994=ORIENTED_EDGE('',*,*,#1584,.T.);
#995=ORIENTED_EDGE('',*,*,#1585,.T.);
#996=ORIENTED_EDGE('',*,*,#1465,.T.);
#997=ORIENTED_EDGE('',*,*,#1586,.F.);
#998=ORIENTED_EDGE('',*,*,#1392,.F.);
#999=ORIENTED_EDGE('',*,*,#1587,.F.);
#1000=CARTESIAN_POINT('',(0.01,0.01,-0.01));
#1001=DIRECTION('',(0.0,0.0,1.0));
#1002=DIRECTION('',(1.0,0.0,0.0));
#1003=ORIENTED_EDGE('',*,*,#1453,.T.);
#1004=ORIENTED_EDGE('',*,*,#1582,.F.);
#1005=ORIENTED_EDGE('',*,*,#1578,.T.);
#1006=ORIENTED_EDGE('',*,*,#1588,.T.);
#1007=ORIENTED_EDGE('',*,*,#1455,.T.);
#1008=ORIENTED_EDGE('',*,*,#1587,.T.);
#1009=ORIENTED_EDGE('',*,*,#1391,.F.);
#1010=ORIENTED_EDGE('',*,*,#1568,.F.);
#1011=ORIENTED_EDGE('',*,*,#1477,.F.);
#1012=CARTESIAN_POINT('',(0.01,0.0,0.0));
#1013=DIRECTION('',(0.0,0.707106781186548,-0.707106781186548));
#1014=DIRECTION('',(0.0,0.707106781186548,0.707106781186548));
#1015=ORIENTED_EDGE('',*,*,#1360,.T.);
#1016=ORIENTED_EDGE('',*,*,#1547,.F.);
#1017=ORIENTED_EDGE('',*,*,#1589,.F.);
#1018=ORIENTED_EDGE('',*,*,#1363,.T.);
#1019=ORIENTED_EDGE('',*,*,#1387,.F.);
#1020=ORIENTED_EDGE('',*,*,#1571,.F.);
#1021=ORIENTED_EDGE('',*,*,#1580,.F.);
#1022=ORIENTED_EDGE('',*,*,#1375,.F.);
#1023=CARTESIAN_POINT('',(0.0,0.0,0.0));
#1024=DIRECTION('',(0.0,1.0,0.0));
#1025=DIRECTION('',(-1.0,0.0,0.0));
#1026=ORIENTED_EDGE('',*,*,#1471,.T.);
#1027=ORIENTED_EDGE('',*,*,#1590,.F.);
#1028=ORIENTED_EDGE('',*,*,#1364,.F.);
#1029=ORIENTED_EDGE('',*,*,#1591,.F.);
#1030=ORIENTED_EDGE('',*,*,#1463,.T.);
#1031=ORIENTED_EDGE('',*,*,#1585,.F.);
#1032=ORIENTED_EDGE('',*,*,#1592,.F.);
#1033=ORIENTED_EDGE('',*,*,#1323,.F.);
#1034=ORIENTED_EDGE('',*,*,#1593,.T.);
#1035=CARTESIAN_POINT('',(0.0,0.01,0.0));
#1036=DIRECTION('',(0.707106781186548,0.0,0.707106781186548));
#1037=DIRECTION('',(0.707106781186548,0.0,-0.707106781186548));
#1038=ORIENTED_EDGE('',*,*,#1594,.F.);
#1039=ORIENTED_EDGE('',*,*,#1562,.F.);
#1040=ORIENTED_EDGE('',*,*,#1399,.F.);
#1041=ORIENTED_EDGE('',*,*,#1577,.F.);
#1042=ORIENTED_EDGE('',*,*,#1595,.F.);
#1043=ORIENTED_EDGE('',*,*,#1596,.T.);
#1044=ORIENTED_EDGE('',*,*,#1345,.T.);
#1045=ORIENTED_EDGE('',*,*,#1597,.T.);
#1046=ORIENTED_EDGE('',*,*,#1511,.F.);
#1047=CARTESIAN_POINT('',(0.01,-0.01,0.01));
#1048=DIRECTION('',(-0.707106781186548,0.0,-0.707106781186548));
#1049=DIRECTION('',(-0.707106781186548,0.0,0.707106781186548));
#1050=ORIENTED_EDGE('',*,*,#1350,.T.);
#1051=ORIENTED_EDGE('',*,*,#1574,.F.);
#1052=ORIENTED_EDGE('',*,*,#1598,.F.);
#1053=ORIENTED_EDGE('',*,*,#1599,.F.);
#1054=ORIENTED_EDGE('',*,*,#1354,.T.);
#1055=ORIENTED_EDGE('',*,*,#1367,.F.);
#1056=ORIENTED_EDGE('',*,*,#1402,.F.);
#1057=ORIENTED_EDGE('',*,*,#1396,.F.);
#1058=CARTESIAN_POINT('',(0.0,0.0,0.0));
#1059=DIRECTION('',(-0.577350269189626,-0.577350269189626,0.577350269189626));
#1060=DIRECTION('',(0.707106781186548,-0.707106781186548,0.0));
#1061=ORIENTED_EDGE('',*,*,#1493,.T.);
#1062=ORIENTED_EDGE('',*,*,#1600,.T.);
#1063=ORIENTED_EDGE('',*,*,#1601,.F.);
#1064=ORIENTED_EDGE('',*,*,#1602,.T.);
#1065=ORIENTED_EDGE('',*,*,#1502,.T.);
#1066=ORIENTED_EDGE('',*,*,#1603,.F.);
#1067=ORIENTED_EDGE('',*,*,#1357,.F.);
#1068=ORIENTED_EDGE('',*,*,#1604,.T.);
#1069=CARTESIAN_POINT('',(-0.01,-0.01,0.01));
#1070=DIRECTION('',(0.707106781186548,0.707106781186548,0.0));
#1071=DIRECTION('',(-0.707106781186548,0.707106781186548,0.0));
#1072=ORIENTED_EDGE('',*,*,#1339,.T.);
#1073=ORIENTED_EDGE('',*,*,#1504,.T.);
#1074=ORIENTED_EDGE('',*,*,#1512,.F.);
#1075=ORIENTED_EDGE('',*,*,#1597,.F.);
#1076=ORIENTED_EDGE('',*,*,#1344,.T.);
#1077=ORIENTED_EDGE('',*,*,#1395,.F.);
#1078=ORIENTED_EDGE('',*,*,#1410,.F.);
#1079=ORIENTED_EDGE('',*,*,#1382,.F.);
#1080=CARTESIAN_POINT('',(0.0,0.0,0.0));
#1081=DIRECTION('',(0.577350269189626,-0.577350269189626,0.577350269189626));
#1082=DIRECTION('',(0.707106781186548,0.707106781186548,0.0));
#1083=ORIENTED_EDGE('',*,*,#1456,.T.);
#1084=ORIENTED_EDGE('',*,*,#1588,.F.);
#1085=ORIENTED_EDGE('',*,*,#1385,.F.);
#1086=ORIENTED_EDGE('',*,*,#1506,.F.);
#1087=ORIENTED_EDGE('',*,*,#1459,.T.);
#1088=ORIENTED_EDGE('',*,*,#1605,.T.);
#1089=ORIENTED_EDGE('',*,*,#1319,.F.);
#1090=ORIENTED_EDGE('',*,*,#1606,.F.);
#1091=ORIENTED_EDGE('',*,*,#1583,.F.);
#1092=CARTESIAN_POINT('',(0.01,0.0,0.0));
#1093=DIRECTION('',(0.0,0.707106781186548,0.707106781186548));
#1094=DIRECTION('',(0.0,-0.707106781186548,0.707106781186548));
#1095=ORIENTED_EDGE('',*,*,#1329,.T.);
#1096=ORIENTED_EDGE('',*,*,#1607,.F.);
#1097=ORIENTED_EDGE('',*,*,#1608,.F.);
#1098=ORIENTED_EDGE('',*,*,#1609,.T.);
#1099=ORIENTED_EDGE('',*,*,#1333,.T.);
#1100=ORIENTED_EDGE('',*,*,#1361,.F.);
#1101=ORIENTED_EDGE('',*,*,#1374,.F.);
#1102=ORIENTED_EDGE('',*,*,#1368,.F.);
#1103=CARTESIAN_POINT('',(0.0,0.0,0.0));
#1104=DIRECTION('',(-0.577350269189626,0.577350269189626,0.577350269189626));
#1105=DIRECTION('',(-0.707106781186548,-0.707106781186548,0.0));
#1106=ORIENTED_EDGE('',*,*,#1324,.T.);
#1107=ORIENTED_EDGE('',*,*,#1610,.T.);
#1108=ORIENTED_EDGE('',*,*,#1601,.T.);
#1109=ORIENTED_EDGE('',*,*,#1326,.T.);
#1110=ORIENTED_EDGE('',*,*,#1352,.F.);
#1111=ORIENTED_EDGE('',*,*,#1341,.F.);
#1112=CARTESIAN_POINT('',(0.0,0.0,0.0));
#1113=DIRECTION('',(0.0,0.0,1.0));
#1114=DIRECTION('',(1.0,0.0,0.0));
#1115=ORIENTED_EDGE('',*,*,#1312,.T.);
#1116=ORIENTED_EDGE('',*,*,#1592,.T.);
#1117=ORIENTED_EDGE('',*,*,#1584,.F.);
#1118=ORIENTED_EDGE('',*,*,#1606,.T.);
#1119=ORIENTED_EDGE('',*,*,#1318,.T.);
#1120=ORIENTED_EDGE('',*,*,#1381,.F.);
#1121=ORIENTED_EDGE('',*,*,#1388,.F.);
#1122=ORIENTED_EDGE('',*,*,#1362,.F.);
#1123=CARTESIAN_POINT('',(0.0,0.0,0.0));
#1124=DIRECTION('',(0.577350269189626,0.577350269189626,0.577350269189626));
#1125=DIRECTION('',(-0.707106781186548,0.707106781186548,0.0));
#1126=ORIENTED_EDGE('',*,*,#1499,.T.);
#1127=ORIENTED_EDGE('',*,*,#1611,.T.);
#1128=ORIENTED_EDGE('',*,*,#1347,.F.);
#1129=ORIENTED_EDGE('',*,*,#1612,.F.);
#1130=ORIENTED_EDGE('',*,*,#1500,.T.);
#1131=ORIENTED_EDGE('',*,*,#1602,.F.);
#1132=ORIENTED_EDGE('',*,*,#1610,.F.);
#1133=ORIENTED_EDGE('',*,*,#1613,.T.);
#1134=CARTESIAN_POINT('',(0.01,-0.01,0.01));
#1135=DIRECTION('',(-0.707106781186548,0.707106781186548,0.0));
#1136=DIRECTION('',(-0.707106781186548,-0.707106781186548,0.0));
#1137=ORIENTED_EDGE('',*,*,#1464,.T.);
#1138=ORIENTED_EDGE('',*,*,#1591,.T.);
#1139=ORIENTED_EDGE('',*,*,#1589,.T.);
#1140=ORIENTED_EDGE('',*,*,#1546,.F.);
#1141=ORIENTED_EDGE('',*,*,#1460,.T.);
#1142=ORIENTED_EDGE('',*,*,#1552,.F.);
#1143=ORIENTED_EDGE('',*,*,#1567,.F.);
#1144=ORIENTED_EDGE('',*,*,#1393,.F.);
#1145=ORIENTED_EDGE('',*,*,#1586,.T.);
#1146=CARTESIAN_POINT('',(0.0,0.01,0.0));
#1147=DIRECTION('',(0.707106781186548,0.0,-0.707106781186548));
#1148=DIRECTION('',(-0.707106781186548,0.0,-0.707106781186548));
#1149=ORIENTED_EDGE('',*,*,#1470,.T.);
#1150=ORIENTED_EDGE('',*,*,#1614,.T.);
#1151=ORIENTED_EDGE('',*,*,#1334,.F.);
#1152=ORIENTED_EDGE('',*,*,#1609,.F.);
#1153=ORIENTED_EDGE('',*,*,#1615,.F.);
#1154=ORIENTED_EDGE('',*,*,#1466,.T.);
#1155=ORIENTED_EDGE('',*,*,#1548,.F.);
#1156=ORIENTED_EDGE('',*,*,#1365,.F.);
#1157=ORIENTED_EDGE('',*,*,#1590,.T.);
#1158=CARTESIAN_POINT('',(0.0,0.01,0.0));
#1159=DIRECTION('',(-0.707106781186548,0.0,0.707106781186548));
#1160=DIRECTION('',(0.707106781186548,0.0,0.707106781186548));
#1161=ORIENTED_EDGE('',*,*,#1494,.T.);
#1162=ORIENTED_EDGE('',*,*,#1616,.F.);
#1163=ORIENTED_EDGE('',*,*,#1335,.F.);
#1164=ORIENTED_EDGE('',*,*,#1614,.F.);
#1165=ORIENTED_EDGE('',*,*,#1469,.T.);
#1166=ORIENTED_EDGE('',*,*,#1593,.F.);
#1167=ORIENTED_EDGE('',*,*,#1322,.F.);
#1168=ORIENTED_EDGE('',*,*,#1617,.F.);
#1169=CARTESIAN_POINT('',(-0.01,0.01,0.01));
#1170=DIRECTION('',(1.0,0.0,0.0));
#1171=DIRECTION('',(0.0,1.0,0.0));
#1172=ORIENTED_EDGE('',*,*,#1491,.T.);
#1173=ORIENTED_EDGE('',*,*,#1604,.F.);
#1174=ORIENTED_EDGE('',*,*,#1356,.F.);
#1175=ORIENTED_EDGE('',*,*,#1618,.F.);
#1176=ORIENTED_EDGE('',*,*,#1619,.F.);
#1177=ORIENTED_EDGE('',*,*,#1620,.F.);
#1178=ORIENTED_EDGE('',*,*,#1337,.F.);
#1179=ORIENTED_EDGE('',*,*,#1621,.T.);
#1180=CARTESIAN_POINT('',(-0.01,-0.01,0.01));
#1181=DIRECTION('',(0.0,1.0,0.0));
#1182=DIRECTION('',(-1.0,0.0,0.0));
#1183=ORIENTED_EDGE('',*,*,#1622,.F.);
#1184=ORIENTED_EDGE('',*,*,#1618,.T.);
#1185=ORIENTED_EDGE('',*,*,#1355,.T.);
#1186=ORIENTED_EDGE('',*,*,#1599,.T.);
#1187=ORIENTED_EDGE('',*,*,#1623,.F.);
#1188=ORIENTED_EDGE('',*,*,#1624,.F.);
#1189=ORIENTED_EDGE('',*,*,#1534,.F.);
#1190=ORIENTED_EDGE('',*,*,#1371,.F.);
#1191=ORIENTED_EDGE('',*,*,#1625,.T.);
#1192=CARTESIAN_POINT('',(-0.01,-0.01,0.01));
#1193=DIRECTION('',(0.0,0.707106781186548,-0.707106781186548));
#1194=DIRECTION('',(0.0,0.707106781186548,0.707106781186548));
#1195=ORIENTED_EDGE('',*,*,#1626,.F.);
#1196=ORIENTED_EDGE('',*,*,#1623,.T.);
#1197=ORIENTED_EDGE('',*,*,#1598,.T.);
#1198=ORIENTED_EDGE('',*,*,#1573,.T.);
#1199=ORIENTED_EDGE('',*,*,#1627,.F.);
#1200=ORIENTED_EDGE('',*,*,#1515,.F.);
#1201=ORIENTED_EDGE('',*,*,#1406,.F.);
#1202=ORIENTED_EDGE('',*,*,#1529,.F.);
#1203=CARTESIAN_POINT('',(-0.01,-0.01,-0.01));
#1204=DIRECTION('',(0.0,0.0,1.0));
#1205=DIRECTION('',(1.0,0.0,0.0));
#1206=ORIENTED_EDGE('',*,*,#1628,.F.);
#1207=ORIENTED_EDGE('',*,*,#1629,.F.);
#1208=ORIENTED_EDGE('',*,*,#1607,.T.);
#1209=ORIENTED_EDGE('',*,*,#1338,.T.);
#1210=ORIENTED_EDGE('',*,*,#1620,.T.);
#1211=ORIENTED_EDGE('',*,*,#1630,.F.);
#1212=ORIENTED_EDGE('',*,*,#1625,.F.);
#1213=ORIENTED_EDGE('',*,*,#1370,.F.);
#1214=ORIENTED_EDGE('',*,*,#1538,.F.);
#1215=CARTESIAN_POINT('',(-0.01,0.01,0.01));
#1216=DIRECTION('',(0.0,-0.707106781186548,-0.707106781186548));
#1217=DIRECTION('',(0.0,0.707106781186548,-0.707106781186548));
#1218=ORIENTED_EDGE('',*,*,#1631,.F.);
#1219=ORIENTED_EDGE('',*,*,#1542,.F.);
#1220=ORIENTED_EDGE('',*,*,#1378,.F.);
#1221=ORIENTED_EDGE('',*,*,#1543,.F.);
#1222=ORIENTED_EDGE('',*,*,#1467,.T.);
#1223=ORIENTED_EDGE('',*,*,#1615,.T.);
#1224=ORIENTED_EDGE('',*,*,#1608,.T.);
#1225=ORIENTED_EDGE('',*,*,#1629,.T.);
#1226=CARTESIAN_POINT('',(-0.01,0.01,-0.01));
#1227=DIRECTION('',(0.0,0.0,1.0));
#1228=DIRECTION('',(1.0,0.0,0.0));
#1229=ORIENTED_EDGE('',*,*,#1428,.F.);
#1230=ORIENTED_EDGE('',*,*,#1632,.T.);
#1231=ORIENTED_EDGE('',*,*,#1489,.T.);
#1232=ORIENTED_EDGE('',*,*,#1472,.T.);
#1233=ORIENTED_EDGE('',*,*,#1631,.T.);
#1234=ORIENTED_EDGE('',*,*,#1628,.T.);
#1235=ORIENTED_EDGE('',*,*,#1537,.T.);
#1236=ORIENTED_EDGE('',*,*,#1619,.T.);
#1237=ORIENTED_EDGE('',*,*,#1622,.T.);
#1238=ORIENTED_EDGE('',*,*,#1630,.T.);
#1239=ORIENTED_EDGE('',*,*,#1624,.T.);
#1240=ORIENTED_EDGE('',*,*,#1626,.T.);
#1241=ORIENTED_EDGE('',*,*,#1528,.T.);
#1242=ORIENTED_EDGE('',*,*,#1540,.T.);
#1243=ORIENTED_EDGE('',*,*,#1531,.T.);
#1244=ORIENTED_EDGE('',*,*,#1525,.T.);
#1245=CARTESIAN_POINT('',(-0.01,0.0,0.0));
#1246=DIRECTION('',(1.0,0.0,0.0));
#1247=DIRECTION('',(0.0,1.0,0.0));
#1248=ORIENTED_EDGE('',*,*,#1501,.T.);
#1249=ORIENTED_EDGE('',*,*,#1612,.T.);
#1250=ORIENTED_EDGE('',*,*,#1346,.F.);
#1251=ORIENTED_EDGE('',*,*,#1596,.F.);
#1252=ORIENTED_EDGE('',*,*,#1633,.F.);
#1253=ORIENTED_EDGE('',*,*,#1575,.F.);
#1254=ORIENTED_EDGE('',*,*,#1358,.F.);
#1255=ORIENTED_EDGE('',*,*,#1603,.T.);
#1256=CARTESIAN_POINT('',(-0.01,-0.01,0.01));
#1257=DIRECTION('',(1.0,0.0,0.0));
#1258=DIRECTION('',(0.0,1.0,0.0));
#1259=ORIENTED_EDGE('',*,*,#1495,.T.);
#1260=ORIENTED_EDGE('',*,*,#1617,.T.);
#1261=ORIENTED_EDGE('',*,*,#1321,.F.);
#1262=ORIENTED_EDGE('',*,*,#1634,.F.);
#1263=ORIENTED_EDGE('',*,*,#1497,.T.);
#1264=ORIENTED_EDGE('',*,*,#1613,.F.);
#1265=ORIENTED_EDGE('',*,*,#1328,.F.);
#1266=ORIENTED_EDGE('',*,*,#1635,.F.);
#1267=CARTESIAN_POINT('',(0.0,0.0,0.01));
#1268=DIRECTION('',(0.707106781186548,0.707106781186548,0.0));
#1269=DIRECTION('',(-0.707106781186548,0.707106781186548,0.0));
#1270=ORIENTED_EDGE('',*,*,#1498,.T.);
#1271=ORIENTED_EDGE('',*,*,#1634,.T.);
#1272=ORIENTED_EDGE('',*,*,#1320,.F.);
#1273=ORIENTED_EDGE('',*,*,#1605,.F.);
#1274=ORIENTED_EDGE('',*,*,#1458,.T.);
#1275=ORIENTED_EDGE('',*,*,#1505,.F.);
#1276=ORIENTED_EDGE('',*,*,#1348,.F.);
#1277=ORIENTED_EDGE('',*,*,#1611,.F.);
#1278=CARTESIAN_POINT('',(0.01,-0.01,0.01));
#1279=DIRECTION('',(0.0,1.0,0.0));
#1280=DIRECTION('',(-1.0,0.0,0.0));
#1281=ORIENTED_EDGE('',*,*,#1492,.T.);
#1282=ORIENTED_EDGE('',*,*,#1621,.F.);
#1283=ORIENTED_EDGE('',*,*,#1336,.F.);
#1284=ORIENTED_EDGE('',*,*,#1616,.T.);
#1285=ORIENTED_EDGE('',*,*,#1496,.T.);
#1286=ORIENTED_EDGE('',*,*,#1635,.T.);
#1287=ORIENTED_EDGE('',*,*,#1327,.F.);
#1288=ORIENTED_EDGE('',*,*,#1600,.F.);
#1289=CARTESIAN_POINT('',(0.0,0.0,0.01));
#1290=DIRECTION('',(-0.707106781186548,0.707106781186548,0.0));
#1291=DIRECTION('',(-0.707106781186548,-0.707106781186548,0.0));
#1292=ORIENTED_EDGE('',*,*,#1427,.F.);
#1293=ORIENTED_EDGE('',*,*,#1450,.T.);
#1294=ORIENTED_EDGE('',*,*,#1490,.T.);
#1295=ORIENTED_EDGE('',*,*,#1632,.F.);
#1296=ORIENTED_EDGE('',*,*,#1576,.T.);
#1297=ORIENTED_EDGE('',*,*,#1633,.T.);
#1298=ORIENTED_EDGE('',*,*,#1595,.T.);
#1299=ORIENTED_EDGE('',*,*,#1516,.T.);
#1300=ORIENTED_EDGE('',*,*,#1627,.T.);
#1301=ORIENTED_EDGE('',*,*,#1572,.T.);
#1302=ORIENTED_EDGE('',*,*,#1510,.T.);
#1303=ORIENTED_EDGE('',*,*,#1563,.T.);
#1304=ORIENTED_EDGE('',*,*,#1594,.T.);
#1305=ORIENTED_EDGE('',*,*,#1441,.T.);
#1306=ORIENTED_EDGE('',*,*,#1513,.T.);
#1307=ORIENTED_EDGE('',*,*,#1560,.T.);
#1308=CARTESIAN_POINT('',(0.0,-0.01,0.0));
#1309=DIRECTION('',(0.0,1.0,-0.0));
#1310=DIRECTION('',(-1.0,0.0,0.0));
#1311=COLOUR_RGB('',0.560784339904785,0.686274528503418,0.560784339904785);
#1312=EDGE_CURVE('',#1636,#1637,#1638,.T.);
#1313=EDGE_CURVE('1:62871',#1639,#1636,#1640,.T.);
#1314=EDGE_CURVE('1:62751',#1641,#1639,#1642,.T.);
#1315=EDGE_CURVE('1:62817',#1643,#1641,#1644,.T.);
#1316=EDGE_CURVE('1:62826',#1645,#1643,#1646,.T.);
#1317=EDGE_CURVE('1:62910',#1647,#1645,#1648,.T.);
#1318=EDGE_CURVE('',#1649,#1647,#1650,.T.);
#1319=EDGE_CURVE('1:63144',#1649,#1651,#1652,.T.);
#1320=EDGE_CURVE('1:63861',#1651,#1653,#1654,.T.);
#1321=EDGE_CURVE('1:64071',#1653,#1655,#1656,.T.);
#1322=EDGE_CURVE('1:64185',#1655,#1657,#1658,.T.);
#1323=EDGE_CURVE('1:64341',#1657,#1637,#1659,.T.);
#1324=EDGE_CURVE('',#1643,#1660,#1661,.T.);
#1325=EDGE_CURVE('1:63024',#1641,#1662,#1663,.T.);
#1326=EDGE_CURVE('',#1664,#1662,#1665,.T.);
#1327=EDGE_CURVE('1:63939',#1664,#1666,#1667,.T.);
#1328=EDGE_CURVE('1:64056',#1666,#1660,#1668,.T.);
#1329=EDGE_CURVE('',#1669,#1670,#1671,.T.);
#1330=EDGE_CURVE('1:62502',#1672,#1669,#1673,.T.);
#1331=EDGE_CURVE('1:62493',#1662,#1672,#1674,.T.);
#1332=EDGE_CURVE('1:62541',#1675,#1639,#1676,.T.);
#1333=EDGE_CURVE('',#1677,#1675,#1678,.T.);
#1334=EDGE_CURVE('1:63189',#1677,#1679,#1680,.T.);
#1335=EDGE_CURVE('1:64227',#1679,#1681,#1682,.T.);
#1336=EDGE_CURVE('1:64326',#1681,#1683,#1684,.T.);
#1337=EDGE_CURVE('1:64038',#1683,#1685,#1686,.T.);
#1338=EDGE_CURVE('1:62619',#1670,#1685,#1687,.T.);
#1339=EDGE_CURVE('',#1688,#1689,#1690,.T.);
#1340=EDGE_CURVE('1:63018',#1645,#1688,#1691,.T.);
#1341=EDGE_CURVE('1:63042',#1643,#1692,#1693,.T.);
#1342=EDGE_CURVE('1:61932',#1694,#1692,#1695,.T.);
#1343=EDGE_CURVE('1:62034',#1696,#1694,#1697,.T.);
#1344=EDGE_CURVE('',#1698,#1696,#1699,.T.);
#1345=EDGE_CURVE('1:63429',#1700,#1698,#1701,.T.);
#1346=EDGE_CURVE('1:63357',#1700,#1702,#1703,.T.);
#1347=EDGE_CURVE('1:63726',#1702,#1704,#1705,.T.);
#1348=EDGE_CURVE('1:63825',#1704,#1706,#1707,.T.);
#1349=EDGE_CURVE('1:63912',#1706,#1689,#1708,.T.);
#1350=EDGE_CURVE('',#1709,#1710,#1711,.T.);
#1351=EDGE_CURVE('1:62154',#1694,#1709,#1712,.T.);
#1352=EDGE_CURVE('1:62202',#1692,#1662,#1713,.T.);
#1353=EDGE_CURVE('1:61755',#1714,#1672,#1715,.T.);
#1354=EDGE_CURVE('',#1716,#1714,#1717,.T.);
#1355=EDGE_CURVE('1:63660',#1718,#1716,#1719,.T.);
#1356=EDGE_CURVE('1:63558',#1718,#1720,#1721,.T.);
#1357=EDGE_CURVE('1:63666',#1720,#1722,#1723,.T.);
#1358=EDGE_CURVE('1:63525',#1722,#1724,#1725,.T.);
#1359=EDGE_CURVE('1:61794',#1710,#1724,#1726,.T.);
#1360=EDGE_CURVE('',#1727,#1728,#1729,.T.);
#1361=EDGE_CURVE('1:62541',#1727,#1675,#1730,.T.);
#1362=EDGE_CURVE('1:62871',#1636,#1731,#1732,.T.);
#1363=EDGE_CURVE('',#1733,#1731,#1734,.T.);
#1364=EDGE_CURVE('1:63291',#1733,#1735,#1736,.T.);
#1365=EDGE_CURVE('1:63333',#1735,#1728,#1737,.T.);
#1366=EDGE_CURVE('',#1738,#1739,#1740,.T.);
#1367=EDGE_CURVE('1:61755',#1738,#1714,#1741,.T.);
#1368=EDGE_CURVE('1:62502',#1669,#1742,#1743,.T.);
#1369=EDGE_CURVE('',#1744,#1742,#1745,.T.);
#1370=EDGE_CURVE('1:61344',#1744,#1746,#1747,.T.);
#1371=EDGE_CURVE('1:61365',#1746,#1739,#1748,.T.);
#1372=EDGE_CURVE('',#1749,#1750,#1751,.T.);
#1373=EDGE_CURVE('1:61185',#1749,#1742,#1752,.T.);
#1374=EDGE_CURVE('1:62583',#1742,#1727,#1753,.T.);
#1375=EDGE_CURVE('1:62709',#1727,#1754,#1755,.T.);
#1376=EDGE_CURVE('',#1756,#1754,#1757,.T.);
#1377=EDGE_CURVE('1:60396',#1756,#1758,#1759,.T.);
#1378=EDGE_CURVE('1:60519',#1758,#1760,#1761,.T.);
#1379=EDGE_CURVE('1:60300',#1750,#1760,#1762,.T.);
#1380=EDGE_CURVE('',#1763,#1764,#1765,.T.);
#1381=EDGE_CURVE('1:62910',#1763,#1647,#1766,.T.);
#1382=EDGE_CURVE('1:63018',#1688,#1767,#1768,.T.);
#1383=EDGE_CURVE('',#1769,#1767,#1770,.T.);
#1384=EDGE_CURVE('1:63078',#1769,#1771,#1772,.T.);
#1385=EDGE_CURVE('1:63150',#1771,#1764,#1773,.T.);
#1386=EDGE_CURVE('',#1774,#1775,#1776,.T.);
#1387=EDGE_CURVE('1:61545',#1774,#1731,#1777,.T.);
#1388=EDGE_CURVE('1:62931',#1731,#1763,#1778,.T.);
#1389=EDGE_CURVE('1:63006',#1763,#1779,#1780,.T.);
#1390=EDGE_CURVE('',#1781,#1779,#1782,.T.);
#1391=EDGE_CURVE('1:60690',#1781,#1783,#1784,.T.);
#1392=EDGE_CURVE('1:60912',#1783,#1785,#1786,.T.);
#1393=EDGE_CURVE('1:60945',#1785,#1775,#1787,.T.);
#1394=EDGE_CURVE('',#1788,#1789,#1790,.T.);
#1395=EDGE_CURVE('1:62034',#1788,#1696,#1791,.T.);
#1396=EDGE_CURVE('1:62154',#1709,#1792,#1793,.T.);
#1397=EDGE_CURVE('',#1794,#1792,#1795,.T.);
#1398=EDGE_CURVE('1:61080',#1794,#1796,#1797,.T.);
#1399=EDGE_CURVE('1:61110',#1796,#1789,#1798,.T.);
#1400=EDGE_CURVE('',#1799,#1800,#1801,.T.);
#1401=EDGE_CURVE('1:60990',#1799,#1792,#1802,.T.);
#1402=EDGE_CURVE('1:61791',#1792,#1738,#1803,.T.);
#1403=EDGE_CURVE('1:61908',#1738,#1804,#1805,.T.);
#1404=EDGE_CURVE('',#1806,#1804,#1807,.T.);
#1405=EDGE_CURVE('1:59751',#1808,#1806,#1809,.T.);
#1406=EDGE_CURVE('1:59685',#1808,#1810,#1811,.T.);
#1407=EDGE_CURVE('1:59616',#1800,#1810,#1812,.T.);
#1408=EDGE_CURVE('',#1813,#1814,#1815,.T.);
#1409=EDGE_CURVE('1:61395',#1813,#1767,#1816,.T.);
#1410=EDGE_CURVE('1:62067',#1767,#1788,#1817,.T.);
#1411=EDGE_CURVE('1:62139',#1788,#1818,#1819,.T.);
#1412=EDGE_CURVE('',#1820,#1818,#1821,.T.);
#1413=EDGE_CURVE('1:60087',#1822,#1820,#1823,.T.);
#1414=EDGE_CURVE('1:60060',#1822,#1824,#1825,.T.);
#1415=EDGE_CURVE('1:60096',#1824,#1814,#1826,.T.);
#1416=EDGE_CURVE('',#1827,#1828,#1829,.T.);
#1417=EDGE_CURVE('1:60327',#1827,#1830,#1831,.T.);
#1418=EDGE_CURVE('1:60594',#1830,#1832,#1833,.T.);
#1419=EDGE_CURVE('',#1834,#1832,#1835,.T.);
#1420=EDGE_CURVE('1:60132',#1836,#1834,#1837,.T.);
#1421=EDGE_CURVE('1:60141',#1828,#1836,#1838,.T.);
#1422=EDGE_CURVE('1:76717',#1839,#1840,#1841,.T.);
#1423=EDGE_CURVE('1:76732',#1840,#1842,#1843,.T.);
#1424=EDGE_CURVE('1:76726',#1842,#1839,#1844,.T.);
#1425=EDGE_CURVE('1:76720',#1845,#1846,#1847,.T.);
#1426=EDGE_CURVE('1:76762',#1846,#1848,#1849,.T.);
#1427=EDGE_CURVE('1:76759',#1848,#1850,#1851,.T.);
#1428=EDGE_CURVE('1:76756',#1850,#1845,#1852,.T.);
#1429=EDGE_CURVE('1:76723',#1853,#1854,#1855,.T.);
#1430=EDGE_CURVE('1:76738',#1854,#1856,#1857,.T.);
#1431=EDGE_CURVE('1:76729',#1856,#1853,#1858,.T.);
#1432=EDGE_CURVE('1:76735',#1859,#1860,#1861,.T.);
#1433=EDGE_CURVE('1:76750',#1860,#1862,#1863,.T.);
#1434=EDGE_CURVE('1:76747',#1862,#1859,#1864,.T.);
#1435=EDGE_CURVE('1:76741',#1865,#1866,#1867,.T.);
#1436=EDGE_CURVE('1:76744',#1866,#1868,#1869,.T.);
#1437=EDGE_CURVE('1:76753',#1868,#1865,#1870,.T.);
#1438=EDGE_CURVE('1:76947',#1839,#1871,#1872,.T.);
#1439=EDGE_CURVE('1:59640',#1871,#1873,#1874,.T.);
#1440=EDGE_CURVE('1:72550',#1873,#1875,#1876,.T.);
#1441=EDGE_CURVE('1:72341',#1877,#1875,#1878,.T.);
#1442=EDGE_CURVE('1:72543',#1877,#1879,#1880,.T.);
#1443=EDGE_CURVE('1:59859',#1879,#1881,#1882,.T.);
#1444=EDGE_CURVE('1:76954',#1881,#1840,#1883,.T.);
#1445=EDGE_CURVE('1:73947',#1884,#1885,#1886,.T.);
#1446=EDGE_CURVE('1:73950',#1887,#1884,#1888,.T.);
#1447=EDGE_CURVE('1:73953',#1885,#1887,#1889,.T.);
#1448=EDGE_CURVE('1:76914',#1890,#1846,#1891,.T.);
#1449=EDGE_CURVE('1:76141',#1890,#1892,#1893,.T.);
#1450=EDGE_CURVE('1:76937',#1848,#1892,#1894,.T.);
#1451=EDGE_CURVE('1:73926',#1895,#1896,#1897,.T.);
#1452=EDGE_CURVE('1:73929',#1898,#1895,#1899,.T.);
#1453=EDGE_CURVE('1:73932',#1896,#1898,#1900,.T.);
#1454=EDGE_CURVE('1:73917',#1901,#1902,#1903,.T.);
#1455=EDGE_CURVE('1:73920',#1904,#1901,#1905,.T.);
#1456=EDGE_CURVE('1:73923',#1902,#1904,#1906,.T.);
#1457=EDGE_CURVE('1:73908',#1907,#1908,#1909,.T.);
#1458=EDGE_CURVE('1:73911',#1910,#1907,#1911,.T.);
#1459=EDGE_CURVE('1:73914',#1908,#1910,#1912,.T.);
#1460=EDGE_CURVE('1:71770',#1913,#1914,#1915,.T.);
#1461=EDGE_CURVE('1:71773',#1916,#1913,#1917,.T.);
#1462=EDGE_CURVE('1:71776',#1914,#1916,#1918,.T.);
#1463=EDGE_CURVE('1:71779',#1919,#1920,#1921,.T.);
#1464=EDGE_CURVE('1:71782',#1922,#1919,#1923,.T.);
#1465=EDGE_CURVE('1:71785',#1920,#1922,#1924,.T.);
#1466=EDGE_CURVE('1:71788',#1925,#1926,#1927,.T.);
#1467=EDGE_CURVE('1:71791',#1928,#1925,#1929,.T.);
#1468=EDGE_CURVE('1:71794',#1926,#1928,#1930,.T.);
#1469=EDGE_CURVE('1:71797',#1931,#1932,#1933,.T.);
#1470=EDGE_CURVE('1:71800',#1934,#1931,#1935,.T.);
#1471=EDGE_CURVE('1:71803',#1932,#1934,#1936,.T.);
#1472=EDGE_CURVE('1:76904',#1937,#1845,#1938,.T.);
#1473=EDGE_CURVE('1:76138',#1937,#1890,#1939,.T.);
#1474=EDGE_CURVE('1:76854',#1940,#1860,#1941,.T.);
#1475=EDGE_CURVE('1:59865',#1940,#1942,#1943,.T.);
#1476=EDGE_CURVE('1:74017',#1942,#1895,#1944,.T.);
#1477=EDGE_CURVE('1:74030',#1896,#1945,#1946,.T.);
#1478=EDGE_CURVE('1:60759',#1945,#1947,#1948,.T.);
#1479=EDGE_CURVE('1:76864',#1947,#1862,#1949,.T.);
#1480=EDGE_CURVE('1:59877',#1881,#1940,#1950,.T.);
#1481=EDGE_CURVE('1:76847',#1859,#1834,#1951,.T.);
#1482=EDGE_CURVE('1:60135',#1834,#1952,#1953,.T.);
#1483=EDGE_CURVE('1:76967',#1842,#1952,#1954,.T.);
#1484=EDGE_CURVE('1:76884',#1828,#1854,#1955,.T.);
#1485=EDGE_CURVE('1:76824',#1836,#1866,#1956,.T.);
#1486=EDGE_CURVE('1:76817',#1865,#1957,#1958,.T.);
#1487=EDGE_CURVE('1:60333',#1957,#1959,#1960,.T.);
#1488=EDGE_CURVE('1:76897',#1856,#1959,#1961,.T.);
#1489=EDGE_CURVE('1:76132',#1962,#1937,#1963,.T.);
#1490=EDGE_CURVE('1:76135',#1892,#1962,#1964,.T.);
#1491=EDGE_CURVE('1:76123',#1965,#1966,#1967,.T.);
#1492=EDGE_CURVE('1:76126',#1968,#1965,#1969,.T.);
#1493=EDGE_CURVE('1:76129',#1966,#1968,#1970,.T.);
#1494=EDGE_CURVE('1:76114',#1971,#1972,#1973,.T.);
#1495=EDGE_CURVE('1:76117',#1974,#1971,#1975,.T.);
#1496=EDGE_CURVE('1:76120',#1972,#1974,#1976,.T.);
#1497=EDGE_CURVE('1:76105',#1977,#1978,#1979,.T.);
#1498=EDGE_CURVE('1:76108',#1980,#1977,#1981,.T.);
#1499=EDGE_CURVE('1:76111',#1978,#1980,#1982,.T.);
#1500=EDGE_CURVE('1:76096',#1983,#1984,#1985,.T.);
#1501=EDGE_CURVE('1:76099',#1986,#1983,#1987,.T.);
#1502=EDGE_CURVE('1:76102',#1984,#1986,#1988,.T.);
#1503=EDGE_CURVE('1:74047',#1989,#1884,#1990,.T.);
#1504=EDGE_CURVE('1:63912',#1689,#1989,#1991,.T.);
#1505=EDGE_CURVE('1:73957',#1706,#1907,#1992,.T.);
#1506=EDGE_CURVE('1:73970',#1908,#1771,#1993,.T.);
#1507=EDGE_CURVE('1:74070',#1887,#1769,#1994,.T.);
#1508=EDGE_CURVE('1:74057',#1824,#1885,#1995,.T.);
#1509=EDGE_CURVE('1:72523',#1996,#1822,#1997,.T.);
#1510=EDGE_CURVE('1:72350',#1998,#1996,#1999,.T.);
#1511=EDGE_CURVE('1:72513',#1998,#2000,#2001,.T.);
#1512=EDGE_CURVE('1:62085',#2000,#1989,#2002,.T.);
#1513=EDGE_CURVE('1:72353',#1875,#2003,#2004,.T.);
#1514=EDGE_CURVE('1:59616',#1873,#1800,#2005,.T.);
#1515=EDGE_CURVE('1:72490',#1810,#2006,#2007,.T.);
#1516=EDGE_CURVE('1:72356',#2008,#2006,#2009,.T.);
#1517=EDGE_CURVE('1:72483',#2008,#1794,#2010,.T.);
#1518=EDGE_CURVE('1:61098',#1794,#2011,#2012,.T.);
#1519=EDGE_CURVE('1:72560',#2011,#2003,#2013,.T.);
#1520=EDGE_CURVE('1:60171',#1952,#1828,#2014,.T.);
#1521=EDGE_CURVE('1:76877',#1853,#2015,#2016,.T.);
#1522=EDGE_CURVE('1:59601',#2015,#1871,#2017,.T.);
#1523=EDGE_CURVE('1:60354',#1959,#2018,#2019,.T.);
#1524=EDGE_CURVE('1:74545',#2018,#2020,#2021,.T.);
#1525=EDGE_CURVE('1:74484',#2022,#2020,#2023,.T.);
#1526=EDGE_CURVE('1:74568',#2022,#2024,#2025,.T.);
#1527=EDGE_CURVE('1:59592',#2024,#2015,#2026,.T.);
#1528=EDGE_CURVE('1:74478',#2027,#2028,#2029,.T.);
#1529=EDGE_CURVE('1:74598',#2027,#1808,#2030,.T.);
#1530=EDGE_CURVE('1:59751',#1806,#2024,#2031,.T.);
#1531=EDGE_CURVE('1:74481',#2032,#2022,#2033,.T.);
#1532=EDGE_CURVE('1:74558',#2032,#2034,#2035,.T.);
#1533=EDGE_CURVE('1:61227',#2034,#1739,#2036,.T.);
#1534=EDGE_CURVE('1:74575',#1739,#2028,#2037,.T.);
#1535=EDGE_CURVE('1:60153',#2038,#1832,#2039,.T.);
#1536=EDGE_CURVE('1:60378',#1827,#2038,#2040,.T.);
#1537=EDGE_CURVE('1:74475',#2041,#2042,#2043,.T.);
#1538=EDGE_CURVE('1:74658',#2041,#1744,#2044,.T.);
#1539=EDGE_CURVE('1:61368',#1744,#2034,#2045,.T.);
#1540=EDGE_CURVE('1:74472',#2020,#2032,#2046,.T.);
#1541=EDGE_CURVE('1:60300',#2018,#1750,#2047,.T.);
#1542=EDGE_CURVE('1:74635',#1760,#2042,#2048,.T.);
#1543=EDGE_CURVE('1:71914',#1928,#1758,#2049,.T.);
#1544=EDGE_CURVE('1:60396',#2050,#1756,#2051,.T.);
#1545=EDGE_CURVE('1:71854',#1916,#2050,#2052,.T.);
#1546=EDGE_CURVE('1:71834',#1913,#2053,#2054,.T.);
#1547=EDGE_CURVE('1:61620',#2053,#1728,#2055,.T.);
#1548=EDGE_CURVE('1:71901',#1728,#1926,#2056,.T.);
#1549=EDGE_CURVE('1:60615',#1947,#2057,#2058,.T.);
#1550=EDGE_CURVE('1:76834',#2057,#1868,#2059,.T.);
#1551=EDGE_CURVE('1:60585',#2057,#2060,#2061,.T.);
#1552=EDGE_CURVE('1:71841',#2060,#1914,#2062,.T.);
#1553=EDGE_CURVE('1:60483',#2050,#1957,#2063,.T.);
#1554=EDGE_CURVE('1:60096',#1814,#1942,#2064,.T.);
#1555=EDGE_CURVE('1:60087',#1820,#1879,#2065,.T.);
#1556=EDGE_CURVE('1:62139',#1818,#2066,#2067,.T.);
#1557=EDGE_CURVE('1:60198',#2038,#2066,#2068,.T.);
#1558=EDGE_CURVE('1:60633',#1832,#2069,#2070,.T.);
#1559=EDGE_CURVE('1:61395',#2069,#1813,#2071,.T.);
#1560=EDGE_CURVE('1:72362',#2003,#1877,#2072,.T.);
#1561=EDGE_CURVE('1:61011',#2011,#1789,#2073,.T.);
#1562=EDGE_CURVE('1:72530',#1789,#2074,#2075,.T.);
#1563=EDGE_CURVE('1:72359',#1996,#2074,#2076,.T.);
#1564=EDGE_CURVE('1:61908',#1804,#2077,#2078,.T.);
#1565=EDGE_CURVE('1:61278',#2077,#1827,#2079,.T.);
#1566=EDGE_CURVE('1:60990',#2066,#1799,#2080,.T.);
#1567=EDGE_CURVE('1:60945',#1775,#2060,#2081,.T.);
#1568=EDGE_CURVE('1:60690',#1945,#1781,#2082,.T.);
#1569=EDGE_CURVE('1:63006',#1779,#2069,#2083,.T.);
#1570=EDGE_CURVE('1:61680',#2084,#1830,#2085,.T.);
#1571=EDGE_CURVE('1:61545',#2084,#1774,#2086,.T.);
#1572=EDGE_CURVE('1:72371',#2087,#2008,#2088,.T.);
#1573=EDGE_CURVE('1:72500',#2089,#2087,#2090,.T.);
#1574=EDGE_CURVE('1:61794',#2089,#1710,#2091,.T.);
#1575=EDGE_CURVE('1:72460',#1724,#2092,#2093,.T.);
#1576=EDGE_CURVE('1:72374',#2094,#2092,#2095,.T.);
#1577=EDGE_CURVE('1:72453',#2094,#1796,#2096,.T.);
#1578=EDGE_CURVE('1:61401',#2097,#1764,#2098,.T.);
#1579=EDGE_CURVE('1:63120',#1769,#2097,#2099,.T.);
#1580=EDGE_CURVE('1:62709',#1754,#2084,#2100,.T.);
#1581=EDGE_CURVE('1:61185',#2077,#1749,#2101,.T.);
#1582=EDGE_CURVE('1:74037',#2097,#1898,#2102,.T.);
#1583=EDGE_CURVE('1:74000',#1902,#2103,#2104,.T.);
#1584=EDGE_CURVE('1:63177',#2103,#2105,#2106,.T.);
#1585=EDGE_CURVE('1:71871',#2105,#1920,#2107,.T.);
#1586=EDGE_CURVE('1:71881',#1785,#1922,#2108,.T.);
#1587=EDGE_CURVE('1:73990',#1901,#1783,#2109,.T.);
#1588=EDGE_CURVE('1:74007',#1764,#1904,#2110,.T.);
#1589=EDGE_CURVE('1:63336',#1733,#2053,#2111,.T.);
#1590=EDGE_CURVE('1:71941',#1735,#1934,#2112,.T.);
#1591=EDGE_CURVE('1:71864',#1919,#1733,#2113,.T.);
#1592=EDGE_CURVE('1:64341',#1637,#2105,#2114,.T.);
#1593=EDGE_CURVE('1:71931',#1657,#1932,#2115,.T.);
#1594=EDGE_CURVE('1:72380',#2074,#1998,#2116,.T.);
#1595=EDGE_CURVE('1:72377',#2117,#2094,#2118,.T.);
#1596=EDGE_CURVE('1:72473',#2117,#1700,#2119,.T.);
#1597=EDGE_CURVE('1:63429',#1698,#2000,#2120,.T.);
#1598=EDGE_CURVE('1:61767',#2121,#2089,#2122,.T.);
#1599=EDGE_CURVE('1:63660',#1716,#2121,#2123,.T.);
#1600=EDGE_CURVE('1:76258',#1968,#1664,#2124,.T.);
#1601=EDGE_CURVE('1:63795',#2125,#1664,#2126,.T.);
#1602=EDGE_CURVE('1:76155',#2125,#1984,#2127,.T.);
#1603=EDGE_CURVE('1:76165',#1722,#1986,#2128,.T.);
#1604=EDGE_CURVE('1:76245',#1720,#1966,#2129,.T.);
#1605=EDGE_CURVE('1:73980',#1910,#1651,#2130,.T.);
#1606=EDGE_CURVE('1:63144',#2103,#1649,#2131,.T.);
#1607=EDGE_CURVE('1:62619',#2132,#1670,#2133,.T.);
#1608=EDGE_CURVE('1:63249',#2134,#2132,#2135,.T.);
#1609=EDGE_CURVE('1:63189',#2134,#1677,#2136,.T.);
#1610=EDGE_CURVE('1:64170',#1660,#2125,#2137,.T.);
#1611=EDGE_CURVE('1:76198',#1980,#1704,#2138,.T.);
#1612=EDGE_CURVE('1:76148',#1983,#1702,#2139,.T.);
#1613=EDGE_CURVE('1:76185',#1660,#1978,#2140,.T.);
#1614=EDGE_CURVE('1:71924',#1931,#1679,#2141,.T.);
#1615=EDGE_CURVE('1:71894',#1925,#2134,#2142,.T.);
#1616=EDGE_CURVE('1:76215',#1681,#1972,#2143,.T.);
#1617=EDGE_CURVE('1:76208',#1971,#1655,#2144,.T.);
#1618=EDGE_CURVE('1:74618',#2145,#1718,#2146,.T.);
#1619=EDGE_CURVE('1:74454',#2147,#2145,#2148,.T.);
#1620=EDGE_CURVE('1:74605',#1685,#2147,#2149,.T.);
#1621=EDGE_CURVE('1:76235',#1683,#1965,#2150,.T.);
#1622=EDGE_CURVE('1:74457',#2145,#2151,#2152,.T.);
#1623=EDGE_CURVE('1:74588',#2153,#2121,#2154,.T.);
#1624=EDGE_CURVE('1:74460',#2028,#2153,#2155,.T.);
#1625=EDGE_CURVE('1:74625',#1746,#2151,#2156,.T.);
#1626=EDGE_CURVE('1:74469',#2153,#2027,#2157,.T.);
#1627=EDGE_CURVE('1:72365',#2006,#2087,#2158,.T.);
#1628=EDGE_CURVE('1:74463',#2159,#2041,#2160,.T.);
#1629=EDGE_CURVE('1:74645',#2132,#2159,#2161,.T.);
#1630=EDGE_CURVE('1:74466',#2151,#2147,#2162,.T.);
#1631=EDGE_CURVE('1:74448',#2042,#2159,#2163,.T.);
#1632=EDGE_CURVE('1:76927',#1850,#1962,#2164,.T.);
#1633=EDGE_CURVE('1:72386',#2092,#2117,#2165,.T.);
#1634=EDGE_CURVE('1:76178',#1977,#1653,#2166,.T.);
#1635=EDGE_CURVE('1:76228',#1974,#1666,#2167,.T.);
#1636=VERTEX_POINT('',#2168);
#1637=VERTEX_POINT('',#2169);
#1638=LINE('',#2170,#2171);
#1639=VERTEX_POINT('',#2172);
#1640=ELLIPSE('',#2173,0.00053034490475787,0.0002438);
#1641=VERTEX_POINT('',#2174);
#1642=ELLIPSE('',#2175,0.000422273986885292,0.0002438);
#1643=VERTEX_POINT('',#2176);
#1644=ELLIPSE('',#2177,0.00053034490475787,0.0002438);
#1645=VERTEX_POINT('',#2178);
#1646=ELLIPSE('',#2179,0.000422273986885292,0.0002438);
#1647=VERTEX_POINT('',#2180);
#1648=ELLIPSE('',#2181,0.00053034490475787,0.0002438);
#1649=VERTEX_POINT('',#2182);
#1650=LINE('',#2183,#2184);
#1651=VERTEX_POINT('',#2185);
#1652=ELLIPSE('',#2186,0.000804871628406709,0.0002438);
#1653=VERTEX_POINT('',#2187);
#1654=ELLIPSE('',#2188,0.00053034490475787,0.0002438);
#1655=VERTEX_POINT('',#2189);
#1656=ELLIPSE('',#2190,0.000804871628406709,0.0002438);
#1657=VERTEX_POINT('',#2191);
#1658=ELLIPSE('',#2192,0.00053034490475787,0.0002438);
#1659=ELLIPSE('',#2193,0.000804871628406709,0.0002438);
#1660=VERTEX_POINT('',#2194);
#1661=LINE('',#2195,#2196);
#1662=VERTEX_POINT('',#2197);
#1663=ELLIPSE('',#2198,0.00053034490475787,0.0002438);
#1664=VERTEX_POINT('',#2199);
#1665=LINE('',#2200,#2201);
#1666=VERTEX_POINT('',#2202);
#1667=ELLIPSE('',#2203,0.00034478526650656,0.0002438);
#1668=ELLIPSE('',#2204,0.00034478526650656,0.0002438);
#1669=VERTEX_POINT('',#2205);
#1670=VERTEX_POINT('',#2206);
#1671=LINE('',#2207,#2208);
#1672=VERTEX_POINT('',#2209);
#1673=ELLIPSE('',#2210,0.00053034490475787,0.0002438);
#1674=ELLIPSE('',#2211,0.000422273986885292,0.0002438);
#1675=VERTEX_POINT('',#2212);
#1676=ELLIPSE('',#2213,0.00053034490475787,0.0002438);
#1677=VERTEX_POINT('',#2214);
#1678=LINE('',#2215,#2216);
#1679=VERTEX_POINT('',#2217);
#1680=ELLIPSE('',#2218,0.000804871628406709,0.0002438);
#1681=VERTEX_POINT('',#2219);
#1682=ELLIPSE('',#2220,0.000530344904757873,0.000243800000000001);
#1683=VERTEX_POINT('',#2221);
#1684=ELLIPSE('',#2222,0.000804871628406709,0.0002438);
#1685=VERTEX_POINT('',#2223);
#1686=ELLIPSE('',#2224,0.00053034490475787,0.0002438);
#1687=ELLIPSE('',#2225,0.000804871628406694,0.0002438);
#1688=VERTEX_POINT('',#2226);
#1689=VERTEX_POINT('',#2227);
#1690=LINE('',#2228,#2229);
#1691=ELLIPSE('',#2230,0.00053034490475787,0.0002438);
#1692=VERTEX_POINT('',#2231);
#1693=ELLIPSE('',#2232,0.00053034490475787,0.0002438);
#1694=VERTEX_POINT('',#2233);
#1695=ELLIPSE('',#2234,0.000422273986885292,0.0002438);
#1696=VERTEX_POINT('',#2235);
#1697=ELLIPSE('',#2236,0.00053034490475787,0.0002438);
#1698=VERTEX_POINT('',#2237);
#1699=LINE('',#2238,#2239);
#1700=VERTEX_POINT('',#2240);
#1701=ELLIPSE('',#2241,0.000804871628406693,0.0002438);
#1702=VERTEX_POINT('',#2242);
#1703=ELLIPSE('',#2243,0.00053034490475787,0.0002438);
#1704=VERTEX_POINT('',#2244);
#1705=ELLIPSE('',#2245,0.000804871628406713,0.0002438);
#1706=VERTEX_POINT('',#2246);
#1707=ELLIPSE('',#2247,0.000530344904757873,0.000243800000000001);
#1708=ELLIPSE('',#2248,0.000804871628406709,0.0002438);
#1709=VERTEX_POINT('',#2249);
#1710=VERTEX_POINT('',#2250);
#1711=LINE('',#2251,#2252);
#1712=ELLIPSE('',#2253,0.00053034490475787,0.0002438);
#1713=ELLIPSE('',#2254,0.00053034490475787,0.0002438);
#1714=VERTEX_POINT('',#2255);
#1715=ELLIPSE('',#2256,0.00053034490475787,0.0002438);
#1716=VERTEX_POINT('',#2257);
#1717=LINE('',#2258,#2259);
#1718=VERTEX_POINT('',#2260);
#1719=ELLIPSE('',#2261,0.000804871628406693,0.0002438);
#1720=VERTEX_POINT('',#2262);
#1721=ELLIPSE('',#2263,0.000530344904757873,0.000243800000000001);
#1722=VERTEX_POINT('',#2264);
#1723=ELLIPSE('',#2265,0.000804871628406713,0.0002438);
#1724=VERTEX_POINT('',#2266);
#1725=ELLIPSE('',#2267,0.000530344904757873,0.000243800000000001);
#1726=ELLIPSE('',#2268,0.000804871628406694,0.0002438);
#1727=VERTEX_POINT('',#2269);
#1728=VERTEX_POINT('',#2270);
#1729=LINE('',#2271,#2272);
#1730=ELLIPSE('',#2273,0.00053034490475787,0.0002438);
#1731=VERTEX_POINT('',#2274);
#1732=ELLIPSE('',#2275,0.00053034490475787,0.0002438);
#1733=VERTEX_POINT('',#2276);
#1734=LINE('',#2277,#2278);
#1735=VERTEX_POINT('',#2279);
#1736=ELLIPSE('',#2280,0.00034478526650656,0.0002438);
#1737=ELLIPSE('',#2281,0.00034478526650656,0.0002438);
#1738=VERTEX_POINT('',#2282);
#1739=VERTEX_POINT('',#2283);
#1740=LINE('',#2284,#2285);
#1741=ELLIPSE('',#2286,0.00053034490475787,0.0002438);
#1742=VERTEX_POINT('',#2287);
#1743=ELLIPSE('',#2288,0.00053034490475787,0.0002438);
#1744=VERTEX_POINT('',#2289);
#1745=LINE('',#2290,#2291);
#1746=VERTEX_POINT('',#2292);
#1747=ELLIPSE('',#2293,0.00034478526650656,0.0002438);
#1748=ELLIPSE('',#2294,0.00034478526650656,0.0002438);
#1749=VERTEX_POINT('',#2295);
#1750=VERTEX_POINT('',#2296);
#1751=LINE('',#2297,#2298);
#1752=ELLIPSE('',#2299,0.00053034490475787,0.0002438);
#1753=ELLIPSE('',#2300,0.000422273986885292,0.0002438);
#1754=VERTEX_POINT('',#2301);
#1755=ELLIPSE('',#2302,0.00053034490475787,0.0002438);
#1756=VERTEX_POINT('',#2303);
#1757=LINE('',#2304,#2305);
#1758=VERTEX_POINT('',#2306);
#1759=ELLIPSE('',#2307,0.000804871628406709,0.0002438);
#1760=VERTEX_POINT('',#2308);
#1761=ELLIPSE('',#2309,0.000530344904757873,0.000243800000000001);
#1762=ELLIPSE('',#2310,0.000804871628406694,0.0002438);
#1763=VERTEX_POINT('',#2311);
#1764=VERTEX_POINT('',#2312);
#1765=LINE('',#2313,#2314);
#1766=ELLIPSE('',#2315,0.00053034490475787,0.0002438);
#1767=VERTEX_POINT('',#2316);
#1768=ELLIPSE('',#2317,0.00053034490475787,0.0002438);
#1769=VERTEX_POINT('',#2318);
#1770=LINE('',#2319,#2320);
#1771=VERTEX_POINT('',#2321);
#1772=ELLIPSE('',#2322,0.00034478526650656,0.0002438);
#1773=ELLIPSE('',#2323,0.00034478526650656,0.0002438);
#1774=VERTEX_POINT('',#2324);
#1775=VERTEX_POINT('',#2325);
#1776=LINE('',#2326,#2327);
#1777=ELLIPSE('',#2328,0.00053034490475787,0.0002438);
#1778=ELLIPSE('',#2329,0.000422273986885292,0.0002438);
#1779=VERTEX_POINT('',#2330);
#1780=ELLIPSE('',#2331,0.00053034490475787,0.0002438);
#1781=VERTEX_POINT('',#2332);
#1782=LINE('',#2333,#2334);
#1783=VERTEX_POINT('',#2335);
#1784=ELLIPSE('',#2336,0.000804871628406709,0.0002438);
#1785=VERTEX_POINT('',#2337);
#1786=ELLIPSE('',#2338,0.000530344904757873,0.000243800000000001);
#1787=ELLIPSE('',#2339,0.000804871628406709,0.0002438);
#1788=VERTEX_POINT('',#2340);
#1789=VERTEX_POINT('',#2341);
#1790=LINE('',#2342,#2343);
#1791=ELLIPSE('',#2344,0.00053034490475787,0.0002438);
#1792=VERTEX_POINT('',#2345);
#1793=ELLIPSE('',#2346,0.00053034490475787,0.0002438);
#1794=VERTEX_POINT('',#2347);
#1795=LINE('',#2348,#2349);
#1796=VERTEX_POINT('',#2350);
#1797=ELLIPSE('',#2351,0.00034478526650656,0.0002438);
#1798=ELLIPSE('',#2352,0.00034478526650656,0.0002438);
#1799=VERTEX_POINT('',#2353);
#1800=VERTEX_POINT('',#2354);
#1801=LINE('',#2355,#2356);
#1802=ELLIPSE('',#2357,0.00053034490475787,0.0002438);
#1803=ELLIPSE('',#2358,0.000422273986885292,0.0002438);
#1804=VERTEX_POINT('',#2359);
#1805=ELLIPSE('',#2360,0.00053034490475787,0.0002438);
#1806=VERTEX_POINT('',#2361);
#1807=LINE('',#2362,#2363);
#1808=VERTEX_POINT('',#2364);
#1809=ELLIPSE('',#2365,0.000804871628406694,0.0002438);
#1810=VERTEX_POINT('',#2366);
#1811=ELLIPSE('',#2367,0.000530344904757873,0.000243800000000001);
#1812=ELLIPSE('',#2368,0.000804871628406694,0.0002438);
#1813=VERTEX_POINT('',#2369);
#1814=VERTEX_POINT('',#2370);
#1815=LINE('',#2371,#2372);
#1816=ELLIPSE('',#2373,0.00053034490475787,0.0002438);
#1817=ELLIPSE('',#2374,0.000422273986885292,0.0002438);
#1818=VERTEX_POINT('',#2375);
#1819=ELLIPSE('',#2376,0.00053034490475787,0.0002438);
#1820=VERTEX_POINT('',#2377);
#1821=LINE('',#2378,#2379);
#1822=VERTEX_POINT('',#2380);
#1823=ELLIPSE('',#2381,0.000804871628406694,0.0002438);
#1824=VERTEX_POINT('',#2382);
#1825=ELLIPSE('',#2383,0.000530344904757873,0.000243800000000001);
#1826=ELLIPSE('',#2384,0.000804871628406709,0.0002438);
#1827=VERTEX_POINT('',#2385);
#1828=VERTEX_POINT('',#2386);
#1829=LINE('',#2387,#2388);
#1830=VERTEX_POINT('',#2389);
#1831=ELLIPSE('',#2390,0.00053034490475787,0.0002438);
#1832=VERTEX_POINT('',#2391);
#1833=ELLIPSE('',#2392,0.00053034490475787,0.0002438);
#1834=VERTEX_POINT('',#2393);
#1835=LINE('',#2394,#2395);
#1836=VERTEX_POINT('',#2396);
#1837=ELLIPSE('',#2397,0.00034478526650656,0.0002438);
#1838=ELLIPSE('',#2398,0.00034478526650656,0.0002438);
#1839=VERTEX_POINT('',#2399);
#1840=VERTEX_POINT('',#2400);
#1841=LINE('',#2401,#2402);
#1842=VERTEX_POINT('',#2403);
#1843=LINE('',#2404,#2405);
#1844=LINE('',#2406,#2407);
#1845=VERTEX_POINT('',#2408);
#1846=VERTEX_POINT('',#2409);
#1847=LINE('',#2410,#2411);
#1848=VERTEX_POINT('',#2412);
#1849=LINE('',#2413,#2414);
#1850=VERTEX_POINT('',#2415);
#1851=LINE('',#2416,#2417);
#1852=LINE('',#2418,#2419);
#1853=VERTEX_POINT('',#2420);
#1854=VERTEX_POINT('',#2421);
#1855=LINE('',#2422,#2423);
#1856=VERTEX_POINT('',#2424);
#1857=LINE('',#2425,#2426);
#1858=LINE('',#2427,#2428);
#1859=VERTEX_POINT('',#2429);
#1860=VERTEX_POINT('',#2430);
#1861=LINE('',#2431,#2432);
#1862=VERTEX_POINT('',#2433);
#1863=LINE('',#2434,#2435);
#1864=LINE('',#2436,#2437);
#1865=VERTEX_POINT('',#2438);
#1866=VERTEX_POINT('',#2439);
#1867=LINE('',#2440,#2441);
#1868=VERTEX_POINT('',#2442);
#1869=LINE('',#2443,#2444);
#1870=LINE('',#2445,#2446);
#1871=VERTEX_POINT('',#2447);
#1872=ELLIPSE('',#2448,0.000637080101673722,0.0002438);
#1873=VERTEX_POINT('',#2449);
#1874=ELLIPSE('',#2450,0.000530344904757861,0.0002438);
#1875=VERTEX_POINT('',#2451);
#1876=ELLIPSE('',#2452,0.000637080101673722,0.0002438);
#1877=VERTEX_POINT('',#2453);
#1878=LINE('',#2454,#2455);
#1879=VERTEX_POINT('',#2456);
#1880=ELLIPSE('',#2457,0.00063708010167372,0.0002438);
#1881=VERTEX_POINT('',#2458);
#1882=ELLIPSE('',#2459,0.000530344904757875,0.0002438);
#1883=ELLIPSE('',#2460,0.00063708010167372,0.0002438);
#1884=VERTEX_POINT('',#2461);
#1885=VERTEX_POINT('',#2462);
#1886=LINE('',#2463,#2464);
#1887=VERTEX_POINT('',#2465);
#1888=LINE('',#2466,#2467);
#1889=LINE('',#2468,#2469);
#1890=VERTEX_POINT('',#2470);
#1891=LINE('',#2471,#2472);
#1892=VERTEX_POINT('',#2473);
#1893=LINE('',#2474,#2475);
#1894=LINE('',#2476,#2477);
#1895=VERTEX_POINT('',#2478);
#1896=VERTEX_POINT('',#2479);
#1897=LINE('',#2480,#2481);
#1898=VERTEX_POINT('',#2482);
#1899=LINE('',#2483,#2484);
#1900=LINE('',#2485,#2486);
#1901=VERTEX_POINT('',#2487);
#1902=VERTEX_POINT('',#2488);
#1903=LINE('',#2489,#2490);
#1904=VERTEX_POINT('',#2491);
#1905=LINE('',#2492,#2493);
#1906=LINE('',#2494,#2495);
#1907=VERTEX_POINT('',#2496);
#1908=VERTEX_POINT('',#2497);
#1909=LINE('',#2498,#2499);
#1910=VERTEX_POINT('',#2500);
#1911=LINE('',#2501,#2502);
#1912=LINE('',#2503,#2504);
#1913=VERTEX_POINT('',#2505);
#1914=VERTEX_POINT('',#2506);
#1915=LINE('',#2507,#2508);
#1916=VERTEX_POINT('',#2509);
#1917=LINE('',#2510,#2511);
#1918=LINE('',#2512,#2513);
#1919=VERTEX_POINT('',#2514);
#1920=VERTEX_POINT('',#2515);
#1921=LINE('',#2516,#2517);
#1922=VERTEX_POINT('',#2518);
#1923=LINE('',#2519,#2520);
#1924=LINE('',#2521,#2522);
#1925=VERTEX_POINT('',#2523);
#1926=VERTEX_POINT('',#2524);
#1927=LINE('',#2525,#2526);
#1928=VERTEX_POINT('',#2527);
#1929=LINE('',#2528,#2529);
#1930=LINE('',#2530,#2531);
#1931=VERTEX_POINT('',#2532);
#1932=VERTEX_POINT('',#2533);
#1933=LINE('',#2534,#2535);
#1934=VERTEX_POINT('',#2536);
#1935=LINE('',#2537,#2538);
#1936=LINE('',#2539,#2540);
#1937=VERTEX_POINT('',#2541);
#1938=LINE('',#2542,#2543);
#1939=LINE('',#2544,#2545);
#1940=VERTEX_POINT('',#2546);
#1941=ELLIPSE('',#2547,0.000637080101673723,0.000243800000000001);
#1942=VERTEX_POINT('',#2548);
#1943=ELLIPSE('',#2549,0.000530344904757861,0.0002438);
#1944=ELLIPSE('',#2550,0.000637080101673727,0.0002438);
#1945=VERTEX_POINT('',#2551);
#1946=ELLIPSE('',#2552,0.000637080101673716,0.0002438);
#1947=VERTEX_POINT('',#2553);
#1948=ELLIPSE('',#2554,0.000530344904757875,0.0002438);
#1949=ELLIPSE('',#2555,0.000637080101673716,0.0002438);
#1950=ELLIPSE('',#2556,0.000804871628406694,0.0002438);
#1951=ELLIPSE('',#2557,0.000344785266506561,0.0002438);
#1952=VERTEX_POINT('',#2558);
#1953=ELLIPSE('',#2559,0.000344785266506561,0.0002438);
#1954=ELLIPSE('',#2560,0.000344785266506558,0.0002438);
#1955=ELLIPSE('',#2561,0.000344785266506561,0.0002438);
#1956=ELLIPSE('',#2562,0.000344785266506561,0.0002438);
#1957=VERTEX_POINT('',#2563);
#1958=ELLIPSE('',#2564,0.000637080101673718,0.000243800000000001);
#1959=VERTEX_POINT('',#2565);
#1960=ELLIPSE('',#2566,0.000804871628406719,0.0002438);
#1961=ELLIPSE('',#2567,0.000637080101673716,0.0002438);
#1962=VERTEX_POINT('',#2568);
#1963=LINE('',#2569,#2570);
#1964=LINE('',#2571,#2572);
#1965=VERTEX_POINT('',#2573);
#1966=VERTEX_POINT('',#2574);
#1967=LINE('',#2575,#2576);
#1968=VERTEX_POINT('',#2577);
#1969=LINE('',#2578,#2579);
#1970=LINE('',#2580,#2581);
#1971=VERTEX_POINT('',#2582);
#1972=VERTEX_POINT('',#2583);
#1973=LINE('',#2584,#2585);
#1974=VERTEX_POINT('',#2586);
#1975=LINE('',#2587,#2588);
#1976=LINE('',#2589,#2590);
#1977=VERTEX_POINT('',#2591);
#1978=VERTEX_POINT('',#2592);
#1979=LINE('',#2593,#2594);
#1980=VERTEX_POINT('',#2595);
#1981=LINE('',#2596,#2597);
#1982=LINE('',#2598,#2599);
#1983=VERTEX_POINT('',#2600);
#1984=VERTEX_POINT('',#2601);
#1985=LINE('',#2602,#2603);
#1986=VERTEX_POINT('',#2604);
#1987=LINE('',#2605,#2606);
#1988=LINE('',#2607,#2608);
#1989=VERTEX_POINT('',#2609);
#1990=ELLIPSE('',#2610,0.000637080101673716,0.0002438);
#1991=ELLIPSE('',#2611,0.000804871628406709,0.0002438);
#1992=ELLIPSE('',#2612,0.000637080101673718,0.000243800000000001);
#1993=ELLIPSE('',#2613,0.000344785266506561,0.0002438);
#1994=ELLIPSE('',#2614,0.000344785266506561,0.0002438);
#1995=ELLIPSE('',#2615,0.000637080101673718,0.000243800000000001);
#1996=VERTEX_POINT('',#2616);
#1997=ELLIPSE('',#2617,0.000637080101673723,0.000243800000000001);
#1998=VERTEX_POINT('',#2618);
#1999=LINE('',#2619,#2620);
#2000=VERTEX_POINT('',#2621);
#2001=ELLIPSE('',#2622,0.00063708010167372,0.0002438);
#2002=ELLIPSE('',#2623,0.000530344904757875,0.0002438);
#2003=VERTEX_POINT('',#2624);
#2004=LINE('',#2625,#2626);
#2005=ELLIPSE('',#2627,0.000804871628406694,0.0002438);
#2006=VERTEX_POINT('',#2628);
#2007=ELLIPSE('',#2629,0.000637080101673723,0.000243800000000001);
#2008=VERTEX_POINT('',#2630);
#2009=LINE('',#2631,#2632);
#2010=ELLIPSE('',#2633,0.000344785266506558,0.0002438);
#2011=VERTEX_POINT('',#2634);
#2012=ELLIPSE('',#2635,0.000344785266506561,0.0002438);
#2013=ELLIPSE('',#2636,0.000344785266506558,0.0002438);
#2014=ELLIPSE('',#2637,0.000344785266506561,0.0002438);
#2015=VERTEX_POINT('',#2638);
#2016=ELLIPSE('',#2639,0.000637080101673723,0.000243800000000001);
#2017=ELLIPSE('',#2640,0.000804871628406694,0.0002438);
#2018=VERTEX_POINT('',#2641);
#2019=ELLIPSE('',#2642,0.000530344904757875,0.0002438);
#2020=VERTEX_POINT('',#2643);
#2021=ELLIPSE('',#2644,0.00063708010167372,0.0002438);
#2022=VERTEX_POINT('',#2645);
#2023=LINE('',#2646,#2647);
#2024=VERTEX_POINT('',#2648);
#2025=ELLIPSE('',#2649,0.000637080101673722,0.0002438);
#2026=ELLIPSE('',#2650,0.000530344904757861,0.0002438);
#2027=VERTEX_POINT('',#2651);
#2028=VERTEX_POINT('',#2652);
#2029=LINE('',#2653,#2654);
#2030=ELLIPSE('',#2655,0.000637080101673723,0.000243800000000001);
#2031=ELLIPSE('',#2656,0.000804871628406694,0.0002438);
#2032=VERTEX_POINT('',#2657);
#2033=LINE('',#2658,#2659);
#2034=VERTEX_POINT('',#2660);
#2035=ELLIPSE('',#2661,0.000344785266506558,0.0002438);
#2036=ELLIPSE('',#2662,0.000344785266506561,0.0002438);
#2037=ELLIPSE('',#2663,0.000344785266506558,0.0002438);
#2038=VERTEX_POINT('',#2664);
#2039=ELLIPSE('',#2665,0.00053034490475787,0.0002438);
#2040=ELLIPSE('',#2666,0.00053034490475787,0.0002438);
#2041=VERTEX_POINT('',#2667);
#2042=VERTEX_POINT('',#2668);
#2043=LINE('',#2669,#2670);
#2044=ELLIPSE('',#2671,0.000344785266506558,0.0002438);
#2045=ELLIPSE('',#2672,0.000344785266506561,0.0002438);
#2046=LINE('',#2673,#2674);
#2047=ELLIPSE('',#2675,0.000804871628406694,0.0002438);
#2048=ELLIPSE('',#2676,0.000637080101673723,0.000243800000000001);
#2049=ELLIPSE('',#2677,0.000637080101673718,0.000243800000000001);
#2050=VERTEX_POINT('',#2678);
#2051=ELLIPSE('',#2679,0.000804871628406709,0.0002438);
#2052=ELLIPSE('',#2680,0.000637080101673727,0.0002438);
#2053=VERTEX_POINT('',#2681);
#2054=ELLIPSE('',#2682,0.000344785266506561,0.0002438);
#2055=ELLIPSE('',#2683,0.00034478526650656,0.0002438);
#2056=ELLIPSE('',#2684,0.000344785266506561,0.0002438);
#2057=VERTEX_POINT('',#2685);
#2058=ELLIPSE('',#2686,0.000804871628406719,0.0002438);
#2059=ELLIPSE('',#2687,0.00063708010167372,0.000243800000000001);
#2060=VERTEX_POINT('',#2688);
#2061=ELLIPSE('',#2689,0.000530344904757875,0.0002438);
#2062=ELLIPSE('',#2690,0.000637080101673716,0.0002438);
#2063=ELLIPSE('',#2691,0.000530344904757861,0.0002438);
#2064=ELLIPSE('',#2692,0.000804871628406709,0.0002438);
#2065=ELLIPSE('',#2693,0.000804871628406694,0.0002438);
#2066=VERTEX_POINT('',#2694);
#2067=ELLIPSE('',#2695,0.00053034490475787,0.0002438);
#2068=ELLIPSE('',#2696,0.000422273986885292,0.0002438);
#2069=VERTEX_POINT('',#2697);
#2070=ELLIPSE('',#2698,0.000422273986885292,0.0002438);
#2071=ELLIPSE('',#2699,0.00053034490475787,0.0002438);
#2072=LINE('',#2700,#2701);
#2073=ELLIPSE('',#2702,0.000344785266506561,0.0002438);
#2074=VERTEX_POINT('',#2703);
#2075=ELLIPSE('',#2704,0.000344785266506558,0.0002438);
#2076=LINE('',#2705,#2706);
#2077=VERTEX_POINT('',#2707);
#2078=ELLIPSE('',#2708,0.00053034490475787,0.0002438);
#2079=ELLIPSE('',#2709,0.000422273986885292,0.0002438);
#2080=ELLIPSE('',#2710,0.00053034490475787,0.0002438);
#2081=ELLIPSE('',#2711,0.000804871628406709,0.0002438);
#2082=ELLIPSE('',#2712,0.000804871628406709,0.0002438);
#2083=ELLIPSE('',#2713,0.00053034490475787,0.0002438);
#2084=VERTEX_POINT('',#2714);
#2085=ELLIPSE('',#2715,0.000422273986885292,0.0002438);
#2086=ELLIPSE('',#2716,0.00053034490475787,0.0002438);
#2087=VERTEX_POINT('',#2717);
#2088=LINE('',#2718,#2719);
#2089=VERTEX_POINT('',#2720);
#2090=ELLIPSE('',#2721,0.00063708010167372,0.0002438);
#2091=ELLIPSE('',#2722,0.000804871628406694,0.0002438);
#2092=VERTEX_POINT('',#2723);
#2093=ELLIPSE('',#2724,0.000637080101673723,0.000243800000000001);
#2094=VERTEX_POINT('',#2725);
#2095=LINE('',#2726,#2727);
#2096=ELLIPSE('',#2728,0.000344785266506558,0.0002438);
#2097=VERTEX_POINT('',#2729);
#2098=ELLIPSE('',#2730,0.00034478526650656,0.0002438);
#2099=ELLIPSE('',#2731,0.00034478526650656,0.0002438);
#2100=ELLIPSE('',#2732,0.00053034490475787,0.0002438);
#2101=ELLIPSE('',#2733,0.00053034490475787,0.0002438);
#2102=ELLIPSE('',#2734,0.000344785266506561,0.0002438);
#2103=VERTEX_POINT('',#2735);
#2104=ELLIPSE('',#2736,0.000637080101673716,0.0002438);
#2105=VERTEX_POINT('',#2737);
#2106=ELLIPSE('',#2738,0.000530344904757875,0.0002438);
#2107=ELLIPSE('',#2739,0.000637080101673716,0.0002438);
#2108=ELLIPSE('',#2740,0.000637080101673718,0.000243800000000001);
#2109=ELLIPSE('',#2741,0.000637080101673718,0.000243800000000001);
#2110=ELLIPSE('',#2742,0.000344785266506561,0.0002438);
#2111=ELLIPSE('',#2743,0.00034478526650656,0.0002438);
#2112=ELLIPSE('',#2744,0.000344785266506561,0.0002438);
#2113=ELLIPSE('',#2745,0.000344785266506561,0.0002438);
#2114=ELLIPSE('',#2746,0.000804871628406709,0.0002438);
#2115=ELLIPSE('',#2747,0.00063708010167372,0.000243800000000001);
#2116=LINE('',#2748,#2749);
#2117=VERTEX_POINT('',#2750);
#2118=LINE('',#2751,#2752);
#2119=ELLIPSE('',#2753,0.00063708010167372,0.000243800000000001);
#2120=ELLIPSE('',#2754,0.000804871628406693,0.0002438);
#2121=VERTEX_POINT('',#2755);
#2122=ELLIPSE('',#2756,0.000530344904757875,0.0002438);
#2123=ELLIPSE('',#2757,0.000804871628406693,0.0002438);
#2124=ELLIPSE('',#2758,0.000344785266506561,0.0002438);
#2125=VERTEX_POINT('',#2759);
#2126=ELLIPSE('',#2760,0.00034478526650656,0.0002438);
#2127=ELLIPSE('',#2761,0.000344785266506558,0.0002438);
#2128=ELLIPSE('',#2762,0.000637080101673722,0.0002438);
#2129=ELLIPSE('',#2763,0.000637080101673723,0.000243800000000001);
#2130=ELLIPSE('',#2764,0.00063708010167372,0.000243800000000001);
#2131=ELLIPSE('',#2765,0.000804871628406709,0.0002438);
#2132=VERTEX_POINT('',#2766);
#2133=ELLIPSE('',#2767,0.000804871628406694,0.0002438);
#2134=VERTEX_POINT('',#2768);
#2135=ELLIPSE('',#2769,0.000530344904757875,0.0002438);
#2136=ELLIPSE('',#2770,0.000804871628406709,0.0002438);
#2137=ELLIPSE('',#2771,0.00034478526650656,0.0002438);
#2138=ELLIPSE('',#2772,0.000637080101673723,0.000243800000000001);
#2139=ELLIPSE('',#2773,0.00063708010167372,0.0002438);
#2140=ELLIPSE('',#2774,0.000344785266506561,0.0002438);
#2141=ELLIPSE('',#2775,0.000637080101673718,0.000243800000000001);
#2142=ELLIPSE('',#2776,0.000637080101673716,0.0002438);
#2143=ELLIPSE('',#2777,0.000637080101673718,0.000243800000000001);
#2144=ELLIPSE('',#2778,0.00063708010167372,0.000243800000000001);
#2145=VERTEX_POINT('',#2779);
#2146=ELLIPSE('',#2780,0.000637080101673723,0.000243800000000001);
#2147=VERTEX_POINT('',#2781);
#2148=LINE('',#2782,#2783);
#2149=ELLIPSE('',#2784,0.00063708010167372,0.000243800000000001);
#2150=ELLIPSE('',#2785,0.000637080101673716,0.0002438);
#2151=VERTEX_POINT('',#2786);
#2152=LINE('',#2787,#2788);
#2153=VERTEX_POINT('',#2789);
#2154=ELLIPSE('',#2790,0.00063708010167372,0.0002438);
#2155=LINE('',#2791,#2792);
#2156=ELLIPSE('',#2793,0.000344785266506558,0.0002438);
#2157=LINE('',#2794,#2795);
#2158=LINE('',#2796,#2797);
#2159=VERTEX_POINT('',#2798);
#2160=LINE('',#2799,#2800);
#2161=ELLIPSE('',#2801,0.00063708010167372,0.0002438);
#2162=LINE('',#2802,#2803);
#2163=LINE('',#2804,#2805);
#2164=LINE('',#2806,#2807);
#2165=LINE('',#2808,#2809);
#2166=ELLIPSE('',#2810,0.000637080101673716,0.0002438);
#2167=ELLIPSE('',#2811,0.000344785266506561,0.0002438);
#2168=CARTESIAN_POINT('',(6.31000831959957E-05,0.000407885349702557,0.000235492716449275));
#2169=CARTESIAN_POINT('',(0.00944407774005079,0.00978886300655735,0.00961647037330407));
#2170=CARTESIAN_POINT('',(-0.00017239263325328,0.000172392633253281,-1.16217919049453E-18));
#2171=VECTOR('',#2812,1.0);
#2172=CARTESIAN_POINT('',(3.89181497086713E-20,0.000333036993442646,0.0002438));
#2173=AXIS2_PLACEMENT_3D('',#2813,#2814,#2815);
#2174=CARTESIAN_POINT('',(-2.12280816592752E-20,0.0002438,0.000333036993442646));
#2175=AXIS2_PLACEMENT_3D('',#2816,#2817,#2818);
#2176=CARTESIAN_POINT('',(0.0002438,-1.7690068049396E-20,0.000333036993442646));
#2177=AXIS2_PLACEMENT_3D('',#2819,#2820,#2821);
#2178=CARTESIAN_POINT('',(0.000333036993442646,-3.89181497086713E-20,0.0002438));
#2179=AXIS2_PLACEMENT_3D('',#2822,#2823,#2824);
#2180=CARTESIAN_POINT('',(0.000407885349702556,6.31000831959953E-05,0.000235492716449275));
#2181=AXIS2_PLACEMENT_3D('',#2825,#2826,#2827);
#2182=CARTESIAN_POINT('',(0.00978886300655735,0.00944407774005079,0.00961647037330407));
#2183=CARTESIAN_POINT('',(0.000172392633253281,-0.00017239263325328,-1.12157833448399E-18));
#2184=VECTOR('',#2828,1.0);
#2185=CARTESIAN_POINT('',(0.00985158396360768,0.00953304391277081,0.009806580455637));
#2186=AXIS2_PLACEMENT_3D('',#2829,#2830,#2831);
#2187=CARTESIAN_POINT('',(0.009806580455637,0.00953304391277082,0.00985158396360768));
#2188=AXIS2_PLACEMENT_3D('',#2832,#2833,#2834);
#2189=CARTESIAN_POINT('',(0.00953304391277082,0.009806580455637,0.00985158396360767));
#2190=AXIS2_PLACEMENT_3D('',#2835,#2836,#2837);
#2191=CARTESIAN_POINT('',(0.00953304391277061,0.00985158396360755,0.00980658045563666));
#2192=AXIS2_PLACEMENT_3D('',#2838,#2839,#2840);
#2193=AXIS2_PLACEMENT_3D('',#2841,#2842,#2843);
#2194=CARTESIAN_POINT('',(0.000243799999999998,-2.05204086225376E-19,0.00982760736674672));
#2195=CARTESIAN_POINT('',(0.0002438,-2.98568889632125E-20,0.00508032218009468));
#2196=VECTOR('',#2844,1.0);
#2197=CARTESIAN_POINT('',(-0.0002438,-3.89181497086713E-20,0.000333036993442646));
#2198=AXIS2_PLACEMENT_3D('',#2845,#2846,#2847);
#2199=CARTESIAN_POINT('',(-0.000243799999999998,2.67498183829507E-19,0.00982760736674672));
#2200=CARTESIAN_POINT('',(-0.0002438,2.98568889632125E-20,0.00508032218009468));
#2201=VECTOR('',#2848,1.0);
#2202=CARTESIAN_POINT('',(3.99415096402963E-19,0.0002438,0.00982760736674672));
#2203=AXIS2_PLACEMENT_3D('',#2849,#2850,#2851);
#2204=AXIS2_PLACEMENT_3D('',#2852,#2853,#2854);
#2205=CARTESIAN_POINT('',(-0.000407885349702556,6.31000831959946E-05,0.000235492716449275));
#2206=CARTESIAN_POINT('',(-0.00978886300655735,0.00944407774005079,0.00961647037330407));
#2207=CARTESIAN_POINT('',(-0.000172392633253281,-0.00017239263325328,4.13380440988934E-19));
#2208=VECTOR('',#2855,1.0);
#2209=CARTESIAN_POINT('',(-0.000333036993442646,4.24561633185505E-20,0.0002438));
#2210=AXIS2_PLACEMENT_3D('',#2856,#2857,#2858);
#2211=AXIS2_PLACEMENT_3D('',#2859,#2860,#2861);
#2212=CARTESIAN_POINT('',(-6.31000831959951E-05,0.000407885349702556,0.000235492716449275));
#2213=AXIS2_PLACEMENT_3D('',#2862,#2863,#2864);
#2214=CARTESIAN_POINT('',(-0.00944407774005079,0.00978886300655735,0.00961647037330407));
#2215=CARTESIAN_POINT('',(0.00017239263325328,0.000172392633253281,4.53981296999476E-19));
#2216=VECTOR('',#2865,1.0);
#2217=CARTESIAN_POINT('',(-0.00953304391277081,0.00985158396360767,0.009806580455637));
#2218=AXIS2_PLACEMENT_3D('',#2866,#2867,#2868);
#2219=CARTESIAN_POINT('',(-0.00953304391277081,0.009806580455637,0.00985158396360768));
#2220=AXIS2_PLACEMENT_3D('',#2869,#2870,#2871);
#2221=CARTESIAN_POINT('',(-0.009806580455637,0.00953304391277082,0.00985158396360767));
#2222=AXIS2_PLACEMENT_3D('',#2872,#2873,#2874);
#2223=CARTESIAN_POINT('',(-0.00985158396360767,0.00953304391277081,0.00980658045563699));
#2224=AXIS2_PLACEMENT_3D('',#2875,#2876,#2877);
#2225=AXIS2_PLACEMENT_3D('',#2878,#2879,#2880);
#2226=CARTESIAN_POINT('',(0.000407885349702557,-6.3100083195996E-05,0.000235492716449275));
#2227=CARTESIAN_POINT('',(0.00978886300655735,-0.00944407774005079,0.00961647037330407));
#2228=CARTESIAN_POINT('',(0.000172392633253281,0.00017239263325328,-2.0300428005271E-20));
#2229=VECTOR('',#2881,1.0);
#2230=AXIS2_PLACEMENT_3D('',#2882,#2883,#2884);
#2231=CARTESIAN_POINT('',(0.0,-0.0002438,0.000333036993442646));
#2232=AXIS2_PLACEMENT_3D('',#2885,#2886,#2887);
#2233=CARTESIAN_POINT('',(1.81569435343475E-20,-0.000333036993442646,0.0002438));
#2234=AXIS2_PLACEMENT_3D('',#2888,#2889,#2890);
#2235=CARTESIAN_POINT('',(6.31000831959959E-05,-0.000407885349702557,0.000235492716449275));
#2236=AXIS2_PLACEMENT_3D('',#2891,#2892,#2893);
#2237=CARTESIAN_POINT('',(0.0094440777400508,-0.00978886300655736,0.00961647037330407));
#2238=CARTESIAN_POINT('',(-0.00017239263325328,-0.000172392633253281,2.0300428005271E-20));
#2239=VECTOR('',#2894,1.0);
#2240=CARTESIAN_POINT('',(0.00953304391277081,-0.00985158396360767,0.009806580455637));
#2241=AXIS2_PLACEMENT_3D('',#2895,#2896,#2897);
#2242=CARTESIAN_POINT('',(0.00953304391277081,-0.009806580455637,0.00985158396360767));
#2243=AXIS2_PLACEMENT_3D('',#2898,#2899,#2900);
#2244=CARTESIAN_POINT('',(0.009806580455637,-0.00953304391277081,0.00985158396360768));
#2245=AXIS2_PLACEMENT_3D('',#2901,#2902,#2903);
#2246=CARTESIAN_POINT('',(0.00985158396360767,-0.00953304391277081,0.009806580455637));
#2247=AXIS2_PLACEMENT_3D('',#2904,#2905,#2906);
#2248=AXIS2_PLACEMENT_3D('',#2907,#2908,#2909);
#2249=CARTESIAN_POINT('',(-6.31000831959954E-05,-0.000407885349702556,0.000235492716449275));
#2250=CARTESIAN_POINT('',(-0.00944407774005079,-0.00978886300655735,0.00961647037330407));
#2251=CARTESIAN_POINT('',(0.00017239263325328,-0.000172392633253281,-1.16217919049454E-18));
#2252=VECTOR('',#2910,1.0);
#2253=AXIS2_PLACEMENT_3D('',#2911,#2912,#2913);
#2254=AXIS2_PLACEMENT_3D('',#2914,#2915,#2916);
#2255=CARTESIAN_POINT('',(-0.000407885349702556,-6.31000831959947E-05,0.000235492716449275));
#2256=AXIS2_PLACEMENT_3D('',#2917,#2918,#2919);
#2257=CARTESIAN_POINT('',(-0.00978886300655736,-0.0094440777400508,0.00961647037330408));
#2258=CARTESIAN_POINT('',(-0.000172392633253281,0.00017239263325328,-1.121578334484E-18));
#2259=VECTOR('',#2920,1.0);
#2260=CARTESIAN_POINT('',(-0.00985158396360786,-0.00953304391277113,0.00980658045563752));
#2261=AXIS2_PLACEMENT_3D('',#2921,#2922,#2923);
#2262=CARTESIAN_POINT('',(-0.00980658045563699,-0.00953304391277081,0.00985158396360767));
#2263=AXIS2_PLACEMENT_3D('',#2924,#2925,#2926);
#2264=CARTESIAN_POINT('',(-0.00953304391277081,-0.00980658045563699,0.00985158396360768));
#2265=AXIS2_PLACEMENT_3D('',#2927,#2928,#2929);
#2266=CARTESIAN_POINT('',(-0.00953304391277082,-0.00985158396360767,0.009806580455637));
#2267=AXIS2_PLACEMENT_3D('',#2930,#2931,#2932);
#2268=AXIS2_PLACEMENT_3D('',#2933,#2934,#2935);
#2269=CARTESIAN_POINT('',(-0.0002438,0.000333036993442646,-4.95321905383089E-20));
#2270=CARTESIAN_POINT('',(-0.0002438,0.00982760736674672,-5.56982519754589E-19));
#2271=CARTESIAN_POINT('',(-0.0002438,0.00508032218009468,-2.98568889632125E-20));
#2272=VECTOR('',#2936,1.0);
#2273=AXIS2_PLACEMENT_3D('',#2937,#2938,#2939);
#2274=CARTESIAN_POINT('',(0.0002438,0.000333036993442646,-8.13743130272218E-20));
#2275=AXIS2_PLACEMENT_3D('',#2940,#2941,#2942);
#2276=CARTESIAN_POINT('',(0.0002438,0.00982760736674672,-1.56101679878588E-18));
#2277=CARTESIAN_POINT('',(0.0002438,0.00508032218009468,2.98568889632125E-20));
#2278=VECTOR('',#2943,1.0);
#2279=CARTESIAN_POINT('',(-1.79553575447203E-19,0.00982760736674672,0.0002438));
#2280=AXIS2_PLACEMENT_3D('',#2944,#2945,#2946);
#2281=AXIS2_PLACEMENT_3D('',#2947,#2948,#2949);
#2282=CARTESIAN_POINT('',(-0.000333036993442646,-0.0002438,-4.95321905383089E-20));
#2283=CARTESIAN_POINT('',(-0.00982760736674672,-0.0002438,-1.20923836525668E-19));
#2284=CARTESIAN_POINT('',(-0.00508032218009468,-0.0002438,-2.98568889632125E-20));
#2285=VECTOR('',#2950,1.0);
#2286=AXIS2_PLACEMENT_3D('',#2951,#2952,#2953);
#2287=CARTESIAN_POINT('',(-0.000333036993442646,0.0002438,-8.13743130272218E-20));
#2288=AXIS2_PLACEMENT_3D('',#2954,#2955,#2956);
#2289=CARTESIAN_POINT('',(-0.00982760736674672,0.0002438,6.77906356280261E-19));
#2290=CARTESIAN_POINT('',(-0.00508032218009468,0.0002438,2.98568889632125E-20));
#2291=VECTOR('',#2957,1.0);
#2292=CARTESIAN_POINT('',(-0.00982760736674672,3.29792281433638E-19,0.000243799999999998));
#2293=AXIS2_PLACEMENT_3D('',#2958,#2959,#2960);
#2294=AXIS2_PLACEMENT_3D('',#2961,#2962,#2963);
#2295=CARTESIAN_POINT('',(-0.000407885349702555,6.31000831959948E-05,-0.000235492716449275));
#2296=CARTESIAN_POINT('',(-0.00978886300655735,0.00944407774005079,-0.00961647037330407));
#2297=CARTESIAN_POINT('',(-0.000172392633253281,-0.00017239263325328,-4.53981296999473E-19));
#2298=VECTOR('',#2964,1.0);
#2299=AXIS2_PLACEMENT_3D('',#2965,#2966,#2967);
#2300=AXIS2_PLACEMENT_3D('',#2968,#2969,#2970);
#2301=CARTESIAN_POINT('',(-6.31000831959945E-05,0.000407885349702555,-0.000235492716449275));
#2302=AXIS2_PLACEMENT_3D('',#2971,#2972,#2973);
#2303=CARTESIAN_POINT('',(-0.00944407774005079,0.00978886300655735,-0.00961647037330407));
#2304=CARTESIAN_POINT('',(0.00017239263325328,0.000172392633253281,-4.13380440988931E-19));
#2305=VECTOR('',#2974,1.0);
#2306=CARTESIAN_POINT('',(-0.009806580455637,0.00985158396360768,-0.00953304391277081));
#2307=AXIS2_PLACEMENT_3D('',#2975,#2976,#2977);
#2308=CARTESIAN_POINT('',(-0.00985158396360767,0.009806580455637,-0.00953304391277081));
#2309=AXIS2_PLACEMENT_3D('',#2978,#2979,#2980);
#2310=AXIS2_PLACEMENT_3D('',#2981,#2982,#2983);
#2311=CARTESIAN_POINT('',(0.000333036993442646,0.0002438,-4.95321905383089E-20));
#2312=CARTESIAN_POINT('',(0.00982760736674672,0.0002438,-9.56397616157546E-19));
#2313=CARTESIAN_POINT('',(0.00508032218009468,0.0002438,-2.98568889632125E-20));
#2314=VECTOR('',#2984,1.0);
#2315=AXIS2_PLACEMENT_3D('',#2985,#2986,#2987);
#2316=CARTESIAN_POINT('',(0.000333036993442646,-0.0002438,-8.13743130272218E-20));
#2317=AXIS2_PLACEMENT_3D('',#2988,#2989,#2990);
#2318=CARTESIAN_POINT('',(0.00982760736674672,-0.0002438,-1.56101679878588E-18));
#2319=CARTESIAN_POINT('',(0.00508032218009468,-0.0002438,2.98568889632125E-20));
#2320=VECTOR('',#2991,1.0);
#2321=CARTESIAN_POINT('',(0.00982760736674672,-3.55442792211811E-19,0.0002438));
#2322=AXIS2_PLACEMENT_3D('',#2992,#2993,#2994);
#2323=AXIS2_PLACEMENT_3D('',#2995,#2996,#2997);
#2324=CARTESIAN_POINT('',(6.31000831959957E-05,0.000407885349702556,-0.000235492716449275));
#2325=CARTESIAN_POINT('',(0.00944407774005079,0.00978886300655735,-0.00961647037330407));
#2326=CARTESIAN_POINT('',(-0.00017239263325328,0.000172392633253281,-2.0300428005271E-20));
#2327=VECTOR('',#2998,1.0);
#2328=AXIS2_PLACEMENT_3D('',#2999,#3000,#3001);
#2329=AXIS2_PLACEMENT_3D('',#3002,#3003,#3004);
#2330=CARTESIAN_POINT('',(0.000407885349702556,6.31000831959948E-05,-0.000235492716449275));
#2331=AXIS2_PLACEMENT_3D('',#3005,#3006,#3007);
#2332=CARTESIAN_POINT('',(0.00978886300655735,0.00944407774005079,-0.00961647037330407));
#2333=CARTESIAN_POINT('',(0.000172392633253281,-0.00017239263325328,2.0300428005271E-20));
#2334=VECTOR('',#3008,1.0);
#2335=CARTESIAN_POINT('',(0.00985158396360767,0.009806580455637,-0.00953304391277081));
#2336=AXIS2_PLACEMENT_3D('',#3009,#3010,#3011);
#2337=CARTESIAN_POINT('',(0.009806580455637,0.00985158396360767,-0.00953304391277081));
#2338=AXIS2_PLACEMENT_3D('',#3012,#3013,#3014);
#2339=AXIS2_PLACEMENT_3D('',#3015,#3016,#3017);
#2340=CARTESIAN_POINT('',(0.0002438,-0.000333036993442646,-4.95321905383089E-20));
#2341=CARTESIAN_POINT('',(0.0002438,-0.00982760736674672,1.11396503950918E-18));
#2342=CARTESIAN_POINT('',(0.0002438,-0.00508032218009468,-2.98568889632125E-20));
#2343=VECTOR('',#3018,1.0);
#2344=AXIS2_PLACEMENT_3D('',#3019,#3020,#3021);
#2345=CARTESIAN_POINT('',(-0.0002438,-0.000333036993442646,-8.13743130272218E-20));
#2346=AXIS2_PLACEMENT_3D('',#3022,#3023,#3024);
#2347=CARTESIAN_POINT('',(-0.0002438,-0.00982760736674672,5.16674574246034E-19));
#2348=CARTESIAN_POINT('',(-0.0002438,-0.00508032218009468,2.98568889632125E-20));
#2349=VECTOR('',#3025,1.0);
#2350=CARTESIAN_POINT('',(8.42802496997079E-19,-0.00982760736674672,0.000243799999999998));
#2351=AXIS2_PLACEMENT_3D('',#3026,#3027,#3028);
#2352=AXIS2_PLACEMENT_3D('',#3029,#3030,#3031);
#2353=CARTESIAN_POINT('',(-6.31000831959949E-05,-0.000407885349702555,-0.000235492716449275));
#2354=CARTESIAN_POINT('',(-0.00944407774005079,-0.00978886300655735,-0.00961647037330407));
#2355=CARTESIAN_POINT('',(0.00017239263325328,-0.00017239263325328,-1.16217919049453E-18));
#2356=VECTOR('',#3032,1.0);
#2357=AXIS2_PLACEMENT_3D('',#3033,#3034,#3035);
#2358=AXIS2_PLACEMENT_3D('',#3036,#3037,#3038);
#2359=CARTESIAN_POINT('',(-0.000407885349702555,-6.31000831959943E-05,-0.000235492716449275));
#2360=AXIS2_PLACEMENT_3D('',#3039,#3040,#3041);
#2361=CARTESIAN_POINT('',(-0.00978886300655735,-0.00944407774005079,-0.00961647037330407));
#2362=CARTESIAN_POINT('',(-0.00017239263325328,0.00017239263325328,-1.12157833448399E-18));
#2363=VECTOR('',#3042,1.0);
#2364=CARTESIAN_POINT('',(-0.00985158396360767,-0.009806580455637,-0.00953304391277081));
#2365=AXIS2_PLACEMENT_3D('',#3043,#3044,#3045);
#2366=CARTESIAN_POINT('',(-0.009806580455637,-0.00985158396360767,-0.00953304391277081));
#2367=AXIS2_PLACEMENT_3D('',#3046,#3047,#3048);
#2368=AXIS2_PLACEMENT_3D('',#3049,#3050,#3051);
#2369=CARTESIAN_POINT('',(0.000407885349702555,-6.31000831959949E-05,-0.000235492716449275));
#2370=CARTESIAN_POINT('',(0.00978886300655735,-0.00944407774005079,-0.00961647037330407));
#2371=CARTESIAN_POINT('',(0.00017239263325328,0.000172392633253281,-2.03004280052695E-20));
#2372=VECTOR('',#3052,1.0);
#2373=AXIS2_PLACEMENT_3D('',#3053,#3054,#3055);
#2374=AXIS2_PLACEMENT_3D('',#3056,#3057,#3058);
#2375=CARTESIAN_POINT('',(6.31000831959938E-05,-0.000407885349702555,-0.000235492716449275));
#2376=AXIS2_PLACEMENT_3D('',#3059,#3060,#3061);
#2377=CARTESIAN_POINT('',(0.00944407774005079,-0.00978886300655735,-0.00961647037330407));
#2378=CARTESIAN_POINT('',(-0.00017239263325328,-0.00017239263325328,2.03004280052725E-20));
#2379=VECTOR('',#3062,1.0);
#2380=CARTESIAN_POINT('',(0.009806580455637,-0.00985158396360767,-0.00953304391277081));
#2381=AXIS2_PLACEMENT_3D('',#3063,#3064,#3065);
#2382=CARTESIAN_POINT('',(0.00985158396360755,-0.00980658045563666,-0.00953304391277061));
#2383=AXIS2_PLACEMENT_3D('',#3066,#3067,#3068);
#2384=AXIS2_PLACEMENT_3D('',#3069,#3070,#3071);
#2385=CARTESIAN_POINT('',(-0.0002438,-3.66435868259599E-20,-0.000333036993442646));
#2386=CARTESIAN_POINT('',(-0.0002438,0.0,-0.00982760736674672));
#2387=CARTESIAN_POINT('',(-0.0002438,-2.98568889632125E-20,-0.00508032218009468));
#2388=VECTOR('',#3072,1.0);
#2389=CARTESIAN_POINT('',(-2.19861520955759E-20,0.0002438,-0.000333036993442646));
#2390=AXIS2_PLACEMENT_3D('',#3073,#3074,#3075);
#2391=CARTESIAN_POINT('',(0.0002438,-4.03079455085559E-20,-0.000333036993442646));
#2392=AXIS2_PLACEMENT_3D('',#3076,#3077,#3078);
#2393=CARTESIAN_POINT('',(0.0002438,0.0,-0.00982760736674672));
#2394=CARTESIAN_POINT('',(0.0002438,2.98568889632125E-20,-0.00508032218009468));
#2395=VECTOR('',#3079,1.0);
#2396=CARTESIAN_POINT('',(0.0,0.0002438,-0.00982760736674672));
#2397=AXIS2_PLACEMENT_3D('',#3080,#3081,#3082);
#2398=AXIS2_PLACEMENT_3D('',#3083,#3084,#3085);
#2399=CARTESIAN_POINT('',(-0.00941141473349344,-0.0097562,-0.01));
#2400=CARTESIAN_POINT('',(0.00941141473349344,-0.0097562,-0.01));
#2401=CARTESIAN_POINT('',(-0.01,-0.0097562,-0.01));
#2402=VECTOR('',#3086,1.0);
#2403=CARTESIAN_POINT('',(-3.46944695195361E-18,-0.000344785266506557,-0.01));
#2404=CARTESIAN_POINT('',(0.00982760736674672,-0.0101723926332533,-0.01));
#2405=VECTOR('',#3087,1.0);
#2406=CARTESIAN_POINT('',(-0.00982760736674672,-0.0101723926332533,-0.01));
#2407=VECTOR('',#3088,1.0);
#2408=CARTESIAN_POINT('',(-0.01,0.01,-0.01));
#2409=CARTESIAN_POINT('',(0.01,0.01,-0.01));
#2410=CARTESIAN_POINT('',(0.0,0.01,-0.01));
#2411=VECTOR('',#3089,1.0);
#2412=CARTESIAN_POINT('',(0.01,-0.01,-0.01));
#2413=CARTESIAN_POINT('',(0.01,0.0,-0.01));
#2414=VECTOR('',#3090,1.0);
#2415=CARTESIAN_POINT('',(-0.01,-0.01,-0.01));
#2416=CARTESIAN_POINT('',(0.0,-0.01,-0.01));
#2417=VECTOR('',#3091,1.0);
#2418=CARTESIAN_POINT('',(-0.01,0.0,-0.01));
#2419=VECTOR('',#3092,1.0);
#2420=CARTESIAN_POINT('',(-0.0097562,-0.00941141473349344,-0.01));
#2421=CARTESIAN_POINT('',(-0.000344785266506561,0.0,-0.01));
#2422=CARTESIAN_POINT('',(-0.0101723926332533,-0.00982760736674672,-0.01));
#2423=VECTOR('',#3093,1.0);
#2424=CARTESIAN_POINT('',(-0.00975620000000001,0.00941141473349344,-0.01));
#2425=CARTESIAN_POINT('',(-0.00017239263325328,-0.00017239263325328,-0.01));
#2426=VECTOR('',#3094,1.0);
#2427=CARTESIAN_POINT('',(-0.0097562,-0.01,-0.01));
#2428=VECTOR('',#3095,1.0);
#2429=CARTESIAN_POINT('',(0.000344785266506561,0.0,-0.01));
#2430=CARTESIAN_POINT('',(0.0097562,-0.00941141473349344,-0.01));
#2431=CARTESIAN_POINT('',(0.0101723926332533,-0.00982760736674672,-0.01));
#2432=VECTOR('',#3096,1.0);
#2433=CARTESIAN_POINT('',(0.00975620000000001,0.00941141473349344,-0.01));
#2434=CARTESIAN_POINT('',(0.0097562,-0.01,-0.01));
#2435=VECTOR('',#3097,1.0);
#2436=CARTESIAN_POINT('',(0.00017239263325328,-0.00017239263325328,-0.01));
#2437=VECTOR('',#3098,1.0);
#2438=CARTESIAN_POINT('',(-0.00941141473349345,0.0097562,-0.01));
#2439=CARTESIAN_POINT('',(0.0,0.000344785266506561,-0.01));
#2440=CARTESIAN_POINT('',(0.00017239263325328,0.00017239263325328,-0.01));
#2441=VECTOR('',#3099,1.0);
#2442=CARTESIAN_POINT('',(0.00941141473349344,0.0097562,-0.01));
#2443=CARTESIAN_POINT('',(-0.00017239263325328,0.00017239263325328,-0.01));
#2444=VECTOR('',#3100,1.0);
#2445=CARTESIAN_POINT('',(-0.01,0.0097562,-0.01));
#2446=VECTOR('',#3101,1.0);
#2447=CARTESIAN_POINT('',(-0.00953304391277081,-0.00980658045563699,-0.00985158396360767));
#2448=AXIS2_PLACEMENT_3D('',#3102,#3103,#3104);
#2449=CARTESIAN_POINT('',(-0.00953304391277081,-0.00985158396360767,-0.009806580455637));
#2450=AXIS2_PLACEMENT_3D('',#3105,#3106,#3107);
#2451=CARTESIAN_POINT('',(-0.00941141473349344,-0.01,-0.0097562));
#2452=AXIS2_PLACEMENT_3D('',#3108,#3109,#3110);
#2453=CARTESIAN_POINT('',(0.00941141473349344,-0.01,-0.0097562));
#2454=CARTESIAN_POINT('',(-0.01,-0.01,-0.0097562));
#2455=VECTOR('',#3111,1.0);
#2456=CARTESIAN_POINT('',(0.00953304391277082,-0.00985158396360768,-0.009806580455637));
#2457=AXIS2_PLACEMENT_3D('',#3112,#3113,#3114);
#2458=CARTESIAN_POINT('',(0.00953304391277081,-0.009806580455637,-0.00985158396360767));
#2459=AXIS2_PLACEMENT_3D('',#3115,#3116,#3117);
#2460=AXIS2_PLACEMENT_3D('',#3118,#3119,#3120);
#2461=CARTESIAN_POINT('',(0.01,-0.00975620000000001,0.00941141473349344));
#2462=CARTESIAN_POINT('',(0.01,-0.0097562,-0.00941141473349345));
#2463=CARTESIAN_POINT('',(0.01,-0.0097562,-0.01));
#2464=VECTOR('',#3121,1.0);
#2465=CARTESIAN_POINT('',(0.01,-0.000344785266506561,0.0));
#2466=CARTESIAN_POINT('',(0.01,-0.00017239263325328,-0.00017239263325328));
#2467=VECTOR('',#3122,1.0);
#2468=CARTESIAN_POINT('',(0.01,-0.00017239263325328,0.00017239263325328));
#2469=VECTOR('',#3123,1.0);
#2470=CARTESIAN_POINT('',(0.01,0.01,0.01));
#2471=CARTESIAN_POINT('',(0.01,0.01,0.0));
#2472=VECTOR('',#3124,1.0);
#2473=CARTESIAN_POINT('',(0.01,-0.01,0.01));
#2474=CARTESIAN_POINT('',(0.01,0.0,0.01));
#2475=VECTOR('',#3125,1.0);
#2476=CARTESIAN_POINT('',(0.01,-0.01,0.0));
#2477=VECTOR('',#3126,1.0);
#2478=CARTESIAN_POINT('',(0.01,-0.00941141473349343,-0.0097562));
#2479=CARTESIAN_POINT('',(0.01,0.00941141473349344,-0.00975620000000001));
#2480=CARTESIAN_POINT('',(0.01,-0.01,-0.0097562));
#2481=VECTOR('',#3127,1.0);
#2482=CARTESIAN_POINT('',(0.01,0.0,-0.000344785266506561));
#2483=CARTESIAN_POINT('',(0.01,0.00017239263325328,-0.00017239263325328));
#2484=VECTOR('',#3128,1.0);
#2485=CARTESIAN_POINT('',(0.01,-0.00017239263325328,-0.00017239263325328));
#2486=VECTOR('',#3129,1.0);
#2487=CARTESIAN_POINT('',(0.01,0.0097562,-0.00941141473349345));
#2488=CARTESIAN_POINT('',(0.01,0.00975620000000001,0.00941141473349344));
#2489=CARTESIAN_POINT('',(0.01,0.0097562,-0.01));
#2490=VECTOR('',#3130,1.0);
#2491=CARTESIAN_POINT('',(0.01,0.000344785266506561,0.0));
#2492=CARTESIAN_POINT('',(0.01,0.00017239263325328,0.00017239263325328));
#2493=VECTOR('',#3131,1.0);
#2494=CARTESIAN_POINT('',(0.01,0.00017239263325328,-0.00017239263325328));
#2495=VECTOR('',#3132,1.0);
#2496=CARTESIAN_POINT('',(0.01,-0.00941141473349345,0.0097562));
#2497=CARTESIAN_POINT('',(0.01,0.0,0.000344785266506561));
#2498=CARTESIAN_POINT('',(0.01,0.00017239263325328,0.00017239263325328));
#2499=VECTOR('',#3133,1.0);
#2500=CARTESIAN_POINT('',(0.01,0.00941141473349344,0.0097562));
#2501=CARTESIAN_POINT('',(0.01,-0.01,0.0097562));
#2502=VECTOR('',#3134,1.0);
#2503=CARTESIAN_POINT('',(0.01,-0.00017239263325328,0.00017239263325328));
#2504=VECTOR('',#3135,1.0);
#2505=CARTESIAN_POINT('',(0.0,0.01,-0.000344785266506561));
#2506=CARTESIAN_POINT('',(0.00941141473349344,0.01,-0.00975620000000001));
#2507=CARTESIAN_POINT('',(-0.00017239263325328,0.01,-0.00017239263325328));
#2508=VECTOR('',#3136,1.0);
#2509=CARTESIAN_POINT('',(-0.00941141473349343,0.01,-0.0097562));
#2510=CARTESIAN_POINT('',(0.00017239263325328,0.01,-0.00017239263325328));
#2511=VECTOR('',#3137,1.0);
#2512=CARTESIAN_POINT('',(-0.01,0.01,-0.0097562));
#2513=VECTOR('',#3138,1.0);
#2514=CARTESIAN_POINT('',(0.000344785266506561,0.01,0.0));
#2515=CARTESIAN_POINT('',(0.00975620000000001,0.01,0.00941141473349344));
#2516=CARTESIAN_POINT('',(0.00017239263325328,0.01,-0.00017239263325328));
#2517=VECTOR('',#3139,1.0);
#2518=CARTESIAN_POINT('',(0.0097562,0.01,-0.00941141473349345));
#2519=CARTESIAN_POINT('',(0.00017239263325328,0.01,0.00017239263325328));
#2520=VECTOR('',#3140,1.0);
#2521=CARTESIAN_POINT('',(0.0097562,0.01,-0.01));
#2522=VECTOR('',#3141,1.0);
#2523=CARTESIAN_POINT('',(-0.00975620000000001,0.01,0.00941141473349344));
#2524=CARTESIAN_POINT('',(-0.000344785266506561,0.01,0.0));
#2525=CARTESIAN_POINT('',(-0.00017239263325328,0.01,-0.00017239263325328));
#2526=VECTOR('',#3142,1.0);
#2527=CARTESIAN_POINT('',(-0.0097562,0.01,-0.00941141473349345));
#2528=CARTESIAN_POINT('',(-0.0097562,0.01,-0.01));
#2529=VECTOR('',#3143,1.0);
#2530=CARTESIAN_POINT('',(-0.00017239263325328,0.01,0.00017239263325328));
#2531=VECTOR('',#3144,1.0);
#2532=CARTESIAN_POINT('',(-0.00941141473349345,0.01,0.0097562));
#2533=CARTESIAN_POINT('',(0.00941141473349344,0.01,0.0097562));
#2534=CARTESIAN_POINT('',(-0.01,0.01,0.0097562));
#2535=VECTOR('',#3145,1.0);
#2536=CARTESIAN_POINT('',(0.0,0.01,0.000344785266506561));
#2537=CARTESIAN_POINT('',(0.00017239263325328,0.01,0.00017239263325328));
#2538=VECTOR('',#3146,1.0);
#2539=CARTESIAN_POINT('',(-0.00017239263325328,0.01,0.00017239263325328));
#2540=VECTOR('',#3147,1.0);
#2541=CARTESIAN_POINT('',(-0.01,0.01,0.01));
#2542=CARTESIAN_POINT('',(-0.01,0.01,0.0));
#2543=VECTOR('',#3148,1.0);
#2544=CARTESIAN_POINT('',(0.0,0.01,0.01));
#2545=VECTOR('',#3149,1.0);
#2546=CARTESIAN_POINT('',(0.009806580455637,-0.00953304391277081,-0.00985158396360767));
#2547=AXIS2_PLACEMENT_3D('',#3150,#3151,#3152);
#2548=CARTESIAN_POINT('',(0.00985158396360768,-0.00953304391277082,-0.009806580455637));
#2549=AXIS2_PLACEMENT_3D('',#3153,#3154,#3155);
#2550=AXIS2_PLACEMENT_3D('',#3156,#3157,#3158);
#2551=CARTESIAN_POINT('',(0.00985158396360767,0.0095330439127708,-0.00980658045563698));
#2552=AXIS2_PLACEMENT_3D('',#3159,#3160,#3161);
#2553=CARTESIAN_POINT('',(0.009806580455637,0.00953304391277082,-0.00985158396360768));
#2554=AXIS2_PLACEMENT_3D('',#3162,#3163,#3164);
#2555=AXIS2_PLACEMENT_3D('',#3165,#3166,#3167);
#2556=AXIS2_PLACEMENT_3D('',#3168,#3169,#3170);
#2557=AXIS2_PLACEMENT_3D('',#3171,#3172,#3173);
#2558=CARTESIAN_POINT('',(-2.96135820932352E-18,-0.0002438,-0.00982760736674672));
#2559=AXIS2_PLACEMENT_3D('',#3174,#3175,#3176);
#2560=AXIS2_PLACEMENT_3D('',#3177,#3178,#3179);
#2561=AXIS2_PLACEMENT_3D('',#3180,#3181,#3182);
#2562=AXIS2_PLACEMENT_3D('',#3183,#3184,#3185);
#2563=CARTESIAN_POINT('',(-0.00953304391277081,0.009806580455637,-0.00985158396360768));
#2564=AXIS2_PLACEMENT_3D('',#3186,#3187,#3188);
#2565=CARTESIAN_POINT('',(-0.00980658045563701,0.00953304391277082,-0.00985158396360768));
#2566=AXIS2_PLACEMENT_3D('',#3189,#3190,#3191);
#2567=AXIS2_PLACEMENT_3D('',#3192,#3193,#3194);
#2568=CARTESIAN_POINT('',(-0.01,-0.01,0.01));
#2569=CARTESIAN_POINT('',(-0.01,0.0,0.01));
#2570=VECTOR('',#3195,1.0);
#2571=CARTESIAN_POINT('',(0.0,-0.01,0.01));
#2572=VECTOR('',#3196,1.0);
#2573=CARTESIAN_POINT('',(-0.00975620000000001,0.00941141473349344,0.01));
#2574=CARTESIAN_POINT('',(-0.0097562,-0.00941141473349344,0.01));
#2575=CARTESIAN_POINT('',(-0.0097562,-0.01,0.01));
#2576=VECTOR('',#3197,1.0);
#2577=CARTESIAN_POINT('',(-0.000344785266506561,0.0,0.01));
#2578=CARTESIAN_POINT('',(-0.00017239263325328,-0.00017239263325328,0.01));
#2579=VECTOR('',#3198,1.0);
#2580=CARTESIAN_POINT('',(-0.0101723926332533,-0.00982760736674672,0.01));
#2581=VECTOR('',#3199,1.0);
#2582=CARTESIAN_POINT('',(0.00941141473349344,0.0097562,0.01));
#2583=CARTESIAN_POINT('',(-0.00941141473349345,0.0097562,0.01));
#2584=CARTESIAN_POINT('',(-0.01,0.0097562,0.01));
#2585=VECTOR('',#3200,1.0);
#2586=CARTESIAN_POINT('',(0.0,0.000344785266506561,0.01));
#2587=CARTESIAN_POINT('',(-0.00017239263325328,0.00017239263325328,0.01));
#2588=VECTOR('',#3201,1.0);
#2589=CARTESIAN_POINT('',(0.00017239263325328,0.00017239263325328,0.01));
#2590=VECTOR('',#3202,1.0);
#2591=CARTESIAN_POINT('',(0.00975620000000001,0.00941141473349344,0.01));
#2592=CARTESIAN_POINT('',(0.000344785266506561,0.0,0.01));
#2593=CARTESIAN_POINT('',(0.00017239263325328,-0.00017239263325328,0.01));
#2594=VECTOR('',#3203,1.0);
#2595=CARTESIAN_POINT('',(0.0097562,-0.00941141473349344,0.01));
#2596=CARTESIAN_POINT('',(0.0097562,-0.01,0.01));
#2597=VECTOR('',#3204,1.0);
#2598=CARTESIAN_POINT('',(0.0101723926332533,-0.00982760736674672,0.01));
#2599=VECTOR('',#3205,1.0);
#2600=CARTESIAN_POINT('',(0.00941141473349344,-0.0097562,0.01));
#2601=CARTESIAN_POINT('',(-3.46944695195361E-18,-0.000344785266506557,0.01));
#2602=CARTESIAN_POINT('',(0.00982760736674672,-0.0101723926332533,0.01));
#2603=VECTOR('',#3206,1.0);
#2604=CARTESIAN_POINT('',(-0.00941141473349344,-0.0097562,0.01));
#2605=CARTESIAN_POINT('',(-0.01,-0.0097562,0.01));
#2606=VECTOR('',#3207,1.0);
#2607=CARTESIAN_POINT('',(-0.00982760736674672,-0.0101723926332533,0.01));
#2608=VECTOR('',#3208,1.0);
#2609=CARTESIAN_POINT('',(0.00985158396360767,-0.00980658045563699,0.0095330439127708));
#2610=AXIS2_PLACEMENT_3D('',#3209,#3210,#3211);
#2611=AXIS2_PLACEMENT_3D('',#3212,#3213,#3214);
#2612=AXIS2_PLACEMENT_3D('',#3215,#3216,#3217);
#2613=AXIS2_PLACEMENT_3D('',#3218,#3219,#3220);
#2614=AXIS2_PLACEMENT_3D('',#3221,#3222,#3223);
#2615=AXIS2_PLACEMENT_3D('',#3224,#3225,#3226);
#2616=CARTESIAN_POINT('',(0.0097562,-0.01,-0.00941141473349344));
#2617=AXIS2_PLACEMENT_3D('',#3227,#3228,#3229);
#2618=CARTESIAN_POINT('',(0.0097562,-0.01,0.00941141473349344));
#2619=CARTESIAN_POINT('',(0.0097562,-0.01,-0.01));
#2620=VECTOR('',#3230,1.0);
#2621=CARTESIAN_POINT('',(0.009806580455637,-0.00985158396360768,0.00953304391277082));
#2622=AXIS2_PLACEMENT_3D('',#3231,#3232,#3233);
#2623=AXIS2_PLACEMENT_3D('',#3234,#3235,#3236);
#2624=CARTESIAN_POINT('',(-3.46944695195361E-18,-0.01,-0.000344785266506557));
#2625=CARTESIAN_POINT('',(-0.00982760736674672,-0.01,-0.0101723926332533));
#2626=VECTOR('',#3237,1.0);
#2627=AXIS2_PLACEMENT_3D('',#3238,#3239,#3240);
#2628=CARTESIAN_POINT('',(-0.0097562,-0.01,-0.00941141473349344));
#2629=AXIS2_PLACEMENT_3D('',#3241,#3242,#3243);
#2630=CARTESIAN_POINT('',(-0.000344785266506557,-0.01,-3.46944695195361E-18));
#2631=CARTESIAN_POINT('',(-0.0101723926332533,-0.01,-0.00982760736674672));
#2632=VECTOR('',#3244,1.0);
#2633=AXIS2_PLACEMENT_3D('',#3245,#3246,#3247);
#2634=CARTESIAN_POINT('',(-2.96135820932352E-18,-0.00982760736674672,-0.0002438));
#2635=AXIS2_PLACEMENT_3D('',#3248,#3249,#3250);
#2636=AXIS2_PLACEMENT_3D('',#3251,#3252,#3253);
#2637=AXIS2_PLACEMENT_3D('',#3254,#3255,#3256);
#2638=CARTESIAN_POINT('',(-0.009806580455637,-0.00953304391277081,-0.00985158396360767));
#2639=AXIS2_PLACEMENT_3D('',#3257,#3258,#3259);
#2640=AXIS2_PLACEMENT_3D('',#3260,#3261,#3262);
#2641=CARTESIAN_POINT('',(-0.00985158396360767,0.00953304391277081,-0.009806580455637));
#2642=AXIS2_PLACEMENT_3D('',#3263,#3264,#3265);
#2643=CARTESIAN_POINT('',(-0.01,0.00941141473349344,-0.0097562));
#2644=AXIS2_PLACEMENT_3D('',#3266,#3267,#3268);
#2645=CARTESIAN_POINT('',(-0.01,-0.00941141473349344,-0.0097562));
#2646=CARTESIAN_POINT('',(-0.01,-0.01,-0.0097562));
#2647=VECTOR('',#3269,1.0);
#2648=CARTESIAN_POINT('',(-0.00985158396360768,-0.00953304391277082,-0.00980658045563699));
#2649=AXIS2_PLACEMENT_3D('',#3270,#3271,#3272);
#2650=AXIS2_PLACEMENT_3D('',#3273,#3274,#3275);
#2651=CARTESIAN_POINT('',(-0.01,-0.0097562,-0.00941141473349344));
#2652=CARTESIAN_POINT('',(-0.01,-0.000344785266506557,-3.46944695195361E-18));
#2653=CARTESIAN_POINT('',(-0.01,-0.0101723926332533,-0.00982760736674672));
#2654=VECTOR('',#3276,1.0);
#2655=AXIS2_PLACEMENT_3D('',#3277,#3278,#3279);
#2656=AXIS2_PLACEMENT_3D('',#3280,#3281,#3282);
#2657=CARTESIAN_POINT('',(-0.01,-3.46944695195361E-18,-0.000344785266506557));
#2658=CARTESIAN_POINT('',(-0.01,-0.00982760736674672,-0.0101723926332533));
#2659=VECTOR('',#3283,1.0);
#2660=CARTESIAN_POINT('',(-0.00982760736674672,-2.96135820932352E-18,-0.0002438));
#2661=AXIS2_PLACEMENT_3D('',#3284,#3285,#3286);
#2662=AXIS2_PLACEMENT_3D('',#3287,#3288,#3289);
#2663=AXIS2_PLACEMENT_3D('',#3290,#3291,#3292);
#2664=CARTESIAN_POINT('',(0.0,-0.0002438,-0.000333036993442646));
#2665=AXIS2_PLACEMENT_3D('',#3293,#3294,#3295);
#2666=AXIS2_PLACEMENT_3D('',#3296,#3297,#3298);
#2667=CARTESIAN_POINT('',(-0.01,0.000344785266506557,-3.46944695195361E-18));
#2668=CARTESIAN_POINT('',(-0.01,0.0097562,-0.00941141473349344));
#2669=CARTESIAN_POINT('',(-0.01,0.0101723926332533,-0.00982760736674672));
#2670=VECTOR('',#3299,1.0);
#2671=AXIS2_PLACEMENT_3D('',#3300,#3301,#3302);
#2672=AXIS2_PLACEMENT_3D('',#3303,#3304,#3305);
#2673=CARTESIAN_POINT('',(-0.01,0.00982760736674672,-0.0101723926332533));
#2674=VECTOR('',#3306,1.0);
#2675=AXIS2_PLACEMENT_3D('',#3307,#3308,#3309);
#2676=AXIS2_PLACEMENT_3D('',#3310,#3311,#3312);
#2677=AXIS2_PLACEMENT_3D('',#3313,#3314,#3315);
#2678=CARTESIAN_POINT('',(-0.00953304391277082,0.00985158396360768,-0.009806580455637));
#2679=AXIS2_PLACEMENT_3D('',#3316,#3317,#3318);
#2680=AXIS2_PLACEMENT_3D('',#3319,#3320,#3321);
#2681=CARTESIAN_POINT('',(0.0,0.00982760736674672,-0.0002438));
#2682=AXIS2_PLACEMENT_3D('',#3322,#3323,#3324);
#2683=AXIS2_PLACEMENT_3D('',#3325,#3326,#3327);
#2684=AXIS2_PLACEMENT_3D('',#3328,#3329,#3330);
#2685=CARTESIAN_POINT('',(0.00953304391277081,0.00980658045563699,-0.00985158396360768));
#2686=AXIS2_PLACEMENT_3D('',#3331,#3332,#3333);
#2687=AXIS2_PLACEMENT_3D('',#3334,#3335,#3336);
#2688=CARTESIAN_POINT('',(0.0095330439127708,0.00985158396360767,-0.00980658045563698));
#2689=AXIS2_PLACEMENT_3D('',#3337,#3338,#3339);
#2690=AXIS2_PLACEMENT_3D('',#3340,#3341,#3342);
#2691=AXIS2_PLACEMENT_3D('',#3343,#3344,#3345);
#2692=AXIS2_PLACEMENT_3D('',#3346,#3347,#3348);
#2693=AXIS2_PLACEMENT_3D('',#3349,#3350,#3351);
#2694=CARTESIAN_POINT('',(0.0,-0.000333036993442646,-0.0002438));
#2695=AXIS2_PLACEMENT_3D('',#3352,#3353,#3354);
#2696=AXIS2_PLACEMENT_3D('',#3355,#3356,#3357);
#2697=CARTESIAN_POINT('',(0.000333036993442646,0.0,-0.0002438));
#2698=AXIS2_PLACEMENT_3D('',#3358,#3359,#3360);
#2699=AXIS2_PLACEMENT_3D('',#3361,#3362,#3363);
#2700=CARTESIAN_POINT('',(0.00982760736674672,-0.01,-0.0101723926332533));
#2701=VECTOR('',#3364,1.0);
#2702=AXIS2_PLACEMENT_3D('',#3365,#3366,#3367);
#2703=CARTESIAN_POINT('',(0.000344785266506557,-0.01,-3.46944695195361E-18));
#2704=AXIS2_PLACEMENT_3D('',#3368,#3369,#3370);
#2705=CARTESIAN_POINT('',(0.0101723926332533,-0.01,-0.00982760736674672));
#2706=VECTOR('',#3371,1.0);
#2707=CARTESIAN_POINT('',(-0.000333036993442646,0.0,-0.0002438));
#2708=AXIS2_PLACEMENT_3D('',#3372,#3373,#3374);
#2709=AXIS2_PLACEMENT_3D('',#3375,#3376,#3377);
#2710=AXIS2_PLACEMENT_3D('',#3378,#3379,#3380);
#2711=AXIS2_PLACEMENT_3D('',#3381,#3382,#3383);
#2712=AXIS2_PLACEMENT_3D('',#3384,#3385,#3386);
#2713=AXIS2_PLACEMENT_3D('',#3387,#3388,#3389);
#2714=CARTESIAN_POINT('',(0.0,0.000333036993442646,-0.0002438));
#2715=AXIS2_PLACEMENT_3D('',#3390,#3391,#3392);
#2716=AXIS2_PLACEMENT_3D('',#3393,#3394,#3395);
#2717=CARTESIAN_POINT('',(-0.0097562,-0.01,0.00941141473349344));
#2718=CARTESIAN_POINT('',(-0.0101723926332533,-0.01,0.00982760736674672));
#2719=VECTOR('',#3396,1.0);
#2720=CARTESIAN_POINT('',(-0.009806580455637,-0.00985158396360767,0.00953304391277081));
#2721=AXIS2_PLACEMENT_3D('',#3397,#3398,#3399);
#2722=AXIS2_PLACEMENT_3D('',#3400,#3401,#3402);
#2723=CARTESIAN_POINT('',(-0.00941141473349344,-0.01,0.0097562));
#2724=AXIS2_PLACEMENT_3D('',#3403,#3404,#3405);
#2725=CARTESIAN_POINT('',(-3.46944695195361E-18,-0.01,0.000344785266506557));
#2726=CARTESIAN_POINT('',(-0.00982760736674672,-0.01,0.0101723926332533));
#2727=VECTOR('',#3406,1.0);
#2728=AXIS2_PLACEMENT_3D('',#3407,#3408,#3409);
#2729=CARTESIAN_POINT('',(0.00982760736674672,0.0,-0.0002438));
#2730=AXIS2_PLACEMENT_3D('',#3410,#3411,#3412);
#2731=AXIS2_PLACEMENT_3D('',#3413,#3414,#3415);
#2732=AXIS2_PLACEMENT_3D('',#3416,#3417,#3418);
#2733=AXIS2_PLACEMENT_3D('',#3419,#3420,#3421);
#2734=AXIS2_PLACEMENT_3D('',#3422,#3423,#3424);
#2735=CARTESIAN_POINT('',(0.00985158396360767,0.00980658045563698,0.0095330439127708));
#2736=AXIS2_PLACEMENT_3D('',#3425,#3426,#3427);
#2737=CARTESIAN_POINT('',(0.00980658045563698,0.00985158396360767,0.0095330439127708));
#2738=AXIS2_PLACEMENT_3D('',#3428,#3429,#3430);
#2739=AXIS2_PLACEMENT_3D('',#3431,#3432,#3433);
#2740=AXIS2_PLACEMENT_3D('',#3434,#3435,#3436);
#2741=AXIS2_PLACEMENT_3D('',#3437,#3438,#3439);
#2742=AXIS2_PLACEMENT_3D('',#3440,#3441,#3442);
#2743=AXIS2_PLACEMENT_3D('',#3443,#3444,#3445);
#2744=AXIS2_PLACEMENT_3D('',#3446,#3447,#3448);
#2745=AXIS2_PLACEMENT_3D('',#3449,#3450,#3451);
#2746=AXIS2_PLACEMENT_3D('',#3452,#3453,#3454);
#2747=AXIS2_PLACEMENT_3D('',#3455,#3456,#3457);
#2748=CARTESIAN_POINT('',(0.0101723926332533,-0.01,0.00982760736674672));
#2749=VECTOR('',#3458,1.0);
#2750=CARTESIAN_POINT('',(0.00941141473349344,-0.01,0.0097562));
#2751=CARTESIAN_POINT('',(0.00982760736674672,-0.01,0.0101723926332533));
#2752=VECTOR('',#3459,1.0);
#2753=AXIS2_PLACEMENT_3D('',#3460,#3461,#3462);
#2754=AXIS2_PLACEMENT_3D('',#3463,#3464,#3465);
#2755=CARTESIAN_POINT('',(-0.00985158396360768,-0.009806580455637,0.00953304391277082));
#2756=AXIS2_PLACEMENT_3D('',#3466,#3467,#3468);
#2757=AXIS2_PLACEMENT_3D('',#3469,#3470,#3471);
#2758=AXIS2_PLACEMENT_3D('',#3472,#3473,#3474);
#2759=CARTESIAN_POINT('',(-1.42899958864718E-18,-0.000243799999999998,0.00982760736674672));
#2760=AXIS2_PLACEMENT_3D('',#3475,#3476,#3477);
#2761=AXIS2_PLACEMENT_3D('',#3478,#3479,#3480);
#2762=AXIS2_PLACEMENT_3D('',#3481,#3482,#3483);
#2763=AXIS2_PLACEMENT_3D('',#3484,#3485,#3486);
#2764=AXIS2_PLACEMENT_3D('',#3487,#3488,#3489);
#2765=AXIS2_PLACEMENT_3D('',#3490,#3491,#3492);
#2766=CARTESIAN_POINT('',(-0.00985158396360787,0.00980658045563685,0.00953304391277045));
#2767=AXIS2_PLACEMENT_3D('',#3493,#3494,#3495);
#2768=CARTESIAN_POINT('',(-0.00980658045563698,0.00985158396360767,0.0095330439127708));
#2769=AXIS2_PLACEMENT_3D('',#3496,#3497,#3498);
#2770=AXIS2_PLACEMENT_3D('',#3499,#3500,#3501);
#2771=AXIS2_PLACEMENT_3D('',#3502,#3503,#3504);
#2772=AXIS2_PLACEMENT_3D('',#3505,#3506,#3507);
#2773=AXIS2_PLACEMENT_3D('',#3508,#3509,#3510);
#2774=AXIS2_PLACEMENT_3D('',#3511,#3512,#3513);
#2775=AXIS2_PLACEMENT_3D('',#3514,#3515,#3516);
#2776=AXIS2_PLACEMENT_3D('',#3517,#3518,#3519);
#2777=AXIS2_PLACEMENT_3D('',#3520,#3521,#3522);
#2778=AXIS2_PLACEMENT_3D('',#3523,#3524,#3525);
#2779=CARTESIAN_POINT('',(-0.01,-0.00941141473349344,0.0097562));
#2780=AXIS2_PLACEMENT_3D('',#3526,#3527,#3528);
#2781=CARTESIAN_POINT('',(-0.01,0.00941141473349344,0.0097562));
#2782=CARTESIAN_POINT('',(-0.01,-0.01,0.0097562));
#2783=VECTOR('',#3529,1.0);
#2784=AXIS2_PLACEMENT_3D('',#3530,#3531,#3532);
#2785=AXIS2_PLACEMENT_3D('',#3533,#3534,#3535);
#2786=CARTESIAN_POINT('',(-0.01,-3.46944695195361E-18,0.000344785266506557));
#2787=CARTESIAN_POINT('',(-0.01,-0.00982760736674672,0.0101723926332533));
#2788=VECTOR('',#3536,1.0);
#2789=CARTESIAN_POINT('',(-0.01,-0.0097562,0.00941141473349344));
#2790=AXIS2_PLACEMENT_3D('',#3537,#3538,#3539);
#2791=CARTESIAN_POINT('',(-0.01,-0.0101723926332533,0.00982760736674672));
#2792=VECTOR('',#3540,1.0);
#2793=AXIS2_PLACEMENT_3D('',#3541,#3542,#3543);
#2794=CARTESIAN_POINT('',(-0.01,-0.0097562,-0.01));
#2795=VECTOR('',#3544,1.0);
#2796=CARTESIAN_POINT('',(-0.0097562,-0.01,-0.01));
#2797=VECTOR('',#3545,1.0);
#2798=CARTESIAN_POINT('',(-0.01,0.0097562,0.00941141473349344));
#2799=CARTESIAN_POINT('',(-0.01,0.0101723926332533,0.00982760736674672));
#2800=VECTOR('',#3546,1.0);
#2801=AXIS2_PLACEMENT_3D('',#3547,#3548,#3549);
#2802=CARTESIAN_POINT('',(-0.01,0.00982760736674672,0.0101723926332533));
#2803=VECTOR('',#3550,1.0);
#2804=CARTESIAN_POINT('',(-0.01,0.0097562,-0.01));
#2805=VECTOR('',#3551,1.0);
#2806=CARTESIAN_POINT('',(-0.01,-0.01,0.0));
#2807=VECTOR('',#3552,1.0);
#2808=CARTESIAN_POINT('',(-0.01,-0.01,0.0097562));
#2809=VECTOR('',#3553,1.0);
#2810=AXIS2_PLACEMENT_3D('',#3554,#3555,#3556);
#2811=AXIS2_PLACEMENT_3D('',#3557,#3558,#3559);
#2812=DIRECTION('',(0.577350269189626,0.577350269189626,0.577350269189626));
#2813=CARTESIAN_POINT('',(0.0,0.0,0.0));
#2814=DIRECTION('',(-0.627963030199554,0.459700843380983,-0.627963030199554));
#2815=DIRECTION('',(0.325057583671868,0.888073833977115,0.325057583671868));
#2816=CARTESIAN_POINT('',(0.0,0.0,0.0));
#2817=DIRECTION('',(-1.0,0.0,0.0));
#2818=DIRECTION('',(0.0,0.707106781186548,0.707106781186547));
#2819=CARTESIAN_POINT('',(0.0,0.0,0.0));
#2820=DIRECTION('',(-0.627963030199554,-0.627963030199554,0.459700843380983));
#2821=DIRECTION('',(0.325057583671868,0.325057583671868,0.888073833977115));
#2822=CARTESIAN_POINT('',(0.0,0.0,0.0));
#2823=DIRECTION('',(-0.0,-1.0,0.0));
#2824=DIRECTION('',(-0.707106781186548,0.0,-0.707106781186547));
#2825=CARTESIAN_POINT('',(0.0,0.0,0.0));
#2826=DIRECTION('',(0.459700843380983,-0.627963030199554,-0.627963030199554));
#2827=DIRECTION('',(-0.888073833977115,-0.325057583671868,-0.325057583671868));
#2828=DIRECTION('',(-0.577350269189626,-0.577350269189626,-0.577350269189626));
#2829=CARTESIAN_POINT('',(0.01,0.01,0.01));
#2830=DIRECTION('',(-0.953020613871423,0.214186495298066,0.214186495298066));
#2831=DIRECTION('',(0.302905446527686,0.673887338679049,0.673887338679049));
#2832=CARTESIAN_POINT('',(0.01,0.01,0.01));
#2833=DIRECTION('',(-0.627963030199554,0.459700843380985,-0.627963030199554));
#2834=DIRECTION('',(-0.325057583671869,-0.888073833977114,-0.325057583671869));
#2835=CARTESIAN_POINT('',(0.01,0.01,0.01));
#2836=DIRECTION('',(0.214186495298066,0.214186495298066,-0.953020613871423));
#2837=DIRECTION('',(0.673887338679049,0.673887338679049,0.302905446527686));
#2838=CARTESIAN_POINT('',(0.01,0.01,0.01));
#2839=DIRECTION('',(0.459700843380985,-0.627963030199554,-0.627963030199554));
#2840=DIRECTION('',(0.888073833977114,0.325057583671869,0.325057583671869));
#2841=CARTESIAN_POINT('',(0.01,0.01,0.01));
#2842=DIRECTION('',(0.214186495298066,-0.953020613871423,0.214186495298066));
#2843=DIRECTION('',(0.673887338679049,0.302905446527686,0.673887338679049));
#2844=DIRECTION('',(0.0,0.0,1.0));
#2845=CARTESIAN_POINT('',(0.0,0.0,0.0));
#2846=DIRECTION('',(0.627963030199554,-0.627963030199554,0.459700843380983));
#2847=DIRECTION('',(-0.325057583671868,0.325057583671868,0.888073833977115));
#2848=DIRECTION('',(-0.0,-0.0,-1.0));
#2849=CARTESIAN_POINT('',(0.0,0.0,0.01));
#2850=DIRECTION('',(0.500000000000001,-0.500000000000001,-0.707106781186547));
#2851=DIRECTION('',(0.499999999999999,-0.499999999999999,0.707106781186548));
#2852=CARTESIAN_POINT('',(0.0,0.0,0.01));
#2853=DIRECTION('',(-0.500000000000001,-0.500000000000001,-0.707106781186547));
#2854=DIRECTION('',(-0.499999999999999,-0.499999999999999,0.707106781186548));
#2855=DIRECTION('',(-0.577350269189626,0.577350269189626,0.577350269189626));
#2856=CARTESIAN_POINT('',(0.0,0.0,0.0));
#2857=DIRECTION('',(-0.459700843380983,-0.627963030199554,-0.627963030199554));
#2858=DIRECTION('',(-0.888073833977115,0.325057583671868,0.325057583671868));
#2859=CARTESIAN_POINT('',(0.0,0.0,0.0));
#2860=DIRECTION('',(-0.0,-1.0,0.0));
#2861=DIRECTION('',(-0.707106781186548,0.0,0.707106781186547));
#2862=CARTESIAN_POINT('',(0.0,0.0,0.0));
#2863=DIRECTION('',(0.627963030199554,0.459700843380983,-0.627963030199554));
#2864=DIRECTION('',(0.325057583671868,-0.888073833977115,-0.325057583671868));
#2865=DIRECTION('',(0.577350269189626,-0.577350269189626,-0.577350269189626));
#2866=CARTESIAN_POINT('',(-0.01,0.01,0.01));
#2867=DIRECTION('',(-0.214186495298066,-0.953020613871423,0.214186495298066));
#2868=DIRECTION('',(-0.673887338679049,0.302905446527686,0.673887338679049));
#2869=CARTESIAN_POINT('',(-0.01,0.01,0.01));
#2870=DIRECTION('',(-0.459700843380982,-0.627963030199555,-0.627963030199555));
#2871=DIRECTION('',(-0.888073833977116,0.325057583671867,0.325057583671867));
#2872=CARTESIAN_POINT('',(-0.01,0.01,0.01));
#2873=DIRECTION('',(-0.214186495298066,0.214186495298066,-0.953020613871423));
#2874=DIRECTION('',(-0.673887338679049,0.673887338679049,0.302905446527686));
#2875=CARTESIAN_POINT('',(-0.01,0.01,0.01));
#2876=DIRECTION('',(0.627963030199554,0.459700843380985,-0.627963030199554));
#2877=DIRECTION('',(-0.325057583671869,0.888073833977114,0.325057583671869));
#2878=CARTESIAN_POINT('',(-0.00999999999999999,0.00999999999999999,0.00999999999999999));
#2879=DIRECTION('',(-0.953020613871424,-0.214186495298062,-0.214186495298062));
#2880=DIRECTION('',(0.302905446527681,-0.67388733867905,-0.67388733867905));
#2881=DIRECTION('',(0.577350269189626,-0.577350269189626,0.577350269189626));
#2882=CARTESIAN_POINT('',(0.0,0.0,0.0));
#2883=DIRECTION('',(0.459700843380983,0.627963030199554,-0.627963030199554));
#2884=DIRECTION('',(0.888073833977115,-0.325057583671868,0.325057583671868));
#2885=CARTESIAN_POINT('',(0.0,0.0,0.0));
#2886=DIRECTION('',(0.627963030199554,-0.627963030199554,-0.459700843380983));
#2887=DIRECTION('',(0.325057583671868,-0.325057583671868,0.888073833977115));
#2888=CARTESIAN_POINT('',(0.0,0.0,0.0));
#2889=DIRECTION('',(-1.0,0.0,-0.0));
#2890=DIRECTION('',(0.0,0.707106781186548,-0.707106781186547));
#2891=CARTESIAN_POINT('',(0.0,0.0,0.0));
#2892=DIRECTION('',(-0.627963030199554,-0.459700843380983,-0.627963030199554));
#2893=DIRECTION('',(-0.325057583671868,0.888073833977115,-0.325057583671868));
#2894=DIRECTION('',(-0.577350269189626,0.577350269189626,-0.577350269189626));
#2895=CARTESIAN_POINT('',(0.00999999999999999,-0.00999999999999999,0.00999999999999999));
#2896=DIRECTION('',(-0.214186495298062,-0.953020613871424,-0.214186495298062));
#2897=DIRECTION('',(0.673887338679051,-0.30290544652768,0.67388733867905));
#2898=CARTESIAN_POINT('',(0.01,-0.01,0.01));
#2899=DIRECTION('',(0.459700843380985,0.627963030199554,-0.627963030199554));
#2900=DIRECTION('',(-0.888073833977114,0.325057583671869,-0.325057583671869));
#2901=CARTESIAN_POINT('',(0.01,-0.01,0.01));
#2902=DIRECTION('',(0.214186495298065,-0.214186495298065,-0.953020613871423));
#2903=DIRECTION('',(0.67388733867905,-0.67388733867905,0.302905446527684));
#2904=CARTESIAN_POINT('',(0.01,-0.01,0.01));
#2905=DIRECTION('',(-0.627963030199555,-0.459700843380982,-0.627963030199555));
#2906=DIRECTION('',(-0.325057583671867,0.888073833977116,-0.325057583671867));
#2907=CARTESIAN_POINT('',(0.01,-0.01,0.01));
#2908=DIRECTION('',(-0.953020613871423,-0.214186495298066,0.214186495298066));
#2909=DIRECTION('',(0.302905446527686,-0.673887338679049,0.673887338679049));
#2910=DIRECTION('',(-0.577350269189626,-0.577350269189626,0.577350269189626));
#2911=CARTESIAN_POINT('',(0.0,0.0,0.0));
#2912=DIRECTION('',(0.627963030199554,-0.459700843380983,-0.627963030199554));
#2913=DIRECTION('',(-0.325057583671868,-0.888073833977115,0.325057583671868));
#2914=CARTESIAN_POINT('',(0.0,0.0,0.0));
#2915=DIRECTION('',(-0.627963030199554,-0.627963030199554,-0.459700843380983));
#2916=DIRECTION('',(0.325057583671868,0.325057583671868,-0.888073833977115));
#2917=CARTESIAN_POINT('',(0.0,0.0,0.0));
#2918=DIRECTION('',(-0.459700843380983,0.627963030199554,-0.627963030199554));
#2919=DIRECTION('',(0.888073833977115,0.325057583671868,-0.325057583671868));
#2920=DIRECTION('',(0.577350269189626,0.577350269189626,-0.577350269189626));
#2921=CARTESIAN_POINT('',(-0.00999999999999999,-0.00999999999999999,0.00999999999999999));
#2922=DIRECTION('',(-0.953020613871424,0.214186495298062,-0.214186495298062));
#2923=DIRECTION('',(-0.30290544652768,-0.673887338679051,0.67388733867905));
#2924=CARTESIAN_POINT('',(-0.01,-0.01,0.01));
#2925=DIRECTION('',(0.627963030199555,-0.459700843380982,-0.627963030199555));
#2926=DIRECTION('',(-0.325057583671867,-0.888073833977116,0.325057583671867));
#2927=CARTESIAN_POINT('',(-0.01,-0.01,0.01));
#2928=DIRECTION('',(-0.214186495298065,-0.214186495298065,-0.953020613871423));
#2929=DIRECTION('',(-0.67388733867905,-0.67388733867905,0.302905446527684));
#2930=CARTESIAN_POINT('',(-0.01,-0.01,0.01));
#2931=DIRECTION('',(-0.459700843380982,0.627963030199555,-0.627963030199555));
#2932=DIRECTION('',(0.888073833977116,0.325057583671867,-0.325057583671867));
#2933=CARTESIAN_POINT('',(-0.00999999999999999,-0.00999999999999999,0.00999999999999999));
#2934=DIRECTION('',(0.214186495298062,-0.953020613871424,-0.214186495298062));
#2935=DIRECTION('',(0.67388733867905,0.302905446527681,-0.67388733867905));
#2936=DIRECTION('',(0.0,1.0,0.0));
#2937=CARTESIAN_POINT('',(0.0,0.0,0.0));
#2938=DIRECTION('',(0.627963030199554,0.459700843380983,-0.627963030199554));
#2939=DIRECTION('',(0.325057583671868,-0.888073833977115,-0.325057583671868));
#2940=CARTESIAN_POINT('',(0.0,0.0,0.0));
#2941=DIRECTION('',(-0.627963030199554,0.459700843380983,-0.627963030199554));
#2942=DIRECTION('',(0.325057583671868,0.888073833977115,0.325057583671868));
#2943=DIRECTION('',(-0.0,-1.0,-0.0));
#2944=CARTESIAN_POINT('',(0.0,0.01,0.0));
#2945=DIRECTION('',(-0.500000000000001,-0.707106781186547,-0.500000000000001));
#2946=DIRECTION('',(-0.499999999999999,0.707106781186548,-0.499999999999999));
#2947=CARTESIAN_POINT('',(0.0,0.01,0.0));
#2948=DIRECTION('',(0.500000000000001,-0.707106781186547,-0.500000000000001));
#2949=DIRECTION('',(0.499999999999999,0.707106781186548,-0.499999999999999));
#2950=DIRECTION('',(-1.0,0.0,0.0));
#2951=CARTESIAN_POINT('',(0.0,0.0,0.0));
#2952=DIRECTION('',(-0.459700843380983,0.627963030199554,-0.627963030199554));
#2953=DIRECTION('',(0.888073833977115,0.325057583671868,-0.325057583671868));
#2954=CARTESIAN_POINT('',(0.0,0.0,0.0));
#2955=DIRECTION('',(-0.459700843380983,-0.627963030199554,-0.627963030199554));
#2956=DIRECTION('',(-0.888073833977115,0.325057583671868,0.325057583671868));
#2957=DIRECTION('',(1.0,-0.0,-0.0));
#2958=CARTESIAN_POINT('',(-0.01,-1.73472347597681E-18,-1.73472347597681E-18));
#2959=DIRECTION('',(0.707106781186547,-0.5,-0.5));
#2960=DIRECTION('',(0.707106781186548,0.5,0.5));
#2961=CARTESIAN_POINT('',(-0.01,1.73472347597681E-18,-1.73472347597681E-18));
#2962=DIRECTION('',(0.707106781186547,0.5,-0.5));
#2963=DIRECTION('',(0.707106781186548,-0.5,0.5));
#2964=DIRECTION('',(-0.577350269189626,0.577350269189626,-0.577350269189626));
#2965=CARTESIAN_POINT('',(0.0,0.0,0.0));
#2966=DIRECTION('',(0.459700843380983,0.627963030199554,-0.627963030199554));
#2967=DIRECTION('',(0.888073833977115,-0.325057583671868,0.325057583671868));
#2968=CARTESIAN_POINT('',(0.0,0.0,0.0));
#2969=DIRECTION('',(0.0,-0.0,-1.0));
#2970=DIRECTION('',(0.707106781186548,-0.707106781186548,0.0));
#2971=CARTESIAN_POINT('',(0.0,0.0,0.0));
#2972=DIRECTION('',(-0.627963030199554,-0.459700843380983,-0.627963030199554));
#2973=DIRECTION('',(-0.325057583671868,0.888073833977115,-0.325057583671868));
#2974=DIRECTION('',(0.577350269189626,-0.577350269189626,0.577350269189626));
#2975=CARTESIAN_POINT('',(-0.01,0.01,-0.01));
#2976=DIRECTION('',(-0.214186495298066,-0.953020613871423,-0.214186495298066));
#2977=DIRECTION('',(-0.673887338679049,0.302905446527686,-0.673887338679049));
#2978=CARTESIAN_POINT('',(-0.01,0.01,-0.01));
#2979=DIRECTION('',(0.627963030199555,-0.627963030199555,-0.459700843380982));
#2980=DIRECTION('',(0.325057583671867,-0.325057583671867,0.888073833977116));
#2981=CARTESIAN_POINT('',(-0.00999999999999999,0.00999999999999999,-0.00999999999999999));
#2982=DIRECTION('',(-0.953020613871424,-0.214186495298062,0.214186495298062));
#2983=DIRECTION('',(0.302905446527681,-0.67388733867905,0.67388733867905));
#2984=DIRECTION('',(1.0,0.0,0.0));
#2985=CARTESIAN_POINT('',(0.0,0.0,0.0));
#2986=DIRECTION('',(0.459700843380983,-0.627963030199554,-0.627963030199554));
#2987=DIRECTION('',(-0.888073833977115,-0.325057583671868,-0.325057583671868));
#2988=CARTESIAN_POINT('',(0.0,0.0,0.0));
#2989=DIRECTION('',(0.459700843380983,0.627963030199554,-0.627963030199554));
#2990=DIRECTION('',(0.888073833977115,-0.325057583671868,0.325057583671868));
#2991=DIRECTION('',(-1.0,-0.0,-0.0));
#2992=CARTESIAN_POINT('',(0.01,0.0,0.0));
#2993=DIRECTION('',(-0.707106781186547,0.500000000000001,-0.500000000000001));
#2994=DIRECTION('',(0.707106781186548,0.499999999999999,-0.499999999999999));
#2995=CARTESIAN_POINT('',(0.01,0.0,0.0));
#2996=DIRECTION('',(-0.707106781186547,-0.500000000000001,-0.500000000000001));
#2997=DIRECTION('',(0.707106781186548,-0.499999999999999,-0.499999999999999));
#2998=DIRECTION('',(0.577350269189626,0.577350269189626,-0.577350269189626));
#2999=CARTESIAN_POINT('',(0.0,0.0,0.0));
#3000=DIRECTION('',(0.627963030199554,-0.459700843380983,-0.627963030199554));
#3001=DIRECTION('',(-0.325057583671868,-0.888073833977115,0.325057583671868));
#3002=CARTESIAN_POINT('',(0.0,0.0,0.0));
#3003=DIRECTION('',(0.0,-0.0,-1.0));
#3004=DIRECTION('',(-0.707106781186548,-0.707106781186548,0.0));
#3005=CARTESIAN_POINT('',(0.0,0.0,0.0));
#3006=DIRECTION('',(-0.459700843380983,0.627963030199554,-0.627963030199554));
#3007=DIRECTION('',(0.888073833977115,0.325057583671868,-0.325057583671868));
#3008=DIRECTION('',(-0.577350269189626,-0.577350269189626,0.577350269189626));
#3009=CARTESIAN_POINT('',(0.01,0.01,-0.01));
#3010=DIRECTION('',(-0.953020613871423,0.214186495298066,-0.214186495298066));
#3011=DIRECTION('',(0.302905446527686,0.673887338679049,-0.673887338679049));
#3012=CARTESIAN_POINT('',(0.01,0.01,-0.01));
#3013=DIRECTION('',(-0.627963030199555,-0.627963030199555,-0.459700843380982));
#3014=DIRECTION('',(0.325057583671867,0.325057583671867,-0.888073833977116));
#3015=CARTESIAN_POINT('',(0.01,0.01,-0.01));
#3016=DIRECTION('',(0.214186495298066,-0.953020613871423,-0.214186495298066));
#3017=DIRECTION('',(0.673887338679049,0.302905446527686,-0.673887338679049));
#3018=DIRECTION('',(0.0,-1.0,0.0));
#3019=CARTESIAN_POINT('',(0.0,0.0,0.0));
#3020=DIRECTION('',(-0.627963030199554,-0.459700843380983,-0.627963030199554));
#3021=DIRECTION('',(-0.325057583671868,0.888073833977115,-0.325057583671868));
#3022=CARTESIAN_POINT('',(0.0,0.0,0.0));
#3023=DIRECTION('',(0.627963030199554,-0.459700843380983,-0.627963030199554));
#3024=DIRECTION('',(-0.325057583671868,-0.888073833977115,0.325057583671868));
#3025=DIRECTION('',(-0.0,1.0,-0.0));
#3026=CARTESIAN_POINT('',(1.73472347597681E-18,-0.01,-1.73472347597681E-18));
#3027=DIRECTION('',(0.5,0.707106781186547,-0.5));
#3028=DIRECTION('',(-0.5,0.707106781186548,0.5));
#3029=CARTESIAN_POINT('',(-1.73472347597681E-18,-0.01,-1.73472347597681E-18));
#3030=DIRECTION('',(-0.5,0.707106781186547,-0.5));
#3031=DIRECTION('',(0.5,0.707106781186548,0.5));
#3032=DIRECTION('',(-0.577350269189626,-0.577350269189626,-0.577350269189626));
#3033=CARTESIAN_POINT('',(0.0,0.0,0.0));
#3034=DIRECTION('',(-0.627963030199554,0.459700843380983,-0.627963030199554));
#3035=DIRECTION('',(0.325057583671868,0.888073833977115,0.325057583671868));
#3036=CARTESIAN_POINT('',(0.0,0.0,0.0));
#3037=DIRECTION('',(0.0,0.0,-1.0));
#3038=DIRECTION('',(0.707106781186548,0.707106781186548,0.0));
#3039=CARTESIAN_POINT('',(0.0,0.0,0.0));
#3040=DIRECTION('',(0.459700843380983,-0.627963030199554,-0.627963030199554));
#3041=DIRECTION('',(-0.888073833977115,-0.325057583671868,-0.325057583671868));
#3042=DIRECTION('',(0.577350269189626,0.577350269189626,0.577350269189626));
#3043=CARTESIAN_POINT('',(-0.00999999999999999,-0.00999999999999999,-0.00999999999999999));
#3044=DIRECTION('',(-0.953020613871424,0.214186495298062,0.214186495298062));
#3045=DIRECTION('',(-0.302905446527681,-0.67388733867905,-0.67388733867905));
#3046=CARTESIAN_POINT('',(-0.01,-0.01,-0.01));
#3047=DIRECTION('',(0.627963030199555,0.627963030199555,-0.459700843380982));
#3048=DIRECTION('',(0.325057583671867,0.325057583671867,0.888073833977116));
#3049=CARTESIAN_POINT('',(-0.00999999999999999,-0.00999999999999999,-0.00999999999999999));
#3050=DIRECTION('',(0.214186495298062,-0.953020613871424,0.214186495298062));
#3051=DIRECTION('',(0.67388733867905,0.302905446527681,0.67388733867905));
#3052=DIRECTION('',(0.577350269189626,-0.577350269189626,-0.577350269189626));
#3053=CARTESIAN_POINT('',(0.0,0.0,0.0));
#3054=DIRECTION('',(-0.459700843380983,-0.627963030199554,-0.627963030199554));
#3055=DIRECTION('',(-0.888073833977115,0.325057583671868,0.325057583671868));
#3056=CARTESIAN_POINT('',(0.0,0.0,0.0));
#3057=DIRECTION('',(-0.0,0.0,-1.0));
#3058=DIRECTION('',(-0.707106781186548,0.707106781186548,0.0));
#3059=CARTESIAN_POINT('',(0.0,0.0,0.0));
#3060=DIRECTION('',(0.627963030199554,0.459700843380983,-0.627963030199554));
#3061=DIRECTION('',(0.325057583671868,-0.888073833977115,-0.325057583671868));
#3062=DIRECTION('',(-0.577350269189626,0.577350269189626,0.577350269189626));
#3063=CARTESIAN_POINT('',(0.00999999999999999,-0.00999999999999999,-0.00999999999999999));
#3064=DIRECTION('',(-0.214186495298062,-0.953020613871424,0.214186495298062));
#3065=DIRECTION('',(0.67388733867905,-0.302905446527681,-0.67388733867905));
#3066=CARTESIAN_POINT('',(0.01,-0.01,-0.01));
#3067=DIRECTION('',(-0.627963030199555,0.627963030199555,-0.459700843380982));
#3068=DIRECTION('',(0.325057583671867,-0.325057583671867,-0.888073833977116));
#3069=CARTESIAN_POINT('',(0.01,-0.01,-0.01));
#3070=DIRECTION('',(-0.953020613871423,-0.214186495298066,-0.214186495298066));
#3071=DIRECTION('',(0.302905446527686,-0.673887338679049,-0.673887338679049));
#3072=DIRECTION('',(0.0,0.0,-1.0));
#3073=CARTESIAN_POINT('',(0.0,0.0,0.0));
#3074=DIRECTION('',(0.627963030199554,-0.627963030199554,-0.459700843380983));
#3075=DIRECTION('',(0.325057583671868,-0.325057583671868,0.888073833977115));
#3076=CARTESIAN_POINT('',(0.0,0.0,0.0));
#3077=DIRECTION('',(-0.627963030199554,-0.627963030199554,-0.459700843380983));
#3078=DIRECTION('',(-0.325057583671868,-0.325057583671868,0.888073833977115));
#3079=DIRECTION('',(-0.0,-0.0,1.0));
#3080=CARTESIAN_POINT('',(0.0,0.0,-0.01));
#3081=DIRECTION('',(0.499999999999999,0.499999999999999,-0.707106781186549));
#3082=DIRECTION('',(-0.500000000000001,-0.500000000000001,-0.707106781186546));
#3083=CARTESIAN_POINT('',(0.0,0.0,-0.01));
#3084=DIRECTION('',(-0.499999999999999,0.499999999999999,-0.707106781186549));
#3085=DIRECTION('',(-0.500000000000001,0.500000000000001,0.707106781186546));
#3086=DIRECTION('',(1.0,0.0,0.0));
#3087=DIRECTION('',(-0.707106781186548,0.707106781186548,0.0));
#3088=DIRECTION('',(-0.707106781186548,-0.707106781186548,-0.0));
#3089=DIRECTION('',(1.0,-0.0,0.0));
#3090=DIRECTION('',(0.0,-1.0,0.0));
#3091=DIRECTION('',(-1.0,0.0,0.0));
#3092=DIRECTION('',(0.0,1.0,0.0));
#3093=DIRECTION('',(0.707106781186548,0.707106781186548,0.0));
#3094=DIRECTION('',(-0.707106781186548,0.707106781186548,0.0));
#3095=DIRECTION('',(-0.0,-1.0,-0.0));
#3096=DIRECTION('',(0.707106781186548,-0.707106781186548,-0.0));
#3097=DIRECTION('',(0.0,1.0,0.0));
#3098=DIRECTION('',(-0.707106781186548,-0.707106781186548,-0.0));
#3099=DIRECTION('',(0.707106781186548,-0.707106781186548,-0.0));
#3100=DIRECTION('',(0.707106781186548,0.707106781186548,0.0));
#3101=DIRECTION('',(-1.0,-0.0,-0.0));
#3102=CARTESIAN_POINT('',(-0.01,-0.01,-0.01));
#3103=DIRECTION('',(0.382683432365091,-0.923879532511287,-0.0));
#3104=DIRECTION('',(-0.923879532511286,-0.38268343236509,0.0));
#3105=CARTESIAN_POINT('',(-0.01,-0.01,-0.01));
#3106=DIRECTION('',(0.459700843380975,-0.627963030199557,-0.627963030199557));
#3107=DIRECTION('',(0.888073833977119,0.325057583671862,0.325057583671862));
#3108=CARTESIAN_POINT('',(-0.01,-0.01,-0.01));
#3109=DIRECTION('',(0.382683432365091,0.0,-0.923879532511287));
#3110=DIRECTION('',(0.923879532511286,0.0,0.38268343236509));
#3111=DIRECTION('',(-1.0,-0.0,-0.0));
#3112=CARTESIAN_POINT('',(0.01,-0.01,-0.01));
#3113=DIRECTION('',(-0.38268343236509,-0.0,-0.923879532511287));
#3114=DIRECTION('',(0.923879532511287,0.0,-0.382683432365089));
#3115=CARTESIAN_POINT('',(0.00999999999999999,-0.00999999999999999,-0.00999999999999999));
#3116=DIRECTION('',(-0.459700843380988,-0.627963030199553,-0.627963030199553));
#3117=DIRECTION('',(0.888073833977113,-0.325057583671871,-0.325057583671871));
#3118=CARTESIAN_POINT('',(0.01,-0.01,-0.01));
#3119=DIRECTION('',(-0.38268343236509,-0.923879532511287,0.0));
#3120=DIRECTION('',(-0.923879532511287,0.382683432365089,0.0));
#3121=DIRECTION('',(-0.0,-0.0,-1.0));
#3122=DIRECTION('',(0.0,-0.707106781186548,0.707106781186548));
#3123=DIRECTION('',(-0.0,0.707106781186548,0.707106781186548));
#3124=DIRECTION('',(0.0,-0.0,-1.0));
#3125=DIRECTION('',(0.0,-1.0,0.0));
#3126=DIRECTION('',(-0.0,0.0,1.0));
#3127=DIRECTION('',(0.0,1.0,0.0));
#3128=DIRECTION('',(0.0,-0.707106781186548,-0.707106781186548));
#3129=DIRECTION('',(-0.0,-0.707106781186548,0.707106781186548));
#3130=DIRECTION('',(0.0,0.0,1.0));
#3131=DIRECTION('',(0.0,0.707106781186548,-0.707106781186548));
#3132=DIRECTION('',(-0.0,-0.707106781186548,-0.707106781186548));
#3133=DIRECTION('',(-0.0,0.707106781186548,-0.707106781186548));
#3134=DIRECTION('',(-0.0,-1.0,-0.0));
#3135=DIRECTION('',(0.0,0.707106781186548,0.707106781186548));
#3136=DIRECTION('',(0.707106781186548,0.0,-0.707106781186548));
#3137=DIRECTION('',(0.707106781186548,-0.0,0.707106781186548));
#3138=DIRECTION('',(-1.0,-0.0,-0.0));
#3139=DIRECTION('',(0.707106781186548,0.0,0.707106781186548));
#3140=DIRECTION('',(-0.707106781186548,-0.0,0.707106781186548));
#3141=DIRECTION('',(-0.0,-0.0,-1.0));
#3142=DIRECTION('',(0.707106781186548,-0.0,-0.707106781186548));
#3143=DIRECTION('',(0.0,0.0,1.0));
#3144=DIRECTION('',(-0.707106781186548,0.0,-0.707106781186548));
#3145=DIRECTION('',(1.0,0.0,0.0));
#3146=DIRECTION('',(-0.707106781186548,0.0,0.707106781186548));
#3147=DIRECTION('',(-0.707106781186548,-0.0,-0.707106781186548));
#3148=DIRECTION('',(0.0,-0.0,-1.0));
#3149=DIRECTION('',(1.0,-0.0,0.0));
#3150=CARTESIAN_POINT('',(0.01,-0.01,-0.01));
#3151=DIRECTION('',(-0.923879532511287,-0.38268343236509,-0.0));
#3152=DIRECTION('',(-0.38268343236509,0.923879532511287,0.0));
#3153=CARTESIAN_POINT('',(0.01,-0.01,-0.01));
#3154=DIRECTION('',(0.627963030199557,0.459700843380975,-0.627963030199557));
#3155=DIRECTION('',(-0.325057583671862,0.888073833977119,0.325057583671862));
#3156=CARTESIAN_POINT('',(0.01,-0.01,-0.01));
#3157=DIRECTION('',(0.0,0.382683432365093,-0.923879532511285));
#3158=DIRECTION('',(0.0,0.923879532511285,0.382683432365093));
#3159=CARTESIAN_POINT('',(0.01,0.01,-0.01));
#3160=DIRECTION('',(0.0,-0.382683432365087,-0.923879532511288));
#3161=DIRECTION('',(0.0,0.923879532511288,-0.382683432365087));
#3162=CARTESIAN_POINT('',(0.00999999999999999,0.00999999999999999,-0.00999999999999999));
#3163=DIRECTION('',(0.627963030199553,-0.459700843380988,-0.627963030199553));
#3164=DIRECTION('',(0.325057583671871,0.888073833977113,-0.325057583671871));
#3165=CARTESIAN_POINT('',(0.01,0.01,-0.01));
#3166=DIRECTION('',(0.923879532511288,-0.382683432365087,0.0));
#3167=DIRECTION('',(0.382683432365087,0.923879532511288,0.0));
#3168=CARTESIAN_POINT('',(0.00999999999999999,-0.00999999999999999,-0.00999999999999999));
#3169=DIRECTION('',(-0.214186495298062,0.214186495298062,-0.953020613871424));
#3170=DIRECTION('',(0.67388733867905,-0.67388733867905,-0.302905446527681));
#3171=CARTESIAN_POINT('',(0.0,0.0,-0.01));
#3172=DIRECTION('',(-0.0,-1.0,-0.0));
#3173=DIRECTION('',(-1.0,0.0,0.0));
#3174=CARTESIAN_POINT('',(0.0,0.0,-0.01));
#3175=DIRECTION('',(0.500000000000001,-0.500000000000001,-0.707106781186546));
#3176=DIRECTION('',(-0.499999999999999,0.499999999999999,-0.707106781186549));
#3177=CARTESIAN_POINT('',(-1.73472347597681E-18,1.73472347597681E-18,-0.01));
#3178=DIRECTION('',(-1.0,5.03131555925636E-15,0.0));
#3179=DIRECTION('',(-5.03131555925636E-15,-1.0,0.0));
#3180=CARTESIAN_POINT('',(0.0,0.0,-0.01));
#3181=DIRECTION('',(-0.0,-1.0,-0.0));
#3182=DIRECTION('',(-1.0,0.0,0.0));
#3183=CARTESIAN_POINT('',(0.0,0.0,-0.01));
#3184=DIRECTION('',(-1.0,0.0,0.0));
#3185=DIRECTION('',(0.0,1.0,0.0));
#3186=CARTESIAN_POINT('',(-0.01,0.01,-0.01));
#3187=DIRECTION('',(-0.382683432365092,-0.923879532511286,-0.0));
#3188=DIRECTION('',(-0.923879532511286,0.382683432365092,0.0));
#3189=CARTESIAN_POINT('',(-0.00999999999999999,0.00999999999999999,-0.00999999999999999));
#3190=DIRECTION('',(0.214186495298069,-0.214186495298069,-0.953020613871421));
#3191=DIRECTION('',(-0.673887338679048,0.673887338679048,-0.30290544652769));
#3192=CARTESIAN_POINT('',(-0.01,0.01,-0.01));
#3193=DIRECTION('',(-0.923879532511288,-0.382683432365087,0.0));
#3194=DIRECTION('',(0.382683432365087,-0.923879532511288,0.0));
#3195=DIRECTION('',(0.0,1.0,0.0));
#3196=DIRECTION('',(-1.0,0.0,0.0));
#3197=DIRECTION('',(-0.0,-1.0,-0.0));
#3198=DIRECTION('',(-0.707106781186548,0.707106781186548,0.0));
#3199=DIRECTION('',(0.707106781186548,0.707106781186548,0.0));
#3200=DIRECTION('',(-1.0,-0.0,-0.0));
#3201=DIRECTION('',(0.707106781186548,0.707106781186548,0.0));
#3202=DIRECTION('',(0.707106781186548,-0.707106781186548,-0.0));
#3203=DIRECTION('',(-0.707106781186548,-0.707106781186548,-0.0));
#3204=DIRECTION('',(0.0,1.0,0.0));
#3205=DIRECTION('',(0.707106781186548,-0.707106781186548,-0.0));
#3206=DIRECTION('',(-0.707106781186548,0.707106781186548,0.0));
#3207=DIRECTION('',(1.0,0.0,0.0));
#3208=DIRECTION('',(-0.707106781186548,-0.707106781186548,-0.0));
#3209=CARTESIAN_POINT('',(0.01,-0.01,0.01));
#3210=DIRECTION('',(0.0,-0.923879532511288,-0.382683432365087));
#3211=DIRECTION('',(0.0,0.382683432365087,-0.923879532511288));
#3212=CARTESIAN_POINT('',(0.01,-0.01,0.01));
#3213=DIRECTION('',(-0.953020613871423,-0.214186495298066,0.214186495298066));
#3214=DIRECTION('',(0.302905446527686,-0.673887338679049,0.673887338679049));
#3215=CARTESIAN_POINT('',(0.01,-0.01,0.01));
#3216=DIRECTION('',(-0.0,-0.382683432365092,-0.923879532511286));
#3217=DIRECTION('',(0.0,-0.923879532511286,0.382683432365092));
#3218=CARTESIAN_POINT('',(0.01,0.0,0.0));
#3219=DIRECTION('',(0.0,-1.0,0.0));
#3220=DIRECTION('',(0.0,0.0,1.0));
#3221=CARTESIAN_POINT('',(0.01,0.0,0.0));
#3222=DIRECTION('',(-0.0,-0.0,-1.0));
#3223=DIRECTION('',(0.0,-1.0,0.0));
#3224=CARTESIAN_POINT('',(0.01,-0.01,-0.01));
#3225=DIRECTION('',(-0.0,0.923879532511286,-0.382683432365092));
#3226=DIRECTION('',(0.0,0.382683432365092,0.923879532511286));
#3227=CARTESIAN_POINT('',(0.01,-0.01,-0.01));
#3228=DIRECTION('',(-0.923879532511287,0.0,-0.38268343236509));
#3229=DIRECTION('',(0.38268343236509,0.0,-0.923879532511287));
#3230=DIRECTION('',(-0.0,-0.0,-1.0));
#3231=CARTESIAN_POINT('',(0.01,-0.01,0.01));
#3232=DIRECTION('',(0.923879532511287,0.0,-0.38268343236509));
#3233=DIRECTION('',(0.382683432365089,0.0,0.923879532511287));
#3234=CARTESIAN_POINT('',(0.00999999999999999,-0.00999999999999999,0.00999999999999999));
#3235=DIRECTION('',(0.627963030199553,-0.627963030199553,-0.459700843380988));
#3236=DIRECTION('',(0.325057583671871,-0.325057583671871,0.888073833977113));
#3237=DIRECTION('',(0.707106781186548,0.0,0.707106781186548));
#3238=CARTESIAN_POINT('',(-0.00999999999999999,-0.00999999999999999,-0.00999999999999999));
#3239=DIRECTION('',(0.214186495298062,-0.953020613871424,0.214186495298062));
#3240=DIRECTION('',(0.67388733867905,0.302905446527681,0.67388733867905));
#3241=CARTESIAN_POINT('',(-0.01,-0.01,-0.01));
#3242=DIRECTION('',(0.923879532511287,0.0,-0.38268343236509));
#3243=DIRECTION('',(0.38268343236509,0.0,0.923879532511287));
#3244=DIRECTION('',(-0.707106781186548,-0.0,-0.707106781186548));
#3245=CARTESIAN_POINT('',(1.73472347597681E-18,-0.01,-1.73472347597681E-18));
#3246=DIRECTION('',(5.03131555925636E-15,0.0,-1.0));
#3247=DIRECTION('',(-1.0,0.0,-5.03131555925636E-15));
#3248=CARTESIAN_POINT('',(0.0,-0.01,0.0));
#3249=DIRECTION('',(-0.500000000000001,-0.707106781186546,-0.500000000000001));
#3250=DIRECTION('',(0.499999999999999,-0.707106781186549,0.499999999999999));
#3251=CARTESIAN_POINT('',(-1.73472347597681E-18,-0.01,1.73472347597681E-18));
#3252=DIRECTION('',(-1.0,0.0,5.03131555925636E-15));
#3253=DIRECTION('',(5.03131555925636E-15,0.0,1.0));
#3254=CARTESIAN_POINT('',(0.0,0.0,-0.01));
#3255=DIRECTION('',(-0.500000000000001,-0.500000000000001,-0.707106781186546));
#3256=DIRECTION('',(-0.499999999999999,-0.499999999999999,0.707106781186549));
#3257=CARTESIAN_POINT('',(-0.01,-0.01,-0.01));
#3258=DIRECTION('',(0.923879532511287,-0.38268343236509,-0.0));
#3259=DIRECTION('',(-0.38268343236509,-0.923879532511287,0.0));
#3260=CARTESIAN_POINT('',(-0.00999999999999999,-0.00999999999999999,-0.00999999999999999));
#3261=DIRECTION('',(0.214186495298062,0.214186495298062,-0.953020613871424));
#3262=DIRECTION('',(-0.67388733867905,-0.67388733867905,-0.302905446527681));
#3263=CARTESIAN_POINT('',(-0.00999999999999999,0.00999999999999999,-0.00999999999999999));
#3264=DIRECTION('',(-0.627963030199553,-0.459700843380988,-0.627963030199553));
#3265=DIRECTION('',(0.325057583671871,-0.888073833977113,0.325057583671871));
#3266=CARTESIAN_POINT('',(-0.01,0.01,-0.01));
#3267=DIRECTION('',(0.0,-0.38268343236509,-0.923879532511287));
#3268=DIRECTION('',(0.0,-0.923879532511287,0.382683432365089));
#3269=DIRECTION('',(0.0,1.0,0.0));
#3270=CARTESIAN_POINT('',(-0.01,-0.01,-0.01));
#3271=DIRECTION('',(-0.0,0.382683432365091,-0.923879532511287));
#3272=DIRECTION('',(0.0,-0.923879532511286,-0.38268343236509));
#3273=CARTESIAN_POINT('',(-0.01,-0.01,-0.01));
#3274=DIRECTION('',(-0.627963030199557,0.459700843380975,-0.627963030199557));
#3275=DIRECTION('',(-0.325057583671862,-0.888073833977119,-0.325057583671862));
#3276=DIRECTION('',(0.0,0.707106781186548,0.707106781186548));
#3277=CARTESIAN_POINT('',(-0.01,-0.01,-0.01));
#3278=DIRECTION('',(-0.0,0.923879532511287,-0.38268343236509));
#3279=DIRECTION('',(0.0,0.38268343236509,0.923879532511287));
#3280=CARTESIAN_POINT('',(-0.00999999999999999,-0.00999999999999999,-0.00999999999999999));
#3281=DIRECTION('',(-0.953020613871424,0.214186495298062,0.214186495298062));
#3282=DIRECTION('',(-0.302905446527681,-0.67388733867905,-0.67388733867905));
#3283=DIRECTION('',(-0.0,-0.707106781186548,-0.707106781186548));
#3284=CARTESIAN_POINT('',(-0.01,-1.73472347597681E-18,1.73472347597681E-18));
#3285=DIRECTION('',(0.0,-1.0,5.03131555925636E-15));
#3286=DIRECTION('',(0.0,-5.03131555925636E-15,-1.0));
#3287=CARTESIAN_POINT('',(-0.01,0.0,0.0));
#3288=DIRECTION('',(-0.707106781186546,-0.500000000000001,-0.500000000000001));
#3289=DIRECTION('',(0.707106781186549,-0.499999999999999,-0.499999999999999));
#3290=CARTESIAN_POINT('',(-0.01,1.73472347597681E-18,-1.73472347597681E-18));
#3291=DIRECTION('',(0.0,5.03131555925636E-15,-1.0));
#3292=DIRECTION('',(0.0,1.0,5.03131555925636E-15));
#3293=CARTESIAN_POINT('',(0.0,0.0,0.0));
#3294=DIRECTION('',(0.627963030199554,-0.627963030199554,0.459700843380983));
#3295=DIRECTION('',(-0.325057583671868,0.325057583671868,0.888073833977115));
#3296=CARTESIAN_POINT('',(0.0,0.0,0.0));
#3297=DIRECTION('',(-0.627963030199554,-0.627963030199554,0.459700843380983));
#3298=DIRECTION('',(-0.325057583671868,-0.325057583671868,-0.888073833977115));
#3299=DIRECTION('',(-0.0,0.707106781186548,-0.707106781186548));
#3300=CARTESIAN_POINT('',(-0.01,-1.73472347597681E-18,-1.73472347597681E-18));
#3301=DIRECTION('',(0.0,-5.03131555925636E-15,-1.0));
#3302=DIRECTION('',(0.0,1.0,-5.03131555925636E-15));
#3303=CARTESIAN_POINT('',(-0.01,0.0,0.0));
#3304=DIRECTION('',(-0.707106781186546,0.500000000000001,-0.500000000000001));
#3305=DIRECTION('',(-0.707106781186549,-0.499999999999999,0.499999999999999));
#3306=DIRECTION('',(0.0,-0.707106781186548,0.707106781186548));
#3307=CARTESIAN_POINT('',(-0.00999999999999999,0.00999999999999999,-0.00999999999999999));
#3308=DIRECTION('',(-0.953020613871424,-0.214186495298062,0.214186495298062));
#3309=DIRECTION('',(0.302905446527681,-0.67388733867905,0.67388733867905));
#3310=CARTESIAN_POINT('',(-0.01,0.01,-0.01));
#3311=DIRECTION('',(0.0,-0.923879532511287,-0.38268343236509));
#3312=DIRECTION('',(0.0,0.38268343236509,-0.923879532511287));
#3313=CARTESIAN_POINT('',(-0.01,0.01,-0.01));
#3314=DIRECTION('',(0.923879532511286,0.0,-0.382683432365092));
#3315=DIRECTION('',(0.382683432365092,0.0,0.923879532511286));
#3316=CARTESIAN_POINT('',(-0.01,0.01,-0.01));
#3317=DIRECTION('',(-0.214186495298066,-0.953020613871423,-0.214186495298066));
#3318=DIRECTION('',(-0.673887338679049,0.302905446527686,-0.673887338679049));
#3319=CARTESIAN_POINT('',(-0.01,0.01,-0.01));
#3320=DIRECTION('',(0.382683432365093,0.0,-0.923879532511285));
#3321=DIRECTION('',(-0.923879532511285,0.0,-0.382683432365093));
#3322=CARTESIAN_POINT('',(0.0,0.01,0.0));
#3323=DIRECTION('',(-1.0,-0.0,-0.0));
#3324=DIRECTION('',(0.0,0.0,-1.0));
#3325=CARTESIAN_POINT('',(0.0,0.01,0.0));
#3326=DIRECTION('',(-0.499999999999999,0.707106781186549,-0.499999999999999));
#3327=DIRECTION('',(-0.500000000000001,-0.707106781186546,-0.500000000000001));
#3328=CARTESIAN_POINT('',(0.0,0.01,0.0));
#3329=DIRECTION('',(0.0,0.0,-1.0));
#3330=DIRECTION('',(1.0,0.0,0.0));
#3331=CARTESIAN_POINT('',(0.00999999999999999,0.00999999999999999,-0.00999999999999999));
#3332=DIRECTION('',(-0.214186495298069,-0.214186495298069,-0.953020613871421));
#3333=DIRECTION('',(0.673887338679048,0.673887338679048,-0.30290544652769));
#3334=CARTESIAN_POINT('',(0.01,0.01,-0.01));
#3335=DIRECTION('',(0.382683432365092,-0.923879532511286,0.0));
#3336=DIRECTION('',(0.923879532511286,0.382683432365092,0.0));
#3337=CARTESIAN_POINT('',(0.00999999999999999,0.00999999999999999,-0.00999999999999999));
#3338=DIRECTION('',(-0.459700843380988,0.627963030199553,-0.627963030199553));
#3339=DIRECTION('',(-0.888073833977113,-0.325057583671871,0.325057583671871));
#3340=CARTESIAN_POINT('',(0.01,0.01,-0.01));
#3341=DIRECTION('',(-0.382683432365087,0.0,-0.923879532511288));
#3342=DIRECTION('',(-0.923879532511288,0.0,0.382683432365087));
#3343=CARTESIAN_POINT('',(-0.01,0.01,-0.01));
#3344=DIRECTION('',(0.459700843380975,0.627963030199557,-0.627963030199557));
#3345=DIRECTION('',(-0.888073833977119,0.325057583671862,-0.325057583671862));
#3346=CARTESIAN_POINT('',(0.01,-0.01,-0.01));
#3347=DIRECTION('',(-0.953020613871423,-0.214186495298066,-0.214186495298066));
#3348=DIRECTION('',(0.302905446527686,-0.673887338679049,-0.673887338679049));
#3349=CARTESIAN_POINT('',(0.00999999999999999,-0.00999999999999999,-0.00999999999999999));
#3350=DIRECTION('',(-0.214186495298062,-0.953020613871424,0.214186495298062));
#3351=DIRECTION('',(0.67388733867905,-0.302905446527681,-0.67388733867905));
#3352=CARTESIAN_POINT('',(0.0,0.0,0.0));
#3353=DIRECTION('',(0.627963030199554,0.459700843380983,-0.627963030199554));
#3354=DIRECTION('',(0.325057583671868,-0.888073833977115,-0.325057583671868));
#3355=CARTESIAN_POINT('',(0.0,0.0,0.0));
#3356=DIRECTION('',(-1.0,0.0,0.0));
#3357=DIRECTION('',(0.0,0.707106781186548,0.707106781186547));
#3358=CARTESIAN_POINT('',(0.0,0.0,0.0));
#3359=DIRECTION('',(-0.0,-1.0,0.0));
#3360=DIRECTION('',(-0.707106781186548,0.0,0.707106781186547));
#3361=CARTESIAN_POINT('',(0.0,0.0,0.0));
#3362=DIRECTION('',(-0.459700843380983,-0.627963030199554,-0.627963030199554));
#3363=DIRECTION('',(-0.888073833977115,0.325057583671868,0.325057583671868));
#3364=DIRECTION('',(0.707106781186548,-0.0,-0.707106781186548));
#3365=CARTESIAN_POINT('',(0.0,-0.01,0.0));
#3366=DIRECTION('',(0.500000000000001,-0.707106781186546,-0.500000000000001));
#3367=DIRECTION('',(0.499999999999999,0.707106781186549,-0.499999999999999));
#3368=CARTESIAN_POINT('',(-1.73472347597681E-18,-0.01,-1.73472347597681E-18));
#3369=DIRECTION('',(-5.03131555925636E-15,0.0,-1.0));
#3370=DIRECTION('',(-1.0,0.0,5.03131555925636E-15));
#3371=DIRECTION('',(-0.707106781186548,0.0,0.707106781186548));
#3372=CARTESIAN_POINT('',(0.0,0.0,0.0));
#3373=DIRECTION('',(0.459700843380983,-0.627963030199554,-0.627963030199554));
#3374=DIRECTION('',(-0.888073833977115,-0.325057583671868,-0.325057583671868));
#3375=CARTESIAN_POINT('',(0.0,0.0,0.0));
#3376=DIRECTION('',(0.0,-1.0,-0.0));
#3377=DIRECTION('',(-0.707106781186548,0.0,-0.707106781186547));
#3378=CARTESIAN_POINT('',(0.0,0.0,0.0));
#3379=DIRECTION('',(-0.627963030199554,0.459700843380983,-0.627963030199554));
#3380=DIRECTION('',(0.325057583671868,0.888073833977115,0.325057583671868));
#3381=CARTESIAN_POINT('',(0.01,0.01,-0.01));
#3382=DIRECTION('',(0.214186495298066,-0.953020613871423,-0.214186495298066));
#3383=DIRECTION('',(0.673887338679049,0.302905446527686,-0.673887338679049));
#3384=CARTESIAN_POINT('',(0.01,0.01,-0.01));
#3385=DIRECTION('',(-0.953020613871423,0.214186495298066,-0.214186495298066));
#3386=DIRECTION('',(0.302905446527686,0.673887338679049,-0.673887338679049));
#3387=CARTESIAN_POINT('',(0.0,0.0,0.0));
#3388=DIRECTION('',(-0.459700843380983,0.627963030199554,-0.627963030199554));
#3389=DIRECTION('',(0.888073833977115,0.325057583671868,-0.325057583671868));
#3390=CARTESIAN_POINT('',(0.0,0.0,0.0));
#3391=DIRECTION('',(-1.0,0.0,-0.0));
#3392=DIRECTION('',(0.0,0.707106781186548,-0.707106781186547));
#3393=CARTESIAN_POINT('',(0.0,0.0,0.0));
#3394=DIRECTION('',(0.627963030199554,-0.459700843380983,-0.627963030199554));
#3395=DIRECTION('',(-0.325057583671868,-0.888073833977115,0.325057583671868));
#3396=DIRECTION('',(0.707106781186548,0.0,-0.707106781186548));
#3397=CARTESIAN_POINT('',(-0.01,-0.01,0.01));
#3398=DIRECTION('',(-0.923879532511287,0.0,-0.38268343236509));
#3399=DIRECTION('',(0.382683432365089,0.0,-0.923879532511287));
#3400=CARTESIAN_POINT('',(-0.00999999999999999,-0.00999999999999999,0.00999999999999999));
#3401=DIRECTION('',(0.214186495298062,-0.953020613871424,-0.214186495298062));
#3402=DIRECTION('',(0.67388733867905,0.302905446527681,-0.67388733867905));
#3403=CARTESIAN_POINT('',(-0.01,-0.01,0.01));
#3404=DIRECTION('',(-0.38268343236509,0.0,-0.923879532511287));
#3405=DIRECTION('',(-0.923879532511287,0.0,0.38268343236509));
#3406=DIRECTION('',(-0.707106781186548,-0.0,0.707106781186548));
#3407=CARTESIAN_POINT('',(-1.73472347597681E-18,-0.01,-1.73472347597681E-18));
#3408=DIRECTION('',(-1.0,0.0,-5.03131555925636E-15));
#3409=DIRECTION('',(-5.03131555925636E-15,0.0,1.0));
#3410=CARTESIAN_POINT('',(0.01,0.0,0.0));
#3411=DIRECTION('',(0.707106781186549,0.499999999999999,-0.499999999999999));
#3412=DIRECTION('',(-0.707106781186546,0.500000000000001,-0.500000000000001));
#3413=CARTESIAN_POINT('',(0.01,0.0,0.0));
#3414=DIRECTION('',(0.707106781186549,-0.499999999999999,-0.499999999999999));
#3415=DIRECTION('',(0.707106781186546,0.500000000000001,0.500000000000001));
#3416=CARTESIAN_POINT('',(0.0,0.0,0.0));
#3417=DIRECTION('',(-0.627963030199554,-0.459700843380983,-0.627963030199554));
#3418=DIRECTION('',(-0.325057583671868,0.888073833977115,-0.325057583671868));
#3419=CARTESIAN_POINT('',(0.0,0.0,0.0));
#3420=DIRECTION('',(0.459700843380983,0.627963030199554,-0.627963030199554));
#3421=DIRECTION('',(0.888073833977115,-0.325057583671868,0.325057583671868));
#3422=CARTESIAN_POINT('',(0.01,0.0,0.0));
#3423=DIRECTION('',(0.0,-1.0,0.0));
#3424=DIRECTION('',(0.0,0.0,1.0));
#3425=CARTESIAN_POINT('',(0.01,0.01,0.01));
#3426=DIRECTION('',(0.0,0.923879532511288,-0.382683432365087));
#3427=DIRECTION('',(0.0,0.382683432365087,0.923879532511288));
#3428=CARTESIAN_POINT('',(0.00999999999999999,0.00999999999999999,0.00999999999999999));
#3429=DIRECTION('',(0.627963030199553,0.627963030199553,-0.459700843380988));
#3430=DIRECTION('',(0.325057583671871,0.325057583671871,0.888073833977113));
#3431=CARTESIAN_POINT('',(0.01,0.01,0.01));
#3432=DIRECTION('',(0.923879532511288,0.0,-0.382683432365087));
#3433=DIRECTION('',(-0.382683432365087,0.0,-0.923879532511288));
#3434=CARTESIAN_POINT('',(0.01,0.01,-0.01));
#3435=DIRECTION('',(-0.923879532511286,-0.0,-0.382683432365092));
#3436=DIRECTION('',(0.382683432365092,0.0,-0.923879532511286));
#3437=CARTESIAN_POINT('',(0.01,0.01,-0.01));
#3438=DIRECTION('',(0.0,-0.923879532511286,-0.382683432365092));
#3439=DIRECTION('',(0.0,0.382683432365092,-0.923879532511286));
#3440=CARTESIAN_POINT('',(0.01,0.0,0.0));
#3441=DIRECTION('',(-0.0,-0.0,-1.0));
#3442=DIRECTION('',(0.0,-1.0,0.0));
#3443=CARTESIAN_POINT('',(0.0,0.01,0.0));
#3444=DIRECTION('',(0.499999999999999,0.707106781186549,-0.499999999999999));
#3445=DIRECTION('',(-0.500000000000001,0.707106781186546,0.500000000000001));
#3446=CARTESIAN_POINT('',(0.0,0.01,0.0));
#3447=DIRECTION('',(-1.0,-0.0,-0.0));
#3448=DIRECTION('',(0.0,0.0,-1.0));
#3449=CARTESIAN_POINT('',(0.0,0.01,0.0));
#3450=DIRECTION('',(0.0,0.0,-1.0));
#3451=DIRECTION('',(1.0,0.0,0.0));
#3452=CARTESIAN_POINT('',(0.01,0.01,0.01));
#3453=DIRECTION('',(0.214186495298066,-0.953020613871423,0.214186495298066));
#3454=DIRECTION('',(0.673887338679049,0.302905446527686,0.673887338679049));
#3455=CARTESIAN_POINT('',(0.01,0.01,0.01));
#3456=DIRECTION('',(0.382683432365092,0.0,-0.923879532511286));
#3457=DIRECTION('',(0.923879532511286,0.0,0.382683432365092));
#3458=DIRECTION('',(0.707106781186548,-0.0,0.707106781186548));
#3459=DIRECTION('',(-0.707106781186548,0.0,-0.707106781186548));
#3460=CARTESIAN_POINT('',(0.01,-0.01,0.01));
#3461=DIRECTION('',(0.382683432365092,0.0,-0.923879532511286));
#3462=DIRECTION('',(0.923879532511286,0.0,0.382683432365092));
#3463=CARTESIAN_POINT('',(0.00999999999999999,-0.00999999999999999,0.00999999999999999));
#3464=DIRECTION('',(-0.214186495298062,-0.953020613871424,-0.214186495298062));
#3465=DIRECTION('',(0.673887338679051,-0.30290544652768,0.67388733867905));
#3466=CARTESIAN_POINT('',(-0.00999999999999999,-0.00999999999999999,0.00999999999999999));
#3467=DIRECTION('',(-0.627963030199553,-0.627963030199553,-0.459700843380988));
#3468=DIRECTION('',(-0.325057583671871,-0.325057583671871,0.888073833977113));
#3469=CARTESIAN_POINT('',(-0.00999999999999999,-0.00999999999999999,0.00999999999999999));
#3470=DIRECTION('',(-0.953020613871424,0.214186495298062,-0.214186495298062));
#3471=DIRECTION('',(-0.30290544652768,-0.673887338679051,0.67388733867905));
#3472=CARTESIAN_POINT('',(0.0,0.0,0.01));
#3473=DIRECTION('',(-0.0,-1.0,-0.0));
#3474=DIRECTION('',(-1.0,0.0,0.0));
#3475=CARTESIAN_POINT('',(1.73472347597681E-18,1.73472347597681E-18,0.01));
#3476=DIRECTION('',(0.5,0.5,-0.707106781186547));
#3477=DIRECTION('',(0.5,0.5,0.707106781186548));
#3478=CARTESIAN_POINT('',(-1.73472347597681E-18,1.73472347597681E-18,0.01));
#3479=DIRECTION('',(-1.0,5.03131555925636E-15,0.0));
#3480=DIRECTION('',(-5.03131555925636E-15,-1.0,0.0));
#3481=CARTESIAN_POINT('',(-0.01,-0.01,0.01));
#3482=DIRECTION('',(0.382683432365091,-0.923879532511287,-0.0));
#3483=DIRECTION('',(-0.923879532511286,-0.38268343236509,0.0));
#3484=CARTESIAN_POINT('',(-0.01,-0.01,0.01));
#3485=DIRECTION('',(0.923879532511287,-0.38268343236509,-0.0));
#3486=DIRECTION('',(-0.38268343236509,-0.923879532511287,0.0));
#3487=CARTESIAN_POINT('',(0.01,0.01,0.01));
#3488=DIRECTION('',(0.0,0.382683432365092,-0.923879532511286));
#3489=DIRECTION('',(0.0,0.923879532511286,0.382683432365092));
#3490=CARTESIAN_POINT('',(0.01,0.01,0.01));
#3491=DIRECTION('',(-0.953020613871423,0.214186495298066,0.214186495298066));
#3492=DIRECTION('',(0.302905446527686,0.673887338679049,0.673887338679049));
#3493=CARTESIAN_POINT('',(-0.00999999999999999,0.00999999999999999,0.00999999999999999));
#3494=DIRECTION('',(-0.953020613871424,-0.214186495298062,-0.214186495298062));
#3495=DIRECTION('',(0.302905446527681,-0.67388733867905,-0.67388733867905));
#3496=CARTESIAN_POINT('',(-0.00999999999999999,0.00999999999999999,0.00999999999999999));
#3497=DIRECTION('',(-0.627963030199553,0.627963030199553,-0.459700843380988));
#3498=DIRECTION('',(-0.325057583671871,0.325057583671871,0.888073833977113));
#3499=CARTESIAN_POINT('',(-0.01,0.01,0.01));
#3500=DIRECTION('',(-0.214186495298066,-0.953020613871423,0.214186495298066));
#3501=DIRECTION('',(-0.673887338679049,0.302905446527686,0.673887338679049));
#3502=CARTESIAN_POINT('',(-1.73472347597681E-18,1.73472347597681E-18,0.01));
#3503=DIRECTION('',(-0.5,0.5,-0.707106781186547));
#3504=DIRECTION('',(-0.5,0.5,0.707106781186548));
#3505=CARTESIAN_POINT('',(0.01,-0.01,0.01));
#3506=DIRECTION('',(-0.923879532511287,-0.38268343236509,-0.0));
#3507=DIRECTION('',(-0.38268343236509,0.923879532511287,0.0));
#3508=CARTESIAN_POINT('',(0.01,-0.01,0.01));
#3509=DIRECTION('',(-0.38268343236509,-0.923879532511287,0.0));
#3510=DIRECTION('',(-0.923879532511287,0.382683432365089,0.0));
#3511=CARTESIAN_POINT('',(0.0,0.0,0.01));
#3512=DIRECTION('',(-0.0,-1.0,-0.0));
#3513=DIRECTION('',(-1.0,0.0,0.0));
#3514=CARTESIAN_POINT('',(-0.01,0.01,0.01));
#3515=DIRECTION('',(-0.382683432365092,0.0,-0.923879532511286));
#3516=DIRECTION('',(-0.923879532511286,0.0,0.382683432365092));
#3517=CARTESIAN_POINT('',(-0.01,0.01,0.01));
#3518=DIRECTION('',(-0.923879532511288,0.0,-0.382683432365087));
#3519=DIRECTION('',(-0.382683432365087,0.0,0.923879532511288));
#3520=CARTESIAN_POINT('',(-0.01,0.01,0.01));
#3521=DIRECTION('',(-0.382683432365092,-0.923879532511286,-0.0));
#3522=DIRECTION('',(-0.923879532511286,0.382683432365092,0.0));
#3523=CARTESIAN_POINT('',(0.01,0.01,0.01));
#3524=DIRECTION('',(0.382683432365092,-0.923879532511286,0.0));
#3525=DIRECTION('',(0.923879532511286,0.382683432365092,0.0));
#3526=CARTESIAN_POINT('',(-0.01,-0.01,0.01));
#3527=DIRECTION('',(0.0,-0.38268343236509,-0.923879532511287));
#3528=DIRECTION('',(0.0,-0.923879532511287,0.38268343236509));
#3529=DIRECTION('',(-0.0,-1.0,-0.0));
#3530=CARTESIAN_POINT('',(-0.01,0.01,0.01));
#3531=DIRECTION('',(0.0,0.382683432365092,-0.923879532511286));
#3532=DIRECTION('',(0.0,0.923879532511286,0.382683432365092));
#3533=CARTESIAN_POINT('',(-0.01,0.01,0.01));
#3534=DIRECTION('',(-0.923879532511288,-0.382683432365087,0.0));
#3535=DIRECTION('',(0.382683432365087,-0.923879532511288,0.0));
#3536=DIRECTION('',(0.0,0.707106781186548,-0.707106781186548));
#3537=CARTESIAN_POINT('',(-0.01,-0.01,0.01));
#3538=DIRECTION('',(-0.0,-0.923879532511287,-0.38268343236509));
#3539=DIRECTION('',(0.0,-0.382683432365089,0.923879532511287));
#3540=DIRECTION('',(-0.0,-0.707106781186548,0.707106781186548));
#3541=CARTESIAN_POINT('',(-0.01,-1.73472347597681E-18,-1.73472347597681E-18));
#3542=DIRECTION('',(0.0,-1.0,-5.03131555925636E-15));
#3543=DIRECTION('',(0.0,5.03131555925636E-15,-1.0));
#3544=DIRECTION('',(-0.0,-0.0,-1.0));
#3545=DIRECTION('',(0.0,0.0,1.0));
#3546=DIRECTION('',(0.0,-0.707106781186548,-0.707106781186548));
#3547=CARTESIAN_POINT('',(-0.01,0.01,0.01));
#3548=DIRECTION('',(-0.0,0.923879532511287,-0.38268343236509));
#3549=DIRECTION('',(0.0,-0.382683432365089,-0.923879532511287));
#3550=DIRECTION('',(-0.0,0.707106781186548,0.707106781186548));
#3551=DIRECTION('',(0.0,0.0,1.0));
#3552=DIRECTION('',(-0.0,0.0,1.0));
#3553=DIRECTION('',(1.0,0.0,0.0));
#3554=CARTESIAN_POINT('',(0.01,0.01,0.01));
#3555=DIRECTION('',(0.923879532511288,-0.382683432365087,0.0));
#3556=DIRECTION('',(0.382683432365087,0.923879532511288,0.0));
#3557=CARTESIAN_POINT('',(0.0,0.0,0.01));
#3558=DIRECTION('',(-1.0,0.0,0.0));
#3559=DIRECTION('',(0.0,1.0,0.0));
#3560=PRESENTATION_LAYER_ASSIGNMENT('9','\X2\56FE5C42\X0\0',(#25));
ENDSEC;
END-ISO-10303-21;
