ISO-10303-21;
HEADER;
FILE_DESCRIPTION(('STEP AP214'),'1');
FILE_NAME('36.stp','2025-01-06T02:28:12',(' '),(' '),'Spatial InterOp 3D',' ',' ');
FILE_SCHEMA(('AUTOMOTIVE_DESIGN { 1 0 10303 214 1 1 1 1 }'));
ENDSEC;
DATA;
#1=MECHANICAL_DESIGN_GEOMETRIC_PRESENTATION_REPRESENTATION(' ',(#10),#6);
#2=PRODUCT_DEFINITION_CONTEXT('',#11,'design');
#3=APPLICATION_PROTOCOL_DEFINITION('INTERNATIONAL STANDARD','automotive_design',1994,#11);
#4=PRODUCT_CATEGORY_RELATIONSHIP('NONE','NONE',#12,#13);
#5=SHAPE_DEFINITION_REPRESENTATION(#14,#15);
#6= (GEOMETRIC_REPRESENTATION_CONTEXT(3)GLOBAL_UNCERTAINTY_ASSIGNED_CONTEXT((#18))GLOBAL_UNIT_ASSIGNED_CONTEXT((#20,#21,#22))REPRESENTATION_CONTEXT('NONE','WORKSPACE'));
#10=STYLED_ITEM('',(#24),#25);
#11=APPLICATION_CONTEXT(' ');
#12=PRODUCT_CATEGORY('part','NONE');
#13=PRODUCT_RELATED_PRODUCT_CATEGORY('detail',' ',(#26));
#14=PRODUCT_DEFINITION_SHAPE('NONE','NONE',#27);
#15=ADVANCED_BREP_SHAPE_REPRESENTATION('\X2\5B9E4F53\X0\555',(#25,#28),#6);
#18=UNCERTAINTY_MEASURE_WITH_UNIT(LENGTH_MEASURE(1.0E-08),#20,'','');
#20= (CONVERSION_BASED_UNIT('METRE',#31)LENGTH_UNIT()NAMED_UNIT(#34));
#21= (NAMED_UNIT(#36)PLANE_ANGLE_UNIT()SI_UNIT($,.RADIAN.));
#22= (NAMED_UNIT(#36)SOLID_ANGLE_UNIT()SI_UNIT($,.STERADIAN.));
#24=PRESENTATION_STYLE_ASSIGNMENT((#42));
#25=MANIFOLD_SOLID_BREP('\X2\5B9E4F53\X0\555',#43);
#26=PRODUCT('\X2\5B9E4F53\X0\555','','PART--DESC',(#44));
#27=PRODUCT_DEFINITION('','NONE',#45,#2);
#28=AXIS2_PLACEMENT_3D('',#46,#47,#48);
#31=LENGTH_MEASURE_WITH_UNIT(LENGTH_MEASURE(1.0),#49);
#34=DIMENSIONAL_EXPONENTS(1.0,0.0,0.0,0.0,0.0,0.0,0.0);
#36=DIMENSIONAL_EXPONENTS(0.0,0.0,0.0,0.0,0.0,0.0,0.0);
#42=SURFACE_STYLE_USAGE(.BOTH.,#50);
#43=CLOSED_SHELL('',(#51,#52,#53,#54,#55,#56,#57,#58,#59,#60,#61,#62,#63,#64,#65,#66,#67,#68,#69,#70,#71,#72,#73,#74,#75,#76,#77,#78,#79,#80,#81,#82,#83,#84,#85,#86,#87,#88,#89,#90,#91,#92,#93,#94,#95,#96,#97,#98,#99,#100,#101,#102,#103,#104,#105,#106,#107,#108,#109,#110,#111,#112,#113,#114,#115,#116,#117,#118,#119,#120,#121,#122,#123,#124,#125,#126,#127,#128,#129,#130,#131,#132,#133,#134,#135,#136,#137,#138,#139,#140,#141,#142,#143,#144));
#44=PRODUCT_CONTEXT('',#11,'mechanical');
#45=PRODUCT_DEFINITION_FORMATION_WITH_SPECIFIED_SOURCE(' ','NONE',#26,.NOT_KNOWN.);
#46=CARTESIAN_POINT('',(0.0,0.0,0.0));
#47=DIRECTION('',(0.0,0.0,1.0));
#48=DIRECTION('',(1.0,0.0,0.0));
#49= (NAMED_UNIT(#34)LENGTH_UNIT()SI_UNIT($,.METRE.));
#50=SURFACE_SIDE_STYLE('',(#146));
#51=ADVANCED_FACE('2:25977',(#147),#148,.T.);
#52=ADVANCED_FACE('2:25907',(#149),#150,.T.);
#53=ADVANCED_FACE('2:25897',(#151),#152,.T.);
#54=ADVANCED_FACE('2:25924',(#153),#154,.T.);
#55=ADVANCED_FACE('2:21416',(#155),#156,.T.);
#56=ADVANCED_FACE('2:21396',(#157),#158,.T.);
#57=ADVANCED_FACE('2:25884',(#159),#160,.T.);
#58=ADVANCED_FACE('2:26806',(#161),#162,.T.);
#59=ADVANCED_FACE('2:25029',(#163),#164,.T.);
#60=ADVANCED_FACE('2:25009',(#165),#166,.T.);
#61=ADVANCED_FACE('2:22074',(#167),#168,.T.);
#62=ADVANCED_FACE('2:21383',(#169),#170,.T.);
#63=ADVANCED_FACE('2:21403',(#171),#172,.T.);
#64=ADVANCED_FACE('2:26786',(#173),#174,.T.);
#65=ADVANCED_FACE('2:22064',(#175),#176,.T.);
#66=ADVANCED_FACE('2:23485',(#177),#178,.T.);
#67=ADVANCED_FACE('2:25914',(#179),#180,.T.);
#68=ADVANCED_FACE('2:23465',(#181),#182,.T.);
#69=ADVANCED_FACE('2:25994',(#183),#184,.T.);
#70=ADVANCED_FACE('2:22057',(#185),#186,.T.);
#71=ADVANCED_FACE('2:22087',(#187),#188,.T.);
#72=ADVANCED_FACE('2:26866',(#189),#190,.T.);
#73=ADVANCED_FACE('2:23458',(#191),#192,.T.);
#74=ADVANCED_FACE('2:23478',(#193),#194,.T.);
#75=ADVANCED_FACE('2:25864',(#195),#196,.T.);
#76=ADVANCED_FACE('2:25022',(#197),#198,.T.);
#77=ADVANCED_FACE('2:25042',(#199),#200,.T.);
#78=ADVANCED_FACE('2:26779',(#201),#202,.T.);
#79=ADVANCED_FACE('2:26799',(#203),#204,.T.);
#80=ADVANCED_FACE('2:26829',(#205),#206,.T.);
#81=ADVANCED_FACE('2:26889',(#207),#208,.T.);
#82=ADVANCED_FACE('2:26909',(#209),#210,.T.);
#83=ADVANCED_FACE('2:26769',(#211),#212,.F.);
#84=ADVANCED_FACE('2:26766',(#213),#214,.F.);
#85=ADVANCED_FACE('2:26763',(#215),#216,.F.);
#86=ADVANCED_FACE('2:26760',(#217),#218,.F.);
#87=ADVANCED_FACE('2:26757',(#219),#220,.F.);
#88=ADVANCED_FACE('2:26919',(#221),#222,.F.);
#89=ADVANCED_FACE('2:26909',(#223),#224,.T.);
#90=ADVANCED_FACE('2:26889',(#225),#226,.T.);
#91=ADVANCED_FACE('2:26879',(#227),#228,.F.);
#92=ADVANCED_FACE('2:26859',(#229),#230,.F.);
#93=ADVANCED_FACE('2:26849',(#231),#232,.F.);
#94=ADVANCED_FACE('2:26829',(#233),#234,.T.);
#95=ADVANCED_FACE('2:26819',(#235),#236,.T.);
#96=ADVANCED_FACE('2:26799',(#237),#238,.T.);
#97=ADVANCED_FACE('2:26779',(#239),#240,.T.);
#98=ADVANCED_FACE('2:25831',(#241),#242,.T.);
#99=ADVANCED_FACE('2:25828',(#243),#244,.T.);
#100=ADVANCED_FACE('2:25825',(#245),#246,.T.);
#101=ADVANCED_FACE('2:25822',(#247),#248,.T.);
#102=ADVANCED_FACE('2:25819',(#249),#250,.T.);
#103=ADVANCED_FACE('2:25042',(#251),#252,.T.);
#104=ADVANCED_FACE('2:25022',(#253),#254,.T.);
#105=ADVANCED_FACE('2:23448',(#255),#256,.F.);
#106=ADVANCED_FACE('2:25864',(#257),#258,.T.);
#107=ADVANCED_FACE('2:25854',(#259),#260,.F.);
#108=ADVANCED_FACE('2:25934',(#261),#262,.T.);
#109=ADVANCED_FACE('2:26896',(#263),#264,.T.);
#110=ADVANCED_FACE('2:23478',(#265),#266,.T.);
#111=ADVANCED_FACE('2:23458',(#267),#268,.T.);
#112=ADVANCED_FACE('2:21978',(#269),#270,.F.);
#113=ADVANCED_FACE('2:26866',(#271),#272,.T.);
#114=ADVANCED_FACE('2:22087',(#273),#274,.T.);
#115=ADVANCED_FACE('2:22057',(#275),#276,.T.);
#116=ADVANCED_FACE('2:25994',(#277),#278,.T.);
#117=ADVANCED_FACE('2:25964',(#279),#280,.T.);
#118=ADVANCED_FACE('2:21348',(#281),#282,.T.);
#119=ADVANCED_FACE('2:23465',(#283),#284,.T.);
#120=ADVANCED_FACE('2:25914',(#285),#286,.T.);
#121=ADVANCED_FACE('2:23485',(#287),#288,.T.);
#122=ADVANCED_FACE('2:22064',(#289),#290,.T.);
#123=ADVANCED_FACE('2:26786',(#291),#292,.T.);
#124=ADVANCED_FACE('2:21403',(#293),#294,.T.);
#125=ADVANCED_FACE('2:21383',(#295),#296,.T.);
#126=ADVANCED_FACE('2:22074',(#297),#298,.T.);
#127=ADVANCED_FACE('2:25009',(#299),#300,.T.);
#128=ADVANCED_FACE('2:25029',(#301),#302,.T.);
#129=ADVANCED_FACE('2:26806',(#303),#304,.T.);
#130=ADVANCED_FACE('2:25884',(#305),#306,.T.);
#131=ADVANCED_FACE('2:21396',(#307),#308,.T.);
#132=ADVANCED_FACE('2:21416',(#309),#310,.T.);
#133=ADVANCED_FACE('2:25924',(#311),#312,.T.);
#134=ADVANCED_FACE('2:24974',(#313),#314,.T.);
#135=ADVANCED_FACE('2:26836',(#315),#316,.T.);
#136=ADVANCED_FACE('2:25954',(#317),#318,.T.);
#137=ADVANCED_FACE('2:26926',(#319),#320,.T.);
#138=ADVANCED_FACE('2:25984',(#321),#322,.T.);
#139=ADVANCED_FACE('2:25877',(#323),#324,.F.);
#140=ADVANCED_FACE('2:25897',(#325),#326,.T.);
#141=ADVANCED_FACE('2:25907',(#327),#328,.T.);
#142=ADVANCED_FACE('2:25947',(#329),#330,.F.);
#143=ADVANCED_FACE('2:25977',(#331),#332,.T.);
#144=ADVANCED_FACE('2:26007',(#333),#334,.F.);
#146=SURFACE_STYLE_FILL_AREA(#335);
#147=FACE_OUTER_BOUND('',#336,.T.);
#148=CYLINDRICAL_SURFACE('',#337,0.0003031);
#149=FACE_OUTER_BOUND('',#338,.T.);
#150=CYLINDRICAL_SURFACE('',#339,0.0003031);
#151=FACE_OUTER_BOUND('',#340,.T.);
#152=CYLINDRICAL_SURFACE('',#341,0.0003031);
#153=FACE_OUTER_BOUND('',#342,.T.);
#154=CYLINDRICAL_SURFACE('',#343,0.0003031);
#155=FACE_OUTER_BOUND('',#344,.T.);
#156=CYLINDRICAL_SURFACE('',#345,0.0003031);
#157=FACE_OUTER_BOUND('',#346,.T.);
#158=CYLINDRICAL_SURFACE('',#347,0.0003031);
#159=FACE_OUTER_BOUND('',#348,.T.);
#160=CYLINDRICAL_SURFACE('',#349,0.0003031);
#161=FACE_OUTER_BOUND('',#350,.T.);
#162=CYLINDRICAL_SURFACE('',#351,0.0003031);
#163=FACE_OUTER_BOUND('',#352,.T.);
#164=CYLINDRICAL_SURFACE('',#353,0.0003031);
#165=FACE_OUTER_BOUND('',#354,.T.);
#166=CYLINDRICAL_SURFACE('',#355,0.0003031);
#167=FACE_OUTER_BOUND('',#356,.T.);
#168=CYLINDRICAL_SURFACE('',#357,0.0003031);
#169=FACE_OUTER_BOUND('',#358,.T.);
#170=CYLINDRICAL_SURFACE('',#359,0.0003031);
#171=FACE_OUTER_BOUND('',#360,.T.);
#172=CYLINDRICAL_SURFACE('',#361,0.0003031);
#173=FACE_OUTER_BOUND('',#362,.T.);
#174=CYLINDRICAL_SURFACE('',#363,0.0003031);
#175=FACE_OUTER_BOUND('',#364,.T.);
#176=CYLINDRICAL_SURFACE('',#365,0.0003031);
#177=FACE_OUTER_BOUND('',#366,.T.);
#178=CYLINDRICAL_SURFACE('',#367,0.0003031);
#179=FACE_OUTER_BOUND('',#368,.T.);
#180=CYLINDRICAL_SURFACE('',#369,0.0003031);
#181=FACE_OUTER_BOUND('',#370,.T.);
#182=CYLINDRICAL_SURFACE('',#371,0.0003031);
#183=FACE_OUTER_BOUND('',#372,.T.);
#184=CYLINDRICAL_SURFACE('',#373,0.0003031);
#185=FACE_OUTER_BOUND('',#374,.T.);
#186=CYLINDRICAL_SURFACE('',#375,0.0003031);
#187=FACE_OUTER_BOUND('',#376,.T.);
#188=CYLINDRICAL_SURFACE('',#377,0.0003031);
#189=FACE_OUTER_BOUND('',#378,.T.);
#190=CYLINDRICAL_SURFACE('',#379,0.0003031);
#191=FACE_OUTER_BOUND('',#380,.T.);
#192=CYLINDRICAL_SURFACE('',#381,0.0003031);
#193=FACE_OUTER_BOUND('',#382,.T.);
#194=CYLINDRICAL_SURFACE('',#383,0.0003031);
#195=FACE_OUTER_BOUND('',#384,.T.);
#196=CYLINDRICAL_SURFACE('',#385,0.0003031);
#197=FACE_OUTER_BOUND('',#386,.T.);
#198=CYLINDRICAL_SURFACE('',#387,0.0003031);
#199=FACE_OUTER_BOUND('',#388,.T.);
#200=CYLINDRICAL_SURFACE('',#389,0.0003031);
#201=FACE_OUTER_BOUND('',#390,.T.);
#202=CYLINDRICAL_SURFACE('',#391,0.0003031);
#203=FACE_OUTER_BOUND('',#392,.T.);
#204=CYLINDRICAL_SURFACE('',#393,0.0003031);
#205=FACE_OUTER_BOUND('',#394,.T.);
#206=CYLINDRICAL_SURFACE('',#395,0.0003031);
#207=FACE_OUTER_BOUND('',#396,.T.);
#208=CYLINDRICAL_SURFACE('',#397,0.0003031);
#209=FACE_OUTER_BOUND('',#398,.T.);
#210=CYLINDRICAL_SURFACE('',#399,0.0003031);
#211=FACE_OUTER_BOUND('',#400,.T.);
#212=PLANE('',#401);
#213=FACE_OUTER_BOUND('',#402,.T.);
#214=PLANE('',#403);
#215=FACE_OUTER_BOUND('',#404,.T.);
#216=PLANE('',#405);
#217=FACE_OUTER_BOUND('',#406,.T.);
#218=PLANE('',#407);
#219=FACE_OUTER_BOUND('',#408,.T.);
#220=PLANE('',#409);
#221=FACE_OUTER_BOUND('',#410,.T.);
#222=PLANE('',#411);
#223=FACE_OUTER_BOUND('',#412,.T.);
#224=CYLINDRICAL_SURFACE('',#413,0.0003031);
#225=FACE_OUTER_BOUND('',#414,.T.);
#226=CYLINDRICAL_SURFACE('',#415,0.0003031);
#227=FACE_OUTER_BOUND('',#416,.T.);
#228=PLANE('',#417);
#229=FACE_OUTER_BOUND('',#418,.T.);
#230=PLANE('',#419);
#231=FACE_OUTER_BOUND('',#420,.T.);
#232=PLANE('',#421);
#233=FACE_OUTER_BOUND('',#422,.T.);
#234=CYLINDRICAL_SURFACE('',#423,0.0003031);
#235=FACE_OUTER_BOUND('',#424,.T.);
#236=PLANE('',#425);
#237=FACE_OUTER_BOUND('',#426,.T.);
#238=CYLINDRICAL_SURFACE('',#427,0.0003031);
#239=FACE_OUTER_BOUND('',#428,.T.);
#240=CYLINDRICAL_SURFACE('',#429,0.0003031);
#241=FACE_OUTER_BOUND('',#430,.T.);
#242=PLANE('',#431);
#243=FACE_OUTER_BOUND('',#432,.T.);
#244=PLANE('',#433);
#245=FACE_OUTER_BOUND('',#434,.T.);
#246=PLANE('',#435);
#247=FACE_OUTER_BOUND('',#436,.T.);
#248=PLANE('',#437);
#249=FACE_OUTER_BOUND('',#438,.T.);
#250=PLANE('',#439);
#251=FACE_OUTER_BOUND('',#440,.T.);
#252=CYLINDRICAL_SURFACE('',#441,0.0003031);
#253=FACE_OUTER_BOUND('',#442,.T.);
#254=CYLINDRICAL_SURFACE('',#443,0.0003031);
#255=FACE_OUTER_BOUND('',#444,.T.);
#256=PLANE('',#445);
#257=FACE_OUTER_BOUND('',#446,.T.);
#258=CYLINDRICAL_SURFACE('',#447,0.0003031);
#259=FACE_OUTER_BOUND('',#448,.T.);
#260=PLANE('',#449);
#261=FACE_OUTER_BOUND('',#450,.T.);
#262=PLANE('',#451);
#263=FACE_OUTER_BOUND('',#452,.T.);
#264=PLANE('',#453);
#265=FACE_OUTER_BOUND('',#454,.T.);
#266=CYLINDRICAL_SURFACE('',#455,0.0003031);
#267=FACE_OUTER_BOUND('',#456,.T.);
#268=CYLINDRICAL_SURFACE('',#457,0.0003031);
#269=FACE_OUTER_BOUND('',#458,.T.);
#270=PLANE('',#459);
#271=FACE_OUTER_BOUND('',#460,.T.);
#272=CYLINDRICAL_SURFACE('',#461,0.0003031);
#273=FACE_OUTER_BOUND('',#462,.T.);
#274=CYLINDRICAL_SURFACE('',#463,0.0003031);
#275=FACE_OUTER_BOUND('',#464,.T.);
#276=CYLINDRICAL_SURFACE('',#465,0.0003031);
#277=FACE_OUTER_BOUND('',#466,.T.);
#278=CYLINDRICAL_SURFACE('',#467,0.0003031);
#279=FACE_OUTER_BOUND('',#468,.T.);
#280=PLANE('',#469);
#281=FACE_OUTER_BOUND('',#470,.T.);
#282=PLANE('',#471);
#283=FACE_OUTER_BOUND('',#472,.T.);
#284=CYLINDRICAL_SURFACE('',#473,0.0003031);
#285=FACE_OUTER_BOUND('',#474,.T.);
#286=CYLINDRICAL_SURFACE('',#475,0.0003031);
#287=FACE_OUTER_BOUND('',#476,.T.);
#288=CYLINDRICAL_SURFACE('',#477,0.0003031);
#289=FACE_OUTER_BOUND('',#478,.T.);
#290=CYLINDRICAL_SURFACE('',#479,0.0003031);
#291=FACE_OUTER_BOUND('',#480,.T.);
#292=CYLINDRICAL_SURFACE('',#481,0.0003031);
#293=FACE_OUTER_BOUND('',#482,.T.);
#294=CYLINDRICAL_SURFACE('',#483,0.0003031);
#295=FACE_OUTER_BOUND('',#484,.T.);
#296=CYLINDRICAL_SURFACE('',#485,0.0003031);
#297=FACE_OUTER_BOUND('',#486,.T.);
#298=CYLINDRICAL_SURFACE('',#487,0.0003031);
#299=FACE_OUTER_BOUND('',#488,.T.);
#300=CYLINDRICAL_SURFACE('',#489,0.0003031);
#301=FACE_OUTER_BOUND('',#490,.T.);
#302=CYLINDRICAL_SURFACE('',#491,0.0003031);
#303=FACE_OUTER_BOUND('',#492,.T.);
#304=CYLINDRICAL_SURFACE('',#493,0.0003031);
#305=FACE_OUTER_BOUND('',#494,.T.);
#306=CYLINDRICAL_SURFACE('',#495,0.0003031);
#307=FACE_OUTER_BOUND('',#496,.T.);
#308=CYLINDRICAL_SURFACE('',#497,0.0003031);
#309=FACE_OUTER_BOUND('',#498,.T.);
#310=CYLINDRICAL_SURFACE('',#499,0.0003031);
#311=FACE_OUTER_BOUND('',#500,.T.);
#312=CYLINDRICAL_SURFACE('',#501,0.0003031);
#313=FACE_OUTER_BOUND('',#502,.T.);
#314=PLANE('',#503);
#315=FACE_OUTER_BOUND('',#504,.T.);
#316=PLANE('',#505);
#317=FACE_OUTER_BOUND('',#506,.T.);
#318=PLANE('',#507);
#319=FACE_OUTER_BOUND('',#508,.T.);
#320=PLANE('',#509);
#321=FACE_OUTER_BOUND('',#510,.T.);
#322=PLANE('',#511);
#323=FACE_OUTER_BOUND('',#512,.T.);
#324=PLANE('',#513);
#325=FACE_OUTER_BOUND('',#514,.T.);
#326=CYLINDRICAL_SURFACE('',#515,0.0003031);
#327=FACE_OUTER_BOUND('',#516,.T.);
#328=CYLINDRICAL_SURFACE('',#517,0.0003031);
#329=FACE_OUTER_BOUND('',#518,.T.);
#330=PLANE('',#519);
#331=FACE_OUTER_BOUND('',#520,.T.);
#332=CYLINDRICAL_SURFACE('',#521,0.0003031);
#333=FACE_OUTER_BOUND('',#522,.T.);
#334=PLANE('',#523);
#335=FILL_AREA_STYLE('',(#524));
#336=EDGE_LOOP('',(#525,#526,#527,#528,#529,#530,#531,#532));
#337=AXIS2_PLACEMENT_3D('',#533,#534,#535);
#338=EDGE_LOOP('',(#536,#537,#538,#539,#540,#541,#542,#543));
#339=AXIS2_PLACEMENT_3D('',#544,#545,#546);
#340=EDGE_LOOP('',(#547,#548,#549,#550,#551,#552,#553,#554));
#341=AXIS2_PLACEMENT_3D('',#555,#556,#557);
#342=EDGE_LOOP('',(#558,#559,#560,#561,#562,#563,#564,#565));
#343=AXIS2_PLACEMENT_3D('',#566,#567,#568);
#344=EDGE_LOOP('',(#569,#570,#571,#572,#573,#574,#575,#576));
#345=AXIS2_PLACEMENT_3D('',#577,#578,#579);
#346=EDGE_LOOP('',(#580,#581,#582,#583,#584,#585,#586,#587));
#347=AXIS2_PLACEMENT_3D('',#588,#589,#590);
#348=EDGE_LOOP('',(#591,#592,#593,#594,#595,#596,#597,#598));
#349=AXIS2_PLACEMENT_3D('',#599,#600,#601);
#350=EDGE_LOOP('',(#602,#603,#604,#605,#606,#607,#608,#609));
#351=AXIS2_PLACEMENT_3D('',#610,#611,#612);
#352=EDGE_LOOP('',(#613,#614,#615,#616,#617,#618,#619,#620));
#353=AXIS2_PLACEMENT_3D('',#621,#622,#623);
#354=EDGE_LOOP('',(#624,#625,#626,#627,#628,#629,#630,#631));
#355=AXIS2_PLACEMENT_3D('',#632,#633,#634);
#356=EDGE_LOOP('',(#635,#636,#637,#638,#639,#640,#641,#642));
#357=AXIS2_PLACEMENT_3D('',#643,#644,#645);
#358=EDGE_LOOP('',(#646,#647,#648,#649,#650,#651,#652,#653));
#359=AXIS2_PLACEMENT_3D('',#654,#655,#656);
#360=EDGE_LOOP('',(#657,#658,#659,#660,#661,#662,#663,#664));
#361=AXIS2_PLACEMENT_3D('',#665,#666,#667);
#362=EDGE_LOOP('',(#668,#669,#670,#671,#672,#673,#674,#675));
#363=AXIS2_PLACEMENT_3D('',#676,#677,#678);
#364=EDGE_LOOP('',(#679,#680,#681,#682,#683,#684,#685,#686));
#365=AXIS2_PLACEMENT_3D('',#687,#688,#689);
#366=EDGE_LOOP('',(#690,#691,#692,#693,#694,#695,#696,#697));
#367=AXIS2_PLACEMENT_3D('',#698,#699,#700);
#368=EDGE_LOOP('',(#701,#702,#703,#704,#705,#706,#707,#708));
#369=AXIS2_PLACEMENT_3D('',#709,#710,#711);
#370=EDGE_LOOP('',(#712,#713,#714,#715,#716,#717,#718,#719));
#371=AXIS2_PLACEMENT_3D('',#720,#721,#722);
#372=EDGE_LOOP('',(#723,#724,#725,#726,#727,#728,#729,#730));
#373=AXIS2_PLACEMENT_3D('',#731,#732,#733);
#374=EDGE_LOOP('',(#734,#735,#736,#737,#738,#739,#740,#741));
#375=AXIS2_PLACEMENT_3D('',#742,#743,#744);
#376=EDGE_LOOP('',(#745,#746,#747,#748,#749,#750,#751,#752));
#377=AXIS2_PLACEMENT_3D('',#753,#754,#755);
#378=EDGE_LOOP('',(#756,#757,#758,#759,#760,#761,#762,#763));
#379=AXIS2_PLACEMENT_3D('',#764,#765,#766);
#380=EDGE_LOOP('',(#767,#768,#769,#770,#771,#772,#773,#774));
#381=AXIS2_PLACEMENT_3D('',#775,#776,#777);
#382=EDGE_LOOP('',(#778,#779,#780,#781,#782,#783,#784,#785));
#383=AXIS2_PLACEMENT_3D('',#786,#787,#788);
#384=EDGE_LOOP('',(#789,#790,#791,#792,#793,#794,#795,#796));
#385=AXIS2_PLACEMENT_3D('',#797,#798,#799);
#386=EDGE_LOOP('',(#800,#801,#802,#803,#804,#805,#806,#807));
#387=AXIS2_PLACEMENT_3D('',#808,#809,#810);
#388=EDGE_LOOP('',(#811,#812,#813,#814,#815,#816,#817,#818));
#389=AXIS2_PLACEMENT_3D('',#819,#820,#821);
#390=EDGE_LOOP('',(#822,#823,#824,#825,#826,#827,#828,#829));
#391=AXIS2_PLACEMENT_3D('',#830,#831,#832);
#392=EDGE_LOOP('',(#833,#834,#835,#836,#837,#838,#839,#840));
#393=AXIS2_PLACEMENT_3D('',#841,#842,#843);
#394=EDGE_LOOP('',(#844,#845,#846,#847,#848,#849,#850,#851));
#395=AXIS2_PLACEMENT_3D('',#852,#853,#854);
#396=EDGE_LOOP('',(#855,#856,#857,#858,#859,#860,#861,#862));
#397=AXIS2_PLACEMENT_3D('',#863,#864,#865);
#398=EDGE_LOOP('',(#866,#867,#868,#869,#870,#871,#872,#873));
#399=AXIS2_PLACEMENT_3D('',#874,#875,#876);
#400=EDGE_LOOP('',(#877,#878,#879,#880,#881,#882,#883,#884));
#401=AXIS2_PLACEMENT_3D('',#885,#886,#887);
#402=EDGE_LOOP('',(#888,#889,#890,#891));
#403=AXIS2_PLACEMENT_3D('',#892,#893,#894);
#404=EDGE_LOOP('',(#895,#896,#897,#898));
#405=AXIS2_PLACEMENT_3D('',#899,#900,#901);
#406=EDGE_LOOP('',(#902,#903,#904,#905));
#407=AXIS2_PLACEMENT_3D('',#906,#907,#908);
#408=EDGE_LOOP('',(#909,#910,#911,#912));
#409=AXIS2_PLACEMENT_3D('',#913,#914,#915);
#410=EDGE_LOOP('',(#916,#917,#918,#919));
#411=AXIS2_PLACEMENT_3D('',#920,#921,#922);
#412=EDGE_LOOP('',(#923,#924,#925,#926,#927,#928,#929,#930));
#413=AXIS2_PLACEMENT_3D('',#931,#932,#933);
#414=EDGE_LOOP('',(#934,#935,#936,#937,#938,#939,#940,#941));
#415=AXIS2_PLACEMENT_3D('',#942,#943,#944);
#416=EDGE_LOOP('',(#945,#946,#947));
#417=AXIS2_PLACEMENT_3D('',#948,#949,#950);
#418=EDGE_LOOP('',(#951,#952,#953,#954));
#419=AXIS2_PLACEMENT_3D('',#955,#956,#957);
#420=EDGE_LOOP('',(#958,#959,#960));
#421=AXIS2_PLACEMENT_3D('',#961,#962,#963);
#422=EDGE_LOOP('',(#964,#965,#966,#967,#968,#969,#970,#971));
#423=AXIS2_PLACEMENT_3D('',#972,#973,#974);
#424=EDGE_LOOP('',(#975,#976,#977,#978));
#425=AXIS2_PLACEMENT_3D('',#979,#980,#981);
#426=EDGE_LOOP('',(#982,#983,#984,#985,#986,#987,#988,#989));
#427=AXIS2_PLACEMENT_3D('',#990,#991,#992);
#428=EDGE_LOOP('',(#993,#994,#995,#996,#997,#998,#999,#1000));
#429=AXIS2_PLACEMENT_3D('',#1001,#1002,#1003);
#430=EDGE_LOOP('',(#1004,#1005,#1006,#1007));
#431=AXIS2_PLACEMENT_3D('',#1008,#1009,#1010);
#432=EDGE_LOOP('',(#1011,#1012,#1013,#1014));
#433=AXIS2_PLACEMENT_3D('',#1015,#1016,#1017);
#434=EDGE_LOOP('',(#1018,#1019,#1020,#1021));
#435=AXIS2_PLACEMENT_3D('',#1022,#1023,#1024);
#436=EDGE_LOOP('',(#1025,#1026,#1027,#1028,#1029,#1030,#1031,#1032));
#437=AXIS2_PLACEMENT_3D('',#1033,#1034,#1035);
#438=EDGE_LOOP('',(#1036,#1037,#1038,#1039));
#439=AXIS2_PLACEMENT_3D('',#1040,#1041,#1042);
#440=EDGE_LOOP('',(#1043,#1044,#1045,#1046,#1047,#1048,#1049,#1050));
#441=AXIS2_PLACEMENT_3D('',#1051,#1052,#1053);
#442=EDGE_LOOP('',(#1054,#1055,#1056,#1057,#1058,#1059,#1060,#1061));
#443=AXIS2_PLACEMENT_3D('',#1062,#1063,#1064);
#444=EDGE_LOOP('',(#1065,#1066,#1067,#1068));
#445=AXIS2_PLACEMENT_3D('',#1069,#1070,#1071);
#446=EDGE_LOOP('',(#1072,#1073,#1074,#1075,#1076,#1077,#1078,#1079));
#447=AXIS2_PLACEMENT_3D('',#1080,#1081,#1082);
#448=EDGE_LOOP('',(#1083,#1084,#1085,#1086));
#449=AXIS2_PLACEMENT_3D('',#1087,#1088,#1089);
#450=EDGE_LOOP('',(#1090,#1091,#1092,#1093));
#451=AXIS2_PLACEMENT_3D('',#1094,#1095,#1096);
#452=EDGE_LOOP('',(#1097,#1098,#1099,#1100));
#453=AXIS2_PLACEMENT_3D('',#1101,#1102,#1103);
#454=EDGE_LOOP('',(#1104,#1105,#1106,#1107,#1108,#1109,#1110,#1111));
#455=AXIS2_PLACEMENT_3D('',#1112,#1113,#1114);
#456=EDGE_LOOP('',(#1115,#1116,#1117,#1118,#1119,#1120,#1121,#1122));
#457=AXIS2_PLACEMENT_3D('',#1123,#1124,#1125);
#458=EDGE_LOOP('',(#1126,#1127,#1128,#1129,#1130,#1131,#1132,#1133));
#459=AXIS2_PLACEMENT_3D('',#1134,#1135,#1136);
#460=EDGE_LOOP('',(#1137,#1138,#1139,#1140,#1141,#1142,#1143,#1144));
#461=AXIS2_PLACEMENT_3D('',#1145,#1146,#1147);
#462=EDGE_LOOP('',(#1148,#1149,#1150,#1151,#1152,#1153,#1154,#1155));
#463=AXIS2_PLACEMENT_3D('',#1156,#1157,#1158);
#464=EDGE_LOOP('',(#1159,#1160,#1161,#1162,#1163,#1164,#1165,#1166));
#465=AXIS2_PLACEMENT_3D('',#1167,#1168,#1169);
#466=EDGE_LOOP('',(#1170,#1171,#1172,#1173,#1174,#1175,#1176,#1177));
#467=AXIS2_PLACEMENT_3D('',#1178,#1179,#1180);
#468=EDGE_LOOP('',(#1181,#1182,#1183,#1184));
#469=AXIS2_PLACEMENT_3D('',#1185,#1186,#1187);
#470=EDGE_LOOP('',(#1188,#1189,#1190,#1191,#1192,#1193,#1194,#1195));
#471=AXIS2_PLACEMENT_3D('',#1196,#1197,#1198);
#472=EDGE_LOOP('',(#1199,#1200,#1201,#1202,#1203,#1204,#1205,#1206));
#473=AXIS2_PLACEMENT_3D('',#1207,#1208,#1209);
#474=EDGE_LOOP('',(#1210,#1211,#1212,#1213,#1214,#1215,#1216,#1217));
#475=AXIS2_PLACEMENT_3D('',#1218,#1219,#1220);
#476=EDGE_LOOP('',(#1221,#1222,#1223,#1224,#1225,#1226,#1227,#1228));
#477=AXIS2_PLACEMENT_3D('',#1229,#1230,#1231);
#478=EDGE_LOOP('',(#1232,#1233,#1234,#1235,#1236,#1237,#1238,#1239));
#479=AXIS2_PLACEMENT_3D('',#1240,#1241,#1242);
#480=EDGE_LOOP('',(#1243,#1244,#1245,#1246,#1247,#1248,#1249,#1250));
#481=AXIS2_PLACEMENT_3D('',#1251,#1252,#1253);
#482=EDGE_LOOP('',(#1254,#1255,#1256,#1257,#1258,#1259,#1260,#1261));
#483=AXIS2_PLACEMENT_3D('',#1262,#1263,#1264);
#484=EDGE_LOOP('',(#1265,#1266,#1267,#1268,#1269,#1270,#1271,#1272));
#485=AXIS2_PLACEMENT_3D('',#1273,#1274,#1275);
#486=EDGE_LOOP('',(#1276,#1277,#1278,#1279,#1280,#1281,#1282,#1283));
#487=AXIS2_PLACEMENT_3D('',#1284,#1285,#1286);
#488=EDGE_LOOP('',(#1287,#1288,#1289,#1290,#1291,#1292,#1293,#1294));
#489=AXIS2_PLACEMENT_3D('',#1295,#1296,#1297);
#490=EDGE_LOOP('',(#1298,#1299,#1300,#1301,#1302,#1303,#1304,#1305));
#491=AXIS2_PLACEMENT_3D('',#1306,#1307,#1308);
#492=EDGE_LOOP('',(#1309,#1310,#1311,#1312,#1313,#1314,#1315,#1316));
#493=AXIS2_PLACEMENT_3D('',#1317,#1318,#1319);
#494=EDGE_LOOP('',(#1320,#1321,#1322,#1323,#1324,#1325,#1326,#1327));
#495=AXIS2_PLACEMENT_3D('',#1328,#1329,#1330);
#496=EDGE_LOOP('',(#1331,#1332,#1333,#1334,#1335,#1336,#1337,#1338));
#497=AXIS2_PLACEMENT_3D('',#1339,#1340,#1341);
#498=EDGE_LOOP('',(#1342,#1343,#1344,#1345,#1346,#1347,#1348,#1349));
#499=AXIS2_PLACEMENT_3D('',#1350,#1351,#1352);
#500=EDGE_LOOP('',(#1353,#1354,#1355,#1356,#1357,#1358,#1359,#1360));
#501=AXIS2_PLACEMENT_3D('',#1361,#1362,#1363);
#502=EDGE_LOOP('',(#1364,#1365,#1366,#1367));
#503=AXIS2_PLACEMENT_3D('',#1368,#1369,#1370);
#504=EDGE_LOOP('',(#1371,#1372,#1373));
#505=AXIS2_PLACEMENT_3D('',#1374,#1375,#1376);
#506=EDGE_LOOP('',(#1377,#1378,#1379));
#507=AXIS2_PLACEMENT_3D('',#1380,#1381,#1382);
#508=EDGE_LOOP('',(#1383,#1384,#1385));
#509=AXIS2_PLACEMENT_3D('',#1386,#1387,#1388);
#510=EDGE_LOOP('',(#1389,#1390,#1391));
#511=AXIS2_PLACEMENT_3D('',#1392,#1393,#1394);
#512=EDGE_LOOP('',(#1395,#1396,#1397));
#513=AXIS2_PLACEMENT_3D('',#1398,#1399,#1400);
#514=EDGE_LOOP('',(#1401,#1402,#1403,#1404,#1405,#1406,#1407,#1408));
#515=AXIS2_PLACEMENT_3D('',#1409,#1410,#1411);
#516=EDGE_LOOP('',(#1412,#1413,#1414,#1415,#1416,#1417,#1418,#1419));
#517=AXIS2_PLACEMENT_3D('',#1420,#1421,#1422);
#518=EDGE_LOOP('',(#1423,#1424,#1425));
#519=AXIS2_PLACEMENT_3D('',#1426,#1427,#1428);
#520=EDGE_LOOP('',(#1429,#1430,#1431,#1432,#1433,#1434,#1435,#1436));
#521=AXIS2_PLACEMENT_3D('',#1437,#1438,#1439);
#522=EDGE_LOOP('',(#1440,#1441,#1442,#1443));
#523=AXIS2_PLACEMENT_3D('',#1444,#1445,#1446);
#524=FILL_AREA_STYLE_COLOUR('',#1447);
#525=ORIENTED_EDGE('',*,*,#1448,.F.);
#526=ORIENTED_EDGE('',*,*,#1449,.F.);
#527=ORIENTED_EDGE('',*,*,#1450,.F.);
#528=ORIENTED_EDGE('',*,*,#1451,.F.);
#529=ORIENTED_EDGE('',*,*,#1452,.F.);
#530=ORIENTED_EDGE('',*,*,#1453,.T.);
#531=ORIENTED_EDGE('',*,*,#1454,.T.);
#532=ORIENTED_EDGE('',*,*,#1455,.T.);
#533=CARTESIAN_POINT('',(0.005,0.005,0.005));
#534=DIRECTION('',(0.577350269189626,0.577350269189626,0.577350269189626));
#535=DIRECTION('',(-0.707106781186547,0.707106781186547,0.0));
#536=ORIENTED_EDGE('',*,*,#1456,.F.);
#537=ORIENTED_EDGE('',*,*,#1457,.T.);
#538=ORIENTED_EDGE('',*,*,#1458,.T.);
#539=ORIENTED_EDGE('',*,*,#1459,.T.);
#540=ORIENTED_EDGE('',*,*,#1460,.F.);
#541=ORIENTED_EDGE('',*,*,#1461,.F.);
#542=ORIENTED_EDGE('',*,*,#1462,.F.);
#543=ORIENTED_EDGE('',*,*,#1463,.F.);
#544=CARTESIAN_POINT('',(0.01,1.0432740269008E-20,1.0432740269008E-20));
#545=DIRECTION('',(-0.577350269189626,-0.577350269189626,-0.577350269189626));
#546=DIRECTION('',(0.707106781186548,-0.707106781186547,-1.31943817324967E-16));
#547=ORIENTED_EDGE('',*,*,#1464,.F.);
#548=ORIENTED_EDGE('',*,*,#1465,.T.);
#549=ORIENTED_EDGE('',*,*,#1466,.T.);
#550=ORIENTED_EDGE('',*,*,#1467,.F.);
#551=ORIENTED_EDGE('',*,*,#1468,.T.);
#552=ORIENTED_EDGE('',*,*,#1469,.T.);
#553=ORIENTED_EDGE('',*,*,#1470,.T.);
#554=ORIENTED_EDGE('',*,*,#1471,.T.);
#555=CARTESIAN_POINT('',(0.01,1.0432740269008E-20,-1.0432740269008E-20));
#556=DIRECTION('',(-0.577350269189626,-0.577350269189626,0.577350269189626));
#557=DIRECTION('',(0.707106781186548,-0.707106781186547,1.31943817324967E-16));
#558=ORIENTED_EDGE('',*,*,#1472,.F.);
#559=ORIENTED_EDGE('',*,*,#1473,.T.);
#560=ORIENTED_EDGE('',*,*,#1474,.T.);
#561=ORIENTED_EDGE('',*,*,#1475,.T.);
#562=ORIENTED_EDGE('',*,*,#1476,.T.);
#563=ORIENTED_EDGE('',*,*,#1477,.F.);
#564=ORIENTED_EDGE('',*,*,#1478,.T.);
#565=ORIENTED_EDGE('',*,*,#1479,.T.);
#566=CARTESIAN_POINT('',(0.005,0.005,-0.005));
#567=DIRECTION('',(0.577350269189626,0.577350269189626,-0.577350269189626));
#568=DIRECTION('',(-0.707106781186547,0.707106781186547,0.0));
#569=ORIENTED_EDGE('',*,*,#1480,.F.);
#570=ORIENTED_EDGE('',*,*,#1481,.F.);
#571=ORIENTED_EDGE('',*,*,#1482,.F.);
#572=ORIENTED_EDGE('',*,*,#1483,.F.);
#573=ORIENTED_EDGE('',*,*,#1484,.F.);
#574=ORIENTED_EDGE('',*,*,#1485,.T.);
#575=ORIENTED_EDGE('',*,*,#1486,.T.);
#576=ORIENTED_EDGE('',*,*,#1487,.T.);
#577=CARTESIAN_POINT('',(-0.005,0.005,-0.005));
#578=DIRECTION('',(0.577350269189626,0.577350269189626,0.577350269189626));
#579=DIRECTION('',(-0.707106781186547,0.707106781186547,0.0));
#580=ORIENTED_EDGE('',*,*,#1488,.F.);
#581=ORIENTED_EDGE('',*,*,#1489,.F.);
#582=ORIENTED_EDGE('',*,*,#1490,.F.);
#583=ORIENTED_EDGE('',*,*,#1474,.F.);
#584=ORIENTED_EDGE('',*,*,#1491,.F.);
#585=ORIENTED_EDGE('',*,*,#1492,.T.);
#586=ORIENTED_EDGE('',*,*,#1493,.T.);
#587=ORIENTED_EDGE('',*,*,#1485,.F.);
#588=CARTESIAN_POINT('',(0.005,0.005,-0.005));
#589=DIRECTION('',(-0.577350269189626,0.577350269189626,0.577350269189626));
#590=DIRECTION('',(-0.707106781186547,-0.707106781186547,0.0));
#591=ORIENTED_EDGE('',*,*,#1494,.F.);
#592=ORIENTED_EDGE('',*,*,#1495,.T.);
#593=ORIENTED_EDGE('',*,*,#1451,.T.);
#594=ORIENTED_EDGE('',*,*,#1496,.T.);
#595=ORIENTED_EDGE('',*,*,#1497,.T.);
#596=ORIENTED_EDGE('',*,*,#1498,.F.);
#597=ORIENTED_EDGE('',*,*,#1466,.F.);
#598=ORIENTED_EDGE('',*,*,#1499,.T.);
#599=CARTESIAN_POINT('',(0.005,0.005,0.005));
#600=DIRECTION('',(0.577350269189626,-0.577350269189626,-0.577350269189626));
#601=DIRECTION('',(0.707106781186547,0.707106781186547,0.0));
#602=ORIENTED_EDGE('',*,*,#1500,.F.);
#603=ORIENTED_EDGE('',*,*,#1501,.T.);
#604=ORIENTED_EDGE('',*,*,#1502,.T.);
#605=ORIENTED_EDGE('',*,*,#1503,.T.);
#606=ORIENTED_EDGE('',*,*,#1504,.T.);
#607=ORIENTED_EDGE('',*,*,#1505,.F.);
#608=ORIENTED_EDGE('',*,*,#1506,.F.);
#609=ORIENTED_EDGE('',*,*,#1507,.F.);
#610=CARTESIAN_POINT('',(-0.005,0.005,0.005));
#611=DIRECTION('',(-0.577350269189626,-0.577350269189626,-0.577350269189626));
#612=DIRECTION('',(0.707106781186547,-0.707106781186547,0.0));
#613=ORIENTED_EDGE('',*,*,#1508,.F.);
#614=ORIENTED_EDGE('',*,*,#1509,.T.);
#615=ORIENTED_EDGE('',*,*,#1510,.T.);
#616=ORIENTED_EDGE('',*,*,#1511,.T.);
#617=ORIENTED_EDGE('',*,*,#1512,.F.);
#618=ORIENTED_EDGE('',*,*,#1513,.F.);
#619=ORIENTED_EDGE('',*,*,#1514,.F.);
#620=ORIENTED_EDGE('',*,*,#1515,.F.);
#621=CARTESIAN_POINT('',(0.0,0.0,0.01));
#622=DIRECTION('',(-0.577350269189626,-0.577350269189626,-0.577350269189626));
#623=DIRECTION('',(0.707106781186548,-0.707106781186548,0.0));
#624=ORIENTED_EDGE('',*,*,#1516,.F.);
#625=ORIENTED_EDGE('',*,*,#1517,.T.);
#626=ORIENTED_EDGE('',*,*,#1518,.T.);
#627=ORIENTED_EDGE('',*,*,#1509,.F.);
#628=ORIENTED_EDGE('',*,*,#1519,.F.);
#629=ORIENTED_EDGE('',*,*,#1520,.F.);
#630=ORIENTED_EDGE('',*,*,#1521,.F.);
#631=ORIENTED_EDGE('',*,*,#1469,.F.);
#632=CARTESIAN_POINT('',(0.0,0.0,0.01));
#633=DIRECTION('',(0.577350269189626,-0.577350269189626,-0.577350269189626));
#634=DIRECTION('',(0.707106781186548,0.707106781186548,0.0));
#635=ORIENTED_EDGE('',*,*,#1522,.F.);
#636=ORIENTED_EDGE('',*,*,#1523,.F.);
#637=ORIENTED_EDGE('',*,*,#1524,.T.);
#638=ORIENTED_EDGE('',*,*,#1525,.F.);
#639=ORIENTED_EDGE('',*,*,#1526,.T.);
#640=ORIENTED_EDGE('',*,*,#1515,.T.);
#641=ORIENTED_EDGE('',*,*,#1527,.T.);
#642=ORIENTED_EDGE('',*,*,#1528,.T.);
#643=CARTESIAN_POINT('',(1.0432740269008E-20,-0.01,-1.0432740269008E-20));
#644=DIRECTION('',(-0.577350269189626,0.577350269189626,0.577350269189626));
#645=DIRECTION('',(-0.707106781186547,-0.707106781186548,1.31943817324967E-16));
#646=ORIENTED_EDGE('',*,*,#1529,.F.);
#647=ORIENTED_EDGE('',*,*,#1530,.T.);
#648=ORIENTED_EDGE('',*,*,#1531,.T.);
#649=ORIENTED_EDGE('',*,*,#1449,.T.);
#650=ORIENTED_EDGE('',*,*,#1532,.T.);
#651=ORIENTED_EDGE('',*,*,#1533,.F.);
#652=ORIENTED_EDGE('',*,*,#1534,.T.);
#653=ORIENTED_EDGE('',*,*,#1535,.F.);
#654=CARTESIAN_POINT('',(0.005,0.005,0.005));
#655=DIRECTION('',(-0.577350269189626,0.577350269189626,-0.577350269189626));
#656=DIRECTION('',(-0.707106781186547,-0.707106781186547,0.0));
#657=ORIENTED_EDGE('',*,*,#1536,.F.);
#658=ORIENTED_EDGE('',*,*,#1537,.T.);
#659=ORIENTED_EDGE('',*,*,#1538,.T.);
#660=ORIENTED_EDGE('',*,*,#1539,.T.);
#661=ORIENTED_EDGE('',*,*,#1540,.T.);
#662=ORIENTED_EDGE('',*,*,#1541,.F.);
#663=ORIENTED_EDGE('',*,*,#1535,.T.);
#664=ORIENTED_EDGE('',*,*,#1542,.T.);
#665=CARTESIAN_POINT('',(-0.005,0.005,0.005));
#666=DIRECTION('',(0.577350269189626,0.577350269189626,-0.577350269189626));
#667=DIRECTION('',(-0.707106781186547,0.707106781186547,0.0));
#668=ORIENTED_EDGE('',*,*,#1543,.F.);
#669=ORIENTED_EDGE('',*,*,#1544,.F.);
#670=ORIENTED_EDGE('',*,*,#1482,.T.);
#671=ORIENTED_EDGE('',*,*,#1545,.F.);
#672=ORIENTED_EDGE('',*,*,#1546,.F.);
#673=ORIENTED_EDGE('',*,*,#1547,.F.);
#674=ORIENTED_EDGE('',*,*,#1548,.T.);
#675=ORIENTED_EDGE('',*,*,#1549,.F.);
#676=CARTESIAN_POINT('',(-0.005,0.005,-0.005));
#677=DIRECTION('',(-0.577350269189626,-0.577350269189626,0.577350269189626));
#678=DIRECTION('',(0.707106781186547,-0.707106781186547,0.0));
#679=ORIENTED_EDGE('',*,*,#1550,.F.);
#680=ORIENTED_EDGE('',*,*,#1551,.F.);
#681=ORIENTED_EDGE('',*,*,#1552,.T.);
#682=ORIENTED_EDGE('',*,*,#1553,.T.);
#683=ORIENTED_EDGE('',*,*,#1554,.F.);
#684=ORIENTED_EDGE('',*,*,#1555,.F.);
#685=ORIENTED_EDGE('',*,*,#1556,.T.);
#686=ORIENTED_EDGE('',*,*,#1557,.F.);
#687=CARTESIAN_POINT('',(1.0432740269008E-20,-0.01,1.0432740269008E-20));
#688=DIRECTION('',(-0.577350269189626,0.577350269189626,-0.577350269189626));
#689=DIRECTION('',(-0.707106781186547,-0.707106781186548,-1.31943817324967E-16));
#690=ORIENTED_EDGE('',*,*,#1558,.F.);
#691=ORIENTED_EDGE('',*,*,#1559,.T.);
#692=ORIENTED_EDGE('',*,*,#1560,.T.);
#693=ORIENTED_EDGE('',*,*,#1489,.T.);
#694=ORIENTED_EDGE('',*,*,#1561,.T.);
#695=ORIENTED_EDGE('',*,*,#1562,.F.);
#696=ORIENTED_EDGE('',*,*,#1563,.F.);
#697=ORIENTED_EDGE('',*,*,#1564,.F.);
#698=CARTESIAN_POINT('',(0.005,0.005,-0.005));
#699=DIRECTION('',(-0.577350269189626,-0.577350269189626,-0.577350269189626));
#700=DIRECTION('',(0.707106781186547,-0.707106781186547,0.0));
#701=ORIENTED_EDGE('',*,*,#1565,.F.);
#702=ORIENTED_EDGE('',*,*,#1475,.F.);
#703=ORIENTED_EDGE('',*,*,#1490,.T.);
#704=ORIENTED_EDGE('',*,*,#1560,.F.);
#705=ORIENTED_EDGE('',*,*,#1566,.F.);
#706=ORIENTED_EDGE('',*,*,#1459,.F.);
#707=ORIENTED_EDGE('',*,*,#1567,.T.);
#708=ORIENTED_EDGE('',*,*,#1568,.T.);
#709=CARTESIAN_POINT('',(0.005,0.005,-0.005));
#710=DIRECTION('',(0.577350269189626,-0.577350269189626,0.577350269189626));
#711=DIRECTION('',(0.707106781186547,0.707106781186547,0.0));
#712=ORIENTED_EDGE('',*,*,#1569,.F.);
#713=ORIENTED_EDGE('',*,*,#1564,.T.);
#714=ORIENTED_EDGE('',*,*,#1570,.F.);
#715=ORIENTED_EDGE('',*,*,#1571,.F.);
#716=ORIENTED_EDGE('',*,*,#1572,.T.);
#717=ORIENTED_EDGE('',*,*,#1573,.T.);
#718=ORIENTED_EDGE('',*,*,#1461,.T.);
#719=ORIENTED_EDGE('',*,*,#1574,.T.);
#720=CARTESIAN_POINT('',(0.0,0.0,-0.01));
#721=DIRECTION('',(0.577350269189626,-0.577350269189626,0.577350269189626));
#722=DIRECTION('',(0.707106781186548,0.707106781186548,0.0));
#723=ORIENTED_EDGE('',*,*,#1575,.F.);
#724=ORIENTED_EDGE('',*,*,#1576,.F.);
#725=ORIENTED_EDGE('',*,*,#1577,.T.);
#726=ORIENTED_EDGE('',*,*,#1578,.T.);
#727=ORIENTED_EDGE('',*,*,#1579,.F.);
#728=ORIENTED_EDGE('',*,*,#1470,.F.);
#729=ORIENTED_EDGE('',*,*,#1521,.T.);
#730=ORIENTED_EDGE('',*,*,#1580,.F.);
#731=CARTESIAN_POINT('',(0.01,-0.01,0.01));
#732=DIRECTION('',(-0.577350269189626,0.577350269189626,-0.577350269189626));
#733=DIRECTION('',(-0.707106781186547,-0.707106781186547,0.0));
#734=ORIENTED_EDGE('',*,*,#1581,.F.);
#735=ORIENTED_EDGE('',*,*,#1553,.F.);
#736=ORIENTED_EDGE('',*,*,#1582,.T.);
#737=ORIENTED_EDGE('',*,*,#1583,.F.);
#738=ORIENTED_EDGE('',*,*,#1584,.F.);
#739=ORIENTED_EDGE('',*,*,#1585,.F.);
#740=ORIENTED_EDGE('',*,*,#1462,.T.);
#741=ORIENTED_EDGE('',*,*,#1573,.F.);
#742=CARTESIAN_POINT('',(1.0432740269008E-20,-0.01,-1.0432740269008E-20));
#743=DIRECTION('',(0.577350269189626,0.577350269189626,-0.577350269189626));
#744=DIRECTION('',(-0.707106781186547,0.707106781186548,1.31943817324967E-16));
#745=ORIENTED_EDGE('',*,*,#1586,.F.);
#746=ORIENTED_EDGE('',*,*,#1524,.F.);
#747=ORIENTED_EDGE('',*,*,#1587,.F.);
#748=ORIENTED_EDGE('',*,*,#1588,.F.);
#749=ORIENTED_EDGE('',*,*,#1589,.T.);
#750=ORIENTED_EDGE('',*,*,#1580,.T.);
#751=ORIENTED_EDGE('',*,*,#1520,.T.);
#752=ORIENTED_EDGE('',*,*,#1590,.T.);
#753=CARTESIAN_POINT('',(1.0432740269008E-20,-0.01,1.0432740269008E-20));
#754=DIRECTION('',(0.577350269189626,0.577350269189626,0.577350269189626));
#755=DIRECTION('',(-0.707106781186547,0.707106781186548,-1.31943817324967E-16));
#756=ORIENTED_EDGE('',*,*,#1591,.F.);
#757=ORIENTED_EDGE('',*,*,#1592,.F.);
#758=ORIENTED_EDGE('',*,*,#1593,.F.);
#759=ORIENTED_EDGE('',*,*,#1594,.F.);
#760=ORIENTED_EDGE('',*,*,#1595,.T.);
#761=ORIENTED_EDGE('',*,*,#1557,.T.);
#762=ORIENTED_EDGE('',*,*,#1596,.T.);
#763=ORIENTED_EDGE('',*,*,#1597,.T.);
#764=CARTESIAN_POINT('',(-0.01,-0.01,-0.01));
#765=DIRECTION('',(0.577350269189626,0.577350269189626,0.577350269189626));
#766=DIRECTION('',(-0.707106781186547,0.707106781186547,0.0));
#767=ORIENTED_EDGE('',*,*,#1598,.F.);
#768=ORIENTED_EDGE('',*,*,#1570,.T.);
#769=ORIENTED_EDGE('',*,*,#1599,.T.);
#770=ORIENTED_EDGE('',*,*,#1600,.F.);
#771=ORIENTED_EDGE('',*,*,#1601,.T.);
#772=ORIENTED_EDGE('',*,*,#1602,.T.);
#773=ORIENTED_EDGE('',*,*,#1555,.T.);
#774=ORIENTED_EDGE('',*,*,#1603,.T.);
#775=CARTESIAN_POINT('',(0.0,0.0,-0.01));
#776=DIRECTION('',(-0.577350269189626,-0.577350269189626,0.577350269189626));
#777=DIRECTION('',(0.707106781186548,-0.707106781186548,0.0));
#778=ORIENTED_EDGE('',*,*,#1604,.F.);
#779=ORIENTED_EDGE('',*,*,#1605,.T.);
#780=ORIENTED_EDGE('',*,*,#1483,.T.);
#781=ORIENTED_EDGE('',*,*,#1544,.T.);
#782=ORIENTED_EDGE('',*,*,#1606,.T.);
#783=ORIENTED_EDGE('',*,*,#1607,.F.);
#784=ORIENTED_EDGE('',*,*,#1599,.F.);
#785=ORIENTED_EDGE('',*,*,#1563,.T.);
#786=CARTESIAN_POINT('',(-0.005,0.005,-0.005));
#787=DIRECTION('',(0.577350269189626,-0.577350269189626,-0.577350269189626));
#788=DIRECTION('',(0.707106781186547,0.707106781186547,0.0));
#789=ORIENTED_EDGE('',*,*,#1608,.F.);
#790=ORIENTED_EDGE('',*,*,#1609,.F.);
#791=ORIENTED_EDGE('',*,*,#1610,.T.);
#792=ORIENTED_EDGE('',*,*,#1611,.F.);
#793=ORIENTED_EDGE('',*,*,#1612,.T.);
#794=ORIENTED_EDGE('',*,*,#1463,.T.);
#795=ORIENTED_EDGE('',*,*,#1585,.T.);
#796=ORIENTED_EDGE('',*,*,#1613,.T.);
#797=CARTESIAN_POINT('',(0.01,-0.01,-0.01));
#798=DIRECTION('',(-0.577350269189626,0.577350269189626,0.577350269189626));
#799=DIRECTION('',(-0.707106781186547,-0.707106781186547,0.0));
#800=ORIENTED_EDGE('',*,*,#1614,.F.);
#801=ORIENTED_EDGE('',*,*,#1496,.F.);
#802=ORIENTED_EDGE('',*,*,#1450,.T.);
#803=ORIENTED_EDGE('',*,*,#1531,.F.);
#804=ORIENTED_EDGE('',*,*,#1615,.F.);
#805=ORIENTED_EDGE('',*,*,#1616,.F.);
#806=ORIENTED_EDGE('',*,*,#1617,.T.);
#807=ORIENTED_EDGE('',*,*,#1517,.F.);
#808=CARTESIAN_POINT('',(0.005,0.005,0.005));
#809=DIRECTION('',(-0.577350269189626,-0.577350269189626,0.577350269189626));
#810=DIRECTION('',(0.707106781186547,-0.707106781186547,0.0));
#811=ORIENTED_EDGE('',*,*,#1618,.F.);
#812=ORIENTED_EDGE('',*,*,#1539,.F.);
#813=ORIENTED_EDGE('',*,*,#1619,.T.);
#814=ORIENTED_EDGE('',*,*,#1502,.F.);
#815=ORIENTED_EDGE('',*,*,#1620,.F.);
#816=ORIENTED_EDGE('',*,*,#1511,.F.);
#817=ORIENTED_EDGE('',*,*,#1621,.T.);
#818=ORIENTED_EDGE('',*,*,#1616,.T.);
#819=CARTESIAN_POINT('',(-0.005,0.005,0.005));
#820=DIRECTION('',(0.577350269189626,-0.577350269189626,0.577350269189626));
#821=DIRECTION('',(0.707106781186547,0.707106781186547,0.0));
#822=ORIENTED_EDGE('',*,*,#1622,.F.);
#823=ORIENTED_EDGE('',*,*,#1549,.T.);
#824=ORIENTED_EDGE('',*,*,#1623,.T.);
#825=ORIENTED_EDGE('',*,*,#1624,.F.);
#826=ORIENTED_EDGE('',*,*,#1625,.F.);
#827=ORIENTED_EDGE('',*,*,#1596,.F.);
#828=ORIENTED_EDGE('',*,*,#1556,.F.);
#829=ORIENTED_EDGE('',*,*,#1602,.F.);
#830=CARTESIAN_POINT('',(-0.01,-1.0432740269008E-20,-1.0432740269008E-20));
#831=DIRECTION('',(0.577350269189626,-0.577350269189626,-0.577350269189626));
#832=DIRECTION('',(0.707106781186548,0.707106781186547,1.31943817324967E-16));
#833=ORIENTED_EDGE('',*,*,#1626,.F.);
#834=ORIENTED_EDGE('',*,*,#1507,.T.);
#835=ORIENTED_EDGE('',*,*,#1627,.F.);
#836=ORIENTED_EDGE('',*,*,#1628,.F.);
#837=ORIENTED_EDGE('',*,*,#1629,.T.);
#838=ORIENTED_EDGE('',*,*,#1630,.T.);
#839=ORIENTED_EDGE('',*,*,#1513,.T.);
#840=ORIENTED_EDGE('',*,*,#1631,.T.);
#841=CARTESIAN_POINT('',(-0.01,-1.0432740269008E-20,1.0432740269008E-20));
#842=DIRECTION('',(0.577350269189626,-0.577350269189626,0.577350269189626));
#843=DIRECTION('',(0.707106781186548,0.707106781186547,-1.31943817324967E-16));
#844=ORIENTED_EDGE('',*,*,#1632,.F.);
#845=ORIENTED_EDGE('',*,*,#1503,.F.);
#846=ORIENTED_EDGE('',*,*,#1619,.F.);
#847=ORIENTED_EDGE('',*,*,#1538,.F.);
#848=ORIENTED_EDGE('',*,*,#1633,.F.);
#849=ORIENTED_EDGE('',*,*,#1634,.T.);
#850=ORIENTED_EDGE('',*,*,#1635,.T.);
#851=ORIENTED_EDGE('',*,*,#1636,.F.);
#852=CARTESIAN_POINT('',(-0.005,0.005,0.005));
#853=DIRECTION('',(-0.577350269189626,0.577350269189626,0.577350269189626));
#854=DIRECTION('',(-0.707106781186547,-0.707106781186547,0.0));
#855=ORIENTED_EDGE('',*,*,#1637,.F.);
#856=ORIENTED_EDGE('',*,*,#1638,.T.);
#857=ORIENTED_EDGE('',*,*,#1545,.T.);
#858=ORIENTED_EDGE('',*,*,#1481,.T.);
#859=ORIENTED_EDGE('',*,*,#1639,.T.);
#860=ORIENTED_EDGE('',*,*,#1640,.F.);
#861=ORIENTED_EDGE('',*,*,#1641,.T.);
#862=ORIENTED_EDGE('',*,*,#1642,.F.);
#863=CARTESIAN_POINT('',(-0.005,0.005,-0.005));
#864=DIRECTION('',(-0.577350269189626,0.577350269189626,-0.577350269189626));
#865=DIRECTION('',(-0.707106781186547,-0.707106781186547,0.0));
#866=ORIENTED_EDGE('',*,*,#1643,.F.);
#867=ORIENTED_EDGE('',*,*,#1644,.F.);
#868=ORIENTED_EDGE('',*,*,#1645,.T.);
#869=ORIENTED_EDGE('',*,*,#1646,.F.);
#870=ORIENTED_EDGE('',*,*,#1647,.F.);
#871=ORIENTED_EDGE('',*,*,#1527,.F.);
#872=ORIENTED_EDGE('',*,*,#1514,.T.);
#873=ORIENTED_EDGE('',*,*,#1630,.F.);
#874=CARTESIAN_POINT('',(-0.01,-0.01,0.01));
#875=DIRECTION('',(0.577350269189626,0.577350269189626,-0.577350269189626));
#876=DIRECTION('',(-0.707106781186547,0.707106781186547,0.0));
#877=ORIENTED_EDGE('',*,*,#1648,.T.);
#878=ORIENTED_EDGE('',*,*,#1624,.T.);
#879=ORIENTED_EDGE('',*,*,#1649,.T.);
#880=ORIENTED_EDGE('',*,*,#1627,.T.);
#881=ORIENTED_EDGE('',*,*,#1506,.T.);
#882=ORIENTED_EDGE('',*,*,#1650,.T.);
#883=ORIENTED_EDGE('',*,*,#1547,.T.);
#884=ORIENTED_EDGE('',*,*,#1651,.T.);
#885=CARTESIAN_POINT('',(-0.01,0.0,0.0));
#886=DIRECTION('',(1.0,0.0,0.0));
#887=DIRECTION('',(0.0,1.0,0.0));
#888=ORIENTED_EDGE('',*,*,#1652,.T.);
#889=ORIENTED_EDGE('',*,*,#1653,.T.);
#890=ORIENTED_EDGE('',*,*,#1636,.T.);
#891=ORIENTED_EDGE('',*,*,#1654,.T.);
#892=CARTESIAN_POINT('',(-0.01,0.0,0.0));
#893=DIRECTION('',(1.0,0.0,0.0));
#894=DIRECTION('',(0.0,1.0,0.0));
#895=ORIENTED_EDGE('',*,*,#1655,.T.);
#896=ORIENTED_EDGE('',*,*,#1656,.T.);
#897=ORIENTED_EDGE('',*,*,#1592,.T.);
#898=ORIENTED_EDGE('',*,*,#1657,.T.);
#899=CARTESIAN_POINT('',(-0.01,0.0,0.0));
#900=DIRECTION('',(1.0,0.0,0.0));
#901=DIRECTION('',(0.0,1.0,0.0));
#902=ORIENTED_EDGE('',*,*,#1658,.T.);
#903=ORIENTED_EDGE('',*,*,#1659,.T.);
#904=ORIENTED_EDGE('',*,*,#1642,.T.);
#905=ORIENTED_EDGE('',*,*,#1660,.T.);
#906=CARTESIAN_POINT('',(-0.01,0.0,0.0));
#907=DIRECTION('',(1.0,0.0,0.0));
#908=DIRECTION('',(0.0,1.0,0.0));
#909=ORIENTED_EDGE('',*,*,#1644,.T.);
#910=ORIENTED_EDGE('',*,*,#1661,.T.);
#911=ORIENTED_EDGE('',*,*,#1662,.T.);
#912=ORIENTED_EDGE('',*,*,#1663,.T.);
#913=CARTESIAN_POINT('',(-0.01,0.0,0.0));
#914=DIRECTION('',(1.0,0.0,0.0));
#915=DIRECTION('',(0.0,1.0,0.0));
#916=ORIENTED_EDGE('',*,*,#1662,.F.);
#917=ORIENTED_EDGE('',*,*,#1664,.T.);
#918=ORIENTED_EDGE('',*,*,#1646,.T.);
#919=ORIENTED_EDGE('',*,*,#1665,.T.);
#920=CARTESIAN_POINT('',(0.0,-0.01,0.0));
#921=DIRECTION('',(0.0,1.0,-0.0));
#922=DIRECTION('',(-1.0,0.0,0.0));
#923=ORIENTED_EDGE('',*,*,#1643,.T.);
#924=ORIENTED_EDGE('',*,*,#1629,.F.);
#925=ORIENTED_EDGE('',*,*,#1666,.F.);
#926=ORIENTED_EDGE('',*,*,#1667,.F.);
#927=ORIENTED_EDGE('',*,*,#1528,.F.);
#928=ORIENTED_EDGE('',*,*,#1647,.T.);
#929=ORIENTED_EDGE('',*,*,#1664,.F.);
#930=ORIENTED_EDGE('',*,*,#1661,.F.);
#931=CARTESIAN_POINT('',(-0.01,-0.01,0.01));
#932=DIRECTION('',(0.577350269189626,0.577350269189626,-0.577350269189626));
#933=DIRECTION('',(-0.707106781186547,0.707106781186547,0.0));
#934=ORIENTED_EDGE('',*,*,#1637,.T.);
#935=ORIENTED_EDGE('',*,*,#1659,.F.);
#936=ORIENTED_EDGE('',*,*,#1668,.F.);
#937=ORIENTED_EDGE('',*,*,#1669,.T.);
#938=ORIENTED_EDGE('',*,*,#1640,.T.);
#939=ORIENTED_EDGE('',*,*,#1670,.T.);
#940=ORIENTED_EDGE('',*,*,#1671,.F.);
#941=ORIENTED_EDGE('',*,*,#1672,.T.);
#942=CARTESIAN_POINT('',(-0.005,0.005,-0.005));
#943=DIRECTION('',(-0.577350269189626,0.577350269189626,-0.577350269189626));
#944=DIRECTION('',(-0.707106781186547,-0.707106781186547,0.0));
#945=ORIENTED_EDGE('',*,*,#1658,.F.);
#946=ORIENTED_EDGE('',*,*,#1673,.T.);
#947=ORIENTED_EDGE('',*,*,#1668,.T.);
#948=CARTESIAN_POINT('',(0.0,0.0,-0.01));
#949=DIRECTION('',(0.0,0.0,1.0));
#950=DIRECTION('',(1.0,0.0,0.0));
#951=ORIENTED_EDGE('',*,*,#1656,.F.);
#952=ORIENTED_EDGE('',*,*,#1674,.F.);
#953=ORIENTED_EDGE('',*,*,#1675,.T.);
#954=ORIENTED_EDGE('',*,*,#1593,.T.);
#955=CARTESIAN_POINT('',(0.0,-0.01,0.0));
#956=DIRECTION('',(0.0,1.0,-0.0));
#957=DIRECTION('',(-1.0,0.0,0.0));
#958=ORIENTED_EDGE('',*,*,#1655,.F.);
#959=ORIENTED_EDGE('',*,*,#1676,.T.);
#960=ORIENTED_EDGE('',*,*,#1674,.T.);
#961=CARTESIAN_POINT('',(0.0,0.0,-0.01));
#962=DIRECTION('',(0.0,0.0,1.0));
#963=DIRECTION('',(1.0,0.0,0.0));
#964=ORIENTED_EDGE('',*,*,#1632,.T.);
#965=ORIENTED_EDGE('',*,*,#1653,.F.);
#966=ORIENTED_EDGE('',*,*,#1677,.T.);
#967=ORIENTED_EDGE('',*,*,#1633,.T.);
#968=ORIENTED_EDGE('',*,*,#1537,.F.);
#969=ORIENTED_EDGE('',*,*,#1678,.F.);
#970=ORIENTED_EDGE('',*,*,#1679,.F.);
#971=ORIENTED_EDGE('',*,*,#1504,.F.);
#972=CARTESIAN_POINT('',(-0.005,0.005,0.005));
#973=DIRECTION('',(-0.577350269189626,0.577350269189626,0.577350269189626));
#974=DIRECTION('',(-0.707106781186547,-0.707106781186547,0.0));
#975=ORIENTED_EDGE('',*,*,#1652,.F.);
#976=ORIENTED_EDGE('',*,*,#1680,.T.);
#977=ORIENTED_EDGE('',*,*,#1634,.F.);
#978=ORIENTED_EDGE('',*,*,#1677,.F.);
#979=CARTESIAN_POINT('',(0.0,0.01,0.0));
#980=DIRECTION('',(0.0,1.0,-0.0));
#981=DIRECTION('',(-1.0,0.0,0.0));
#982=ORIENTED_EDGE('',*,*,#1626,.T.);
#983=ORIENTED_EDGE('',*,*,#1681,.T.);
#984=ORIENTED_EDGE('',*,*,#1682,.F.);
#985=ORIENTED_EDGE('',*,*,#1666,.T.);
#986=ORIENTED_EDGE('',*,*,#1628,.T.);
#987=ORIENTED_EDGE('',*,*,#1649,.F.);
#988=ORIENTED_EDGE('',*,*,#1623,.F.);
#989=ORIENTED_EDGE('',*,*,#1683,.T.);
#990=CARTESIAN_POINT('',(-0.01,-1.0432740269008E-20,1.0432740269008E-20));
#991=DIRECTION('',(0.577350269189626,-0.577350269189626,0.577350269189626));
#992=DIRECTION('',(0.707106781186548,0.707106781186547,-1.31943817324967E-16));
#993=ORIENTED_EDGE('',*,*,#1622,.T.);
#994=ORIENTED_EDGE('',*,*,#1601,.F.);
#995=ORIENTED_EDGE('',*,*,#1684,.F.);
#996=ORIENTED_EDGE('',*,*,#1685,.F.);
#997=ORIENTED_EDGE('',*,*,#1597,.F.);
#998=ORIENTED_EDGE('',*,*,#1625,.T.);
#999=ORIENTED_EDGE('',*,*,#1648,.F.);
#1000=ORIENTED_EDGE('',*,*,#1686,.T.);
#1001=CARTESIAN_POINT('',(-0.01,-1.0432740269008E-20,-1.0432740269008E-20));
#1002=DIRECTION('',(0.577350269189626,-0.577350269189626,-0.577350269189626));
#1003=DIRECTION('',(0.707106781186548,0.707106781186547,1.31943817324967E-16));
#1004=ORIENTED_EDGE('',*,*,#1687,.F.);
#1005=ORIENTED_EDGE('',*,*,#1688,.F.);
#1006=ORIENTED_EDGE('',*,*,#1689,.F.);
#1007=ORIENTED_EDGE('',*,*,#1578,.F.);
#1008=CARTESIAN_POINT('',(0.01,0.0,0.0));
#1009=DIRECTION('',(1.0,0.0,0.0));
#1010=DIRECTION('',(0.0,1.0,0.0));
#1011=ORIENTED_EDGE('',*,*,#1690,.F.);
#1012=ORIENTED_EDGE('',*,*,#1453,.F.);
#1013=ORIENTED_EDGE('',*,*,#1691,.F.);
#1014=ORIENTED_EDGE('',*,*,#1692,.F.);
#1015=CARTESIAN_POINT('',(0.01,0.0,0.0));
#1016=DIRECTION('',(1.0,0.0,0.0));
#1017=DIRECTION('',(0.0,1.0,0.0));
#1018=ORIENTED_EDGE('',*,*,#1693,.F.);
#1019=ORIENTED_EDGE('',*,*,#1694,.F.);
#1020=ORIENTED_EDGE('',*,*,#1695,.F.);
#1021=ORIENTED_EDGE('',*,*,#1478,.F.);
#1022=CARTESIAN_POINT('',(0.01,0.0,0.0));
#1023=DIRECTION('',(1.0,0.0,0.0));
#1024=DIRECTION('',(0.0,1.0,0.0));
#1025=ORIENTED_EDGE('',*,*,#1499,.F.);
#1026=ORIENTED_EDGE('',*,*,#1465,.F.);
#1027=ORIENTED_EDGE('',*,*,#1696,.F.);
#1028=ORIENTED_EDGE('',*,*,#1457,.F.);
#1029=ORIENTED_EDGE('',*,*,#1697,.F.);
#1030=ORIENTED_EDGE('',*,*,#1698,.F.);
#1031=ORIENTED_EDGE('',*,*,#1568,.F.);
#1032=ORIENTED_EDGE('',*,*,#1699,.F.);
#1033=CARTESIAN_POINT('',(0.01,0.0,0.0));
#1034=DIRECTION('',(1.0,0.0,0.0));
#1035=DIRECTION('',(0.0,1.0,0.0));
#1036=ORIENTED_EDGE('',*,*,#1700,.F.);
#1037=ORIENTED_EDGE('',*,*,#1701,.F.);
#1038=ORIENTED_EDGE('',*,*,#1702,.F.);
#1039=ORIENTED_EDGE('',*,*,#1610,.F.);
#1040=CARTESIAN_POINT('',(0.01,0.0,0.0));
#1041=DIRECTION('',(1.0,0.0,0.0));
#1042=DIRECTION('',(0.0,1.0,0.0));
#1043=ORIENTED_EDGE('',*,*,#1618,.T.);
#1044=ORIENTED_EDGE('',*,*,#1703,.T.);
#1045=ORIENTED_EDGE('',*,*,#1704,.F.);
#1046=ORIENTED_EDGE('',*,*,#1620,.T.);
#1047=ORIENTED_EDGE('',*,*,#1501,.F.);
#1048=ORIENTED_EDGE('',*,*,#1705,.F.);
#1049=ORIENTED_EDGE('',*,*,#1706,.F.);
#1050=ORIENTED_EDGE('',*,*,#1540,.F.);
#1051=CARTESIAN_POINT('',(-0.005,0.005,0.005));
#1052=DIRECTION('',(0.577350269189626,-0.577350269189626,0.577350269189626));
#1053=DIRECTION('',(0.707106781186547,0.707106781186547,0.0));
#1054=ORIENTED_EDGE('',*,*,#1614,.T.);
#1055=ORIENTED_EDGE('',*,*,#1707,.F.);
#1056=ORIENTED_EDGE('',*,*,#1703,.F.);
#1057=ORIENTED_EDGE('',*,*,#1615,.T.);
#1058=ORIENTED_EDGE('',*,*,#1530,.F.);
#1059=ORIENTED_EDGE('',*,*,#1708,.F.);
#1060=ORIENTED_EDGE('',*,*,#1709,.F.);
#1061=ORIENTED_EDGE('',*,*,#1497,.F.);
#1062=CARTESIAN_POINT('',(0.005,0.005,0.005));
#1063=DIRECTION('',(-0.577350269189626,-0.577350269189626,0.577350269189626));
#1064=DIRECTION('',(0.707106781186547,-0.707106781186547,0.0));
#1065=ORIENTED_EDGE('',*,*,#1710,.T.);
#1066=ORIENTED_EDGE('',*,*,#1711,.T.);
#1067=ORIENTED_EDGE('',*,*,#1712,.T.);
#1068=ORIENTED_EDGE('',*,*,#1713,.T.);
#1069=CARTESIAN_POINT('',(0.0,0.0,-0.01));
#1070=DIRECTION('',(0.0,0.0,1.0));
#1071=DIRECTION('',(1.0,0.0,0.0));
#1072=ORIENTED_EDGE('',*,*,#1608,.T.);
#1073=ORIENTED_EDGE('',*,*,#1714,.T.);
#1074=ORIENTED_EDGE('',*,*,#1715,.T.);
#1075=ORIENTED_EDGE('',*,*,#1716,.T.);
#1076=ORIENTED_EDGE('',*,*,#1611,.T.);
#1077=ORIENTED_EDGE('',*,*,#1702,.T.);
#1078=ORIENTED_EDGE('',*,*,#1717,.F.);
#1079=ORIENTED_EDGE('',*,*,#1718,.F.);
#1080=CARTESIAN_POINT('',(0.01,-0.01,-0.01));
#1081=DIRECTION('',(-0.577350269189626,0.577350269189626,0.577350269189626));
#1082=DIRECTION('',(-0.707106781186547,-0.707106781186547,0.0));
#1083=ORIENTED_EDGE('',*,*,#1700,.T.);
#1084=ORIENTED_EDGE('',*,*,#1609,.T.);
#1085=ORIENTED_EDGE('',*,*,#1718,.T.);
#1086=ORIENTED_EDGE('',*,*,#1719,.F.);
#1087=CARTESIAN_POINT('',(0.0,-0.01,0.0));
#1088=DIRECTION('',(0.0,1.0,-0.0));
#1089=DIRECTION('',(-1.0,0.0,0.0));
#1090=ORIENTED_EDGE('',*,*,#1695,.T.);
#1091=ORIENTED_EDGE('',*,*,#1720,.F.);
#1092=ORIENTED_EDGE('',*,*,#1721,.F.);
#1093=ORIENTED_EDGE('',*,*,#1479,.F.);
#1094=CARTESIAN_POINT('',(0.0,0.01,0.0));
#1095=DIRECTION('',(0.0,1.0,-0.0));
#1096=DIRECTION('',(-1.0,0.0,0.0));
#1097=ORIENTED_EDGE('',*,*,#1660,.F.);
#1098=ORIENTED_EDGE('',*,*,#1641,.F.);
#1099=ORIENTED_EDGE('',*,*,#1669,.F.);
#1100=ORIENTED_EDGE('',*,*,#1673,.F.);
#1101=CARTESIAN_POINT('',(0.0,0.01,0.0));
#1102=DIRECTION('',(0.0,1.0,-0.0));
#1103=DIRECTION('',(-1.0,0.0,0.0));
#1104=ORIENTED_EDGE('',*,*,#1604,.T.);
#1105=ORIENTED_EDGE('',*,*,#1722,.T.);
#1106=ORIENTED_EDGE('',*,*,#1711,.F.);
#1107=ORIENTED_EDGE('',*,*,#1723,.F.);
#1108=ORIENTED_EDGE('',*,*,#1607,.T.);
#1109=ORIENTED_EDGE('',*,*,#1724,.T.);
#1110=ORIENTED_EDGE('',*,*,#1671,.T.);
#1111=ORIENTED_EDGE('',*,*,#1725,.T.);
#1112=CARTESIAN_POINT('',(-0.005,0.005,-0.005));
#1113=DIRECTION('',(0.577350269189626,-0.577350269189626,-0.577350269189626));
#1114=DIRECTION('',(0.707106781186547,0.707106781186547,0.0));
#1115=ORIENTED_EDGE('',*,*,#1598,.T.);
#1116=ORIENTED_EDGE('',*,*,#1726,.T.);
#1117=ORIENTED_EDGE('',*,*,#1727,.F.);
#1118=ORIENTED_EDGE('',*,*,#1684,.T.);
#1119=ORIENTED_EDGE('',*,*,#1600,.T.);
#1120=ORIENTED_EDGE('',*,*,#1723,.T.);
#1121=ORIENTED_EDGE('',*,*,#1710,.F.);
#1122=ORIENTED_EDGE('',*,*,#1728,.T.);
#1123=CARTESIAN_POINT('',(0.0,0.0,-0.01));
#1124=DIRECTION('',(-0.577350269189626,-0.577350269189626,0.577350269189626));
#1125=DIRECTION('',(0.707106781186548,-0.707106781186548,0.0));
#1126=ORIENTED_EDGE('',*,*,#1729,.T.);
#1127=ORIENTED_EDGE('',*,*,#1583,.T.);
#1128=ORIENTED_EDGE('',*,*,#1730,.T.);
#1129=ORIENTED_EDGE('',*,*,#1587,.T.);
#1130=ORIENTED_EDGE('',*,*,#1523,.T.);
#1131=ORIENTED_EDGE('',*,*,#1731,.T.);
#1132=ORIENTED_EDGE('',*,*,#1551,.T.);
#1133=ORIENTED_EDGE('',*,*,#1732,.T.);
#1134=CARTESIAN_POINT('',(0.0,-0.01,0.0));
#1135=DIRECTION('',(0.0,1.0,-0.0));
#1136=DIRECTION('',(-1.0,0.0,0.0));
#1137=ORIENTED_EDGE('',*,*,#1591,.T.);
#1138=ORIENTED_EDGE('',*,*,#1685,.T.);
#1139=ORIENTED_EDGE('',*,*,#1727,.T.);
#1140=ORIENTED_EDGE('',*,*,#1733,.T.);
#1141=ORIENTED_EDGE('',*,*,#1594,.T.);
#1142=ORIENTED_EDGE('',*,*,#1675,.F.);
#1143=ORIENTED_EDGE('',*,*,#1676,.F.);
#1144=ORIENTED_EDGE('',*,*,#1657,.F.);
#1145=CARTESIAN_POINT('',(-0.01,-0.01,-0.01));
#1146=DIRECTION('',(0.577350269189626,0.577350269189626,0.577350269189626));
#1147=DIRECTION('',(-0.707106781186547,0.707106781186547,0.0));
#1148=ORIENTED_EDGE('',*,*,#1586,.T.);
#1149=ORIENTED_EDGE('',*,*,#1734,.T.);
#1150=ORIENTED_EDGE('',*,*,#1735,.T.);
#1151=ORIENTED_EDGE('',*,*,#1736,.T.);
#1152=ORIENTED_EDGE('',*,*,#1588,.T.);
#1153=ORIENTED_EDGE('',*,*,#1730,.F.);
#1154=ORIENTED_EDGE('',*,*,#1582,.F.);
#1155=ORIENTED_EDGE('',*,*,#1737,.F.);
#1156=CARTESIAN_POINT('',(1.0432740269008E-20,-0.01,1.0432740269008E-20));
#1157=DIRECTION('',(0.577350269189626,0.577350269189626,0.577350269189626));
#1158=DIRECTION('',(-0.707106781186547,0.707106781186548,-1.31943817324967E-16));
#1159=ORIENTED_EDGE('',*,*,#1581,.T.);
#1160=ORIENTED_EDGE('',*,*,#1572,.F.);
#1161=ORIENTED_EDGE('',*,*,#1738,.F.);
#1162=ORIENTED_EDGE('',*,*,#1714,.F.);
#1163=ORIENTED_EDGE('',*,*,#1613,.F.);
#1164=ORIENTED_EDGE('',*,*,#1584,.T.);
#1165=ORIENTED_EDGE('',*,*,#1729,.F.);
#1166=ORIENTED_EDGE('',*,*,#1739,.F.);
#1167=CARTESIAN_POINT('',(1.0432740269008E-20,-0.01,-1.0432740269008E-20));
#1168=DIRECTION('',(0.577350269189626,0.577350269189626,-0.577350269189626));
#1169=DIRECTION('',(-0.707106781186547,0.707106781186548,1.31943817324967E-16));
#1170=ORIENTED_EDGE('',*,*,#1575,.T.);
#1171=ORIENTED_EDGE('',*,*,#1589,.F.);
#1172=ORIENTED_EDGE('',*,*,#1736,.F.);
#1173=ORIENTED_EDGE('',*,*,#1740,.F.);
#1174=ORIENTED_EDGE('',*,*,#1471,.F.);
#1175=ORIENTED_EDGE('',*,*,#1579,.T.);
#1176=ORIENTED_EDGE('',*,*,#1689,.T.);
#1177=ORIENTED_EDGE('',*,*,#1741,.F.);
#1178=CARTESIAN_POINT('',(0.01,-0.01,0.01));
#1179=DIRECTION('',(-0.577350269189626,0.577350269189626,-0.577350269189626));
#1180=DIRECTION('',(-0.707106781186547,-0.707106781186547,0.0));
#1181=ORIENTED_EDGE('',*,*,#1692,.T.);
#1182=ORIENTED_EDGE('',*,*,#1742,.F.);
#1183=ORIENTED_EDGE('',*,*,#1455,.F.);
#1184=ORIENTED_EDGE('',*,*,#1743,.T.);
#1185=CARTESIAN_POINT('',(0.0,0.01,0.0));
#1186=DIRECTION('',(0.0,1.0,-0.0));
#1187=DIRECTION('',(-1.0,0.0,0.0));
#1188=ORIENTED_EDGE('',*,*,#1744,.F.);
#1189=ORIENTED_EDGE('',*,*,#1492,.F.);
#1190=ORIENTED_EDGE('',*,*,#1745,.F.);
#1191=ORIENTED_EDGE('',*,*,#1746,.F.);
#1192=ORIENTED_EDGE('',*,*,#1487,.F.);
#1193=ORIENTED_EDGE('',*,*,#1747,.F.);
#1194=ORIENTED_EDGE('',*,*,#1542,.F.);
#1195=ORIENTED_EDGE('',*,*,#1534,.F.);
#1196=CARTESIAN_POINT('',(0.0,0.01,0.0));
#1197=DIRECTION('',(0.0,1.0,-0.0));
#1198=DIRECTION('',(-1.0,0.0,0.0));
#1199=ORIENTED_EDGE('',*,*,#1569,.T.);
#1200=ORIENTED_EDGE('',*,*,#1748,.T.);
#1201=ORIENTED_EDGE('',*,*,#1715,.F.);
#1202=ORIENTED_EDGE('',*,*,#1738,.T.);
#1203=ORIENTED_EDGE('',*,*,#1571,.T.);
#1204=ORIENTED_EDGE('',*,*,#1728,.F.);
#1205=ORIENTED_EDGE('',*,*,#1713,.F.);
#1206=ORIENTED_EDGE('',*,*,#1749,.T.);
#1207=CARTESIAN_POINT('',(0.0,0.0,-0.01));
#1208=DIRECTION('',(0.577350269189626,-0.577350269189626,0.577350269189626));
#1209=DIRECTION('',(0.707106781186548,0.707106781186548,0.0));
#1210=ORIENTED_EDGE('',*,*,#1565,.T.);
#1211=ORIENTED_EDGE('',*,*,#1698,.T.);
#1212=ORIENTED_EDGE('',*,*,#1750,.F.);
#1213=ORIENTED_EDGE('',*,*,#1566,.T.);
#1214=ORIENTED_EDGE('',*,*,#1559,.F.);
#1215=ORIENTED_EDGE('',*,*,#1751,.F.);
#1216=ORIENTED_EDGE('',*,*,#1752,.F.);
#1217=ORIENTED_EDGE('',*,*,#1476,.F.);
#1218=CARTESIAN_POINT('',(0.005,0.005,-0.005));
#1219=DIRECTION('',(0.577350269189626,-0.577350269189626,0.577350269189626));
#1220=DIRECTION('',(0.707106781186547,0.707106781186547,0.0));
#1221=ORIENTED_EDGE('',*,*,#1558,.T.);
#1222=ORIENTED_EDGE('',*,*,#1749,.F.);
#1223=ORIENTED_EDGE('',*,*,#1712,.F.);
#1224=ORIENTED_EDGE('',*,*,#1722,.F.);
#1225=ORIENTED_EDGE('',*,*,#1562,.T.);
#1226=ORIENTED_EDGE('',*,*,#1753,.T.);
#1227=ORIENTED_EDGE('',*,*,#1754,.T.);
#1228=ORIENTED_EDGE('',*,*,#1751,.T.);
#1229=CARTESIAN_POINT('',(0.005,0.005,-0.005));
#1230=DIRECTION('',(-0.577350269189626,-0.577350269189626,-0.577350269189626));
#1231=DIRECTION('',(0.707106781186547,-0.707106781186547,0.0));
#1232=ORIENTED_EDGE('',*,*,#1550,.T.);
#1233=ORIENTED_EDGE('',*,*,#1595,.F.);
#1234=ORIENTED_EDGE('',*,*,#1733,.F.);
#1235=ORIENTED_EDGE('',*,*,#1726,.F.);
#1236=ORIENTED_EDGE('',*,*,#1603,.F.);
#1237=ORIENTED_EDGE('',*,*,#1554,.T.);
#1238=ORIENTED_EDGE('',*,*,#1739,.T.);
#1239=ORIENTED_EDGE('',*,*,#1732,.F.);
#1240=CARTESIAN_POINT('',(1.0432740269008E-20,-0.01,1.0432740269008E-20));
#1241=DIRECTION('',(-0.577350269189626,0.577350269189626,-0.577350269189626));
#1242=DIRECTION('',(-0.707106781186547,-0.707106781186548,-1.31943817324967E-16));
#1243=ORIENTED_EDGE('',*,*,#1543,.T.);
#1244=ORIENTED_EDGE('',*,*,#1686,.F.);
#1245=ORIENTED_EDGE('',*,*,#1651,.F.);
#1246=ORIENTED_EDGE('',*,*,#1546,.T.);
#1247=ORIENTED_EDGE('',*,*,#1638,.F.);
#1248=ORIENTED_EDGE('',*,*,#1672,.F.);
#1249=ORIENTED_EDGE('',*,*,#1724,.F.);
#1250=ORIENTED_EDGE('',*,*,#1606,.F.);
#1251=CARTESIAN_POINT('',(-0.005,0.005,-0.005));
#1252=DIRECTION('',(-0.577350269189626,-0.577350269189626,0.577350269189626));
#1253=DIRECTION('',(0.707106781186547,-0.707106781186547,0.0));
#1254=ORIENTED_EDGE('',*,*,#1536,.T.);
#1255=ORIENTED_EDGE('',*,*,#1747,.T.);
#1256=ORIENTED_EDGE('',*,*,#1486,.F.);
#1257=ORIENTED_EDGE('',*,*,#1755,.T.);
#1258=ORIENTED_EDGE('',*,*,#1541,.T.);
#1259=ORIENTED_EDGE('',*,*,#1706,.T.);
#1260=ORIENTED_EDGE('',*,*,#1756,.F.);
#1261=ORIENTED_EDGE('',*,*,#1678,.T.);
#1262=CARTESIAN_POINT('',(-0.005,0.005,0.005));
#1263=DIRECTION('',(0.577350269189626,0.577350269189626,-0.577350269189626));
#1264=DIRECTION('',(-0.707106781186547,0.707106781186547,0.0));
#1265=ORIENTED_EDGE('',*,*,#1529,.T.);
#1266=ORIENTED_EDGE('',*,*,#1755,.F.);
#1267=ORIENTED_EDGE('',*,*,#1493,.F.);
#1268=ORIENTED_EDGE('',*,*,#1744,.T.);
#1269=ORIENTED_EDGE('',*,*,#1533,.T.);
#1270=ORIENTED_EDGE('',*,*,#1757,.T.);
#1271=ORIENTED_EDGE('',*,*,#1758,.F.);
#1272=ORIENTED_EDGE('',*,*,#1708,.T.);
#1273=CARTESIAN_POINT('',(0.005,0.005,0.005));
#1274=DIRECTION('',(-0.577350269189626,0.577350269189626,-0.577350269189626));
#1275=DIRECTION('',(-0.707106781186547,-0.707106781186547,0.0));
#1276=ORIENTED_EDGE('',*,*,#1522,.T.);
#1277=ORIENTED_EDGE('',*,*,#1667,.T.);
#1278=ORIENTED_EDGE('',*,*,#1682,.T.);
#1279=ORIENTED_EDGE('',*,*,#1759,.T.);
#1280=ORIENTED_EDGE('',*,*,#1525,.T.);
#1281=ORIENTED_EDGE('',*,*,#1737,.T.);
#1282=ORIENTED_EDGE('',*,*,#1552,.F.);
#1283=ORIENTED_EDGE('',*,*,#1731,.F.);
#1284=CARTESIAN_POINT('',(1.0432740269008E-20,-0.01,-1.0432740269008E-20));
#1285=DIRECTION('',(-0.577350269189626,0.577350269189626,0.577350269189626));
#1286=DIRECTION('',(-0.707106781186547,-0.707106781186548,1.31943817324967E-16));
#1287=ORIENTED_EDGE('',*,*,#1516,.T.);
#1288=ORIENTED_EDGE('',*,*,#1468,.F.);
#1289=ORIENTED_EDGE('',*,*,#1760,.F.);
#1290=ORIENTED_EDGE('',*,*,#1734,.F.);
#1291=ORIENTED_EDGE('',*,*,#1590,.F.);
#1292=ORIENTED_EDGE('',*,*,#1519,.T.);
#1293=ORIENTED_EDGE('',*,*,#1761,.F.);
#1294=ORIENTED_EDGE('',*,*,#1707,.T.);
#1295=CARTESIAN_POINT('',(0.0,0.0,0.01));
#1296=DIRECTION('',(0.577350269189626,-0.577350269189626,-0.577350269189626));
#1297=DIRECTION('',(0.707106781186548,0.707106781186548,0.0));
#1298=ORIENTED_EDGE('',*,*,#1508,.T.);
#1299=ORIENTED_EDGE('',*,*,#1526,.F.);
#1300=ORIENTED_EDGE('',*,*,#1759,.F.);
#1301=ORIENTED_EDGE('',*,*,#1681,.F.);
#1302=ORIENTED_EDGE('',*,*,#1631,.F.);
#1303=ORIENTED_EDGE('',*,*,#1512,.T.);
#1304=ORIENTED_EDGE('',*,*,#1704,.T.);
#1305=ORIENTED_EDGE('',*,*,#1761,.T.);
#1306=CARTESIAN_POINT('',(0.0,0.0,0.01));
#1307=DIRECTION('',(-0.577350269189626,-0.577350269189626,-0.577350269189626));
#1308=DIRECTION('',(0.707106781186548,-0.707106781186548,0.0));
#1309=ORIENTED_EDGE('',*,*,#1500,.T.);
#1310=ORIENTED_EDGE('',*,*,#1683,.F.);
#1311=ORIENTED_EDGE('',*,*,#1548,.F.);
#1312=ORIENTED_EDGE('',*,*,#1650,.F.);
#1313=ORIENTED_EDGE('',*,*,#1505,.T.);
#1314=ORIENTED_EDGE('',*,*,#1679,.T.);
#1315=ORIENTED_EDGE('',*,*,#1756,.T.);
#1316=ORIENTED_EDGE('',*,*,#1705,.T.);
#1317=CARTESIAN_POINT('',(-0.005,0.005,0.005));
#1318=DIRECTION('',(-0.577350269189626,-0.577350269189626,-0.577350269189626));
#1319=DIRECTION('',(0.707106781186547,-0.707106781186547,0.0));
#1320=ORIENTED_EDGE('',*,*,#1494,.T.);
#1321=ORIENTED_EDGE('',*,*,#1699,.T.);
#1322=ORIENTED_EDGE('',*,*,#1567,.F.);
#1323=ORIENTED_EDGE('',*,*,#1762,.F.);
#1324=ORIENTED_EDGE('',*,*,#1498,.T.);
#1325=ORIENTED_EDGE('',*,*,#1709,.T.);
#1326=ORIENTED_EDGE('',*,*,#1758,.T.);
#1327=ORIENTED_EDGE('',*,*,#1763,.T.);
#1328=CARTESIAN_POINT('',(0.005,0.005,0.005));
#1329=DIRECTION('',(0.577350269189626,-0.577350269189626,-0.577350269189626));
#1330=DIRECTION('',(0.707106781186547,0.707106781186547,0.0));
#1331=ORIENTED_EDGE('',*,*,#1488,.T.);
#1332=ORIENTED_EDGE('',*,*,#1764,.F.);
#1333=ORIENTED_EDGE('',*,*,#1745,.T.);
#1334=ORIENTED_EDGE('',*,*,#1491,.T.);
#1335=ORIENTED_EDGE('',*,*,#1473,.F.);
#1336=ORIENTED_EDGE('',*,*,#1765,.F.);
#1337=ORIENTED_EDGE('',*,*,#1753,.F.);
#1338=ORIENTED_EDGE('',*,*,#1561,.F.);
#1339=CARTESIAN_POINT('',(0.005,0.005,-0.005));
#1340=DIRECTION('',(-0.577350269189626,0.577350269189626,0.577350269189626));
#1341=DIRECTION('',(-0.707106781186547,-0.707106781186547,0.0));
#1342=ORIENTED_EDGE('',*,*,#1480,.T.);
#1343=ORIENTED_EDGE('',*,*,#1746,.T.);
#1344=ORIENTED_EDGE('',*,*,#1764,.T.);
#1345=ORIENTED_EDGE('',*,*,#1484,.T.);
#1346=ORIENTED_EDGE('',*,*,#1605,.F.);
#1347=ORIENTED_EDGE('',*,*,#1725,.F.);
#1348=ORIENTED_EDGE('',*,*,#1670,.F.);
#1349=ORIENTED_EDGE('',*,*,#1639,.F.);
#1350=CARTESIAN_POINT('',(-0.005,0.005,-0.005));
#1351=DIRECTION('',(0.577350269189626,0.577350269189626,0.577350269189626));
#1352=DIRECTION('',(-0.707106781186547,0.707106781186547,0.0));
#1353=ORIENTED_EDGE('',*,*,#1472,.T.);
#1354=ORIENTED_EDGE('',*,*,#1721,.T.);
#1355=ORIENTED_EDGE('',*,*,#1766,.F.);
#1356=ORIENTED_EDGE('',*,*,#1693,.T.);
#1357=ORIENTED_EDGE('',*,*,#1477,.T.);
#1358=ORIENTED_EDGE('',*,*,#1752,.T.);
#1359=ORIENTED_EDGE('',*,*,#1754,.F.);
#1360=ORIENTED_EDGE('',*,*,#1765,.T.);
#1361=CARTESIAN_POINT('',(0.005,0.005,-0.005));
#1362=DIRECTION('',(0.577350269189626,0.577350269189626,-0.577350269189626));
#1363=DIRECTION('',(-0.707106781186547,0.707106781186547,0.0));
#1364=ORIENTED_EDGE('',*,*,#1518,.F.);
#1365=ORIENTED_EDGE('',*,*,#1617,.F.);
#1366=ORIENTED_EDGE('',*,*,#1621,.F.);
#1367=ORIENTED_EDGE('',*,*,#1510,.F.);
#1368=CARTESIAN_POINT('',(0.0,0.0,0.01));
#1369=DIRECTION('',(0.0,0.0,1.0));
#1370=DIRECTION('',(1.0,0.0,0.0));
#1371=ORIENTED_EDGE('',*,*,#1654,.F.);
#1372=ORIENTED_EDGE('',*,*,#1635,.F.);
#1373=ORIENTED_EDGE('',*,*,#1680,.F.);
#1374=CARTESIAN_POINT('',(0.0,0.0,0.01));
#1375=DIRECTION('',(0.0,0.0,1.0));
#1376=DIRECTION('',(1.0,0.0,0.0));
#1377=ORIENTED_EDGE('',*,*,#1690,.T.);
#1378=ORIENTED_EDGE('',*,*,#1743,.F.);
#1379=ORIENTED_EDGE('',*,*,#1454,.F.);
#1380=CARTESIAN_POINT('',(0.0,0.0,0.01));
#1381=DIRECTION('',(0.0,0.0,1.0));
#1382=DIRECTION('',(1.0,0.0,0.0));
#1383=ORIENTED_EDGE('',*,*,#1663,.F.);
#1384=ORIENTED_EDGE('',*,*,#1665,.F.);
#1385=ORIENTED_EDGE('',*,*,#1645,.F.);
#1386=CARTESIAN_POINT('',(0.0,0.0,0.01));
#1387=DIRECTION('',(0.0,0.0,1.0));
#1388=DIRECTION('',(1.0,0.0,0.0));
#1389=ORIENTED_EDGE('',*,*,#1687,.T.);
#1390=ORIENTED_EDGE('',*,*,#1577,.F.);
#1391=ORIENTED_EDGE('',*,*,#1767,.F.);
#1392=CARTESIAN_POINT('',(0.0,0.0,0.01));
#1393=DIRECTION('',(0.0,0.0,1.0));
#1394=DIRECTION('',(1.0,0.0,0.0));
#1395=ORIENTED_EDGE('',*,*,#1701,.T.);
#1396=ORIENTED_EDGE('',*,*,#1719,.T.);
#1397=ORIENTED_EDGE('',*,*,#1717,.T.);
#1398=CARTESIAN_POINT('',(0.0,0.0,-0.01));
#1399=DIRECTION('',(0.0,0.0,1.0));
#1400=DIRECTION('',(1.0,0.0,0.0));
#1401=ORIENTED_EDGE('',*,*,#1464,.T.);
#1402=ORIENTED_EDGE('',*,*,#1740,.T.);
#1403=ORIENTED_EDGE('',*,*,#1735,.F.);
#1404=ORIENTED_EDGE('',*,*,#1760,.T.);
#1405=ORIENTED_EDGE('',*,*,#1467,.T.);
#1406=ORIENTED_EDGE('',*,*,#1762,.T.);
#1407=ORIENTED_EDGE('',*,*,#1458,.F.);
#1408=ORIENTED_EDGE('',*,*,#1696,.T.);
#1409=CARTESIAN_POINT('',(0.01,1.0432740269008E-20,-1.0432740269008E-20));
#1410=DIRECTION('',(-0.577350269189626,-0.577350269189626,0.577350269189626));
#1411=DIRECTION('',(0.707106781186548,-0.707106781186547,1.31943817324967E-16));
#1412=ORIENTED_EDGE('',*,*,#1456,.T.);
#1413=ORIENTED_EDGE('',*,*,#1612,.F.);
#1414=ORIENTED_EDGE('',*,*,#1716,.F.);
#1415=ORIENTED_EDGE('',*,*,#1748,.F.);
#1416=ORIENTED_EDGE('',*,*,#1574,.F.);
#1417=ORIENTED_EDGE('',*,*,#1460,.T.);
#1418=ORIENTED_EDGE('',*,*,#1750,.T.);
#1419=ORIENTED_EDGE('',*,*,#1697,.T.);
#1420=CARTESIAN_POINT('',(0.01,1.0432740269008E-20,1.0432740269008E-20));
#1421=DIRECTION('',(-0.577350269189626,-0.577350269189626,-0.577350269189626));
#1422=DIRECTION('',(0.707106781186548,-0.707106781186547,-1.31943817324967E-16));
#1423=ORIENTED_EDGE('',*,*,#1694,.T.);
#1424=ORIENTED_EDGE('',*,*,#1766,.T.);
#1425=ORIENTED_EDGE('',*,*,#1720,.T.);
#1426=CARTESIAN_POINT('',(0.0,0.0,-0.01));
#1427=DIRECTION('',(0.0,0.0,1.0));
#1428=DIRECTION('',(1.0,0.0,0.0));
#1429=ORIENTED_EDGE('',*,*,#1448,.T.);
#1430=ORIENTED_EDGE('',*,*,#1742,.T.);
#1431=ORIENTED_EDGE('',*,*,#1691,.T.);
#1432=ORIENTED_EDGE('',*,*,#1452,.T.);
#1433=ORIENTED_EDGE('',*,*,#1495,.F.);
#1434=ORIENTED_EDGE('',*,*,#1763,.F.);
#1435=ORIENTED_EDGE('',*,*,#1757,.F.);
#1436=ORIENTED_EDGE('',*,*,#1532,.F.);
#1437=CARTESIAN_POINT('',(0.005,0.005,0.005));
#1438=DIRECTION('',(0.577350269189626,0.577350269189626,0.577350269189626));
#1439=DIRECTION('',(-0.707106781186547,0.707106781186547,0.0));
#1440=ORIENTED_EDGE('',*,*,#1688,.T.);
#1441=ORIENTED_EDGE('',*,*,#1767,.T.);
#1442=ORIENTED_EDGE('',*,*,#1576,.T.);
#1443=ORIENTED_EDGE('',*,*,#1741,.T.);
#1444=CARTESIAN_POINT('',(0.0,-0.01,0.0));
#1445=DIRECTION('',(0.0,1.0,-0.0));
#1446=DIRECTION('',(-1.0,0.0,0.0));
#1447=COLOUR_RGB('',0.560784339904785,0.686274528503418,0.560784339904785);
#1448=EDGE_CURVE('',#1768,#1769,#1770,.T.);
#1449=EDGE_CURVE('2:19039',#1771,#1768,#1772,.T.);
#1450=EDGE_CURVE('2:19021',#1773,#1771,#1774,.T.);
#1451=EDGE_CURVE('2:19033',#1775,#1773,#1776,.T.);
#1452=EDGE_CURVE('',#1777,#1775,#1778,.T.);
#1453=EDGE_CURVE('2:26106',#1777,#1779,#1780,.T.);
#1454=EDGE_CURVE('2:26225',#1779,#1781,#1782,.T.);
#1455=EDGE_CURVE('2:26242',#1781,#1769,#1783,.T.);
#1456=EDGE_CURVE('',#1784,#1785,#1786,.T.);
#1457=EDGE_CURVE('2:26091',#1784,#1787,#1788,.T.);
#1458=EDGE_CURVE('2:26175',#1787,#1789,#1790,.T.);
#1459=EDGE_CURVE('2:26182',#1789,#1791,#1792,.T.);
#1460=EDGE_CURVE('',#1793,#1791,#1794,.T.);
#1461=EDGE_CURVE('2:18157',#1795,#1793,#1796,.T.);
#1462=EDGE_CURVE('2:18139',#1797,#1795,#1798,.T.);
#1463=EDGE_CURVE('2:18148',#1785,#1797,#1799,.T.);
#1464=EDGE_CURVE('',#1800,#1801,#1802,.T.);
#1465=EDGE_CURVE('2:26085',#1800,#1803,#1804,.T.);
#1466=EDGE_CURVE('2:26155',#1803,#1805,#1806,.T.);
#1467=EDGE_CURVE('',#1807,#1805,#1808,.T.);
#1468=EDGE_CURVE('2:18802',#1807,#1809,#1810,.T.);
#1469=EDGE_CURVE('2:18802',#1809,#1811,#1812,.T.);
#1470=EDGE_CURVE('2:18835',#1811,#1813,#1814,.T.);
#1471=EDGE_CURVE('2:18835',#1813,#1801,#1815,.T.);
#1472=EDGE_CURVE('',#1816,#1817,#1818,.T.);
#1473=EDGE_CURVE('2:18340',#1816,#1819,#1820,.T.);
#1474=EDGE_CURVE('2:18340',#1819,#1821,#1822,.T.);
#1475=EDGE_CURVE('2:18373',#1821,#1823,#1824,.T.);
#1476=EDGE_CURVE('2:18373',#1823,#1825,#1826,.T.);
#1477=EDGE_CURVE('',#1827,#1825,#1828,.T.);
#1478=EDGE_CURVE('2:26094',#1827,#1829,#1830,.T.);
#1479=EDGE_CURVE('2:26205',#1829,#1817,#1831,.T.);
#1480=EDGE_CURVE('',#1832,#1833,#1834,.T.);
#1481=EDGE_CURVE('2:18247',#1835,#1832,#1836,.T.);
#1482=EDGE_CURVE('2:18229',#1837,#1835,#1838,.T.);
#1483=EDGE_CURVE('2:18238',#1839,#1837,#1840,.T.);
#1484=EDGE_CURVE('',#1841,#1839,#1842,.T.);
#1485=EDGE_CURVE('2:21610',#1841,#1843,#1844,.T.);
#1486=EDGE_CURVE('2:21617',#1843,#1845,#1846,.T.);
#1487=EDGE_CURVE('2:21559',#1845,#1833,#1847,.T.);
#1488=EDGE_CURVE('',#1848,#1841,#1849,.T.);
#1489=EDGE_CURVE('2:18346',#1850,#1848,#1851,.T.);
#1490=EDGE_CURVE('2:18325',#1821,#1850,#1852,.T.);
#1491=EDGE_CURVE('',#1853,#1819,#1854,.T.);
#1492=EDGE_CURVE('2:21553',#1853,#1855,#1856,.T.);
#1493=EDGE_CURVE('2:21590',#1855,#1843,#1857,.T.);
#1494=EDGE_CURVE('',#1858,#1859,#1860,.T.);
#1495=EDGE_CURVE('2:19033',#1858,#1775,#1861,.T.);
#1496=EDGE_CURVE('2:19066',#1773,#1862,#1863,.T.);
#1497=EDGE_CURVE('2:19066',#1862,#1864,#1865,.T.);
#1498=EDGE_CURVE('',#1805,#1864,#1866,.T.);
#1499=EDGE_CURVE('2:26082',#1803,#1859,#1867,.T.);
#1500=EDGE_CURVE('',#1868,#1869,#1870,.T.);
#1501=EDGE_CURVE('2:18862',#1868,#1871,#1872,.T.);
#1502=EDGE_CURVE('2:18862',#1871,#1873,#1874,.T.);
#1503=EDGE_CURVE('2:18925',#1873,#1875,#1876,.T.);
#1504=EDGE_CURVE('2:18925',#1875,#1877,#1878,.T.);
#1505=EDGE_CURVE('',#1879,#1877,#1880,.T.);
#1506=EDGE_CURVE('2:26983',#1881,#1879,#1882,.T.);
#1507=EDGE_CURVE('2:27074',#1869,#1881,#1883,.T.);
#1508=EDGE_CURVE('',#1884,#1885,#1886,.T.);
#1509=EDGE_CURVE('2:25287',#1884,#1887,#1888,.T.);
#1510=EDGE_CURVE('2:25234',#1887,#1889,#1890,.T.);
#1511=EDGE_CURVE('2:25310',#1889,#1891,#1892,.T.);
#1512=EDGE_CURVE('',#1893,#1891,#1894,.T.);
#1513=EDGE_CURVE('2:18715',#1895,#1893,#1896,.T.);
#1514=EDGE_CURVE('2:18697',#1897,#1895,#1898,.T.);
#1515=EDGE_CURVE('2:18706',#1885,#1897,#1899,.T.);
#1516=EDGE_CURVE('',#1900,#1809,#1901,.T.);
#1517=EDGE_CURVE('2:25277',#1900,#1902,#1903,.T.);
#1518=EDGE_CURVE('2:25228',#1902,#1887,#1904,.T.);
#1519=EDGE_CURVE('',#1905,#1884,#1906,.T.);
#1520=EDGE_CURVE('2:18808',#1907,#1905,#1908,.T.);
#1521=EDGE_CURVE('2:18784',#1811,#1907,#1909,.T.);
#1522=EDGE_CURVE('',#1910,#1911,#1912,.T.);
#1523=EDGE_CURVE('2:22140',#1913,#1910,#1914,.T.);
#1524=EDGE_CURVE('2:22261',#1913,#1915,#1916,.T.);
#1525=EDGE_CURVE('',#1917,#1915,#1918,.T.);
#1526=EDGE_CURVE('2:18706',#1917,#1885,#1919,.T.);
#1527=EDGE_CURVE('2:18742',#1897,#1920,#1921,.T.);
#1528=EDGE_CURVE('2:18742',#1920,#1911,#1922,.T.);
#1529=EDGE_CURVE('',#1923,#1924,#1925,.T.);
#1530=EDGE_CURVE('2:18976',#1923,#1926,#1927,.T.);
#1531=EDGE_CURVE('2:18976',#1926,#1771,#1928,.T.);
#1532=EDGE_CURVE('2:19039',#1768,#1929,#1930,.T.);
#1533=EDGE_CURVE('',#1931,#1929,#1932,.T.);
#1534=EDGE_CURVE('2:21550',#1931,#1933,#1934,.T.);
#1535=EDGE_CURVE('2:21597',#1924,#1933,#1935,.T.);
#1536=EDGE_CURVE('',#1936,#1937,#1938,.T.);
#1537=EDGE_CURVE('2:18919',#1936,#1939,#1940,.T.);
#1538=EDGE_CURVE('2:18919',#1939,#1941,#1942,.T.);
#1539=EDGE_CURVE('2:18949',#1941,#1943,#1944,.T.);
#1540=EDGE_CURVE('2:18949',#1943,#1945,#1946,.T.);
#1541=EDGE_CURVE('',#1924,#1945,#1947,.T.);
#1542=EDGE_CURVE('2:21556',#1933,#1937,#1948,.T.);
#1543=EDGE_CURVE('',#1949,#1950,#1951,.T.);
#1544=EDGE_CURVE('2:18274',#1837,#1949,#1952,.T.);
#1545=EDGE_CURVE('2:18196',#1953,#1835,#1954,.T.);
#1546=EDGE_CURVE('',#1955,#1953,#1956,.T.);
#1547=EDGE_CURVE('2:26980',#1957,#1955,#1958,.T.);
#1548=EDGE_CURVE('2:27067',#1957,#1959,#1960,.T.);
#1549=EDGE_CURVE('2:27047',#1950,#1959,#1961,.T.);
#1550=EDGE_CURVE('',#1962,#1963,#1964,.T.);
#1551=EDGE_CURVE('2:22134',#1965,#1962,#1966,.T.);
#1552=EDGE_CURVE('2:22251',#1965,#1967,#1968,.T.);
#1553=EDGE_CURVE('2:22228',#1967,#1969,#1970,.T.);
#1554=EDGE_CURVE('',#1971,#1969,#1972,.T.);
#1555=EDGE_CURVE('2:18097',#1973,#1971,#1974,.T.);
#1556=EDGE_CURVE('2:18052',#1973,#1975,#1976,.T.);
#1557=EDGE_CURVE('2:18028',#1963,#1975,#1977,.T.);
#1558=EDGE_CURVE('',#1978,#1979,#1980,.T.);
#1559=EDGE_CURVE('2:18295',#1978,#1981,#1982,.T.);
#1560=EDGE_CURVE('2:18295',#1981,#1850,#1983,.T.);
#1561=EDGE_CURVE('2:18346',#1848,#1984,#1985,.T.);
#1562=EDGE_CURVE('',#1986,#1984,#1987,.T.);
#1563=EDGE_CURVE('2:23753',#1988,#1986,#1989,.T.);
#1564=EDGE_CURVE('2:23746',#1979,#1988,#1990,.T.);
#1565=EDGE_CURVE('',#1823,#1991,#1992,.T.);
#1566=EDGE_CURVE('',#1791,#1981,#1993,.T.);
#1567=EDGE_CURVE('2:26162',#1789,#1994,#1995,.T.);
#1568=EDGE_CURVE('2:26088',#1994,#1991,#1996,.T.);
#1569=EDGE_CURVE('',#1979,#1997,#1998,.T.);
#1570=EDGE_CURVE('2:23726',#1999,#1988,#2000,.T.);
#1571=EDGE_CURVE('',#2001,#1999,#2002,.T.);
#1572=EDGE_CURVE('2:18106',#2001,#2003,#2004,.T.);
#1573=EDGE_CURVE('2:18106',#2003,#1795,#2005,.T.);
#1574=EDGE_CURVE('2:18157',#1793,#1997,#2006,.T.);
#1575=EDGE_CURVE('',#2007,#2008,#2009,.T.);
#1576=EDGE_CURVE('2:26272',#2010,#2007,#2011,.T.);
#1577=EDGE_CURVE('2:26262',#2010,#2012,#2013,.T.);
#1578=EDGE_CURVE('2:26118',#2012,#2014,#2015,.T.);
#1579=EDGE_CURVE('',#1813,#2014,#2016,.T.);
#1580=EDGE_CURVE('2:18760',#2008,#1907,#2017,.T.);
#1581=EDGE_CURVE('',#1969,#2003,#2018,.T.);
#1582=EDGE_CURVE('2:22238',#1967,#2019,#2020,.T.);
#1583=EDGE_CURVE('2:22128',#2021,#2019,#2022,.T.);
#1584=EDGE_CURVE('',#2023,#2021,#2024,.T.);
#1585=EDGE_CURVE('2:18184',#1797,#2023,#2025,.T.);
#1586=EDGE_CURVE('',#1915,#2026,#2027,.T.);
#1587=EDGE_CURVE('2:22146',#2028,#1913,#2029,.T.);
#1588=EDGE_CURVE('',#2030,#2028,#2031,.T.);
#1589=EDGE_CURVE('2:18760',#2030,#2008,#2032,.T.);
#1590=EDGE_CURVE('2:18808',#1905,#2026,#2033,.T.);
#1591=EDGE_CURVE('',#2034,#2035,#2036,.T.);
#1592=EDGE_CURVE('2:26968',#2037,#2034,#2038,.T.);
#1593=EDGE_CURVE('2:27134',#2039,#2037,#2040,.T.);
#1594=EDGE_CURVE('',#2041,#2039,#2042,.T.);
#1595=EDGE_CURVE('2:18028',#2041,#1963,#2043,.T.);
#1596=EDGE_CURVE('2:18073',#1975,#2044,#2045,.T.);
#1597=EDGE_CURVE('2:18073',#2044,#2035,#2046,.T.);
#1598=EDGE_CURVE('',#1999,#2047,#2048,.T.);
#1599=EDGE_CURVE('2:23733',#1988,#2049,#2050,.T.);
#1600=EDGE_CURVE('',#2051,#2049,#2052,.T.);
#1601=EDGE_CURVE('2:18067',#2051,#2053,#2054,.T.);
#1602=EDGE_CURVE('2:18067',#2053,#1973,#2055,.T.);
#1603=EDGE_CURVE('2:18097',#1971,#2047,#2056,.T.);
#1604=EDGE_CURVE('',#2057,#1986,#2058,.T.);
#1605=EDGE_CURVE('2:18238',#2057,#1839,#2059,.T.);
#1606=EDGE_CURVE('2:18274',#1949,#2060,#2061,.T.);
#1607=EDGE_CURVE('',#2049,#2060,#2062,.T.);
#1608=EDGE_CURVE('',#2063,#2064,#2065,.T.);
#1609=EDGE_CURVE('2:26135',#2066,#2063,#2067,.T.);
#1610=EDGE_CURVE('2:26079',#2066,#2068,#2069,.T.);
#1611=EDGE_CURVE('',#2070,#2068,#2071,.T.);
#1612=EDGE_CURVE('2:18148',#2070,#1785,#2072,.T.);
#1613=EDGE_CURVE('2:18184',#2023,#2064,#2073,.T.);
#1614=EDGE_CURVE('',#1862,#1900,#2074,.T.);
#1615=EDGE_CURVE('',#2075,#1926,#2076,.T.);
#1616=EDGE_CURVE('2:25300',#2077,#2075,#2078,.T.);
#1617=EDGE_CURVE('2:25231',#2077,#1902,#2079,.T.);
#1618=EDGE_CURVE('',#1943,#2075,#2080,.T.);
#1619=EDGE_CURVE('2:18907',#1941,#1873,#2081,.T.);
#1620=EDGE_CURVE('',#1891,#1871,#2082,.T.);
#1621=EDGE_CURVE('2:25237',#1889,#2077,#2083,.T.);
#1622=EDGE_CURVE('',#1950,#2053,#2084,.T.);
#1623=EDGE_CURVE('2:27054',#1959,#2085,#2086,.T.);
#1624=EDGE_CURVE('2:26974',#2087,#2085,#2088,.T.);
#1625=EDGE_CURVE('',#2044,#2087,#2089,.T.);
#1626=EDGE_CURVE('',#1869,#2090,#2091,.T.);
#1627=EDGE_CURVE('2:26977',#2092,#1881,#2093,.T.);
#1628=EDGE_CURVE('',#2094,#2092,#2095,.T.);
#1629=EDGE_CURVE('2:18667',#2094,#2096,#2097,.T.);
#1630=EDGE_CURVE('2:18667',#2096,#1895,#2098,.T.);
#1631=EDGE_CURVE('2:18715',#1893,#2090,#2099,.T.);
#1632=EDGE_CURVE('',#1875,#2100,#2101,.T.);
#1633=EDGE_CURVE('',#2102,#1939,#2103,.T.);
#1634=EDGE_CURVE('2:27097',#2102,#2104,#2105,.T.);
#1635=EDGE_CURVE('2:27104',#2104,#2106,#2107,.T.);
#1636=EDGE_CURVE('2:26986',#2100,#2106,#2108,.T.);
#1637=EDGE_CURVE('',#2109,#2110,#2111,.T.);
#1638=EDGE_CURVE('2:18196',#2109,#1953,#2112,.T.);
#1639=EDGE_CURVE('2:18247',#1832,#2113,#2114,.T.);
#1640=EDGE_CURVE('',#2115,#2113,#2116,.T.);
#1641=EDGE_CURVE('2:27164',#2115,#2117,#2118,.T.);
#1642=EDGE_CURVE('2:26959',#2110,#2117,#2119,.T.);
#1643=EDGE_CURVE('',#2120,#2096,#2121,.T.);
#1644=EDGE_CURVE('2:26947',#2122,#2120,#2123,.T.);
#1645=EDGE_CURVE('2:27177',#2122,#2124,#2125,.T.);
#1646=EDGE_CURVE('2:27187',#2126,#2124,#2127,.T.);
#1647=EDGE_CURVE('',#1920,#2126,#2128,.T.);
#1648=EDGE_CURVE('2:26974',#2129,#2087,#2130,.T.);
#1649=EDGE_CURVE('2:26977',#2085,#2092,#2131,.T.);
#1650=EDGE_CURVE('2:26983',#1879,#1957,#2132,.T.);
#1651=EDGE_CURVE('2:26980',#1955,#2129,#2133,.T.);
#1652=EDGE_CURVE('2:26971',#2134,#2135,#2136,.T.);
#1653=EDGE_CURVE('2:26986',#2135,#2100,#2137,.T.);
#1654=EDGE_CURVE('2:26989',#2106,#2134,#2138,.T.);
#1655=EDGE_CURVE('2:26953',#2139,#2140,#2141,.T.);
#1656=EDGE_CURVE('2:26956',#2140,#2037,#2142,.T.);
#1657=EDGE_CURVE('2:26968',#2034,#2139,#2143,.T.);
#1658=EDGE_CURVE('2:26950',#2144,#2145,#2146,.T.);
#1659=EDGE_CURVE('2:26959',#2145,#2110,#2147,.T.);
#1660=EDGE_CURVE('2:26962',#2117,#2144,#2148,.T.);
#1661=EDGE_CURVE('2:26947',#2120,#2149,#2150,.T.);
#1662=EDGE_CURVE('2:26965',#2149,#2151,#2152,.T.);
#1663=EDGE_CURVE('2:26992',#2151,#2122,#2153,.T.);
#1664=EDGE_CURVE('2:27187',#2149,#2126,#2154,.T.);
#1665=EDGE_CURVE('2:27194',#2124,#2151,#2155,.T.);
#1666=EDGE_CURVE('2:18667',#2156,#2094,#2157,.T.);
#1667=EDGE_CURVE('2:18742',#1911,#2156,#2158,.T.);
#1668=EDGE_CURVE('2:27154',#2159,#2145,#2160,.T.);
#1669=EDGE_CURVE('2:27164',#2159,#2115,#2161,.T.);
#1670=EDGE_CURVE('2:18247',#2113,#2162,#2163,.T.);
#1671=EDGE_CURVE('2:18223',#2164,#2162,#2165,.T.);
#1672=EDGE_CURVE('2:18196',#2164,#2109,#2166,.T.);
#1673=EDGE_CURVE('2:27147',#2144,#2159,#2167,.T.);
#1674=EDGE_CURVE('2:27124',#2168,#2140,#2169,.T.);
#1675=EDGE_CURVE('2:27134',#2168,#2039,#2170,.T.);
#1676=EDGE_CURVE('2:27117',#2139,#2168,#2171,.T.);
#1677=EDGE_CURVE('2:27097',#2135,#2102,#2172,.T.);
#1678=EDGE_CURVE('2:18919',#2173,#1936,#2174,.T.);
#1679=EDGE_CURVE('2:18925',#1877,#2173,#2175,.T.);
#1680=EDGE_CURVE('2:27087',#2134,#2104,#2176,.T.);
#1681=EDGE_CURVE('2:18715',#2090,#2177,#2178,.T.);
#1682=EDGE_CURVE('2:18691',#2156,#2177,#2179,.T.);
#1683=EDGE_CURVE('2:27074',#1959,#1869,#2180,.T.);
#1684=EDGE_CURVE('2:18067',#2181,#2051,#2182,.T.);
#1685=EDGE_CURVE('2:18073',#2035,#2181,#2183,.T.);
#1686=EDGE_CURVE('2:27047',#2129,#1950,#2184,.T.);
#1687=EDGE_CURVE('2:26112',#2185,#2012,#2186,.T.);
#1688=EDGE_CURVE('2:26115',#2187,#2185,#2188,.T.);
#1689=EDGE_CURVE('2:26118',#2014,#2187,#2189,.T.);
#1690=EDGE_CURVE('2:26103',#1779,#2190,#2191,.T.);
#1691=EDGE_CURVE('2:26106',#2192,#1777,#2193,.T.);
#1692=EDGE_CURVE('2:26109',#2190,#2192,#2194,.T.);
#1693=EDGE_CURVE('2:26094',#2195,#1827,#2196,.T.);
#1694=EDGE_CURVE('2:26097',#2197,#2195,#2198,.T.);
#1695=EDGE_CURVE('2:26100',#1829,#2197,#2199,.T.);
#1696=EDGE_CURVE('2:26085',#1787,#1800,#2200,.T.);
#1697=EDGE_CURVE('2:26091',#2201,#1784,#2202,.T.);
#1698=EDGE_CURVE('2:26088',#1991,#2201,#2203,.T.);
#1699=EDGE_CURVE('2:26082',#1859,#1994,#2204,.T.);
#1700=EDGE_CURVE('2:26073',#2205,#2066,#2206,.T.);
#1701=EDGE_CURVE('2:26076',#2207,#2205,#2208,.T.);
#1702=EDGE_CURVE('2:26079',#2068,#2207,#2209,.T.);
#1703=EDGE_CURVE('2:25300',#2075,#2210,#2211,.T.);
#1704=EDGE_CURVE('2:25310',#1891,#2210,#2212,.T.);
#1705=EDGE_CURVE('2:18862',#2213,#1868,#2214,.T.);
#1706=EDGE_CURVE('2:18949',#1945,#2213,#2215,.T.);
#1707=EDGE_CURVE('2:25277',#2210,#1900,#2216,.T.);
#1708=EDGE_CURVE('2:18976',#2217,#1923,#2218,.T.);
#1709=EDGE_CURVE('2:19066',#1864,#2217,#2219,.T.);
#1710=EDGE_CURVE('2:23644',#2220,#2221,#2222,.T.);
#1711=EDGE_CURVE('2:23650',#2221,#2223,#2224,.T.);
#1712=EDGE_CURVE('2:23653',#2223,#2225,#2226,.T.);
#1713=EDGE_CURVE('2:23647',#2225,#2220,#2227,.T.);
#1714=EDGE_CURVE('2:18184',#2064,#2228,#2229,.T.);
#1715=EDGE_CURVE('2:18133',#2228,#2230,#2231,.T.);
#1716=EDGE_CURVE('2:18148',#2230,#2070,#2232,.T.);
#1717=EDGE_CURVE('2:26142',#2233,#2207,#2234,.T.);
#1718=EDGE_CURVE('2:26135',#2063,#2233,#2235,.T.);
#1719=EDGE_CURVE('2:26125',#2205,#2233,#2236,.T.);
#1720=EDGE_CURVE('2:26212',#2237,#2197,#2238,.T.);
#1721=EDGE_CURVE('2:26205',#1817,#2237,#2239,.T.);
#1722=EDGE_CURVE('2:23753',#1986,#2223,#2240,.T.);
#1723=EDGE_CURVE('2:23733',#2049,#2221,#2241,.T.);
#1724=EDGE_CURVE('2:18274',#2060,#2164,#2242,.T.);
#1725=EDGE_CURVE('2:18238',#2162,#2057,#2243,.T.);
#1726=EDGE_CURVE('2:18097',#2047,#2244,#2245,.T.);
#1727=EDGE_CURVE('2:18094',#2181,#2244,#2246,.T.);
#1728=EDGE_CURVE('2:23726',#2220,#1999,#2247,.T.);
#1729=EDGE_CURVE('2:22128',#2248,#2021,#2249,.T.);
#1730=EDGE_CURVE('2:22146',#2019,#2028,#2250,.T.);
#1731=EDGE_CURVE('2:22140',#1910,#1965,#2251,.T.);
#1732=EDGE_CURVE('2:22134',#1962,#2248,#2252,.T.);
#1733=EDGE_CURVE('2:18028',#2244,#2041,#2253,.T.);
#1734=EDGE_CURVE('2:18808',#2026,#2254,#2255,.T.);
#1735=EDGE_CURVE('2:18832',#2254,#2256,#2257,.T.);
#1736=EDGE_CURVE('2:18760',#2256,#2030,#2258,.T.);
#1737=EDGE_CURVE('2:22261',#1915,#1967,#2259,.T.);
#1738=EDGE_CURVE('2:18106',#2228,#2001,#2260,.T.);
#1739=EDGE_CURVE('2:22228',#1969,#2248,#2261,.T.);
#1740=EDGE_CURVE('2:18835',#1801,#2256,#2262,.T.);
#1741=EDGE_CURVE('2:26272',#2007,#2187,#2263,.T.);
#1742=EDGE_CURVE('2:26242',#1769,#2192,#2264,.T.);
#1743=EDGE_CURVE('2:26232',#1781,#2190,#2265,.T.);
#1744=EDGE_CURVE('2:21550',#1855,#1931,#2266,.T.);
#1745=EDGE_CURVE('2:21553',#2267,#1853,#2268,.T.);
#1746=EDGE_CURVE('2:21559',#1833,#2267,#2269,.T.);
#1747=EDGE_CURVE('2:21556',#1937,#1845,#2270,.T.);
#1748=EDGE_CURVE('2:18157',#1997,#2230,#2271,.T.);
#1749=EDGE_CURVE('2:23746',#2225,#1979,#2272,.T.);
#1750=EDGE_CURVE('2:26182',#1791,#2201,#2273,.T.);
#1751=EDGE_CURVE('2:18295',#2274,#1978,#2275,.T.);
#1752=EDGE_CURVE('2:18373',#1825,#2274,#2276,.T.);
#1753=EDGE_CURVE('2:18346',#1984,#2277,#2278,.T.);
#1754=EDGE_CURVE('2:18370',#2277,#2274,#2279,.T.);
#1755=EDGE_CURVE('2:21597',#1843,#1924,#2280,.T.);
#1756=EDGE_CURVE('2:18946',#2173,#2213,#2281,.T.);
#1757=EDGE_CURVE('2:19039',#1929,#2282,#2283,.T.);
#1758=EDGE_CURVE('2:19015',#2217,#2282,#2284,.T.);
#1759=EDGE_CURVE('2:18706',#2177,#1917,#2285,.T.);
#1760=EDGE_CURVE('2:18802',#2254,#1807,#2286,.T.);
#1761=EDGE_CURVE('2:25287',#2210,#1884,#2287,.T.);
#1762=EDGE_CURVE('2:26155',#1805,#1789,#2288,.T.);
#1763=EDGE_CURVE('2:19033',#2282,#1858,#2289,.T.);
#1764=EDGE_CURVE('2:21610',#2267,#1841,#2290,.T.);
#1765=EDGE_CURVE('2:18340',#2277,#1816,#2291,.T.);
#1766=EDGE_CURVE('2:26195',#2195,#2237,#2292,.T.);
#1767=EDGE_CURVE('2:26255',#2185,#2010,#2293,.T.);
#1768=VERTEX_POINT('',#2294);
#1769=VERTEX_POINT('',#2295);
#1770=LINE('',#2296,#2297);
#1771=VERTEX_POINT('',#2298);
#1772=ELLIPSE('',#2299,0.000371220170518792,0.0003031);
#1773=VERTEX_POINT('',#2300);
#1774=ELLIPSE('',#2301,0.000371220170518791,0.0003031);
#1775=VERTEX_POINT('',#2302);
#1776=ELLIPSE('',#2303,0.000371220170518792,0.0003031);
#1777=VERTEX_POINT('',#2304);
#1778=LINE('',#2305,#2306);
#1779=VERTEX_POINT('',#2307);
#1780=ELLIPSE('',#2308,0.000524984599774127,0.0003031);
#1781=VERTEX_POINT('',#2309);
#1782=ELLIPSE('',#2310,0.000524984599774127,0.0003031);
#1783=ELLIPSE('',#2311,0.000524984599774127,0.0003031);
#1784=VERTEX_POINT('',#2312);
#1785=VERTEX_POINT('',#2313);
#1786=LINE('',#2314,#2315);
#1787=VERTEX_POINT('',#2316);
#1788=ELLIPSE('',#2317,0.000524984599774127,0.0003031);
#1789=VERTEX_POINT('',#2318);
#1790=ELLIPSE('',#2319,0.000524984599774127,0.0003031);
#1791=VERTEX_POINT('',#2320);
#1792=ELLIPSE('',#2321,0.000524984599774127,0.0003031);
#1793=VERTEX_POINT('',#2322);
#1794=LINE('',#2323,#2324);
#1795=VERTEX_POINT('',#2325);
#1796=ELLIPSE('',#2326,0.000371220170518788,0.0003031);
#1797=VERTEX_POINT('',#2327);
#1798=ELLIPSE('',#2328,0.00037122017051879,0.0003031);
#1799=ELLIPSE('',#2329,0.000371220170518788,0.0003031);
#1800=VERTEX_POINT('',#2330);
#1801=VERTEX_POINT('',#2331);
#1802=LINE('',#2332,#2333);
#1803=VERTEX_POINT('',#2334);
#1804=ELLIPSE('',#2335,0.000524984599774127,0.0003031);
#1805=VERTEX_POINT('',#2336);
#1806=ELLIPSE('',#2337,0.000524984599774127,0.0003031);
#1807=VERTEX_POINT('',#2338);
#1808=LINE('',#2339,#2340);
#1809=VERTEX_POINT('',#2341);
#1810=ELLIPSE('',#2342,0.00037122017051879,0.0003031);
#1811=VERTEX_POINT('',#2343);
#1812=ELLIPSE('',#2344,0.00037122017051879,0.0003031);
#1813=VERTEX_POINT('',#2345);
#1814=ELLIPSE('',#2346,0.00037122017051879,0.0003031);
#1815=ELLIPSE('',#2347,0.00037122017051879,0.0003031);
#1816=VERTEX_POINT('',#2348);
#1817=VERTEX_POINT('',#2349);
#1818=LINE('',#2350,#2351);
#1819=VERTEX_POINT('',#2352);
#1820=ELLIPSE('',#2353,0.000371220170518792,0.0003031);
#1821=VERTEX_POINT('',#2354);
#1822=ELLIPSE('',#2355,0.000371220170518792,0.0003031);
#1823=VERTEX_POINT('',#2356);
#1824=ELLIPSE('',#2357,0.000371220170518792,0.0003031);
#1825=VERTEX_POINT('',#2358);
#1826=ELLIPSE('',#2359,0.000371220170518792,0.0003031);
#1827=VERTEX_POINT('',#2360);
#1828=LINE('',#2361,#2362);
#1829=VERTEX_POINT('',#2363);
#1830=ELLIPSE('',#2364,0.000524984599774127,0.0003031);
#1831=ELLIPSE('',#2365,0.000524984599774127,0.0003031);
#1832=VERTEX_POINT('',#2366);
#1833=VERTEX_POINT('',#2367);
#1834=LINE('',#2368,#2369);
#1835=VERTEX_POINT('',#2370);
#1836=ELLIPSE('',#2371,0.000371220170518792,0.0003031);
#1837=VERTEX_POINT('',#2372);
#1838=ELLIPSE('',#2373,0.000371220170518791,0.0003031);
#1839=VERTEX_POINT('',#2374);
#1840=ELLIPSE('',#2375,0.000371220170518792,0.0003031);
#1841=VERTEX_POINT('',#2376);
#1842=LINE('',#2377,#2378);
#1843=VERTEX_POINT('',#2379);
#1844=ELLIPSE('',#2380,0.000524984599774127,0.0003031);
#1845=VERTEX_POINT('',#2381);
#1846=ELLIPSE('',#2382,0.000524984599774126,0.0003031);
#1847=ELLIPSE('',#2383,0.000524984599774127,0.0003031);
#1848=VERTEX_POINT('',#2384);
#1849=LINE('',#2385,#2386);
#1850=VERTEX_POINT('',#2387);
#1851=ELLIPSE('',#2388,0.000371220170518792,0.0003031);
#1852=ELLIPSE('',#2389,0.000371220170518791,0.0003031);
#1853=VERTEX_POINT('',#2390);
#1854=LINE('',#2391,#2392);
#1855=VERTEX_POINT('',#2393);
#1856=ELLIPSE('',#2394,0.000524984599774127,0.0003031);
#1857=ELLIPSE('',#2395,0.000524984599774126,0.0003031);
#1858=VERTEX_POINT('',#2396);
#1859=VERTEX_POINT('',#2397);
#1860=LINE('',#2398,#2399);
#1861=ELLIPSE('',#2400,0.000371220170518792,0.0003031);
#1862=VERTEX_POINT('',#2401);
#1863=ELLIPSE('',#2402,0.000371220170518792,0.0003031);
#1864=VERTEX_POINT('',#2403);
#1865=ELLIPSE('',#2404,0.000371220170518792,0.0003031);
#1866=LINE('',#2405,#2406);
#1867=ELLIPSE('',#2407,0.000524984599774127,0.0003031);
#1868=VERTEX_POINT('',#2408);
#1869=VERTEX_POINT('',#2409);
#1870=LINE('',#2410,#2411);
#1871=VERTEX_POINT('',#2412);
#1872=ELLIPSE('',#2413,0.000371220170518792,0.0003031);
#1873=VERTEX_POINT('',#2414);
#1874=ELLIPSE('',#2415,0.000371220170518792,0.0003031);
#1875=VERTEX_POINT('',#2416);
#1876=ELLIPSE('',#2417,0.000371220170518792,0.0003031);
#1877=VERTEX_POINT('',#2418);
#1878=ELLIPSE('',#2419,0.000371220170518792,0.0003031);
#1879=VERTEX_POINT('',#2420);
#1880=LINE('',#2421,#2422);
#1881=VERTEX_POINT('',#2423);
#1882=ELLIPSE('',#2424,0.000524984599774127,0.0003031);
#1883=ELLIPSE('',#2425,0.000524984599774127,0.0003031);
#1884=VERTEX_POINT('',#2426);
#1885=VERTEX_POINT('',#2427);
#1886=LINE('',#2428,#2429);
#1887=VERTEX_POINT('',#2430);
#1888=ELLIPSE('',#2431,0.000524984599774126,0.0003031);
#1889=VERTEX_POINT('',#2432);
#1890=ELLIPSE('',#2433,0.000524984599774127,0.0003031);
#1891=VERTEX_POINT('',#2434);
#1892=ELLIPSE('',#2435,0.000524984599774127,0.0003031);
#1893=VERTEX_POINT('',#2436);
#1894=LINE('',#2437,#2438);
#1895=VERTEX_POINT('',#2439);
#1896=ELLIPSE('',#2440,0.00037122017051879,0.0003031);
#1897=VERTEX_POINT('',#2441);
#1898=ELLIPSE('',#2442,0.00037122017051879,0.0003031);
#1899=ELLIPSE('',#2443,0.00037122017051879,0.0003031);
#1900=VERTEX_POINT('',#2444);
#1901=LINE('',#2445,#2446);
#1902=VERTEX_POINT('',#2447);
#1903=ELLIPSE('',#2448,0.000524984599774127,0.0003031);
#1904=ELLIPSE('',#2449,0.000524984599774127,0.0003031);
#1905=VERTEX_POINT('',#2450);
#1906=LINE('',#2451,#2452);
#1907=VERTEX_POINT('',#2453);
#1908=ELLIPSE('',#2454,0.00037122017051879,0.0003031);
#1909=ELLIPSE('',#2455,0.00037122017051879,0.0003031);
#1910=VERTEX_POINT('',#2456);
#1911=VERTEX_POINT('',#2457);
#1912=LINE('',#2458,#2459);
#1913=VERTEX_POINT('',#2460);
#1914=ELLIPSE('',#2461,0.000524984599774127,0.0003031);
#1915=VERTEX_POINT('',#2462);
#1916=ELLIPSE('',#2463,0.000524984599774126,0.0003031);
#1917=VERTEX_POINT('',#2464);
#1918=LINE('',#2465,#2466);
#1919=ELLIPSE('',#2467,0.00037122017051879,0.0003031);
#1920=VERTEX_POINT('',#2468);
#1921=ELLIPSE('',#2469,0.00037122017051879,0.0003031);
#1922=ELLIPSE('',#2470,0.00037122017051879,0.0003031);
#1923=VERTEX_POINT('',#2471);
#1924=VERTEX_POINT('',#2472);
#1925=LINE('',#2473,#2474);
#1926=VERTEX_POINT('',#2475);
#1927=ELLIPSE('',#2476,0.000371220170518792,0.0003031);
#1928=ELLIPSE('',#2477,0.000371220170518792,0.0003031);
#1929=VERTEX_POINT('',#2478);
#1930=ELLIPSE('',#2479,0.000371220170518792,0.0003031);
#1931=VERTEX_POINT('',#2480);
#1932=LINE('',#2481,#2482);
#1933=VERTEX_POINT('',#2483);
#1934=ELLIPSE('',#2484,0.000524984599774127,0.0003031);
#1935=ELLIPSE('',#2485,0.000524984599774127,0.0003031);
#1936=VERTEX_POINT('',#2486);
#1937=VERTEX_POINT('',#2487);
#1938=LINE('',#2488,#2489);
#1939=VERTEX_POINT('',#2490);
#1940=ELLIPSE('',#2491,0.000371220170518792,0.0003031);
#1941=VERTEX_POINT('',#2492);
#1942=ELLIPSE('',#2493,0.000371220170518792,0.0003031);
#1943=VERTEX_POINT('',#2494);
#1944=ELLIPSE('',#2495,0.000371220170518792,0.0003031);
#1945=VERTEX_POINT('',#2496);
#1946=ELLIPSE('',#2497,0.000371220170518792,0.0003031);
#1947=LINE('',#2498,#2499);
#1948=ELLIPSE('',#2500,0.000524984599774127,0.0003031);
#1949=VERTEX_POINT('',#2501);
#1950=VERTEX_POINT('',#2502);
#1951=LINE('',#2503,#2504);
#1952=ELLIPSE('',#2505,0.000371220170518792,0.0003031);
#1953=VERTEX_POINT('',#2506);
#1954=ELLIPSE('',#2507,0.000371220170518792,0.0003031);
#1955=VERTEX_POINT('',#2508);
#1956=LINE('',#2509,#2510);
#1957=VERTEX_POINT('',#2511);
#1958=ELLIPSE('',#2512,0.000524984599774127,0.0003031);
#1959=VERTEX_POINT('',#2513);
#1960=ELLIPSE('',#2514,0.000524984599774126,0.0003031);
#1961=ELLIPSE('',#2515,0.000524984599774127,0.0003031);
#1962=VERTEX_POINT('',#2516);
#1963=VERTEX_POINT('',#2517);
#1964=LINE('',#2518,#2519);
#1965=VERTEX_POINT('',#2520);
#1966=ELLIPSE('',#2521,0.000524984599774127,0.0003031);
#1967=VERTEX_POINT('',#2522);
#1968=ELLIPSE('',#2523,0.000524984599774127,0.0003031);
#1969=VERTEX_POINT('',#2524);
#1970=ELLIPSE('',#2525,0.000524984599774126,0.0003031);
#1971=VERTEX_POINT('',#2526);
#1972=LINE('',#2527,#2528);
#1973=VERTEX_POINT('',#2529);
#1974=ELLIPSE('',#2530,0.000371220170518788,0.0003031);
#1975=VERTEX_POINT('',#2531);
#1976=ELLIPSE('',#2532,0.00037122017051879,0.0003031);
#1977=ELLIPSE('',#2533,0.000371220170518788,0.0003031);
#1978=VERTEX_POINT('',#2534);
#1979=VERTEX_POINT('',#2535);
#1980=LINE('',#2536,#2537);
#1981=VERTEX_POINT('',#2538);
#1982=ELLIPSE('',#2539,0.000371220170518792,0.0003031);
#1983=ELLIPSE('',#2540,0.000371220170518792,0.0003031);
#1984=VERTEX_POINT('',#2541);
#1985=ELLIPSE('',#2542,0.000371220170518792,0.0003031);
#1986=VERTEX_POINT('',#2543);
#1987=LINE('',#2544,#2545);
#1988=VERTEX_POINT('',#2546);
#1989=ELLIPSE('',#2547,0.000524984599774127,0.0003031);
#1990=ELLIPSE('',#2548,0.000524984599774127,0.0003031);
#1991=VERTEX_POINT('',#2549);
#1992=LINE('',#2550,#2551);
#1993=LINE('',#2552,#2553);
#1994=VERTEX_POINT('',#2554);
#1995=ELLIPSE('',#2555,0.000524984599774126,0.0003031);
#1996=ELLIPSE('',#2556,0.000524984599774127,0.0003031);
#1997=VERTEX_POINT('',#2557);
#1998=LINE('',#2558,#2559);
#1999=VERTEX_POINT('',#2560);
#2000=ELLIPSE('',#2561,0.000524984599774126,0.0003031);
#2001=VERTEX_POINT('',#2562);
#2002=LINE('',#2563,#2564);
#2003=VERTEX_POINT('',#2565);
#2004=ELLIPSE('',#2566,0.000371220170518788,0.0003031);
#2005=ELLIPSE('',#2567,0.000371220170518788,0.0003031);
#2006=ELLIPSE('',#2568,0.000371220170518788,0.0003031);
#2007=VERTEX_POINT('',#2569);
#2008=VERTEX_POINT('',#2570);
#2009=LINE('',#2571,#2572);
#2010=VERTEX_POINT('',#2573);
#2011=ELLIPSE('',#2574,0.000524984599774127,0.0003031);
#2012=VERTEX_POINT('',#2575);
#2013=ELLIPSE('',#2576,0.000524984599774127,0.0003031);
#2014=VERTEX_POINT('',#2577);
#2015=ELLIPSE('',#2578,0.000524984599774127,0.0003031);
#2016=LINE('',#2579,#2580);
#2017=ELLIPSE('',#2581,0.00037122017051879,0.0003031);
#2018=LINE('',#2582,#2583);
#2019=VERTEX_POINT('',#2584);
#2020=ELLIPSE('',#2585,0.000524984599774127,0.0003031);
#2021=VERTEX_POINT('',#2586);
#2022=ELLIPSE('',#2587,0.000524984599774127,0.0003031);
#2023=VERTEX_POINT('',#2588);
#2024=LINE('',#2589,#2590);
#2025=ELLIPSE('',#2591,0.000371220170518788,0.0003031);
#2026=VERTEX_POINT('',#2592);
#2027=LINE('',#2593,#2594);
#2028=VERTEX_POINT('',#2595);
#2029=ELLIPSE('',#2596,0.000524984599774127,0.0003031);
#2030=VERTEX_POINT('',#2597);
#2031=LINE('',#2598,#2599);
#2032=ELLIPSE('',#2600,0.00037122017051879,0.0003031);
#2033=ELLIPSE('',#2601,0.00037122017051879,0.0003031);
#2034=VERTEX_POINT('',#2602);
#2035=VERTEX_POINT('',#2603);
#2036=LINE('',#2604,#2605);
#2037=VERTEX_POINT('',#2606);
#2038=ELLIPSE('',#2607,0.000524984599774127,0.0003031);
#2039=VERTEX_POINT('',#2608);
#2040=ELLIPSE('',#2609,0.000524984599774127,0.0003031);
#2041=VERTEX_POINT('',#2610);
#2042=LINE('',#2611,#2612);
#2043=ELLIPSE('',#2613,0.000371220170518788,0.0003031);
#2044=VERTEX_POINT('',#2614);
#2045=ELLIPSE('',#2615,0.000371220170518788,0.0003031);
#2046=ELLIPSE('',#2616,0.000371220170518788,0.0003031);
#2047=VERTEX_POINT('',#2617);
#2048=LINE('',#2618,#2619);
#2049=VERTEX_POINT('',#2620);
#2050=ELLIPSE('',#2621,0.000524984599774127,0.0003031);
#2051=VERTEX_POINT('',#2622);
#2052=LINE('',#2623,#2624);
#2053=VERTEX_POINT('',#2625);
#2054=ELLIPSE('',#2626,0.000371220170518788,0.0003031);
#2055=ELLIPSE('',#2627,0.000371220170518788,0.0003031);
#2056=ELLIPSE('',#2628,0.000371220170518788,0.0003031);
#2057=VERTEX_POINT('',#2629);
#2058=LINE('',#2630,#2631);
#2059=ELLIPSE('',#2632,0.000371220170518792,0.0003031);
#2060=VERTEX_POINT('',#2633);
#2061=ELLIPSE('',#2634,0.000371220170518792,0.0003031);
#2062=LINE('',#2635,#2636);
#2063=VERTEX_POINT('',#2637);
#2064=VERTEX_POINT('',#2638);
#2065=LINE('',#2639,#2640);
#2066=VERTEX_POINT('',#2641);
#2067=ELLIPSE('',#2642,0.000524984599774127,0.0003031);
#2068=VERTEX_POINT('',#2643);
#2069=ELLIPSE('',#2644,0.000524984599774127,0.0003031);
#2070=VERTEX_POINT('',#2645);
#2071=LINE('',#2646,#2647);
#2072=ELLIPSE('',#2648,0.000371220170518788,0.0003031);
#2073=ELLIPSE('',#2649,0.000371220170518788,0.0003031);
#2074=LINE('',#2650,#2651);
#2075=VERTEX_POINT('',#2652);
#2076=LINE('',#2653,#2654);
#2077=VERTEX_POINT('',#2655);
#2078=ELLIPSE('',#2656,0.000524984599774127,0.0003031);
#2079=ELLIPSE('',#2657,0.000524984599774127,0.0003031);
#2080=LINE('',#2658,#2659);
#2081=ELLIPSE('',#2660,0.000371220170518791,0.0003031);
#2082=LINE('',#2661,#2662);
#2083=ELLIPSE('',#2663,0.000524984599774127,0.0003031);
#2084=LINE('',#2664,#2665);
#2085=VERTEX_POINT('',#2666);
#2086=ELLIPSE('',#2667,0.000524984599774127,0.0003031);
#2087=VERTEX_POINT('',#2668);
#2088=ELLIPSE('',#2669,0.000524984599774127,0.0003031);
#2089=LINE('',#2670,#2671);
#2090=VERTEX_POINT('',#2672);
#2091=LINE('',#2673,#2674);
#2092=VERTEX_POINT('',#2675);
#2093=ELLIPSE('',#2676,0.000524984599774127,0.0003031);
#2094=VERTEX_POINT('',#2677);
#2095=LINE('',#2678,#2679);
#2096=VERTEX_POINT('',#2680);
#2097=ELLIPSE('',#2681,0.00037122017051879,0.0003031);
#2098=ELLIPSE('',#2682,0.00037122017051879,0.0003031);
#2099=ELLIPSE('',#2683,0.00037122017051879,0.0003031);
#2100=VERTEX_POINT('',#2684);
#2101=LINE('',#2685,#2686);
#2102=VERTEX_POINT('',#2687);
#2103=LINE('',#2688,#2689);
#2104=VERTEX_POINT('',#2690);
#2105=ELLIPSE('',#2691,0.000524984599774127,0.0003031);
#2106=VERTEX_POINT('',#2692);
#2107=ELLIPSE('',#2693,0.000524984599774127,0.0003031);
#2108=ELLIPSE('',#2694,0.000524984599774127,0.0003031);
#2109=VERTEX_POINT('',#2695);
#2110=VERTEX_POINT('',#2696);
#2111=LINE('',#2697,#2698);
#2112=ELLIPSE('',#2699,0.000371220170518792,0.0003031);
#2113=VERTEX_POINT('',#2700);
#2114=ELLIPSE('',#2701,0.000371220170518792,0.0003031);
#2115=VERTEX_POINT('',#2702);
#2116=LINE('',#2703,#2704);
#2117=VERTEX_POINT('',#2705);
#2118=ELLIPSE('',#2706,0.000524984599774127,0.0003031);
#2119=ELLIPSE('',#2707,0.000524984599774127,0.0003031);
#2120=VERTEX_POINT('',#2708);
#2121=LINE('',#2709,#2710);
#2122=VERTEX_POINT('',#2711);
#2123=ELLIPSE('',#2712,0.000524984599774127,0.0003031);
#2124=VERTEX_POINT('',#2713);
#2125=ELLIPSE('',#2714,0.000524984599774127,0.0003031);
#2126=VERTEX_POINT('',#2715);
#2127=ELLIPSE('',#2716,0.000524984599774127,0.0003031);
#2128=LINE('',#2717,#2718);
#2129=VERTEX_POINT('',#2719);
#2130=ELLIPSE('',#2720,0.000524984599774127,0.0003031);
#2131=ELLIPSE('',#2721,0.000524984599774127,0.0003031);
#2132=ELLIPSE('',#2722,0.000524984599774127,0.0003031);
#2133=ELLIPSE('',#2723,0.000524984599774127,0.0003031);
#2134=VERTEX_POINT('',#2724);
#2135=VERTEX_POINT('',#2725);
#2136=LINE('',#2726,#2727);
#2137=ELLIPSE('',#2728,0.000524984599774127,0.0003031);
#2138=LINE('',#2729,#2730);
#2139=VERTEX_POINT('',#2731);
#2140=VERTEX_POINT('',#2732);
#2141=LINE('',#2733,#2734);
#2142=LINE('',#2735,#2736);
#2143=ELLIPSE('',#2737,0.000524984599774127,0.0003031);
#2144=VERTEX_POINT('',#2738);
#2145=VERTEX_POINT('',#2739);
#2146=LINE('',#2740,#2741);
#2147=ELLIPSE('',#2742,0.000524984599774127,0.0003031);
#2148=LINE('',#2743,#2744);
#2149=VERTEX_POINT('',#2745);
#2150=ELLIPSE('',#2746,0.000524984599774127,0.0003031);
#2151=VERTEX_POINT('',#2747);
#2152=LINE('',#2748,#2749);
#2153=LINE('',#2750,#2751);
#2154=ELLIPSE('',#2752,0.000524984599774127,0.0003031);
#2155=LINE('',#2753,#2754);
#2156=VERTEX_POINT('',#2755);
#2157=ELLIPSE('',#2756,0.00037122017051879,0.0003031);
#2158=ELLIPSE('',#2757,0.00037122017051879,0.0003031);
#2159=VERTEX_POINT('',#2758);
#2160=ELLIPSE('',#2759,0.000524984599774127,0.0003031);
#2161=ELLIPSE('',#2760,0.000524984599774127,0.0003031);
#2162=VERTEX_POINT('',#2761);
#2163=ELLIPSE('',#2762,0.000371220170518792,0.0003031);
#2164=VERTEX_POINT('',#2763);
#2165=ELLIPSE('',#2764,0.000371220170518791,0.0003031);
#2166=ELLIPSE('',#2765,0.000371220170518792,0.0003031);
#2167=LINE('',#2766,#2767);
#2168=VERTEX_POINT('',#2768);
#2169=LINE('',#2769,#2770);
#2170=ELLIPSE('',#2771,0.000524984599774127,0.0003031);
#2171=ELLIPSE('',#2772,0.000524984599774127,0.0003031);
#2172=ELLIPSE('',#2773,0.000524984599774127,0.0003031);
#2173=VERTEX_POINT('',#2774);
#2174=ELLIPSE('',#2775,0.000371220170518792,0.0003031);
#2175=ELLIPSE('',#2776,0.000371220170518792,0.0003031);
#2176=LINE('',#2777,#2778);
#2177=VERTEX_POINT('',#2779);
#2178=ELLIPSE('',#2780,0.00037122017051879,0.0003031);
#2179=ELLIPSE('',#2781,0.00037122017051879,0.0003031);
#2180=ELLIPSE('',#2782,0.000524984599774127,0.0003031);
#2181=VERTEX_POINT('',#2783);
#2182=ELLIPSE('',#2784,0.000371220170518788,0.0003031);
#2183=ELLIPSE('',#2785,0.000371220170518788,0.0003031);
#2184=ELLIPSE('',#2786,0.000524984599774127,0.0003031);
#2185=VERTEX_POINT('',#2787);
#2186=LINE('',#2788,#2789);
#2187=VERTEX_POINT('',#2790);
#2188=LINE('',#2791,#2792);
#2189=ELLIPSE('',#2793,0.000524984599774127,0.0003031);
#2190=VERTEX_POINT('',#2794);
#2191=LINE('',#2795,#2796);
#2192=VERTEX_POINT('',#2797);
#2193=ELLIPSE('',#2798,0.000524984599774127,0.0003031);
#2194=LINE('',#2799,#2800);
#2195=VERTEX_POINT('',#2801);
#2196=ELLIPSE('',#2802,0.000524984599774127,0.0003031);
#2197=VERTEX_POINT('',#2803);
#2198=LINE('',#2804,#2805);
#2199=LINE('',#2806,#2807);
#2200=ELLIPSE('',#2808,0.000524984599774127,0.0003031);
#2201=VERTEX_POINT('',#2809);
#2202=ELLIPSE('',#2810,0.000524984599774127,0.0003031);
#2203=ELLIPSE('',#2811,0.000524984599774127,0.0003031);
#2204=ELLIPSE('',#2812,0.000524984599774127,0.0003031);
#2205=VERTEX_POINT('',#2813);
#2206=LINE('',#2814,#2815);
#2207=VERTEX_POINT('',#2816);
#2208=LINE('',#2817,#2818);
#2209=ELLIPSE('',#2819,0.000524984599774127,0.0003031);
#2210=VERTEX_POINT('',#2820);
#2211=ELLIPSE('',#2821,0.000524984599774127,0.0003031);
#2212=ELLIPSE('',#2822,0.000524984599774127,0.0003031);
#2213=VERTEX_POINT('',#2823);
#2214=ELLIPSE('',#2824,0.000371220170518792,0.0003031);
#2215=ELLIPSE('',#2825,0.000371220170518792,0.0003031);
#2216=ELLIPSE('',#2826,0.000524984599774127,0.0003031);
#2217=VERTEX_POINT('',#2827);
#2218=ELLIPSE('',#2828,0.000371220170518792,0.0003031);
#2219=ELLIPSE('',#2829,0.000371220170518792,0.0003031);
#2220=VERTEX_POINT('',#2830);
#2221=VERTEX_POINT('',#2831);
#2222=ELLIPSE('',#2832,0.000524984599774127,0.0003031);
#2223=VERTEX_POINT('',#2833);
#2224=ELLIPSE('',#2834,0.000524984599774127,0.0003031);
#2225=VERTEX_POINT('',#2835);
#2226=ELLIPSE('',#2836,0.000524984599774127,0.0003031);
#2227=ELLIPSE('',#2837,0.000524984599774127,0.0003031);
#2228=VERTEX_POINT('',#2838);
#2229=ELLIPSE('',#2839,0.000371220170518788,0.0003031);
#2230=VERTEX_POINT('',#2840);
#2231=ELLIPSE('',#2841,0.00037122017051879,0.0003031);
#2232=ELLIPSE('',#2842,0.000371220170518788,0.0003031);
#2233=VERTEX_POINT('',#2843);
#2234=ELLIPSE('',#2844,0.000524984599774127,0.0003031);
#2235=ELLIPSE('',#2845,0.000524984599774127,0.0003031);
#2236=LINE('',#2846,#2847);
#2237=VERTEX_POINT('',#2848);
#2238=LINE('',#2849,#2850);
#2239=ELLIPSE('',#2851,0.000524984599774127,0.0003031);
#2240=ELLIPSE('',#2852,0.000524984599774127,0.0003031);
#2241=ELLIPSE('',#2853,0.000524984599774127,0.0003031);
#2242=ELLIPSE('',#2854,0.000371220170518792,0.0003031);
#2243=ELLIPSE('',#2855,0.000371220170518792,0.0003031);
#2244=VERTEX_POINT('',#2856);
#2245=ELLIPSE('',#2857,0.000371220170518788,0.0003031);
#2246=ELLIPSE('',#2858,0.00037122017051879,0.0003031);
#2247=ELLIPSE('',#2859,0.000524984599774126,0.0003031);
#2248=VERTEX_POINT('',#2860);
#2249=ELLIPSE('',#2861,0.000524984599774127,0.0003031);
#2250=ELLIPSE('',#2862,0.000524984599774127,0.0003031);
#2251=ELLIPSE('',#2863,0.000524984599774127,0.0003031);
#2252=ELLIPSE('',#2864,0.000524984599774127,0.0003031);
#2253=ELLIPSE('',#2865,0.000371220170518788,0.0003031);
#2254=VERTEX_POINT('',#2866);
#2255=ELLIPSE('',#2867,0.00037122017051879,0.0003031);
#2256=VERTEX_POINT('',#2868);
#2257=ELLIPSE('',#2869,0.00037122017051879,0.0003031);
#2258=ELLIPSE('',#2870,0.00037122017051879,0.0003031);
#2259=ELLIPSE('',#2871,0.000524984599774126,0.0003031);
#2260=ELLIPSE('',#2872,0.000371220170518788,0.0003031);
#2261=ELLIPSE('',#2873,0.000524984599774126,0.0003031);
#2262=ELLIPSE('',#2874,0.00037122017051879,0.0003031);
#2263=ELLIPSE('',#2875,0.000524984599774127,0.0003031);
#2264=ELLIPSE('',#2876,0.000524984599774127,0.0003031);
#2265=LINE('',#2877,#2878);
#2266=ELLIPSE('',#2879,0.000524984599774127,0.0003031);
#2267=VERTEX_POINT('',#2880);
#2268=ELLIPSE('',#2881,0.000524984599774127,0.0003031);
#2269=ELLIPSE('',#2882,0.000524984599774127,0.0003031);
#2270=ELLIPSE('',#2883,0.000524984599774127,0.0003031);
#2271=ELLIPSE('',#2884,0.000371220170518788,0.0003031);
#2272=ELLIPSE('',#2885,0.000524984599774127,0.0003031);
#2273=ELLIPSE('',#2886,0.000524984599774127,0.0003031);
#2274=VERTEX_POINT('',#2887);
#2275=ELLIPSE('',#2888,0.000371220170518792,0.0003031);
#2276=ELLIPSE('',#2889,0.000371220170518792,0.0003031);
#2277=VERTEX_POINT('',#2890);
#2278=ELLIPSE('',#2891,0.000371220170518792,0.0003031);
#2279=ELLIPSE('',#2892,0.000371220170518791,0.0003031);
#2280=ELLIPSE('',#2893,0.000524984599774127,0.0003031);
#2281=ELLIPSE('',#2894,0.000371220170518791,0.0003031);
#2282=VERTEX_POINT('',#2895);
#2283=ELLIPSE('',#2896,0.000371220170518792,0.0003031);
#2284=ELLIPSE('',#2897,0.000371220170518791,0.0003031);
#2285=ELLIPSE('',#2898,0.00037122017051879,0.0003031);
#2286=ELLIPSE('',#2899,0.00037122017051879,0.0003031);
#2287=ELLIPSE('',#2900,0.000524984599774126,0.0003031);
#2288=ELLIPSE('',#2901,0.000524984599774127,0.0003031);
#2289=ELLIPSE('',#2902,0.000371220170518792,0.0003031);
#2290=ELLIPSE('',#2903,0.000524984599774127,0.0003031);
#2291=ELLIPSE('',#2904,0.000371220170518792,0.0003031);
#2292=ELLIPSE('',#2905,0.000524984599774127,0.0003031);
#2293=LINE('',#2906,#2907);
#2294=CARTESIAN_POINT('',(0.00489283796731118,0.00532148609806646,0.00510716203268882));
#2295=CARTESIAN_POINT('',(0.00957135186924471,0.01,0.00978567593462236));
#2296=CARTESIAN_POINT('',(0.00478567593462236,0.00521432406537764,0.005));
#2297=VECTOR('',#2908,1.0);
#2298=CARTESIAN_POINT('',(0.0048143899147406,0.0051856100852594,0.0051856100852594));
#2299=AXIS2_PLACEMENT_3D('',#2909,#2910,#2911);
#2300=CARTESIAN_POINT('',(0.0051856100852594,0.0048143899147406,0.0051856100852594));
#2301=AXIS2_PLACEMENT_3D('',#2912,#2913,#2914);
#2302=CARTESIAN_POINT('',(0.00532148609806646,0.00489283796731118,0.00510716203268882));
#2303=AXIS2_PLACEMENT_3D('',#2915,#2916,#2917);
#2304=CARTESIAN_POINT('',(0.01,0.00957135186924471,0.00978567593462236));
#2305=CARTESIAN_POINT('',(0.00521432406537764,0.00478567593462236,0.005));
#2306=VECTOR('',#2918,1.0);
#2307=CARTESIAN_POINT('',(0.01,0.00962877982948121,0.01));
#2308=AXIS2_PLACEMENT_3D('',#2919,#2920,#2921);
#2309=CARTESIAN_POINT('',(0.00962877982948121,0.01,0.01));
#2310=AXIS2_PLACEMENT_3D('',#2922,#2923,#2924);
#2311=AXIS2_PLACEMENT_3D('',#2925,#2926,#2927);
#2312=CARTESIAN_POINT('',(0.01,-0.000428648130755285,-0.000214324065377642));
#2313=CARTESIAN_POINT('',(0.00532148609806646,-0.00510716203268882,-0.00489283796731118));
#2314=CARTESIAN_POINT('',(0.0102143240653776,-0.000214324065377643,2.5314636711837E-19));
#2315=VECTOR('',#2928,1.0);
#2316=CARTESIAN_POINT('',(0.01,-0.000371220170518791,2.71050543121376E-20));
#2317=AXIS2_PLACEMENT_3D('',#2929,#2930,#2931);
#2318=CARTESIAN_POINT('',(0.00962877982948121,-1.27775980311245E-19,-4.68217866179658E-19));
#2319=AXIS2_PLACEMENT_3D('',#2932,#2933,#2934);
#2320=CARTESIAN_POINT('',(0.00957135186924471,-2.21314489885996E-19,-0.000214324065377642));
#2321=AXIS2_PLACEMENT_3D('',#2935,#2936,#2937);
#2322=CARTESIAN_POINT('',(0.00489283796731118,-0.00467851390193354,-0.00489283796731118));
#2323=CARTESIAN_POINT('',(0.00978567593462236,0.000214324065377642,4.550515263767E-19));
#2324=VECTOR('',#2938,1.0);
#2325=CARTESIAN_POINT('',(0.00481438991474102,-0.00481438991474046,-0.00481438991474047));
#2326=AXIS2_PLACEMENT_3D('',#2939,#2940,#2941);
#2327=CARTESIAN_POINT('',(0.0051856100852594,-0.0051856100852594,-0.00481438991474061));
#2328=AXIS2_PLACEMENT_3D('',#2942,#2943,#2944);
#2329=AXIS2_PLACEMENT_3D('',#2945,#2946,#2947);
#2330=CARTESIAN_POINT('',(0.01,-0.000428648130755285,0.000214324065377643));
#2331=CARTESIAN_POINT('',(0.00532148609806646,-0.00510716203268882,0.00489283796731118));
#2332=CARTESIAN_POINT('',(0.0102143240653776,-0.000214324065377643,3.79337091654822E-19));
#2333=VECTOR('',#2948,1.0);
#2334=CARTESIAN_POINT('',(0.01,-1.27775980311244E-19,0.000371220170518791));
#2335=AXIS2_PLACEMENT_3D('',#2949,#2950,#2951);
#2336=CARTESIAN_POINT('',(0.00957135186924471,-2.21314489885996E-19,0.000214324065377643));
#2337=AXIS2_PLACEMENT_3D('',#2952,#2953,#2954);
#2338=CARTESIAN_POINT('',(0.00489283796731118,-0.00467851390193354,0.00489283796731118));
#2339=CARTESIAN_POINT('',(0.00978567593462236,0.000214324065377642,3.28860801840239E-19));
#2340=VECTOR('',#2955,1.0);
#2341=CARTESIAN_POINT('',(0.00510716203268882,-0.00467851390193354,0.00510716203268882));
#2342=AXIS2_PLACEMENT_3D('',#2956,#2957,#2958);
#2343=CARTESIAN_POINT('',(0.0051856100852594,-0.0048143899147406,0.00518561008525939));
#2344=AXIS2_PLACEMENT_3D('',#2959,#2960,#2961);
#2345=CARTESIAN_POINT('',(0.00532148609806646,-0.00489283796731118,0.00510716203268882));
#2346=AXIS2_PLACEMENT_3D('',#2962,#2963,#2964);
#2347=AXIS2_PLACEMENT_3D('',#2965,#2966,#2967);
#2348=CARTESIAN_POINT('',(0.00489283796731118,0.00532148609806646,-0.00510716203268882));
#2349=CARTESIAN_POINT('',(0.00957135186924471,0.01,-0.00978567593462236));
#2350=CARTESIAN_POINT('',(0.00478567593462236,0.00521432406537764,-0.005));
#2351=VECTOR('',#2968,1.0);
#2352=CARTESIAN_POINT('',(0.00510716203268882,0.00532148609806646,-0.00489283796731118));
#2353=AXIS2_PLACEMENT_3D('',#2969,#2970,#2971);
#2354=CARTESIAN_POINT('',(0.0051856100852594,0.00518561008525939,-0.0048143899147406));
#2355=AXIS2_PLACEMENT_3D('',#2972,#2973,#2974);
#2356=CARTESIAN_POINT('',(0.00532148609806646,0.00510716203268882,-0.00489283796731118));
#2357=AXIS2_PLACEMENT_3D('',#2975,#2976,#2977);
#2358=CARTESIAN_POINT('',(0.00532148609806646,0.00489283796731118,-0.00510716203268882));
#2359=AXIS2_PLACEMENT_3D('',#2978,#2979,#2980);
#2360=CARTESIAN_POINT('',(0.01,0.00957135186924471,-0.00978567593462236));
#2361=CARTESIAN_POINT('',(0.00521432406537764,0.00478567593462236,-0.005));
#2362=VECTOR('',#2981,1.0);
#2363=CARTESIAN_POINT('',(0.01,0.01,-0.00962877982948121));
#2364=AXIS2_PLACEMENT_3D('',#2982,#2983,#2984);
#2365=AXIS2_PLACEMENT_3D('',#2985,#2986,#2987);
#2366=CARTESIAN_POINT('',(-0.00510716203268882,0.00532148609806646,-0.00489283796731118));
#2367=CARTESIAN_POINT('',(-0.000428648130755285,0.01,-0.000214324065377642));
#2368=CARTESIAN_POINT('',(-0.00521432406537764,0.00521432406537764,-0.005));
#2369=VECTOR('',#2988,1.0);
#2370=CARTESIAN_POINT('',(-0.0051856100852594,0.0051856100852594,-0.0048143899147406));
#2371=AXIS2_PLACEMENT_3D('',#2989,#2990,#2991);
#2372=CARTESIAN_POINT('',(-0.00481438991474061,0.00481438991474061,-0.0048143899147406));
#2373=AXIS2_PLACEMENT_3D('',#2992,#2993,#2994);
#2374=CARTESIAN_POINT('',(-0.00467851390193354,0.00489283796731118,-0.00489283796731118));
#2375=AXIS2_PLACEMENT_3D('',#2995,#2996,#2997);
#2376=CARTESIAN_POINT('',(0.0,0.00957135186924471,-0.000214324065377642));
#2377=CARTESIAN_POINT('',(-0.00478567593462236,0.00478567593462236,-0.005));
#2378=VECTOR('',#2998,1.0);
#2379=CARTESIAN_POINT('',(0.0,0.00962877982948121,-3.58967030737738E-19));
#2380=AXIS2_PLACEMENT_3D('',#2999,#3000,#3001);
#2381=CARTESIAN_POINT('',(-0.000371220170518791,0.01,-4.33680868994203E-19));
#2382=AXIS2_PLACEMENT_3D('',#3002,#3003,#3004);
#2383=AXIS2_PLACEMENT_3D('',#3005,#3006,#3007);
#2384=CARTESIAN_POINT('',(0.00467851390193354,0.00489283796731118,-0.00489283796731118));
#2385=CARTESIAN_POINT('',(0.00478567593462236,0.00478567593462236,-0.005));
#2386=VECTOR('',#3008,1.0);
#2387=CARTESIAN_POINT('',(0.00481438991474061,0.0048143899147406,-0.0048143899147406));
#2388=AXIS2_PLACEMENT_3D('',#3009,#3010,#3011);
#2389=AXIS2_PLACEMENT_3D('',#3012,#3013,#3014);
#2390=CARTESIAN_POINT('',(0.000428648130755285,0.01,-0.000214324065377642));
#2391=CARTESIAN_POINT('',(0.00521432406537764,0.00521432406537764,-0.005));
#2392=VECTOR('',#3015,1.0);
#2393=CARTESIAN_POINT('',(0.000371220170518791,0.01,-4.33680868994203E-19));
#2394=AXIS2_PLACEMENT_3D('',#3016,#3017,#3018);
#2395=AXIS2_PLACEMENT_3D('',#3019,#3020,#3021);
#2396=CARTESIAN_POINT('',(0.00532148609806646,0.00510716203268882,0.00489283796731118));
#2397=CARTESIAN_POINT('',(0.01,0.000428648130755285,0.000214324065377643));
#2398=CARTESIAN_POINT('',(0.00521432406537764,0.00521432406537764,0.005));
#2399=VECTOR('',#3022,1.0);
#2400=AXIS2_PLACEMENT_3D('',#3023,#3024,#3025);
#2401=CARTESIAN_POINT('',(0.00510716203268882,0.00467851390193353,0.00510716203268882));
#2402=AXIS2_PLACEMENT_3D('',#3026,#3027,#3028);
#2403=CARTESIAN_POINT('',(0.00489283796731118,0.00467851390193354,0.00489283796731118));
#2404=AXIS2_PLACEMENT_3D('',#3029,#3030,#3031);
#2405=CARTESIAN_POINT('',(0.00478567593462236,0.00478567593462236,0.005));
#2406=VECTOR('',#3032,1.0);
#2407=AXIS2_PLACEMENT_3D('',#3033,#3034,#3035);
#2408=CARTESIAN_POINT('',(-0.00489283796731118,0.00467851390193354,0.00489283796731118));
#2409=CARTESIAN_POINT('',(-0.00957135186924471,-2.21314489885996E-19,0.000214324065377642));
#2410=CARTESIAN_POINT('',(-0.00478567593462236,0.00478567593462236,0.005));
#2411=VECTOR('',#3036,1.0);
#2412=CARTESIAN_POINT('',(-0.00510716203268882,0.00467851390193353,0.00510716203268882));
#2413=AXIS2_PLACEMENT_3D('',#3037,#3038,#3039);
#2414=CARTESIAN_POINT('',(-0.00518561008525954,0.00481438991474103,0.00518561008525954));
#2415=AXIS2_PLACEMENT_3D('',#3040,#3041,#3042);
#2416=CARTESIAN_POINT('',(-0.00532148609806647,0.00489283796731118,0.00510716203268882));
#2417=AXIS2_PLACEMENT_3D('',#3043,#3044,#3045);
#2418=CARTESIAN_POINT('',(-0.00532148609806646,0.00510716203268882,0.00489283796731118));
#2419=AXIS2_PLACEMENT_3D('',#3046,#3047,#3048);
#2420=CARTESIAN_POINT('',(-0.01,0.000428648130755285,0.000214324065377641));
#2421=CARTESIAN_POINT('',(-0.00521432406537764,0.00521432406537764,0.005));
#2422=VECTOR('',#3049,1.0);
#2423=CARTESIAN_POINT('',(-0.01,-1.27775980311244E-19,0.000371220170518791));
#2424=AXIS2_PLACEMENT_3D('',#3050,#3051,#3052);
#2425=AXIS2_PLACEMENT_3D('',#3053,#3054,#3055);
#2426=CARTESIAN_POINT('',(-3.20656235367372E-20,-0.000428648130755285,0.00978567593462236));
#2427=CARTESIAN_POINT('',(-0.00467851390193354,-0.00510716203268882,0.00510716203268882));
#2428=CARTESIAN_POINT('',(0.000214324065377642,-0.000214324065377643,0.01));
#2429=VECTOR('',#3056,1.0);
#2430=CARTESIAN_POINT('',(-1.85130963806685E-20,-0.00037122017051879,0.01));
#2431=AXIS2_PLACEMENT_3D('',#3057,#3058,#3059);
#2432=CARTESIAN_POINT('',(-0.000371220170518792,1.95324924383796E-18,0.01));
#2433=AXIS2_PLACEMENT_3D('',#3060,#3061,#3062);
#2434=CARTESIAN_POINT('',(-0.000428648130755287,2.11322120867532E-18,0.00978567593462236));
#2435=AXIS2_PLACEMENT_3D('',#3063,#3064,#3065);
#2436=CARTESIAN_POINT('',(-0.00510716203268882,-0.00467851390193354,0.00510716203268882));
#2437=CARTESIAN_POINT('',(-0.000214324065377643,0.000214324065377642,0.01));
#2438=VECTOR('',#3066,1.0);
#2439=CARTESIAN_POINT('',(-0.0051856100852594,-0.0048143899147406,0.00518561008525939));
#2440=AXIS2_PLACEMENT_3D('',#3067,#3068,#3069);
#2441=CARTESIAN_POINT('',(-0.0048143899147406,-0.00518561008525939,0.00518561008525939));
#2442=AXIS2_PLACEMENT_3D('',#3070,#3071,#3072);
#2443=AXIS2_PLACEMENT_3D('',#3073,#3074,#3075);
#2444=CARTESIAN_POINT('',(0.000428648130755287,2.11322120867532E-18,0.00978567593462236));
#2445=CARTESIAN_POINT('',(0.000214324065377643,0.000214324065377642,0.01));
#2446=VECTOR('',#3076,1.0);
#2447=CARTESIAN_POINT('',(0.000371220170518792,1.95324924383796E-18,0.01));
#2448=AXIS2_PLACEMENT_3D('',#3077,#3078,#3079);
#2449=AXIS2_PLACEMENT_3D('',#3080,#3081,#3082);
#2450=CARTESIAN_POINT('',(0.00467851390193354,-0.00510716203268882,0.00510716203268882));
#2451=CARTESIAN_POINT('',(-0.000214324065377642,-0.000214324065377643,0.01));
#2452=VECTOR('',#3083,1.0);
#2453=CARTESIAN_POINT('',(0.0048143899147406,-0.0051856100852594,0.00518561008525939));
#2454=AXIS2_PLACEMENT_3D('',#3084,#3085,#3086);
#2455=AXIS2_PLACEMENT_3D('',#3087,#3088,#3089);
#2456=CARTESIAN_POINT('',(-0.000428648130755285,-0.01,0.000214324065377644));
#2457=CARTESIAN_POINT('',(-0.00510716203268882,-0.00532148609806646,0.00489283796731118));
#2458=CARTESIAN_POINT('',(-0.000214324065377643,-0.0102143240653776,2.52381449072914E-20));
#2459=VECTOR('',#3090,1.0);
#2460=CARTESIAN_POINT('',(-1.9635619478951E-19,-0.01,0.000371220170518791));
#2461=AXIS2_PLACEMENT_3D('',#3091,#3092,#3093);
#2462=CARTESIAN_POINT('',(-3.47736201695406E-19,-0.00957135186924471,0.000214324065377642));
#2463=AXIS2_PLACEMENT_3D('',#3094,#3095,#3096);
#2464=CARTESIAN_POINT('',(-0.00467851390193354,-0.00489283796731118,0.00489283796731118));
#2465=CARTESIAN_POINT('',(0.000214324065377643,-0.00978567593462236,-2.52381449072914E-20));
#2466=VECTOR('',#3097,1.0);
#2467=AXIS2_PLACEMENT_3D('',#3098,#3099,#3100);
#2468=CARTESIAN_POINT('',(-0.00489283796731118,-0.00532148609806646,0.00510716203268882));
#2469=AXIS2_PLACEMENT_3D('',#3101,#3102,#3103);
#2470=AXIS2_PLACEMENT_3D('',#3104,#3105,#3106);
#2471=CARTESIAN_POINT('',(0.00467851390193354,0.00489283796731118,0.00489283796731118));
#2472=CARTESIAN_POINT('',(0.0,0.00957135186924471,0.000214324065377642));
#2473=CARTESIAN_POINT('',(0.00478567593462236,0.00478567593462236,0.005));
#2474=VECTOR('',#3107,1.0);
#2475=CARTESIAN_POINT('',(0.00467851390193353,0.00510716203268882,0.00510716203268882));
#2476=AXIS2_PLACEMENT_3D('',#3108,#3109,#3110);
#2477=AXIS2_PLACEMENT_3D('',#3111,#3112,#3113);
#2478=CARTESIAN_POINT('',(0.00510716203268882,0.00532148609806646,0.00489283796731118));
#2479=AXIS2_PLACEMENT_3D('',#3114,#3115,#3116);
#2480=CARTESIAN_POINT('',(0.000428648130755285,0.01,0.000214324065377642));
#2481=CARTESIAN_POINT('',(0.00521432406537764,0.00521432406537764,0.005));
#2482=VECTOR('',#3117,1.0);
#2483=CARTESIAN_POINT('',(0.0,0.01,0.000371220170518791));
#2484=AXIS2_PLACEMENT_3D('',#3118,#3119,#3120);
#2485=AXIS2_PLACEMENT_3D('',#3121,#3122,#3123);
#2486=CARTESIAN_POINT('',(-0.00510716203268882,0.00532148609806646,0.00489283796731118));
#2487=CARTESIAN_POINT('',(-0.000428648130755285,0.01,0.000214324065377642));
#2488=CARTESIAN_POINT('',(-0.00521432406537764,0.00521432406537764,0.005));
#2489=VECTOR('',#3124,1.0);
#2490=CARTESIAN_POINT('',(-0.00489283796731118,0.00532148609806647,0.00510716203268882));
#2491=AXIS2_PLACEMENT_3D('',#3125,#3126,#3127);
#2492=CARTESIAN_POINT('',(-0.0048143899147406,0.0051856100852594,0.0051856100852594));
#2493=AXIS2_PLACEMENT_3D('',#3128,#3129,#3130);
#2494=CARTESIAN_POINT('',(-0.00467851390193353,0.00510716203268882,0.00510716203268882));
#2495=AXIS2_PLACEMENT_3D('',#3131,#3132,#3133);
#2496=CARTESIAN_POINT('',(-0.00467851390193354,0.00489283796731118,0.00489283796731118));
#2497=AXIS2_PLACEMENT_3D('',#3134,#3135,#3136);
#2498=CARTESIAN_POINT('',(-0.00478567593462236,0.00478567593462236,0.005));
#2499=VECTOR('',#3137,1.0);
#2500=AXIS2_PLACEMENT_3D('',#3138,#3139,#3140);
#2501=CARTESIAN_POINT('',(-0.00489283796731118,0.00467851390193354,-0.00489283796731118));
#2502=CARTESIAN_POINT('',(-0.00957135186924471,-2.21314489885996E-19,-0.000214324065377642));
#2503=CARTESIAN_POINT('',(-0.00478567593462236,0.00478567593462236,-0.005));
#2504=VECTOR('',#3141,1.0);
#2505=AXIS2_PLACEMENT_3D('',#3142,#3143,#3144);
#2506=CARTESIAN_POINT('',(-0.00532148609806646,0.00510716203268882,-0.00489283796731118));
#2507=AXIS2_PLACEMENT_3D('',#3145,#3146,#3147);
#2508=CARTESIAN_POINT('',(-0.01,0.000428648130755285,-0.000214324065377642));
#2509=CARTESIAN_POINT('',(-0.00521432406537764,0.00521432406537764,-0.005));
#2510=VECTOR('',#3148,1.0);
#2511=CARTESIAN_POINT('',(-0.01,0.000371220170518791,-4.33680868994203E-19));
#2512=AXIS2_PLACEMENT_3D('',#3149,#3150,#3151);
#2513=CARTESIAN_POINT('',(-0.00962877982948121,-1.27775980311244E-19,-1.24858097647909E-19));
#2514=AXIS2_PLACEMENT_3D('',#3152,#3153,#3154);
#2515=AXIS2_PLACEMENT_3D('',#3155,#3156,#3157);
#2516=CARTESIAN_POINT('',(-0.000428648130755285,-0.01,-0.000214324065377644));
#2517=CARTESIAN_POINT('',(-0.00510716203268882,-0.00532148609806646,-0.00489283796731118));
#2518=CARTESIAN_POINT('',(-0.000214324065377643,-0.0102143240653776,-3.17793014126266E-19));
#2519=VECTOR('',#3158,1.0);
#2520=CARTESIAN_POINT('',(-0.000371220170518791,-0.01,2.71050543121376E-20));
#2521=AXIS2_PLACEMENT_3D('',#3159,#3160,#3161);
#2522=CARTESIAN_POINT('',(-1.9635619478951E-19,-0.00962877982948121,2.02894408677853E-19));
#2523=AXIS2_PLACEMENT_3D('',#3162,#3163,#3164);
#2524=CARTESIAN_POINT('',(-3.47736201695406E-19,-0.00957135186924471,-0.000214324065377643));
#2525=AXIS2_PLACEMENT_3D('',#3165,#3166,#3167);
#2526=CARTESIAN_POINT('',(-0.00467851390193354,-0.00489283796731118,-0.00489283796731118));
#2527=CARTESIAN_POINT('',(0.000214324065377642,-0.00978567593462236,-1.15887854867935E-19));
#2528=VECTOR('',#3168,1.0);
#2529=CARTESIAN_POINT('',(-0.0048143899147406,-0.0048143899147406,-0.00481438991474061));
#2530=AXIS2_PLACEMENT_3D('',#3169,#3170,#3171);
#2531=CARTESIAN_POINT('',(-0.0051856100852594,-0.0051856100852594,-0.00481438991474061));
#2532=AXIS2_PLACEMENT_3D('',#3172,#3173,#3174);
#2533=AXIS2_PLACEMENT_3D('',#3175,#3176,#3177);
#2534=CARTESIAN_POINT('',(0.00510716203268882,0.00467851390193354,-0.00510716203268882));
#2535=CARTESIAN_POINT('',(0.000428648130755287,2.11322120867532E-18,-0.00978567593462236));
#2536=CARTESIAN_POINT('',(0.00521432406537764,0.00478567593462236,-0.005));
#2537=VECTOR('',#3178,1.0);
#2538=CARTESIAN_POINT('',(0.00489283796731118,0.00467851390193354,-0.00489283796731118));
#2539=AXIS2_PLACEMENT_3D('',#3179,#3180,#3181);
#2540=AXIS2_PLACEMENT_3D('',#3182,#3183,#3184);
#2541=CARTESIAN_POINT('',(0.00467851390193354,0.00510716203268882,-0.00510716203268882));
#2542=AXIS2_PLACEMENT_3D('',#3185,#3186,#3187);
#2543=CARTESIAN_POINT('',(0.0,0.000428648130755285,-0.00978567593462236));
#2544=CARTESIAN_POINT('',(0.00478567593462236,0.00521432406537764,-0.005));
#2545=VECTOR('',#3188,1.0);
#2546=CARTESIAN_POINT('',(0.0,-7.17934061475475E-19,-0.00962877982948121));
#2547=AXIS2_PLACEMENT_3D('',#3189,#3190,#3191);
#2548=AXIS2_PLACEMENT_3D('',#3192,#3193,#3194);
#2549=CARTESIAN_POINT('',(0.01,0.000428648130755285,-0.000214324065377642));
#2550=CARTESIAN_POINT('',(0.00521432406537764,0.00521432406537764,-0.005));
#2551=VECTOR('',#3195,1.0);
#2552=CARTESIAN_POINT('',(0.00478567593462236,0.00478567593462236,-0.005));
#2553=VECTOR('',#3196,1.0);
#2554=CARTESIAN_POINT('',(0.01,0.000371220170518791,-4.33680868994203E-19));
#2555=AXIS2_PLACEMENT_3D('',#3197,#3198,#3199);
#2556=AXIS2_PLACEMENT_3D('',#3200,#3201,#3202);
#2557=CARTESIAN_POINT('',(0.00510716203268882,-0.00467851390193354,-0.00510716203268882));
#2558=CARTESIAN_POINT('',(0.000214324065377642,0.000214324065377643,-0.01));
#2559=VECTOR('',#3203,1.0);
#2560=CARTESIAN_POINT('',(0.0,-0.000428648130755285,-0.00978567593462236));
#2561=AXIS2_PLACEMENT_3D('',#3204,#3205,#3206);
#2562=CARTESIAN_POINT('',(0.00467851390193354,-0.00510716203268882,-0.00510716203268882));
#2563=CARTESIAN_POINT('',(-0.000214324065377643,-0.000214324065377642,-0.01));
#2564=VECTOR('',#3207,1.0);
#2565=CARTESIAN_POINT('',(0.00467851390193354,-0.00489283796731118,-0.00489283796731118));
#2566=AXIS2_PLACEMENT_3D('',#3208,#3209,#3210);
#2567=AXIS2_PLACEMENT_3D('',#3211,#3212,#3213);
#2568=AXIS2_PLACEMENT_3D('',#3214,#3215,#3216);
#2569=CARTESIAN_POINT('',(0.00957135186924471,-0.01,0.00978567593462236));
#2570=CARTESIAN_POINT('',(0.00489283796731118,-0.00532148609806646,0.00510716203268882));
#2571=CARTESIAN_POINT('',(0.00978567593462236,-0.0102143240653776,0.01));
#2572=VECTOR('',#3217,1.0);
#2573=CARTESIAN_POINT('',(0.00962877982948121,-0.01,0.01));
#2574=AXIS2_PLACEMENT_3D('',#3218,#3219,#3220);
#2575=CARTESIAN_POINT('',(0.01,-0.00962877982948121,0.01));
#2576=AXIS2_PLACEMENT_3D('',#3221,#3222,#3223);
#2577=CARTESIAN_POINT('',(0.01,-0.00957135186924471,0.00978567593462236));
#2578=AXIS2_PLACEMENT_3D('',#3224,#3225,#3226);
#2579=CARTESIAN_POINT('',(0.0102143240653776,-0.00978567593462236,0.01));
#2580=VECTOR('',#3227,1.0);
#2581=AXIS2_PLACEMENT_3D('',#3228,#3229,#3230);
#2582=CARTESIAN_POINT('',(-0.000214324065377643,-0.00978567593462236,-4.08442724086913E-19));
#2583=VECTOR('',#3231,1.0);
#2584=CARTESIAN_POINT('',(0.000371220170518791,-0.01,2.71050543121376E-20));
#2585=AXIS2_PLACEMENT_3D('',#3232,#3233,#3234);
#2586=CARTESIAN_POINT('',(0.000428648130755285,-0.01,-0.000214324065377643));
#2587=AXIS2_PLACEMENT_3D('',#3235,#3236,#3237);
#2588=CARTESIAN_POINT('',(0.00510716203268882,-0.00532148609806646,-0.00489283796731118));
#2589=CARTESIAN_POINT('',(0.000214324065377643,-0.0102143240653776,-4.58919013901495E-19));
#2590=VECTOR('',#3238,1.0);
#2591=AXIS2_PLACEMENT_3D('',#3239,#3240,#3241);
#2592=CARTESIAN_POINT('',(0.00467851390193354,-0.00489283796731118,0.00489283796731118));
#2593=CARTESIAN_POINT('',(-0.000214324065377642,-0.00978567593462236,3.90404879368796E-19));
#2594=VECTOR('',#3242,1.0);
#2595=CARTESIAN_POINT('',(0.000428648130755285,-0.01,0.000214324065377643));
#2596=AXIS2_PLACEMENT_3D('',#3243,#3244,#3245);
#2597=CARTESIAN_POINT('',(0.00510716203268882,-0.00532148609806646,0.00489283796731118));
#2598=CARTESIAN_POINT('',(0.000214324065377643,-0.0102143240653776,5.92310038627127E-19));
#2599=VECTOR('',#3246,1.0);
#2600=AXIS2_PLACEMENT_3D('',#3247,#3248,#3249);
#2601=AXIS2_PLACEMENT_3D('',#3250,#3251,#3252);
#2602=CARTESIAN_POINT('',(-0.01,-0.00957135186924471,-0.00978567593462236));
#2603=CARTESIAN_POINT('',(-0.00532148609806646,-0.00489283796731118,-0.00510716203268882));
#2604=CARTESIAN_POINT('',(-0.0102143240653776,-0.00978567593462236,-0.01));
#2605=VECTOR('',#3253,1.0);
#2606=CARTESIAN_POINT('',(-0.01,-0.01,-0.00962877982948121));
#2607=AXIS2_PLACEMENT_3D('',#3254,#3255,#3256);
#2608=CARTESIAN_POINT('',(-0.00957135186924471,-0.01,-0.00978567593462236));
#2609=AXIS2_PLACEMENT_3D('',#3257,#3258,#3259);
#2610=CARTESIAN_POINT('',(-0.00489283796731118,-0.00532148609806646,-0.00510716203268882));
#2611=CARTESIAN_POINT('',(-0.00978567593462236,-0.0102143240653776,-0.01));
#2612=VECTOR('',#3260,1.0);
#2613=AXIS2_PLACEMENT_3D('',#3261,#3262,#3263);
#2614=CARTESIAN_POINT('',(-0.00532148609806646,-0.00510716203268882,-0.00489283796731118));
#2615=AXIS2_PLACEMENT_3D('',#3264,#3265,#3266);
#2616=AXIS2_PLACEMENT_3D('',#3267,#3268,#3269);
#2617=CARTESIAN_POINT('',(-0.00467851390193354,-0.00510716203268882,-0.00510716203268882));
#2618=CARTESIAN_POINT('',(0.000214324065377643,-0.000214324065377642,-0.01));
#2619=VECTOR('',#3270,1.0);
#2620=CARTESIAN_POINT('',(-0.000428648130755287,2.11322120867532E-18,-0.00978567593462236));
#2621=AXIS2_PLACEMENT_3D('',#3271,#3272,#3273);
#2622=CARTESIAN_POINT('',(-0.00510716203268882,-0.00467851390193354,-0.00510716203268882));
#2623=CARTESIAN_POINT('',(-0.000214324065377642,0.000214324065377643,-0.01));
#2624=VECTOR('',#3274,1.0);
#2625=CARTESIAN_POINT('',(-0.00489283796731118,-0.00467851390193354,-0.00489283796731118));
#2626=AXIS2_PLACEMENT_3D('',#3275,#3276,#3277);
#2627=AXIS2_PLACEMENT_3D('',#3278,#3279,#3280);
#2628=AXIS2_PLACEMENT_3D('',#3281,#3282,#3283);
#2629=CARTESIAN_POINT('',(-0.00467851390193354,0.00510716203268882,-0.00510716203268882));
#2630=CARTESIAN_POINT('',(-0.00478567593462236,0.00521432406537764,-0.005));
#2631=VECTOR('',#3284,1.0);
#2632=AXIS2_PLACEMENT_3D('',#3285,#3286,#3287);
#2633=CARTESIAN_POINT('',(-0.00510716203268882,0.00467851390193354,-0.00510716203268882));
#2634=AXIS2_PLACEMENT_3D('',#3288,#3289,#3290);
#2635=CARTESIAN_POINT('',(-0.00521432406537764,0.00478567593462236,-0.005));
#2636=VECTOR('',#3291,1.0);
#2637=CARTESIAN_POINT('',(0.00957135186924471,-0.01,-0.00978567593462236));
#2638=CARTESIAN_POINT('',(0.00489283796731118,-0.00532148609806646,-0.00510716203268882));
#2639=CARTESIAN_POINT('',(0.00978567593462236,-0.0102143240653776,-0.01));
#2640=VECTOR('',#3292,1.0);
#2641=CARTESIAN_POINT('',(0.01,-0.01,-0.00962877982948121));
#2642=AXIS2_PLACEMENT_3D('',#3293,#3294,#3295);
#2643=CARTESIAN_POINT('',(0.01,-0.00957135186924471,-0.00978567593462236));
#2644=AXIS2_PLACEMENT_3D('',#3296,#3297,#3298);
#2645=CARTESIAN_POINT('',(0.00532148609806646,-0.00489283796731118,-0.00510716203268882));
#2646=CARTESIAN_POINT('',(0.0102143240653776,-0.00978567593462236,-0.01));
#2647=VECTOR('',#3299,1.0);
#2648=AXIS2_PLACEMENT_3D('',#3300,#3301,#3302);
#2649=AXIS2_PLACEMENT_3D('',#3303,#3304,#3305);
#2650=CARTESIAN_POINT('',(0.00521432406537764,0.00478567593462236,0.005));
#2651=VECTOR('',#3306,1.0);
#2652=CARTESIAN_POINT('',(0.0,0.000428648130755285,0.00978567593462236));
#2653=CARTESIAN_POINT('',(0.00478567593462236,0.00521432406537764,0.005));
#2654=VECTOR('',#3307,1.0);
#2655=CARTESIAN_POINT('',(0.0,0.000371220170518791,0.01));
#2656=AXIS2_PLACEMENT_3D('',#3308,#3309,#3310);
#2657=AXIS2_PLACEMENT_3D('',#3311,#3312,#3313);
#2658=CARTESIAN_POINT('',(-0.00478567593462236,0.00521432406537764,0.005));
#2659=VECTOR('',#3314,1.0);
#2660=AXIS2_PLACEMENT_3D('',#3315,#3316,#3317);
#2661=CARTESIAN_POINT('',(-0.00521432406537764,0.00478567593462236,0.005));
#2662=VECTOR('',#3318,1.0);
#2663=AXIS2_PLACEMENT_3D('',#3319,#3320,#3321);
#2664=CARTESIAN_POINT('',(-0.00978567593462236,0.000214324065377643,-1.91602289589809E-19));
#2665=VECTOR('',#3322,1.0);
#2666=CARTESIAN_POINT('',(-0.01,-0.000371220170518791,2.71050543121376E-20));
#2667=AXIS2_PLACEMENT_3D('',#3323,#3324,#3325);
#2668=CARTESIAN_POINT('',(-0.01,-0.000428648130755285,-0.000214324065377643));
#2669=AXIS2_PLACEMENT_3D('',#3326,#3327,#3328);
#2670=CARTESIAN_POINT('',(-0.0102143240653776,-0.000214324065377643,-2.42078579404392E-19));
#2671=VECTOR('',#3329,1.0);
#2672=CARTESIAN_POINT('',(-0.00489283796731118,-0.00467851390193354,0.00489283796731118));
#2673=CARTESIAN_POINT('',(-0.00978567593462236,0.000214324065377642,-4.55051526376696E-19));
#2674=VECTOR('',#3330,1.0);
#2675=CARTESIAN_POINT('',(-0.01,-0.000428648130755285,0.000214324065377642));
#2676=AXIS2_PLACEMENT_3D('',#3331,#3332,#3333);
#2677=CARTESIAN_POINT('',(-0.00532148609806646,-0.00510716203268882,0.00489283796731118));
#2678=CARTESIAN_POINT('',(-0.0102143240653776,-0.000214324065377643,-2.53146367118365E-19));
#2679=VECTOR('',#3334,1.0);
#2680=CARTESIAN_POINT('',(-0.00532148609806646,-0.00489283796731118,0.00510716203268882));
#2681=AXIS2_PLACEMENT_3D('',#3335,#3336,#3337);
#2682=AXIS2_PLACEMENT_3D('',#3338,#3339,#3340);
#2683=AXIS2_PLACEMENT_3D('',#3341,#3342,#3343);
#2684=CARTESIAN_POINT('',(-0.01,0.00957135186924471,0.00978567593462236));
#2685=CARTESIAN_POINT('',(-0.00521432406537764,0.00478567593462236,0.005));
#2686=VECTOR('',#3344,1.0);
#2687=CARTESIAN_POINT('',(-0.00957135186924471,0.01,0.00978567593462236));
#2688=CARTESIAN_POINT('',(-0.00478567593462236,0.00521432406537764,0.005));
#2689=VECTOR('',#3345,1.0);
#2690=CARTESIAN_POINT('',(-0.00962877982948121,0.01,0.01));
#2691=AXIS2_PLACEMENT_3D('',#3346,#3347,#3348);
#2692=CARTESIAN_POINT('',(-0.01,0.00962877982948121,0.01));
#2693=AXIS2_PLACEMENT_3D('',#3349,#3350,#3351);
#2694=AXIS2_PLACEMENT_3D('',#3352,#3353,#3354);
#2695=CARTESIAN_POINT('',(-0.00532148609806646,0.00489283796731118,-0.00510716203268882));
#2696=CARTESIAN_POINT('',(-0.01,0.00957135186924471,-0.00978567593462236));
#2697=CARTESIAN_POINT('',(-0.00521432406537764,0.00478567593462236,-0.005));
#2698=VECTOR('',#3355,1.0);
#2699=AXIS2_PLACEMENT_3D('',#3356,#3357,#3358);
#2700=CARTESIAN_POINT('',(-0.00489283796731118,0.00532148609806646,-0.00510716203268882));
#2701=AXIS2_PLACEMENT_3D('',#3359,#3360,#3361);
#2702=CARTESIAN_POINT('',(-0.00957135186924471,0.01,-0.00978567593462236));
#2703=CARTESIAN_POINT('',(-0.00478567593462236,0.00521432406537764,-0.005));
#2704=VECTOR('',#3362,1.0);
#2705=CARTESIAN_POINT('',(-0.01,0.01,-0.00962877982948121));
#2706=AXIS2_PLACEMENT_3D('',#3363,#3364,#3365);
#2707=AXIS2_PLACEMENT_3D('',#3366,#3367,#3368);
#2708=CARTESIAN_POINT('',(-0.01,-0.00957135186924471,0.00978567593462236));
#2709=CARTESIAN_POINT('',(-0.0102143240653776,-0.00978567593462236,0.01));
#2710=VECTOR('',#3369,1.0);
#2711=CARTESIAN_POINT('',(-0.01,-0.00962877982948121,0.01));
#2712=AXIS2_PLACEMENT_3D('',#3370,#3371,#3372);
#2713=CARTESIAN_POINT('',(-0.00962877982948121,-0.01,0.01));
#2714=AXIS2_PLACEMENT_3D('',#3373,#3374,#3375);
#2715=CARTESIAN_POINT('',(-0.00957135186924471,-0.01,0.00978567593462236));
#2716=AXIS2_PLACEMENT_3D('',#3376,#3377,#3378);
#2717=CARTESIAN_POINT('',(-0.00978567593462236,-0.0102143240653776,0.01));
#2718=VECTOR('',#3379,1.0);
#2719=CARTESIAN_POINT('',(-0.01,-1.27775980311244E-19,-0.000371220170518791));
#2720=AXIS2_PLACEMENT_3D('',#3380,#3381,#3382);
#2721=AXIS2_PLACEMENT_3D('',#3383,#3384,#3385);
#2722=AXIS2_PLACEMENT_3D('',#3386,#3387,#3388);
#2723=AXIS2_PLACEMENT_3D('',#3389,#3390,#3391);
#2724=CARTESIAN_POINT('',(-0.01,0.01,0.01));
#2725=CARTESIAN_POINT('',(-0.01,0.01,0.00962877982948121));
#2726=CARTESIAN_POINT('',(-0.01,0.01,0.0));
#2727=VECTOR('',#3392,1.0);
#2728=AXIS2_PLACEMENT_3D('',#3393,#3394,#3395);
#2729=CARTESIAN_POINT('',(-0.01,0.0,0.01));
#2730=VECTOR('',#3396,1.0);
#2731=CARTESIAN_POINT('',(-0.01,-0.00962877982948121,-0.01));
#2732=CARTESIAN_POINT('',(-0.01,-0.01,-0.01));
#2733=CARTESIAN_POINT('',(-0.01,0.0,-0.01));
#2734=VECTOR('',#3397,1.0);
#2735=CARTESIAN_POINT('',(-0.01,-0.01,0.0));
#2736=VECTOR('',#3398,1.0);
#2737=AXIS2_PLACEMENT_3D('',#3399,#3400,#3401);
#2738=CARTESIAN_POINT('',(-0.01,0.01,-0.01));
#2739=CARTESIAN_POINT('',(-0.01,0.00962877982948121,-0.01));
#2740=CARTESIAN_POINT('',(-0.01,0.0,-0.01));
#2741=VECTOR('',#3402,1.0);
#2742=AXIS2_PLACEMENT_3D('',#3403,#3404,#3405);
#2743=CARTESIAN_POINT('',(-0.01,0.01,0.0));
#2744=VECTOR('',#3406,1.0);
#2745=CARTESIAN_POINT('',(-0.01,-0.01,0.00962877982948121));
#2746=AXIS2_PLACEMENT_3D('',#3407,#3408,#3409);
#2747=CARTESIAN_POINT('',(-0.01,-0.01,0.01));
#2748=CARTESIAN_POINT('',(-0.01,-0.01,0.0));
#2749=VECTOR('',#3410,1.0);
#2750=CARTESIAN_POINT('',(-0.01,0.0,0.01));
#2751=VECTOR('',#3411,1.0);
#2752=AXIS2_PLACEMENT_3D('',#3412,#3413,#3414);
#2753=CARTESIAN_POINT('',(0.0,-0.01,0.01));
#2754=VECTOR('',#3415,1.0);
#2755=CARTESIAN_POINT('',(-0.0051856100852594,-0.0051856100852594,0.0048143899147406));
#2756=AXIS2_PLACEMENT_3D('',#3416,#3417,#3418);
#2757=AXIS2_PLACEMENT_3D('',#3419,#3420,#3421);
#2758=CARTESIAN_POINT('',(-0.00962877982948121,0.01,-0.01));
#2759=AXIS2_PLACEMENT_3D('',#3422,#3423,#3424);
#2760=AXIS2_PLACEMENT_3D('',#3425,#3426,#3427);
#2761=CARTESIAN_POINT('',(-0.00481438991474046,0.00518561008525954,-0.00518561008525897));
#2762=AXIS2_PLACEMENT_3D('',#3428,#3429,#3430);
#2763=CARTESIAN_POINT('',(-0.0051856100852594,0.00481438991474061,-0.0051856100852594));
#2764=AXIS2_PLACEMENT_3D('',#3431,#3432,#3433);
#2765=AXIS2_PLACEMENT_3D('',#3434,#3435,#3436);
#2766=CARTESIAN_POINT('',(0.0,0.01,-0.01));
#2767=VECTOR('',#3437,1.0);
#2768=CARTESIAN_POINT('',(-0.00962877982948121,-0.01,-0.01));
#2769=CARTESIAN_POINT('',(0.0,-0.01,-0.01));
#2770=VECTOR('',#3438,1.0);
#2771=AXIS2_PLACEMENT_3D('',#3439,#3440,#3441);
#2772=AXIS2_PLACEMENT_3D('',#3442,#3443,#3444);
#2773=AXIS2_PLACEMENT_3D('',#3445,#3446,#3447);
#2774=CARTESIAN_POINT('',(-0.00518561008525939,0.00518561008525939,0.0048143899147406));
#2775=AXIS2_PLACEMENT_3D('',#3448,#3449,#3450);
#2776=AXIS2_PLACEMENT_3D('',#3451,#3452,#3453);
#2777=CARTESIAN_POINT('',(0.0,0.01,0.01));
#2778=VECTOR('',#3454,1.0);
#2779=CARTESIAN_POINT('',(-0.0048143899147406,-0.00481438991474061,0.0048143899147406));
#2780=AXIS2_PLACEMENT_3D('',#3455,#3456,#3457);
#2781=AXIS2_PLACEMENT_3D('',#3458,#3459,#3460);
#2782=AXIS2_PLACEMENT_3D('',#3461,#3462,#3463);
#2783=CARTESIAN_POINT('',(-0.0051856100852594,-0.00481438991474061,-0.0051856100852594));
#2784=AXIS2_PLACEMENT_3D('',#3464,#3465,#3466);
#2785=AXIS2_PLACEMENT_3D('',#3467,#3468,#3469);
#2786=AXIS2_PLACEMENT_3D('',#3470,#3471,#3472);
#2787=CARTESIAN_POINT('',(0.01,-0.01,0.01));
#2788=CARTESIAN_POINT('',(0.01,0.0,0.01));
#2789=VECTOR('',#3473,1.0);
#2790=CARTESIAN_POINT('',(0.01,-0.01,0.00962877982948121));
#2791=CARTESIAN_POINT('',(0.01,-0.01,0.0));
#2792=VECTOR('',#3474,1.0);
#2793=AXIS2_PLACEMENT_3D('',#3475,#3476,#3477);
#2794=CARTESIAN_POINT('',(0.01,0.01,0.01));
#2795=CARTESIAN_POINT('',(0.01,0.0,0.01));
#2796=VECTOR('',#3478,1.0);
#2797=CARTESIAN_POINT('',(0.01,0.01,0.00962877982948121));
#2798=AXIS2_PLACEMENT_3D('',#3479,#3480,#3481);
#2799=CARTESIAN_POINT('',(0.01,0.01,0.0));
#2800=VECTOR('',#3482,1.0);
#2801=CARTESIAN_POINT('',(0.01,0.00962877982948121,-0.01));
#2802=AXIS2_PLACEMENT_3D('',#3483,#3484,#3485);
#2803=CARTESIAN_POINT('',(0.01,0.01,-0.01));
#2804=CARTESIAN_POINT('',(0.01,0.0,-0.01));
#2805=VECTOR('',#3486,1.0);
#2806=CARTESIAN_POINT('',(0.01,0.01,0.0));
#2807=VECTOR('',#3487,1.0);
#2808=AXIS2_PLACEMENT_3D('',#3488,#3489,#3490);
#2809=CARTESIAN_POINT('',(0.01,-1.27775980311244E-19,-0.000371220170518791));
#2810=AXIS2_PLACEMENT_3D('',#3491,#3492,#3493);
#2811=AXIS2_PLACEMENT_3D('',#3494,#3495,#3496);
#2812=AXIS2_PLACEMENT_3D('',#3497,#3498,#3499);
#2813=CARTESIAN_POINT('',(0.01,-0.01,-0.01));
#2814=CARTESIAN_POINT('',(0.01,-0.01,0.0));
#2815=VECTOR('',#3500,1.0);
#2816=CARTESIAN_POINT('',(0.01,-0.00962877982948121,-0.01));
#2817=CARTESIAN_POINT('',(0.01,0.0,-0.01));
#2818=VECTOR('',#3501,1.0);
#2819=AXIS2_PLACEMENT_3D('',#3502,#3503,#3504);
#2820=CARTESIAN_POINT('',(-1.85130963806685E-20,-4.52610603973668E-19,0.00962877982948121));
#2821=AXIS2_PLACEMENT_3D('',#3505,#3506,#3507);
#2822=AXIS2_PLACEMENT_3D('',#3508,#3509,#3510);
#2823=CARTESIAN_POINT('',(-0.00481438991474061,0.00481438991474061,0.00481438991474061));
#2824=AXIS2_PLACEMENT_3D('',#3511,#3512,#3513);
#2825=AXIS2_PLACEMENT_3D('',#3514,#3515,#3516);
#2826=AXIS2_PLACEMENT_3D('',#3517,#3518,#3519);
#2827=CARTESIAN_POINT('',(0.0048143899147406,0.0048143899147406,0.0048143899147406));
#2828=AXIS2_PLACEMENT_3D('',#3520,#3521,#3522);
#2829=AXIS2_PLACEMENT_3D('',#3523,#3524,#3525);
#2830=CARTESIAN_POINT('',(0.0,-0.00037122017051879,-0.01));
#2831=CARTESIAN_POINT('',(-0.000371220170518792,1.95324924383796E-18,-0.01));
#2832=AXIS2_PLACEMENT_3D('',#3526,#3527,#3528);
#2833=CARTESIAN_POINT('',(0.0,0.000371220170518791,-0.01));
#2834=AXIS2_PLACEMENT_3D('',#3529,#3530,#3531);
#2835=CARTESIAN_POINT('',(0.000371220170518792,1.95324924383796E-18,-0.01));
#2836=AXIS2_PLACEMENT_3D('',#3532,#3533,#3534);
#2837=AXIS2_PLACEMENT_3D('',#3535,#3536,#3537);
#2838=CARTESIAN_POINT('',(0.00481438991474061,-0.0051856100852594,-0.0051856100852594));
#2839=AXIS2_PLACEMENT_3D('',#3538,#3539,#3540);
#2840=CARTESIAN_POINT('',(0.0051856100852594,-0.00481438991474061,-0.0051856100852594));
#2841=AXIS2_PLACEMENT_3D('',#3541,#3542,#3543);
#2842=AXIS2_PLACEMENT_3D('',#3544,#3545,#3546);
#2843=CARTESIAN_POINT('',(0.00962877982948121,-0.01,-0.01));
#2844=AXIS2_PLACEMENT_3D('',#3547,#3548,#3549);
#2845=AXIS2_PLACEMENT_3D('',#3550,#3551,#3552);
#2846=CARTESIAN_POINT('',(0.0,-0.01,-0.01));
#2847=VECTOR('',#3553,1.0);
#2848=CARTESIAN_POINT('',(0.00962877982948121,0.01,-0.01));
#2849=CARTESIAN_POINT('',(0.0,0.01,-0.01));
#2850=VECTOR('',#3554,1.0);
#2851=AXIS2_PLACEMENT_3D('',#3555,#3556,#3557);
#2852=AXIS2_PLACEMENT_3D('',#3558,#3559,#3560);
#2853=AXIS2_PLACEMENT_3D('',#3561,#3562,#3563);
#2854=AXIS2_PLACEMENT_3D('',#3564,#3565,#3566);
#2855=AXIS2_PLACEMENT_3D('',#3567,#3568,#3569);
#2856=CARTESIAN_POINT('',(-0.00481438991474061,-0.0051856100852594,-0.0051856100852594));
#2857=AXIS2_PLACEMENT_3D('',#3570,#3571,#3572);
#2858=AXIS2_PLACEMENT_3D('',#3573,#3574,#3575);
#2859=AXIS2_PLACEMENT_3D('',#3576,#3577,#3578);
#2860=CARTESIAN_POINT('',(-1.9635619478951E-19,-0.01,-0.000371220170518791));
#2861=AXIS2_PLACEMENT_3D('',#3579,#3580,#3581);
#2862=AXIS2_PLACEMENT_3D('',#3582,#3583,#3584);
#2863=AXIS2_PLACEMENT_3D('',#3585,#3586,#3587);
#2864=AXIS2_PLACEMENT_3D('',#3588,#3589,#3590);
#2865=AXIS2_PLACEMENT_3D('',#3591,#3592,#3593);
#2866=CARTESIAN_POINT('',(0.0048143899147406,-0.00481438991474061,0.0048143899147406));
#2867=AXIS2_PLACEMENT_3D('',#3594,#3595,#3596);
#2868=CARTESIAN_POINT('',(0.00518561008525939,-0.0051856100852594,0.0048143899147406));
#2869=AXIS2_PLACEMENT_3D('',#3597,#3598,#3599);
#2870=AXIS2_PLACEMENT_3D('',#3600,#3601,#3602);
#2871=AXIS2_PLACEMENT_3D('',#3603,#3604,#3605);
#2872=AXIS2_PLACEMENT_3D('',#3606,#3607,#3608);
#2873=AXIS2_PLACEMENT_3D('',#3609,#3610,#3611);
#2874=AXIS2_PLACEMENT_3D('',#3612,#3613,#3614);
#2875=AXIS2_PLACEMENT_3D('',#3615,#3616,#3617);
#2876=AXIS2_PLACEMENT_3D('',#3618,#3619,#3620);
#2877=CARTESIAN_POINT('',(0.0,0.01,0.01));
#2878=VECTOR('',#3621,1.0);
#2879=AXIS2_PLACEMENT_3D('',#3622,#3623,#3624);
#2880=CARTESIAN_POINT('',(0.0,0.01,-0.000371220170518791));
#2881=AXIS2_PLACEMENT_3D('',#3625,#3626,#3627);
#2882=AXIS2_PLACEMENT_3D('',#3628,#3629,#3630);
#2883=AXIS2_PLACEMENT_3D('',#3631,#3632,#3633);
#2884=AXIS2_PLACEMENT_3D('',#3634,#3635,#3636);
#2885=AXIS2_PLACEMENT_3D('',#3637,#3638,#3639);
#2886=AXIS2_PLACEMENT_3D('',#3640,#3641,#3642);
#2887=CARTESIAN_POINT('',(0.0051856100852594,0.0048143899147406,-0.0051856100852594));
#2888=AXIS2_PLACEMENT_3D('',#3643,#3644,#3645);
#2889=AXIS2_PLACEMENT_3D('',#3646,#3647,#3648);
#2890=CARTESIAN_POINT('',(0.0048143899147406,0.0051856100852594,-0.0051856100852594));
#2891=AXIS2_PLACEMENT_3D('',#3649,#3650,#3651);
#2892=AXIS2_PLACEMENT_3D('',#3652,#3653,#3654);
#2893=AXIS2_PLACEMENT_3D('',#3655,#3656,#3657);
#2894=AXIS2_PLACEMENT_3D('',#3658,#3659,#3660);
#2895=CARTESIAN_POINT('',(0.0051856100852594,0.0051856100852594,0.00481438991474061));
#2896=AXIS2_PLACEMENT_3D('',#3661,#3662,#3663);
#2897=AXIS2_PLACEMENT_3D('',#3664,#3665,#3666);
#2898=AXIS2_PLACEMENT_3D('',#3667,#3668,#3669);
#2899=AXIS2_PLACEMENT_3D('',#3670,#3671,#3672);
#2900=AXIS2_PLACEMENT_3D('',#3673,#3674,#3675);
#2901=AXIS2_PLACEMENT_3D('',#3676,#3677,#3678);
#2902=AXIS2_PLACEMENT_3D('',#3679,#3680,#3681);
#2903=AXIS2_PLACEMENT_3D('',#3682,#3683,#3684);
#2904=AXIS2_PLACEMENT_3D('',#3685,#3686,#3687);
#2905=AXIS2_PLACEMENT_3D('',#3688,#3689,#3690);
#2906=CARTESIAN_POINT('',(0.0,-0.01,0.01));
#2907=VECTOR('',#3691,1.0);
#2908=DIRECTION('',(0.577350269189626,0.577350269189626,0.577350269189626));
#2909=CARTESIAN_POINT('',(0.005,0.005,0.005));
#2910=DIRECTION('',(-0.707106781186548,3.30433212083395E-15,-0.707106781186548));
#2911=DIRECTION('',(2.22699147884355E-15,1.0,2.44603982102488E-15));
#2912=CARTESIAN_POINT('',(0.005,0.005,0.005));
#2913=DIRECTION('',(-0.707106781186548,-0.707106781186548,0.0));
#2914=DIRECTION('',(0.0,0.0,1.0));
#2915=CARTESIAN_POINT('',(0.005,0.005,0.005));
#2916=DIRECTION('',(3.30433212083395E-15,-0.707106781186548,-0.707106781186548));
#2917=DIRECTION('',(-1.0,-2.22699147884355E-15,-2.44603982102488E-15));
#2918=DIRECTION('',(-0.577350269189626,-0.577350269189626,-0.577350269189626));
#2919=CARTESIAN_POINT('',(0.01,0.01,0.01));
#2920=DIRECTION('',(-1.0,0.0,0.0));
#2921=DIRECTION('',(0.0,0.707106781186548,0.707106781186548));
#2922=CARTESIAN_POINT('',(0.01,0.01,0.01));
#2923=DIRECTION('',(-0.0,0.0,-1.0));
#2924=DIRECTION('',(-0.707106781186548,-0.707106781186548,0.0));
#2925=CARTESIAN_POINT('',(0.01,0.01,0.01));
#2926=DIRECTION('',(-0.0,-1.0,0.0));
#2927=DIRECTION('',(-0.707106781186548,0.0,-0.707106781186548));
#2928=DIRECTION('',(-0.577350269189626,-0.577350269189626,-0.577350269189626));
#2929=CARTESIAN_POINT('',(0.01,1.0432740269008E-20,1.0432740269008E-20));
#2930=DIRECTION('',(-1.0,-0.0,0.0));
#2931=DIRECTION('',(0.0,-0.707106781186548,-0.707106781186548));
#2932=CARTESIAN_POINT('',(0.01,0.0,0.0));
#2933=DIRECTION('',(-7.30161140604444E-17,-7.30161140604444E-17,-1.0));
#2934=DIRECTION('',(0.707106781186547,0.707106781186548,-1.03260378776061E-16));
#2935=CARTESIAN_POINT('',(0.01,0.0,0.0));
#2936=DIRECTION('',(2.92064456241777E-16,-1.0,2.92064456241777E-16));
#2937=DIRECTION('',(0.707106781186547,4.13041515104245E-16,0.707106781186547));
#2938=DIRECTION('',(0.577350269189626,0.577350269189626,0.577350269189626));
#2939=CARTESIAN_POINT('',(0.005,-0.005,-0.005));
#2940=DIRECTION('',(-0.707106781186548,-8.26083030208492E-15,-0.707106781186548));
#2941=DIRECTION('',(5.76827301077512E-15,-1.0,5.91430523889601E-15));
#2942=CARTESIAN_POINT('',(0.005,-0.005,-0.005));
#2943=DIRECTION('',(-0.707106781186547,-0.707106781186547,-1.65216606041699E-15));
#2944=DIRECTION('',(-1.05873365387645E-15,-1.27778199605778E-15,1.0));
#2945=CARTESIAN_POINT('',(0.005,-0.005,-0.005));
#2946=DIRECTION('',(-9.91299636250191E-15,-0.707106781186547,-0.707106781186547));
#2947=DIRECTION('',(1.0,-6.99129292128757E-15,-7.02780097831779E-15));
#2948=DIRECTION('',(-0.577350269189626,-0.577350269189626,0.577350269189626));
#2949=CARTESIAN_POINT('',(0.01,1.0432740269008E-20,-1.0432740269008E-20));
#2950=DIRECTION('',(-1.0,-0.0,0.0));
#2951=DIRECTION('',(0.0,-0.707106781186548,0.707106781186548));
#2952=CARTESIAN_POINT('',(0.01,0.0,0.0));
#2953=DIRECTION('',(2.92064456241777E-16,-1.0,-2.92064456241777E-16));
#2954=DIRECTION('',(0.707106781186547,4.13041515104245E-16,-0.707106781186547));
#2955=DIRECTION('',(0.577350269189626,0.577350269189626,-0.577350269189626));
#2956=CARTESIAN_POINT('',(0.005,-0.005,0.005));
#2957=DIRECTION('',(0.707106781186548,-1.65216606041698E-15,-0.707106781186548));
#2958=DIRECTION('',(1.25952796754267E-15,1.0,-1.07698768239156E-15));
#2959=CARTESIAN_POINT('',(0.005,-0.005,0.005));
#2960=DIRECTION('',(0.707106781186548,-1.65216606041698E-15,-0.707106781186548));
#2961=DIRECTION('',(1.25952796754267E-15,1.0,-1.07698768239156E-15));
#2962=CARTESIAN_POINT('',(0.005,-0.005,0.005));
#2963=DIRECTION('',(-3.30433212083395E-15,0.707106781186548,-0.707106781186548));
#2964=DIRECTION('',(-1.0,-2.59207204914577E-15,2.08095925072266E-15));
#2965=CARTESIAN_POINT('',(0.005,-0.005,0.005));
#2966=DIRECTION('',(-3.30433212083395E-15,0.707106781186548,-0.707106781186548));
#2967=DIRECTION('',(-1.0,-2.59207204914577E-15,2.08095925072266E-15));
#2968=DIRECTION('',(0.577350269189626,0.577350269189626,-0.577350269189626));
#2969=CARTESIAN_POINT('',(0.005,0.005,-0.005));
#2970=DIRECTION('',(0.707106781186548,3.30433212083395E-15,-0.707106781186548));
#2971=DIRECTION('',(2.22699147884355E-15,-1.0,-2.44603982102488E-15));
#2972=CARTESIAN_POINT('',(0.005,0.005,-0.005));
#2973=DIRECTION('',(0.707106781186548,3.30433212083395E-15,-0.707106781186548));
#2974=DIRECTION('',(2.22699147884355E-15,-1.0,-2.44603982102488E-15));
#2975=CARTESIAN_POINT('',(0.005,0.005,-0.005));
#2976=DIRECTION('',(3.30433212083395E-15,0.707106781186548,-0.707106781186548));
#2977=DIRECTION('',(1.0,-2.22699147884355E-15,2.44603982102488E-15));
#2978=CARTESIAN_POINT('',(0.005,0.005,-0.005));
#2979=DIRECTION('',(3.30433212083395E-15,0.707106781186548,-0.707106781186548));
#2980=DIRECTION('',(1.0,-2.22699147884355E-15,2.44603982102488E-15));
#2981=DIRECTION('',(-0.577350269189626,-0.577350269189626,0.577350269189626));
#2982=CARTESIAN_POINT('',(0.01,0.01,-0.01));
#2983=DIRECTION('',(-1.0,0.0,-0.0));
#2984=DIRECTION('',(0.0,0.707106781186548,-0.707106781186548));
#2985=CARTESIAN_POINT('',(0.01,0.01,-0.01));
#2986=DIRECTION('',(-0.0,-1.0,0.0));
#2987=DIRECTION('',(-0.707106781186548,0.0,0.707106781186548));
#2988=DIRECTION('',(0.577350269189626,0.577350269189626,0.577350269189626));
#2989=CARTESIAN_POINT('',(-0.005,0.005,-0.005));
#2990=DIRECTION('',(-0.707106781186548,3.30433212083395E-15,-0.707106781186548));
#2991=DIRECTION('',(2.22699147884355E-15,1.0,2.44603982102488E-15));
#2992=CARTESIAN_POINT('',(-0.005,0.005,-0.005));
#2993=DIRECTION('',(-0.707106781186548,-0.707106781186548,0.0));
#2994=DIRECTION('',(0.0,0.0,1.0));
#2995=CARTESIAN_POINT('',(-0.005,0.005,-0.005));
#2996=DIRECTION('',(3.30433212083395E-15,-0.707106781186548,-0.707106781186548));
#2997=DIRECTION('',(-1.0,-2.22699147884355E-15,-2.44603982102488E-15));
#2998=DIRECTION('',(-0.577350269189626,-0.577350269189626,-0.577350269189626));
#2999=CARTESIAN_POINT('',(0.0,0.01,0.0));
#3000=DIRECTION('',(-1.0,-0.0,0.0));
#3001=DIRECTION('',(0.0,-0.707106781186548,-0.707106781186548));
#3002=CARTESIAN_POINT('',(0.0,0.01,0.0));
#3003=DIRECTION('',(1.1682578249671E-15,1.1682578249671E-15,-1.0));
#3004=DIRECTION('',(0.707106781186548,0.707106781186548,1.65216606041697E-15));
#3005=CARTESIAN_POINT('',(0.0,0.01,0.0));
#3006=DIRECTION('',(-0.0,-1.0,0.0));
#3007=DIRECTION('',(-0.707106781186548,0.0,-0.707106781186548));
#3008=DIRECTION('',(-0.577350269189626,0.577350269189626,0.577350269189626));
#3009=CARTESIAN_POINT('',(0.005,0.005,-0.005));
#3010=DIRECTION('',(-3.30433212083395E-15,-0.707106781186548,-0.707106781186548));
#3011=DIRECTION('',(-1.0,2.22699147884355E-15,2.44603982102488E-15));
#3012=CARTESIAN_POINT('',(0.005,0.005,-0.005));
#3013=DIRECTION('',(0.707106781186548,-0.707106781186548,0.0));
#3014=DIRECTION('',(0.0,0.0,1.0));
#3015=DIRECTION('',(0.577350269189626,-0.577350269189626,-0.577350269189626));
#3016=CARTESIAN_POINT('',(0.0,0.01,0.0));
#3017=DIRECTION('',(-0.0,-1.0,0.0));
#3018=DIRECTION('',(-0.707106781186548,0.0,0.707106781186548));
#3019=CARTESIAN_POINT('',(0.0,0.01,0.0));
#3020=DIRECTION('',(-1.1682578249671E-15,1.1682578249671E-15,-1.0));
#3021=DIRECTION('',(-0.707106781186548,0.707106781186548,1.65216606041697E-15));
#3022=DIRECTION('',(0.577350269189626,-0.577350269189626,-0.577350269189626));
#3023=CARTESIAN_POINT('',(0.005,0.005,0.005));
#3024=DIRECTION('',(3.30433212083395E-15,-0.707106781186548,-0.707106781186548));
#3025=DIRECTION('',(-1.0,-2.22699147884355E-15,-2.44603982102488E-15));
#3026=CARTESIAN_POINT('',(0.005,0.005,0.005));
#3027=DIRECTION('',(0.707106781186548,-3.30433212083395E-15,-0.707106781186548));
#3028=DIRECTION('',(-2.22699147884355E-15,-1.0,2.44603982102488E-15));
#3029=CARTESIAN_POINT('',(0.005,0.005,0.005));
#3030=DIRECTION('',(0.707106781186548,-3.30433212083395E-15,-0.707106781186548));
#3031=DIRECTION('',(-2.22699147884355E-15,-1.0,2.44603982102488E-15));
#3032=DIRECTION('',(-0.577350269189626,0.577350269189626,0.577350269189626));
#3033=CARTESIAN_POINT('',(0.01,0.0,0.0));
#3034=DIRECTION('',(-1.0,0.0,0.0));
#3035=DIRECTION('',(0.0,0.707106781186548,0.707106781186548));
#3036=DIRECTION('',(-0.577350269189626,-0.577350269189626,-0.577350269189626));
#3037=CARTESIAN_POINT('',(-0.005,0.005,0.005));
#3038=DIRECTION('',(-0.707106781186548,-3.30433212083395E-15,-0.707106781186548));
#3039=DIRECTION('',(-2.22699147884355E-15,1.0,-2.44603982102488E-15));
#3040=CARTESIAN_POINT('',(-0.005,0.005,0.005));
#3041=DIRECTION('',(-0.707106781186548,-3.30433212083395E-15,-0.707106781186548));
#3042=DIRECTION('',(-2.22699147884355E-15,1.0,-2.44603982102488E-15));
#3043=CARTESIAN_POINT('',(-0.005,0.005,0.005));
#3044=DIRECTION('',(-3.30433212083395E-15,-0.707106781186548,-0.707106781186548));
#3045=DIRECTION('',(-1.0,2.22699147884355E-15,2.44603982102488E-15));
#3046=CARTESIAN_POINT('',(-0.005,0.005,0.005));
#3047=DIRECTION('',(-3.30433212083395E-15,-0.707106781186548,-0.707106781186548));
#3048=DIRECTION('',(-1.0,2.22699147884355E-15,2.44603982102488E-15));
#3049=DIRECTION('',(0.577350269189626,0.577350269189626,0.577350269189626));
#3050=CARTESIAN_POINT('',(-0.01,0.0,0.0));
#3051=DIRECTION('',(-1.0,-0.0,0.0));
#3052=DIRECTION('',(0.0,-0.707106781186548,-0.707106781186548));
#3053=CARTESIAN_POINT('',(-0.01,0.0,0.0));
#3054=DIRECTION('',(-2.92064456241777E-16,-1.0,-2.92064456241777E-16));
#3055=DIRECTION('',(0.707106781186547,-4.13041515104245E-16,0.707106781186547));
#3056=DIRECTION('',(-0.577350269189626,-0.577350269189626,-0.577350269189626));
#3057=CARTESIAN_POINT('',(0.0,0.0,0.01));
#3058=DIRECTION('',(-1.0,7.30161140604444E-17,7.30161140604443E-17));
#3059=DIRECTION('',(1.03260378776061E-16,0.707106781186548,0.707106781186547));
#3060=CARTESIAN_POINT('',(0.0,0.0,0.01));
#3061=DIRECTION('',(-0.0,0.0,-1.0));
#3062=DIRECTION('',(-0.707106781186547,-0.707106781186547,0.0));
#3063=CARTESIAN_POINT('',(-1.73472347597681E-18,1.73472347597681E-18,0.01));
#3064=DIRECTION('',(-6.57145026543999E-16,-1.0,-6.57145026543999E-16));
#3065=DIRECTION('',(0.707106781186548,-9.2934340898455E-16,0.707106781186547));
#3066=DIRECTION('',(0.577350269189626,0.577350269189626,0.577350269189626));
#3067=CARTESIAN_POINT('',(-0.005,-0.005,0.005));
#3068=DIRECTION('',(-0.707106781186548,-1.65216606041698E-15,-0.707106781186548));
#3069=DIRECTION('',(1.25952796754267E-15,-1.0,1.07698768239156E-15));
#3070=CARTESIAN_POINT('',(-0.005,-0.005,0.005));
#3071=DIRECTION('',(-0.707106781186548,-0.707106781186548,-3.30433212083395E-15));
#3072=DIRECTION('',(-2.33651564993421E-15,-2.33651564993421E-15,1.0));
#3073=CARTESIAN_POINT('',(-0.005,-0.005,0.005));
#3074=DIRECTION('',(-1.65216606041698E-15,-0.707106781186548,-0.707106781186548));
#3075=DIRECTION('',(1.0,-1.25952796754267E-15,-1.07698768239156E-15));
#3076=DIRECTION('',(0.577350269189626,-0.577350269189626,-0.577350269189626));
#3077=CARTESIAN_POINT('',(1.73472347597681E-18,1.73472347597681E-18,0.01));
#3078=DIRECTION('',(6.57145026543999E-16,-1.0,-6.57145026543999E-16));
#3079=DIRECTION('',(0.707106781186548,9.2934340898455E-16,-0.707106781186547));
#3080=CARTESIAN_POINT('',(0.0,0.0,0.01));
#3081=DIRECTION('',(0.0,-0.0,-1.0));
#3082=DIRECTION('',(0.707106781186547,-0.707106781186547,0.0));
#3083=DIRECTION('',(-0.577350269189626,0.577350269189626,0.577350269189626));
#3084=CARTESIAN_POINT('',(0.005,-0.005,0.005));
#3085=DIRECTION('',(1.65216606041698E-15,-0.707106781186548,-0.707106781186548));
#3086=DIRECTION('',(1.0,1.25952796754267E-15,1.07698768239156E-15));
#3087=CARTESIAN_POINT('',(0.005,-0.005,0.005));
#3088=DIRECTION('',(0.707106781186548,-0.707106781186548,-3.30433212083395E-15));
#3089=DIRECTION('',(2.33651564993421E-15,-2.33651564993421E-15,1.0));
#3090=DIRECTION('',(-0.577350269189626,0.577350269189626,0.577350269189626));
#3091=CARTESIAN_POINT('',(1.0432740269008E-20,-0.01,-1.0432740269008E-20));
#3092=DIRECTION('',(-0.0,-1.0,0.0));
#3093=DIRECTION('',(-0.707106781186548,0.0,0.707106781186548));
#3094=CARTESIAN_POINT('',(1.0432740269008E-20,-0.01,1.0432740269008E-20));
#3095=DIRECTION('',(-1.0,-5.2516475612577E-16,-5.2516475612577E-16));
#3096=DIRECTION('',(-7.42695120593422E-16,0.707106781186547,0.707106781186548));
#3097=DIRECTION('',(0.577350269189626,-0.577350269189626,-0.577350269189626));
#3098=CARTESIAN_POINT('',(-0.005,-0.005,0.005));
#3099=DIRECTION('',(-1.65216606041698E-15,-0.707106781186548,-0.707106781186548));
#3100=DIRECTION('',(1.0,-1.25952796754267E-15,-1.07698768239156E-15));
#3101=CARTESIAN_POINT('',(-0.005,-0.005,0.005));
#3102=DIRECTION('',(0.707106781186548,3.30433212083395E-15,-0.707106781186548));
#3103=DIRECTION('',(-2.59207204914577E-15,1.0,2.08095925072266E-15));
#3104=CARTESIAN_POINT('',(-0.005,-0.005,0.005));
#3105=DIRECTION('',(0.707106781186548,3.30433212083395E-15,-0.707106781186548));
#3106=DIRECTION('',(-2.59207204914577E-15,1.0,2.08095925072266E-15));
#3107=DIRECTION('',(-0.577350269189626,0.577350269189626,-0.577350269189626));
#3108=CARTESIAN_POINT('',(0.005,0.005,0.005));
#3109=DIRECTION('',(-3.30433212083395E-15,0.707106781186548,-0.707106781186548));
#3110=DIRECTION('',(1.0,2.22699147884355E-15,-2.44603982102488E-15));
#3111=CARTESIAN_POINT('',(0.005,0.005,0.005));
#3112=DIRECTION('',(-3.30433212083395E-15,0.707106781186548,-0.707106781186548));
#3113=DIRECTION('',(1.0,2.22699147884355E-15,-2.44603982102488E-15));
#3114=CARTESIAN_POINT('',(0.005,0.005,0.005));
#3115=DIRECTION('',(-0.707106781186548,3.30433212083395E-15,-0.707106781186548));
#3116=DIRECTION('',(2.22699147884355E-15,1.0,2.44603982102488E-15));
#3117=DIRECTION('',(0.577350269189626,-0.577350269189626,0.577350269189626));
#3118=CARTESIAN_POINT('',(0.0,0.01,0.0));
#3119=DIRECTION('',(-0.0,-1.0,0.0));
#3120=DIRECTION('',(-0.707106781186548,0.0,-0.707106781186548));
#3121=CARTESIAN_POINT('',(0.0,0.01,0.0));
#3122=DIRECTION('',(-1.0,0.0,0.0));
#3123=DIRECTION('',(0.0,-0.707106781186548,0.707106781186548));
#3124=DIRECTION('',(0.577350269189626,0.577350269189626,-0.577350269189626));
#3125=CARTESIAN_POINT('',(-0.005,0.005,0.005));
#3126=DIRECTION('',(0.707106781186548,3.30433212083395E-15,-0.707106781186548));
#3127=DIRECTION('',(2.22699147884355E-15,-1.0,-2.44603982102488E-15));
#3128=CARTESIAN_POINT('',(-0.005,0.005,0.005));
#3129=DIRECTION('',(0.707106781186548,3.30433212083395E-15,-0.707106781186548));
#3130=DIRECTION('',(2.22699147884355E-15,-1.0,-2.44603982102488E-15));
#3131=CARTESIAN_POINT('',(-0.005,0.005,0.005));
#3132=DIRECTION('',(3.30433212083395E-15,0.707106781186548,-0.707106781186548));
#3133=DIRECTION('',(1.0,-2.22699147884355E-15,2.44603982102488E-15));
#3134=CARTESIAN_POINT('',(-0.005,0.005,0.005));
#3135=DIRECTION('',(3.30433212083395E-15,0.707106781186548,-0.707106781186548));
#3136=DIRECTION('',(1.0,-2.22699147884355E-15,2.44603982102488E-15));
#3137=DIRECTION('',(-0.577350269189626,-0.577350269189626,0.577350269189626));
#3138=CARTESIAN_POINT('',(0.0,0.01,0.0));
#3139=DIRECTION('',(-0.0,-1.0,0.0));
#3140=DIRECTION('',(-0.707106781186548,0.0,0.707106781186548));
#3141=DIRECTION('',(-0.577350269189626,-0.577350269189626,0.577350269189626));
#3142=CARTESIAN_POINT('',(-0.005,0.005,-0.005));
#3143=DIRECTION('',(0.707106781186548,-3.30433212083395E-15,-0.707106781186548));
#3144=DIRECTION('',(-2.22699147884355E-15,-1.0,2.44603982102488E-15));
#3145=CARTESIAN_POINT('',(-0.005,0.005,-0.005));
#3146=DIRECTION('',(-3.30433212083395E-15,0.707106781186548,-0.707106781186548));
#3147=DIRECTION('',(1.0,2.22699147884355E-15,-2.44603982102488E-15));
#3148=DIRECTION('',(0.577350269189626,0.577350269189626,-0.577350269189626));
#3149=CARTESIAN_POINT('',(-0.01,0.0,0.0));
#3150=DIRECTION('',(-1.0,-0.0,0.0));
#3151=DIRECTION('',(0.0,-0.707106781186548,0.707106781186548));
#3152=CARTESIAN_POINT('',(-0.01,0.0,0.0));
#3153=DIRECTION('',(-1.1682578249671E-15,-1.1682578249671E-15,-1.0));
#3154=DIRECTION('',(-0.707106781186548,-0.707106781186548,1.65216606041697E-15));
#3155=CARTESIAN_POINT('',(-0.01,0.0,0.0));
#3156=DIRECTION('',(-2.92064456241777E-16,-1.0,2.92064456241777E-16));
#3157=DIRECTION('',(0.707106781186547,-4.13041515104245E-16,-0.707106781186547));
#3158=DIRECTION('',(-0.577350269189626,0.577350269189626,-0.577350269189626));
#3159=CARTESIAN_POINT('',(1.0432740269008E-20,-0.01,1.0432740269008E-20));
#3160=DIRECTION('',(-0.0,-1.0,0.0));
#3161=DIRECTION('',(-0.707106781186548,0.0,-0.707106781186548));
#3162=CARTESIAN_POINT('',(0.0,-0.01,0.0));
#3163=DIRECTION('',(-7.30161140604444E-17,7.30161140604444E-17,-1.0));
#3164=DIRECTION('',(0.707106781186548,-0.707106781186547,-1.03260378776061E-16));
#3165=CARTESIAN_POINT('',(1.0432740269008E-20,-0.01,-1.0432740269008E-20));
#3166=DIRECTION('',(-1.0,-5.2516475612577E-16,5.2516475612577E-16));
#3167=DIRECTION('',(-7.42695120593422E-16,0.707106781186547,-0.707106781186548));
#3168=DIRECTION('',(0.577350269189626,-0.577350269189626,0.577350269189626));
#3169=CARTESIAN_POINT('',(-0.005,-0.005,-0.005));
#3170=DIRECTION('',(-8.26083030208492E-15,0.707106781186548,-0.707106781186548));
#3171=DIRECTION('',(-1.0,-5.76827301077512E-15,5.91430523889601E-15));
#3172=CARTESIAN_POINT('',(-0.005,-0.005,-0.005));
#3173=DIRECTION('',(0.707106781186547,-0.707106781186547,-1.65216606041699E-15));
#3174=DIRECTION('',(1.05873365387645E-15,-1.27778199605778E-15,1.0));
#3175=CARTESIAN_POINT('',(-0.005,-0.005,-0.005));
#3176=DIRECTION('',(-0.707106781186547,9.91299636250191E-15,-0.707106781186547));
#3177=DIRECTION('',(-6.99129292128757E-15,-1.0,-7.02780097831779E-15));
#3178=DIRECTION('',(-0.577350269189626,-0.577350269189626,-0.577350269189626));
#3179=CARTESIAN_POINT('',(0.005,0.005,-0.005));
#3180=DIRECTION('',(-0.707106781186548,-3.30433212083395E-15,-0.707106781186548));
#3181=DIRECTION('',(-2.22699147884355E-15,1.0,-2.44603982102488E-15));
#3182=CARTESIAN_POINT('',(0.005,0.005,-0.005));
#3183=DIRECTION('',(-0.707106781186548,-3.30433212083395E-15,-0.707106781186548));
#3184=DIRECTION('',(-2.22699147884355E-15,1.0,-2.44603982102488E-15));
#3185=CARTESIAN_POINT('',(0.005,0.005,-0.005));
#3186=DIRECTION('',(-3.30433212083395E-15,-0.707106781186548,-0.707106781186548));
#3187=DIRECTION('',(-1.0,2.22699147884355E-15,2.44603982102488E-15));
#3188=DIRECTION('',(0.577350269189626,0.577350269189626,0.577350269189626));
#3189=CARTESIAN_POINT('',(0.0,0.0,-0.01));
#3190=DIRECTION('',(-1.0,0.0,-0.0));
#3191=DIRECTION('',(0.0,-0.707106781186548,-0.707106781186548));
#3192=CARTESIAN_POINT('',(1.73472347597681E-18,1.73472347597681E-18,-0.01));
#3193=DIRECTION('',(6.57145026543999E-16,-1.0,6.57145026543999E-16));
#3194=DIRECTION('',(0.707106781186548,9.2934340898455E-16,0.707106781186547));
#3195=DIRECTION('',(0.577350269189626,-0.577350269189626,0.577350269189626));
#3196=DIRECTION('',(-0.577350269189626,0.577350269189626,-0.577350269189626));
#3197=CARTESIAN_POINT('',(0.01,0.0,0.0));
#3198=DIRECTION('',(1.1682578249671E-15,-1.1682578249671E-15,-1.0));
#3199=DIRECTION('',(0.707106781186548,-0.707106781186548,1.65216606041697E-15));
#3200=CARTESIAN_POINT('',(0.01,0.0,0.0));
#3201=DIRECTION('',(-1.0,0.0,-0.0));
#3202=DIRECTION('',(0.0,0.707106781186548,-0.707106781186548));
#3203=DIRECTION('',(0.577350269189626,-0.577350269189626,0.577350269189626));
#3204=CARTESIAN_POINT('',(0.0,0.0,-0.01));
#3205=DIRECTION('',(-1.0,0.0,-0.0));
#3206=DIRECTION('',(0.0,0.707106781186548,-0.707106781186547));
#3207=DIRECTION('',(-0.577350269189626,0.577350269189626,-0.577350269189626));
#3208=CARTESIAN_POINT('',(0.005,-0.005,-0.005));
#3209=DIRECTION('',(8.26083030208492E-15,0.707106781186548,-0.707106781186548));
#3210=DIRECTION('',(-1.0,5.76827301077512E-15,-5.91430523889601E-15));
#3211=CARTESIAN_POINT('',(0.005,-0.005,-0.005));
#3212=DIRECTION('',(8.26083030208492E-15,0.707106781186548,-0.707106781186548));
#3213=DIRECTION('',(-1.0,5.76827301077512E-15,-5.91430523889601E-15));
#3214=CARTESIAN_POINT('',(0.005,-0.005,-0.005));
#3215=DIRECTION('',(-0.707106781186548,-8.26083030208492E-15,-0.707106781186548));
#3216=DIRECTION('',(5.76827301077512E-15,-1.0,5.91430523889601E-15));
#3217=DIRECTION('',(-0.577350269189626,0.577350269189626,-0.577350269189626));
#3218=CARTESIAN_POINT('',(0.01,-0.01,0.01));
#3219=DIRECTION('',(-0.0,-1.0,0.0));
#3220=DIRECTION('',(-0.707106781186548,0.0,-0.707106781186548));
#3221=CARTESIAN_POINT('',(0.01,-0.01,0.01));
#3222=DIRECTION('',(-0.0,0.0,-1.0));
#3223=DIRECTION('',(-0.707106781186548,0.707106781186548,0.0));
#3224=CARTESIAN_POINT('',(0.01,-0.01,0.01));
#3225=DIRECTION('',(-1.0,-0.0,0.0));
#3226=DIRECTION('',(0.0,-0.707106781186548,0.707106781186548));
#3227=DIRECTION('',(0.577350269189626,-0.577350269189626,0.577350269189626));
#3228=CARTESIAN_POINT('',(0.005,-0.005,0.005));
#3229=DIRECTION('',(-0.707106781186548,3.30433212083395E-15,-0.707106781186548));
#3230=DIRECTION('',(-2.59207204914577E-15,-1.0,-2.08095925072266E-15));
#3231=DIRECTION('',(0.577350269189626,0.577350269189626,-0.577350269189626));
#3232=CARTESIAN_POINT('',(0.0,-0.01,0.0));
#3233=DIRECTION('',(7.30161140604444E-17,7.30161140604444E-17,-1.0));
#3234=DIRECTION('',(-0.707106781186548,-0.707106781186547,-1.03260378776061E-16));
#3235=CARTESIAN_POINT('',(1.0432740269008E-20,-0.01,-1.0432740269008E-20));
#3236=DIRECTION('',(-0.0,-1.0,0.0));
#3237=DIRECTION('',(-0.707106781186548,0.0,0.707106781186548));
#3238=DIRECTION('',(-0.577350269189626,-0.577350269189626,0.577350269189626));
#3239=CARTESIAN_POINT('',(0.005,-0.005,-0.005));
#3240=DIRECTION('',(0.707106781186547,9.91299636250191E-15,-0.707106781186547));
#3241=DIRECTION('',(-6.99129292128757E-15,1.0,7.02780097831779E-15));
#3242=DIRECTION('',(0.577350269189626,0.577350269189626,0.577350269189626));
#3243=CARTESIAN_POINT('',(1.0432740269008E-20,-0.01,1.0432740269008E-20));
#3244=DIRECTION('',(-0.0,-1.0,0.0));
#3245=DIRECTION('',(-0.707106781186548,0.0,-0.707106781186548));
#3246=DIRECTION('',(-0.577350269189626,-0.577350269189626,-0.577350269189626));
#3247=CARTESIAN_POINT('',(0.005,-0.005,0.005));
#3248=DIRECTION('',(-0.707106781186548,3.30433212083395E-15,-0.707106781186548));
#3249=DIRECTION('',(-2.59207204914577E-15,-1.0,-2.08095925072266E-15));
#3250=CARTESIAN_POINT('',(0.005,-0.005,0.005));
#3251=DIRECTION('',(1.65216606041698E-15,-0.707106781186548,-0.707106781186548));
#3252=DIRECTION('',(1.0,1.25952796754267E-15,1.07698768239156E-15));
#3253=DIRECTION('',(0.577350269189626,0.577350269189626,0.577350269189626));
#3254=CARTESIAN_POINT('',(-0.01,-0.01,-0.01));
#3255=DIRECTION('',(-1.0,0.0,0.0));
#3256=DIRECTION('',(0.0,0.707106781186548,0.707106781186548));
#3257=CARTESIAN_POINT('',(-0.01,-0.01,-0.01));
#3258=DIRECTION('',(-0.0,-1.0,0.0));
#3259=DIRECTION('',(-0.707106781186548,0.0,-0.707106781186548));
#3260=DIRECTION('',(-0.577350269189626,-0.577350269189626,-0.577350269189626));
#3261=CARTESIAN_POINT('',(-0.005,-0.005,-0.005));
#3262=DIRECTION('',(-0.707106781186547,9.91299636250191E-15,-0.707106781186547));
#3263=DIRECTION('',(-6.99129292128757E-15,-1.0,-7.02780097831779E-15));
#3264=CARTESIAN_POINT('',(-0.005,-0.005,-0.005));
#3265=DIRECTION('',(9.91299636250191E-15,-0.707106781186547,-0.707106781186547));
#3266=DIRECTION('',(1.0,6.99129292128757E-15,7.02780097831779E-15));
#3267=CARTESIAN_POINT('',(-0.005,-0.005,-0.005));
#3268=DIRECTION('',(9.91299636250191E-15,-0.707106781186547,-0.707106781186547));
#3269=DIRECTION('',(1.0,6.99129292128757E-15,7.02780097831779E-15));
#3270=DIRECTION('',(-0.577350269189626,-0.577350269189626,0.577350269189626));
#3271=CARTESIAN_POINT('',(-1.73472347597681E-18,1.73472347597681E-18,-0.01));
#3272=DIRECTION('',(-6.57145026543999E-16,-1.0,6.57145026543999E-16));
#3273=DIRECTION('',(0.707106781186548,-9.2934340898455E-16,-0.707106781186547));
#3274=DIRECTION('',(0.577350269189626,0.577350269189626,-0.577350269189626));
#3275=CARTESIAN_POINT('',(-0.005,-0.005,-0.005));
#3276=DIRECTION('',(0.707106781186548,-8.26083030208492E-15,-0.707106781186548));
#3277=DIRECTION('',(5.76827301077512E-15,1.0,-5.91430523889601E-15));
#3278=CARTESIAN_POINT('',(-0.005,-0.005,-0.005));
#3279=DIRECTION('',(0.707106781186548,-8.26083030208492E-15,-0.707106781186548));
#3280=DIRECTION('',(5.76827301077512E-15,1.0,-5.91430523889601E-15));
#3281=CARTESIAN_POINT('',(-0.005,-0.005,-0.005));
#3282=DIRECTION('',(-8.26083030208492E-15,0.707106781186548,-0.707106781186548));
#3283=DIRECTION('',(-1.0,-5.76827301077512E-15,5.91430523889601E-15));
#3284=DIRECTION('',(0.577350269189626,-0.577350269189626,-0.577350269189626));
#3285=CARTESIAN_POINT('',(-0.005,0.005,-0.005));
#3286=DIRECTION('',(3.30433212083395E-15,-0.707106781186548,-0.707106781186548));
#3287=DIRECTION('',(-1.0,-2.22699147884355E-15,-2.44603982102488E-15));
#3288=CARTESIAN_POINT('',(-0.005,0.005,-0.005));
#3289=DIRECTION('',(0.707106781186548,-3.30433212083395E-15,-0.707106781186548));
#3290=DIRECTION('',(-2.22699147884355E-15,-1.0,2.44603982102488E-15));
#3291=DIRECTION('',(-0.577350269189626,0.577350269189626,0.577350269189626));
#3292=DIRECTION('',(-0.577350269189626,0.577350269189626,0.577350269189626));
#3293=CARTESIAN_POINT('',(0.01,-0.01,-0.01));
#3294=DIRECTION('',(-0.0,-1.0,0.0));
#3295=DIRECTION('',(-0.707106781186548,0.0,0.707106781186548));
#3296=CARTESIAN_POINT('',(0.01,-0.01,-0.01));
#3297=DIRECTION('',(-1.0,-0.0,0.0));
#3298=DIRECTION('',(0.0,-0.707106781186548,-0.707106781186548));
#3299=DIRECTION('',(0.577350269189626,-0.577350269189626,-0.577350269189626));
#3300=CARTESIAN_POINT('',(0.005,-0.005,-0.005));
#3301=DIRECTION('',(-9.91299636250191E-15,-0.707106781186547,-0.707106781186547));
#3302=DIRECTION('',(1.0,-6.99129292128757E-15,-7.02780097831779E-15));
#3303=CARTESIAN_POINT('',(0.005,-0.005,-0.005));
#3304=DIRECTION('',(0.707106781186547,9.91299636250191E-15,-0.707106781186547));
#3305=DIRECTION('',(-6.99129292128757E-15,1.0,7.02780097831779E-15));
#3306=DIRECTION('',(-0.577350269189626,-0.577350269189626,0.577350269189626));
#3307=DIRECTION('',(0.577350269189626,0.577350269189626,-0.577350269189626));
#3308=CARTESIAN_POINT('',(0.0,0.0,0.01));
#3309=DIRECTION('',(-1.0,0.0,0.0));
#3310=DIRECTION('',(0.0,-0.707106781186548,0.707106781186548));
#3311=CARTESIAN_POINT('',(0.0,0.0,0.01));
#3312=DIRECTION('',(0.0,0.0,-1.0));
#3313=DIRECTION('',(0.707106781186548,0.707106781186548,0.0));
#3314=DIRECTION('',(0.577350269189626,-0.577350269189626,0.577350269189626));
#3315=CARTESIAN_POINT('',(-0.005,0.005,0.005));
#3316=DIRECTION('',(0.707106781186548,-0.707106781186548,0.0));
#3317=DIRECTION('',(0.0,0.0,1.0));
#3318=DIRECTION('',(-0.577350269189626,0.577350269189626,-0.577350269189626));
#3319=CARTESIAN_POINT('',(0.0,0.0,0.01));
#3320=DIRECTION('',(-0.0,0.0,-1.0));
#3321=DIRECTION('',(-0.707106781186548,0.707106781186548,0.0));
#3322=DIRECTION('',(0.577350269189626,-0.577350269189626,-0.577350269189626));
#3323=CARTESIAN_POINT('',(-0.01,0.0,0.0));
#3324=DIRECTION('',(7.30161140604444E-17,-7.30161140604444E-17,-1.0));
#3325=DIRECTION('',(-0.707106781186547,0.707106781186548,-1.03260378776061E-16));
#3326=CARTESIAN_POINT('',(-0.01,-1.0432740269008E-20,-1.0432740269008E-20));
#3327=DIRECTION('',(-1.0,0.0,0.0));
#3328=DIRECTION('',(0.0,0.707106781186548,0.707106781186548));
#3329=DIRECTION('',(-0.577350269189626,0.577350269189626,0.577350269189626));
#3330=DIRECTION('',(0.577350269189626,-0.577350269189626,0.577350269189626));
#3331=CARTESIAN_POINT('',(-0.01,-1.0432740269008E-20,1.0432740269008E-20));
#3332=DIRECTION('',(-1.0,0.0,-0.0));
#3333=DIRECTION('',(0.0,0.707106781186548,-0.707106781186548));
#3334=DIRECTION('',(-0.577350269189626,0.577350269189626,-0.577350269189626));
#3335=CARTESIAN_POINT('',(-0.005,-0.005,0.005));
#3336=DIRECTION('',(3.30433212083395E-15,0.707106781186548,-0.707106781186548));
#3337=DIRECTION('',(-1.0,2.59207204914577E-15,-2.08095925072266E-15));
#3338=CARTESIAN_POINT('',(-0.005,-0.005,0.005));
#3339=DIRECTION('',(3.30433212083395E-15,0.707106781186548,-0.707106781186548));
#3340=DIRECTION('',(-1.0,2.59207204914577E-15,-2.08095925072266E-15));
#3341=CARTESIAN_POINT('',(-0.005,-0.005,0.005));
#3342=DIRECTION('',(-0.707106781186548,-1.65216606041698E-15,-0.707106781186548));
#3343=DIRECTION('',(1.25952796754267E-15,-1.0,1.07698768239156E-15));
#3344=DIRECTION('',(-0.577350269189626,0.577350269189626,0.577350269189626));
#3345=DIRECTION('',(0.577350269189626,-0.577350269189626,-0.577350269189626));
#3346=CARTESIAN_POINT('',(-0.01,0.01,0.01));
#3347=DIRECTION('',(-0.0,-1.0,0.0));
#3348=DIRECTION('',(-0.707106781186548,0.0,0.707106781186548));
#3349=CARTESIAN_POINT('',(-0.01,0.01,0.01));
#3350=DIRECTION('',(0.0,-0.0,-1.0));
#3351=DIRECTION('',(0.707106781186548,-0.707106781186548,0.0));
#3352=CARTESIAN_POINT('',(-0.01,0.01,0.01));
#3353=DIRECTION('',(-1.0,-0.0,0.0));
#3354=DIRECTION('',(0.0,-0.707106781186548,-0.707106781186548));
#3355=DIRECTION('',(-0.577350269189626,0.577350269189626,-0.577350269189626));
#3356=CARTESIAN_POINT('',(-0.005,0.005,-0.005));
#3357=DIRECTION('',(-3.30433212083395E-15,0.707106781186548,-0.707106781186548));
#3358=DIRECTION('',(1.0,2.22699147884355E-15,-2.44603982102488E-15));
#3359=CARTESIAN_POINT('',(-0.005,0.005,-0.005));
#3360=DIRECTION('',(-0.707106781186548,3.30433212083395E-15,-0.707106781186548));
#3361=DIRECTION('',(2.22699147884355E-15,1.0,2.44603982102488E-15));
#3362=DIRECTION('',(0.577350269189626,-0.577350269189626,0.577350269189626));
#3363=CARTESIAN_POINT('',(-0.01,0.01,-0.01));
#3364=DIRECTION('',(-0.0,-1.0,0.0));
#3365=DIRECTION('',(-0.707106781186548,0.0,-0.707106781186548));
#3366=CARTESIAN_POINT('',(-0.01,0.01,-0.01));
#3367=DIRECTION('',(-1.0,-0.0,0.0));
#3368=DIRECTION('',(0.0,-0.707106781186548,0.707106781186548));
#3369=DIRECTION('',(0.577350269189626,0.577350269189626,-0.577350269189626));
#3370=CARTESIAN_POINT('',(-0.01,-0.01,0.01));
#3371=DIRECTION('',(-1.0,0.0,-0.0));
#3372=DIRECTION('',(0.0,0.707106781186548,-0.707106781186548));
#3373=CARTESIAN_POINT('',(-0.01,-0.01,0.01));
#3374=DIRECTION('',(0.0,0.0,-1.0));
#3375=DIRECTION('',(0.707106781186548,0.707106781186548,0.0));
#3376=CARTESIAN_POINT('',(-0.01,-0.01,0.01));
#3377=DIRECTION('',(-0.0,-1.0,0.0));
#3378=DIRECTION('',(-0.707106781186548,0.0,0.707106781186548));
#3379=DIRECTION('',(-0.577350269189626,-0.577350269189626,0.577350269189626));
#3380=CARTESIAN_POINT('',(-0.01,-1.0432740269008E-20,-1.0432740269008E-20));
#3381=DIRECTION('',(-1.0,0.0,0.0));
#3382=DIRECTION('',(0.0,0.707106781186548,0.707106781186548));
#3383=CARTESIAN_POINT('',(-0.01,-1.0432740269008E-20,1.0432740269008E-20));
#3384=DIRECTION('',(-1.0,0.0,-0.0));
#3385=DIRECTION('',(0.0,0.707106781186548,-0.707106781186548));
#3386=CARTESIAN_POINT('',(-0.01,0.0,0.0));
#3387=DIRECTION('',(-1.0,-0.0,0.0));
#3388=DIRECTION('',(0.0,-0.707106781186548,-0.707106781186548));
#3389=CARTESIAN_POINT('',(-0.01,0.0,0.0));
#3390=DIRECTION('',(-1.0,-0.0,0.0));
#3391=DIRECTION('',(0.0,-0.707106781186548,0.707106781186548));
#3392=DIRECTION('',(0.0,-0.0,-1.0));
#3393=CARTESIAN_POINT('',(-0.01,0.01,0.01));
#3394=DIRECTION('',(-1.0,-0.0,0.0));
#3395=DIRECTION('',(0.0,-0.707106781186548,-0.707106781186548));
#3396=DIRECTION('',(0.0,1.0,0.0));
#3397=DIRECTION('',(0.0,-1.0,0.0));
#3398=DIRECTION('',(-0.0,0.0,1.0));
#3399=CARTESIAN_POINT('',(-0.01,-0.01,-0.01));
#3400=DIRECTION('',(-1.0,0.0,0.0));
#3401=DIRECTION('',(0.0,0.707106781186548,0.707106781186548));
#3402=DIRECTION('',(0.0,-1.0,0.0));
#3403=CARTESIAN_POINT('',(-0.01,0.01,-0.01));
#3404=DIRECTION('',(-1.0,-0.0,0.0));
#3405=DIRECTION('',(0.0,-0.707106781186548,0.707106781186548));
#3406=DIRECTION('',(0.0,-0.0,-1.0));
#3407=CARTESIAN_POINT('',(-0.01,-0.01,0.01));
#3408=DIRECTION('',(-1.0,0.0,-0.0));
#3409=DIRECTION('',(0.0,0.707106781186548,-0.707106781186548));
#3410=DIRECTION('',(-0.0,0.0,1.0));
#3411=DIRECTION('',(0.0,1.0,0.0));
#3412=CARTESIAN_POINT('',(-0.01,-0.01,0.01));
#3413=DIRECTION('',(-0.0,-1.0,0.0));
#3414=DIRECTION('',(-0.707106781186548,0.0,0.707106781186548));
#3415=DIRECTION('',(-1.0,0.0,0.0));
#3416=CARTESIAN_POINT('',(-0.005,-0.005,0.005));
#3417=DIRECTION('',(3.30433212083395E-15,0.707106781186548,-0.707106781186548));
#3418=DIRECTION('',(-1.0,2.59207204914577E-15,-2.08095925072266E-15));
#3419=CARTESIAN_POINT('',(-0.005,-0.005,0.005));
#3420=DIRECTION('',(0.707106781186548,3.30433212083395E-15,-0.707106781186548));
#3421=DIRECTION('',(-2.59207204914577E-15,1.0,2.08095925072266E-15));
#3422=CARTESIAN_POINT('',(-0.01,0.01,-0.01));
#3423=DIRECTION('',(-0.0,0.0,-1.0));
#3424=DIRECTION('',(-0.707106781186548,0.707106781186548,0.0));
#3425=CARTESIAN_POINT('',(-0.01,0.01,-0.01));
#3426=DIRECTION('',(-0.0,-1.0,0.0));
#3427=DIRECTION('',(-0.707106781186548,0.0,-0.707106781186548));
#3428=CARTESIAN_POINT('',(-0.005,0.005,-0.005));
#3429=DIRECTION('',(-0.707106781186548,3.30433212083395E-15,-0.707106781186548));
#3430=DIRECTION('',(2.22699147884355E-15,1.0,2.44603982102488E-15));
#3431=CARTESIAN_POINT('',(-0.005,0.005,-0.005));
#3432=DIRECTION('',(0.707106781186548,-0.707106781186548,0.0));
#3433=DIRECTION('',(0.0,0.0,1.0));
#3434=CARTESIAN_POINT('',(-0.005,0.005,-0.005));
#3435=DIRECTION('',(-3.30433212083395E-15,0.707106781186548,-0.707106781186548));
#3436=DIRECTION('',(1.0,2.22699147884355E-15,-2.44603982102488E-15));
#3437=DIRECTION('',(1.0,-0.0,0.0));
#3438=DIRECTION('',(-1.0,0.0,0.0));
#3439=CARTESIAN_POINT('',(-0.01,-0.01,-0.01));
#3440=DIRECTION('',(-0.0,-1.0,0.0));
#3441=DIRECTION('',(-0.707106781186548,0.0,-0.707106781186548));
#3442=CARTESIAN_POINT('',(-0.01,-0.01,-0.01));
#3443=DIRECTION('',(-0.0,0.0,-1.0));
#3444=DIRECTION('',(-0.707106781186548,-0.707106781186548,0.0));
#3445=CARTESIAN_POINT('',(-0.01,0.01,0.01));
#3446=DIRECTION('',(-0.0,-1.0,0.0));
#3447=DIRECTION('',(-0.707106781186548,0.0,0.707106781186548));
#3448=CARTESIAN_POINT('',(-0.005,0.005,0.005));
#3449=DIRECTION('',(0.707106781186548,3.30433212083395E-15,-0.707106781186548));
#3450=DIRECTION('',(2.22699147884355E-15,-1.0,-2.44603982102488E-15));
#3451=CARTESIAN_POINT('',(-0.005,0.005,0.005));
#3452=DIRECTION('',(-3.30433212083395E-15,-0.707106781186548,-0.707106781186548));
#3453=DIRECTION('',(-1.0,2.22699147884355E-15,2.44603982102488E-15));
#3454=DIRECTION('',(1.0,-0.0,0.0));
#3455=CARTESIAN_POINT('',(-0.005,-0.005,0.005));
#3456=DIRECTION('',(-0.707106781186548,-1.65216606041698E-15,-0.707106781186548));
#3457=DIRECTION('',(1.25952796754267E-15,-1.0,1.07698768239156E-15));
#3458=CARTESIAN_POINT('',(-0.005,-0.005,0.005));
#3459=DIRECTION('',(0.707106781186547,-0.707106781186547,1.65216606041699E-15));
#3460=DIRECTION('',(-1.05873365387645E-15,1.27778199605778E-15,1.0));
#3461=CARTESIAN_POINT('',(-0.01,0.0,0.0));
#3462=DIRECTION('',(-2.92064456241777E-16,-1.0,-2.92064456241777E-16));
#3463=DIRECTION('',(0.707106781186547,-4.13041515104245E-16,0.707106781186547));
#3464=CARTESIAN_POINT('',(-0.005,-0.005,-0.005));
#3465=DIRECTION('',(0.707106781186548,-8.26083030208492E-15,-0.707106781186548));
#3466=DIRECTION('',(5.76827301077512E-15,1.0,-5.91430523889601E-15));
#3467=CARTESIAN_POINT('',(-0.005,-0.005,-0.005));
#3468=DIRECTION('',(9.91299636250191E-15,-0.707106781186547,-0.707106781186547));
#3469=DIRECTION('',(1.0,6.99129292128757E-15,7.02780097831779E-15));
#3470=CARTESIAN_POINT('',(-0.01,0.0,0.0));
#3471=DIRECTION('',(-2.92064456241777E-16,-1.0,2.92064456241777E-16));
#3472=DIRECTION('',(0.707106781186547,-4.13041515104245E-16,-0.707106781186547));
#3473=DIRECTION('',(0.0,1.0,0.0));
#3474=DIRECTION('',(-0.0,0.0,1.0));
#3475=CARTESIAN_POINT('',(0.01,-0.01,0.01));
#3476=DIRECTION('',(-1.0,-0.0,0.0));
#3477=DIRECTION('',(0.0,-0.707106781186548,0.707106781186548));
#3478=DIRECTION('',(0.0,1.0,0.0));
#3479=CARTESIAN_POINT('',(0.01,0.01,0.01));
#3480=DIRECTION('',(-1.0,0.0,0.0));
#3481=DIRECTION('',(0.0,0.707106781186548,0.707106781186548));
#3482=DIRECTION('',(0.0,-0.0,-1.0));
#3483=CARTESIAN_POINT('',(0.01,0.01,-0.01));
#3484=DIRECTION('',(-1.0,0.0,-0.0));
#3485=DIRECTION('',(0.0,0.707106781186548,-0.707106781186548));
#3486=DIRECTION('',(0.0,-1.0,0.0));
#3487=DIRECTION('',(0.0,-0.0,-1.0));
#3488=CARTESIAN_POINT('',(0.01,1.0432740269008E-20,-1.0432740269008E-20));
#3489=DIRECTION('',(-1.0,-0.0,0.0));
#3490=DIRECTION('',(0.0,-0.707106781186548,0.707106781186548));
#3491=CARTESIAN_POINT('',(0.01,1.0432740269008E-20,1.0432740269008E-20));
#3492=DIRECTION('',(-1.0,-0.0,0.0));
#3493=DIRECTION('',(0.0,-0.707106781186548,-0.707106781186548));
#3494=CARTESIAN_POINT('',(0.01,0.0,0.0));
#3495=DIRECTION('',(-1.0,0.0,-0.0));
#3496=DIRECTION('',(0.0,0.707106781186548,-0.707106781186548));
#3497=CARTESIAN_POINT('',(0.01,0.0,0.0));
#3498=DIRECTION('',(-1.0,0.0,0.0));
#3499=DIRECTION('',(0.0,0.707106781186548,0.707106781186548));
#3500=DIRECTION('',(-0.0,0.0,1.0));
#3501=DIRECTION('',(0.0,-1.0,0.0));
#3502=CARTESIAN_POINT('',(0.01,-0.01,-0.01));
#3503=DIRECTION('',(-1.0,-0.0,0.0));
#3504=DIRECTION('',(0.0,-0.707106781186548,-0.707106781186548));
#3505=CARTESIAN_POINT('',(0.0,0.0,0.01));
#3506=DIRECTION('',(-1.0,0.0,0.0));
#3507=DIRECTION('',(0.0,-0.707106781186548,0.707106781186548));
#3508=CARTESIAN_POINT('',(-1.73472347597681E-18,1.73472347597681E-18,0.01));
#3509=DIRECTION('',(-6.57145026543999E-16,-1.0,-6.57145026543999E-16));
#3510=DIRECTION('',(0.707106781186548,-9.2934340898455E-16,0.707106781186547));
#3511=CARTESIAN_POINT('',(-0.005,0.005,0.005));
#3512=DIRECTION('',(-0.707106781186548,-3.30433212083395E-15,-0.707106781186548));
#3513=DIRECTION('',(-2.22699147884355E-15,1.0,-2.44603982102488E-15));
#3514=CARTESIAN_POINT('',(-0.005,0.005,0.005));
#3515=DIRECTION('',(3.30433212083395E-15,0.707106781186548,-0.707106781186548));
#3516=DIRECTION('',(1.0,-2.22699147884355E-15,2.44603982102488E-15));
#3517=CARTESIAN_POINT('',(1.73472347597681E-18,1.73472347597681E-18,0.01));
#3518=DIRECTION('',(6.57145026543999E-16,-1.0,-6.57145026543999E-16));
#3519=DIRECTION('',(0.707106781186548,9.2934340898455E-16,-0.707106781186547));
#3520=CARTESIAN_POINT('',(0.005,0.005,0.005));
#3521=DIRECTION('',(-3.30433212083395E-15,0.707106781186548,-0.707106781186548));
#3522=DIRECTION('',(1.0,2.22699147884355E-15,-2.44603982102488E-15));
#3523=CARTESIAN_POINT('',(0.005,0.005,0.005));
#3524=DIRECTION('',(0.707106781186548,-3.30433212083395E-15,-0.707106781186548));
#3525=DIRECTION('',(-2.22699147884355E-15,-1.0,2.44603982102488E-15));
#3526=CARTESIAN_POINT('',(0.0,0.0,-0.01));
#3527=DIRECTION('',(0.0,0.0,-1.0));
#3528=DIRECTION('',(0.707106781186547,0.707106781186547,0.0));
#3529=CARTESIAN_POINT('',(0.0,0.0,-0.01));
#3530=DIRECTION('',(0.0,-0.0,-1.0));
#3531=DIRECTION('',(0.707106781186548,-0.707106781186548,0.0));
#3532=CARTESIAN_POINT('',(0.0,0.0,-0.01));
#3533=DIRECTION('',(-0.0,0.0,-1.0));
#3534=DIRECTION('',(-0.707106781186548,-0.707106781186548,0.0));
#3535=CARTESIAN_POINT('',(0.0,0.0,-0.01));
#3536=DIRECTION('',(-0.0,0.0,-1.0));
#3537=DIRECTION('',(-0.707106781186547,0.707106781186547,0.0));
#3538=CARTESIAN_POINT('',(0.005,-0.005,-0.005));
#3539=DIRECTION('',(0.707106781186547,9.91299636250191E-15,-0.707106781186547));
#3540=DIRECTION('',(-6.99129292128757E-15,1.0,7.02780097831779E-15));
#3541=CARTESIAN_POINT('',(0.005,-0.005,-0.005));
#3542=DIRECTION('',(0.707106781186548,-0.707106781186548,3.30433212083395E-15));
#3543=DIRECTION('',(-2.33651564993421E-15,2.33651564993421E-15,1.0));
#3544=CARTESIAN_POINT('',(0.005,-0.005,-0.005));
#3545=DIRECTION('',(-9.91299636250191E-15,-0.707106781186547,-0.707106781186547));
#3546=DIRECTION('',(1.0,-6.99129292128757E-15,-7.02780097831779E-15));
#3547=CARTESIAN_POINT('',(0.01,-0.01,-0.01));
#3548=DIRECTION('',(0.0,-0.0,-1.0));
#3549=DIRECTION('',(0.707106781186548,-0.707106781186548,0.0));
#3550=CARTESIAN_POINT('',(0.01,-0.01,-0.01));
#3551=DIRECTION('',(-0.0,-1.0,0.0));
#3552=DIRECTION('',(-0.707106781186548,0.0,0.707106781186548));
#3553=DIRECTION('',(-1.0,0.0,0.0));
#3554=DIRECTION('',(1.0,-0.0,0.0));
#3555=CARTESIAN_POINT('',(0.01,0.01,-0.01));
#3556=DIRECTION('',(-0.0,-1.0,0.0));
#3557=DIRECTION('',(-0.707106781186548,0.0,0.707106781186548));
#3558=CARTESIAN_POINT('',(0.0,0.0,-0.01));
#3559=DIRECTION('',(-1.0,0.0,-0.0));
#3560=DIRECTION('',(0.0,-0.707106781186548,-0.707106781186548));
#3561=CARTESIAN_POINT('',(-1.73472347597681E-18,1.73472347597681E-18,-0.01));
#3562=DIRECTION('',(-6.57145026543999E-16,-1.0,6.57145026543999E-16));
#3563=DIRECTION('',(0.707106781186548,-9.2934340898455E-16,-0.707106781186547));
#3564=CARTESIAN_POINT('',(-0.005,0.005,-0.005));
#3565=DIRECTION('',(0.707106781186548,-3.30433212083395E-15,-0.707106781186548));
#3566=DIRECTION('',(-2.22699147884355E-15,-1.0,2.44603982102488E-15));
#3567=CARTESIAN_POINT('',(-0.005,0.005,-0.005));
#3568=DIRECTION('',(3.30433212083395E-15,-0.707106781186548,-0.707106781186548));
#3569=DIRECTION('',(-1.0,-2.22699147884355E-15,-2.44603982102488E-15));
#3570=CARTESIAN_POINT('',(-0.005,-0.005,-0.005));
#3571=DIRECTION('',(-8.26083030208492E-15,0.707106781186548,-0.707106781186548));
#3572=DIRECTION('',(-1.0,-5.76827301077512E-15,5.91430523889601E-15));
#3573=CARTESIAN_POINT('',(-0.005,-0.005,-0.005));
#3574=DIRECTION('',(-0.707106781186548,-0.707106781186548,3.30433212083395E-15));
#3575=DIRECTION('',(2.33651564993421E-15,2.33651564993421E-15,1.0));
#3576=CARTESIAN_POINT('',(0.0,0.0,-0.01));
#3577=DIRECTION('',(-1.0,0.0,-0.0));
#3578=DIRECTION('',(0.0,0.707106781186548,-0.707106781186547));
#3579=CARTESIAN_POINT('',(1.0432740269008E-20,-0.01,-1.0432740269008E-20));
#3580=DIRECTION('',(-0.0,-1.0,0.0));
#3581=DIRECTION('',(-0.707106781186548,0.0,0.707106781186548));
#3582=CARTESIAN_POINT('',(1.0432740269008E-20,-0.01,1.0432740269008E-20));
#3583=DIRECTION('',(-0.0,-1.0,0.0));
#3584=DIRECTION('',(-0.707106781186548,0.0,-0.707106781186548));
#3585=CARTESIAN_POINT('',(1.0432740269008E-20,-0.01,-1.0432740269008E-20));
#3586=DIRECTION('',(-0.0,-1.0,0.0));
#3587=DIRECTION('',(-0.707106781186548,0.0,0.707106781186548));
#3588=CARTESIAN_POINT('',(1.0432740269008E-20,-0.01,1.0432740269008E-20));
#3589=DIRECTION('',(-0.0,-1.0,0.0));
#3590=DIRECTION('',(-0.707106781186548,0.0,-0.707106781186548));
#3591=CARTESIAN_POINT('',(-0.005,-0.005,-0.005));
#3592=DIRECTION('',(-0.707106781186547,9.91299636250191E-15,-0.707106781186547));
#3593=DIRECTION('',(-6.99129292128757E-15,-1.0,-7.02780097831779E-15));
#3594=CARTESIAN_POINT('',(0.005,-0.005,0.005));
#3595=DIRECTION('',(1.65216606041698E-15,-0.707106781186548,-0.707106781186548));
#3596=DIRECTION('',(1.0,1.25952796754267E-15,1.07698768239156E-15));
#3597=CARTESIAN_POINT('',(0.005,-0.005,0.005));
#3598=DIRECTION('',(-0.707106781186547,-0.707106781186547,1.65216606041699E-15));
#3599=DIRECTION('',(1.05873365387645E-15,1.27778199605778E-15,1.0));
#3600=CARTESIAN_POINT('',(0.005,-0.005,0.005));
#3601=DIRECTION('',(-0.707106781186548,3.30433212083395E-15,-0.707106781186548));
#3602=DIRECTION('',(-2.59207204914577E-15,-1.0,-2.08095925072266E-15));
#3603=CARTESIAN_POINT('',(1.0432740269008E-20,-0.01,1.0432740269008E-20));
#3604=DIRECTION('',(-1.0,-5.2516475612577E-16,-5.2516475612577E-16));
#3605=DIRECTION('',(-7.42695120593422E-16,0.707106781186547,0.707106781186548));
#3606=CARTESIAN_POINT('',(0.005,-0.005,-0.005));
#3607=DIRECTION('',(8.26083030208492E-15,0.707106781186548,-0.707106781186548));
#3608=DIRECTION('',(-1.0,5.76827301077512E-15,-5.91430523889601E-15));
#3609=CARTESIAN_POINT('',(1.0432740269008E-20,-0.01,-1.0432740269008E-20));
#3610=DIRECTION('',(-1.0,-5.2516475612577E-16,5.2516475612577E-16));
#3611=DIRECTION('',(-7.42695120593422E-16,0.707106781186547,-0.707106781186548));
#3612=CARTESIAN_POINT('',(0.005,-0.005,0.005));
#3613=DIRECTION('',(-3.30433212083395E-15,0.707106781186548,-0.707106781186548));
#3614=DIRECTION('',(-1.0,-2.59207204914577E-15,2.08095925072266E-15));
#3615=CARTESIAN_POINT('',(0.01,-0.01,0.01));
#3616=DIRECTION('',(-0.0,-1.0,0.0));
#3617=DIRECTION('',(-0.707106781186548,0.0,-0.707106781186548));
#3618=CARTESIAN_POINT('',(0.01,0.01,0.01));
#3619=DIRECTION('',(-0.0,-1.0,0.0));
#3620=DIRECTION('',(-0.707106781186548,0.0,-0.707106781186548));
#3621=DIRECTION('',(1.0,-0.0,0.0));
#3622=CARTESIAN_POINT('',(0.0,0.01,0.0));
#3623=DIRECTION('',(-0.0,-1.0,0.0));
#3624=DIRECTION('',(-0.707106781186548,0.0,-0.707106781186548));
#3625=CARTESIAN_POINT('',(0.0,0.01,0.0));
#3626=DIRECTION('',(-0.0,-1.0,0.0));
#3627=DIRECTION('',(-0.707106781186548,0.0,0.707106781186548));
#3628=CARTESIAN_POINT('',(0.0,0.01,0.0));
#3629=DIRECTION('',(-0.0,-1.0,0.0));
#3630=DIRECTION('',(-0.707106781186548,0.0,-0.707106781186548));
#3631=CARTESIAN_POINT('',(0.0,0.01,0.0));
#3632=DIRECTION('',(-0.0,-1.0,0.0));
#3633=DIRECTION('',(-0.707106781186548,0.0,0.707106781186548));
#3634=CARTESIAN_POINT('',(0.005,-0.005,-0.005));
#3635=DIRECTION('',(-0.707106781186548,-8.26083030208492E-15,-0.707106781186548));
#3636=DIRECTION('',(5.76827301077512E-15,-1.0,5.91430523889601E-15));
#3637=CARTESIAN_POINT('',(1.73472347597681E-18,1.73472347597681E-18,-0.01));
#3638=DIRECTION('',(6.57145026543999E-16,-1.0,6.57145026543999E-16));
#3639=DIRECTION('',(0.707106781186548,9.2934340898455E-16,0.707106781186547));
#3640=CARTESIAN_POINT('',(0.01,0.0,0.0));
#3641=DIRECTION('',(2.92064456241777E-16,-1.0,2.92064456241777E-16));
#3642=DIRECTION('',(0.707106781186547,4.13041515104245E-16,0.707106781186547));
#3643=CARTESIAN_POINT('',(0.005,0.005,-0.005));
#3644=DIRECTION('',(-0.707106781186548,-3.30433212083395E-15,-0.707106781186548));
#3645=DIRECTION('',(-2.22699147884355E-15,1.0,-2.44603982102488E-15));
#3646=CARTESIAN_POINT('',(0.005,0.005,-0.005));
#3647=DIRECTION('',(3.30433212083395E-15,0.707106781186548,-0.707106781186548));
#3648=DIRECTION('',(1.0,-2.22699147884355E-15,2.44603982102488E-15));
#3649=CARTESIAN_POINT('',(0.005,0.005,-0.005));
#3650=DIRECTION('',(-3.30433212083395E-15,-0.707106781186548,-0.707106781186548));
#3651=DIRECTION('',(-1.0,2.22699147884355E-15,2.44603982102488E-15));
#3652=CARTESIAN_POINT('',(0.005,0.005,-0.005));
#3653=DIRECTION('',(-0.707106781186548,-0.707106781186548,0.0));
#3654=DIRECTION('',(0.0,0.0,1.0));
#3655=CARTESIAN_POINT('',(0.0,0.01,0.0));
#3656=DIRECTION('',(-1.0,0.0,0.0));
#3657=DIRECTION('',(0.0,-0.707106781186548,0.707106781186548));
#3658=CARTESIAN_POINT('',(-0.005,0.005,0.005));
#3659=DIRECTION('',(-0.707106781186548,-0.707106781186548,0.0));
#3660=DIRECTION('',(0.0,0.0,1.0));
#3661=CARTESIAN_POINT('',(0.005,0.005,0.005));
#3662=DIRECTION('',(-0.707106781186548,3.30433212083395E-15,-0.707106781186548));
#3663=DIRECTION('',(2.22699147884355E-15,1.0,2.44603982102488E-15));
#3664=CARTESIAN_POINT('',(0.005,0.005,0.005));
#3665=DIRECTION('',(0.707106781186548,-0.707106781186548,0.0));
#3666=DIRECTION('',(0.0,0.0,1.0));
#3667=CARTESIAN_POINT('',(-0.005,-0.005,0.005));
#3668=DIRECTION('',(-1.65216606041698E-15,-0.707106781186548,-0.707106781186548));
#3669=DIRECTION('',(1.0,-1.25952796754267E-15,-1.07698768239156E-15));
#3670=CARTESIAN_POINT('',(0.005,-0.005,0.005));
#3671=DIRECTION('',(0.707106781186548,-1.65216606041698E-15,-0.707106781186548));
#3672=DIRECTION('',(1.25952796754267E-15,1.0,-1.07698768239156E-15));
#3673=CARTESIAN_POINT('',(0.0,0.0,0.01));
#3674=DIRECTION('',(-1.0,7.30161140604444E-17,7.30161140604443E-17));
#3675=DIRECTION('',(1.03260378776061E-16,0.707106781186548,0.707106781186547));
#3676=CARTESIAN_POINT('',(0.01,0.0,0.0));
#3677=DIRECTION('',(2.92064456241777E-16,-1.0,-2.92064456241777E-16));
#3678=DIRECTION('',(0.707106781186547,4.13041515104245E-16,-0.707106781186547));
#3679=CARTESIAN_POINT('',(0.005,0.005,0.005));
#3680=DIRECTION('',(3.30433212083395E-15,-0.707106781186548,-0.707106781186548));
#3681=DIRECTION('',(-1.0,-2.22699147884355E-15,-2.44603982102488E-15));
#3682=CARTESIAN_POINT('',(0.0,0.01,0.0));
#3683=DIRECTION('',(-1.0,-0.0,0.0));
#3684=DIRECTION('',(0.0,-0.707106781186548,-0.707106781186548));
#3685=CARTESIAN_POINT('',(0.005,0.005,-0.005));
#3686=DIRECTION('',(0.707106781186548,3.30433212083395E-15,-0.707106781186548));
#3687=DIRECTION('',(2.22699147884355E-15,-1.0,-2.44603982102488E-15));
#3688=CARTESIAN_POINT('',(0.01,0.01,-0.01));
#3689=DIRECTION('',(0.0,0.0,-1.0));
#3690=DIRECTION('',(0.707106781186548,0.707106781186548,0.0));
#3691=DIRECTION('',(-1.0,0.0,0.0));
#3692=PRESENTATION_LAYER_ASSIGNMENT('9','\X2\56FE5C42\X0\0',(#25));
ENDSEC;
END-ISO-10303-21;
