ISO-10303-21;
HEADER;
FILE_DESCRIPTION(('STEP AP214'),'1');
FILE_NAME('40.stp','2025-01-06T02:31:06',(' '),(' '),'Spatial InterOp 3D',' ',' ');
FILE_SCHEMA(('AUTOMOTIVE_DESIGN { 1 0 10303 214 1 1 1 1 }'));
ENDSEC;
DATA;
#1=MECHANICAL_DESIGN_GEOMETRIC_PRESENTATION_REPRESENTATION(' ',(#10),#6);
#2=PRODUCT_DEFINITION_CONTEXT('',#11,'design');
#3=APPLICATION_PROTOCOL_DEFINITION('INTERNATIONAL STANDARD','automotive_design',1994,#11);
#4=PRODUCT_CATEGORY_RELATIONSHIP('NONE','NONE',#12,#13);
#5=SHAPE_DEFINITION_REPRESENTATION(#14,#15);
#6= (GEOMETRIC_REPRESENTATION_CONTEXT(3)GLOBAL_UNCERTAINTY_ASSIGNED_CONTEXT((#18))GLOBAL_UNIT_ASSIGNED_CONTEXT((#20,#21,#22))REPRESENTATION_CONTEXT('NONE','WORKSPACE'));
#10=STYLED_ITEM('',(#24),#25);
#11=APPLICATION_CONTEXT(' ');
#12=PRODUCT_CATEGORY('part','NONE');
#13=PRODUCT_RELATED_PRODUCT_CATEGORY('detail',' ',(#26));
#14=PRODUCT_DEFINITION_SHAPE('NONE','NONE',#27);
#15=ADVANCED_BREP_SHAPE_REPRESENTATION('\X2\5B9E4F53\X0\555',(#25,#28),#6);
#18=UNCERTAINTY_MEASURE_WITH_UNIT(LENGTH_MEASURE(1.0E-08),#20,'','');
#20= (CONVERSION_BASED_UNIT('METRE',#31)LENGTH_UNIT()NAMED_UNIT(#34));
#21= (NAMED_UNIT(#36)PLANE_ANGLE_UNIT()SI_UNIT($,.RADIAN.));
#22= (NAMED_UNIT(#36)SOLID_ANGLE_UNIT()SI_UNIT($,.STERADIAN.));
#24=PRESENTATION_STYLE_ASSIGNMENT((#42));
#25=MANIFOLD_SOLID_BREP('\X2\5B9E4F53\X0\555',#43);
#26=PRODUCT('\X2\5B9E4F53\X0\555','','PART--DESC',(#44));
#27=PRODUCT_DEFINITION('','NONE',#45,#2);
#28=AXIS2_PLACEMENT_3D('',#46,#47,#48);
#31=LENGTH_MEASURE_WITH_UNIT(LENGTH_MEASURE(1.0),#49);
#34=DIMENSIONAL_EXPONENTS(1.0,0.0,0.0,0.0,0.0,0.0,0.0);
#36=DIMENSIONAL_EXPONENTS(0.0,0.0,0.0,0.0,0.0,0.0,0.0);
#42=SURFACE_STYLE_USAGE(.BOTH.,#50);
#43=CLOSED_SHELL('',(#51,#52,#53,#54,#55,#56,#57,#58,#59,#60,#61,#62,#63,#64,#65,#66,#67,#68,#69,#70,#71,#72,#73,#74,#75,#76,#77,#78,#79,#80,#81,#82,#83,#84,#85,#86,#87,#88,#89,#90,#91,#92,#93,#94,#95,#96,#97,#98,#99,#100,#101,#102,#103,#104,#105,#106,#107,#108,#109,#110,#111,#112,#113,#114,#115,#116,#117,#118,#119,#120,#121,#122,#123,#124,#125,#126,#127,#128,#129,#130,#131,#132,#133,#134,#135,#136,#137,#138,#139,#140,#141,#142,#143,#144,#145,#146,#147,#148,#149,#150,#151,#152,#153,#154,#155,#156,#157,#158,#159,#160,#161,#162,#163,#164,#165,#166,#167,#168,#169,#170,#171,#172,#173,#174,#175,#176,#177,#178,#179,#180,#181,#182,#183,#184,#185,#186,#187,#188,#189,#190,#191,#192,#193,#194,#195,#196,#197,#198,#199,#200,#201,#202,#203,#204,#205,#206,#207,#208,#209,#210,#211,#212,#213,#214,#215,#216));
#44=PRODUCT_CONTEXT('',#11,'mechanical');
#45=PRODUCT_DEFINITION_FORMATION_WITH_SPECIFIED_SOURCE(' ','NONE',#26,.NOT_KNOWN.);
#46=CARTESIAN_POINT('',(0.0,0.0,0.0));
#47=DIRECTION('',(0.0,0.0,1.0));
#48=DIRECTION('',(1.0,0.0,0.0));
#49= (NAMED_UNIT(#34)LENGTH_UNIT()SI_UNIT($,.METRE.));
#50=SURFACE_SIDE_STYLE('',(#218));
#51=ADVANCED_FACE('2:56414',(#219),#220,.T.);
#52=ADVANCED_FACE('2:56334',(#221),#222,.T.);
#53=ADVANCED_FACE('2:56294',(#223),#224,.T.);
#54=ADVANCED_FACE('2:56254',(#225),#226,.T.);
#55=ADVANCED_FACE('2:56214',(#227),#228,.T.);
#56=ADVANCED_FACE('2:56371',(#229),#230,.T.);
#57=ADVANCED_FACE('2:58106',(#231),#232,.T.);
#58=ADVANCED_FACE('2:45996',(#233),#234,.T.);
#59=ADVANCED_FACE('2:45916',(#235),#236,.T.);
#60=ADVANCED_FACE('2:56351',(#237),#238,.T.);
#61=ADVANCED_FACE('2:56301',(#239),#240,.T.);
#62=ADVANCED_FACE('2:56261',(#241),#242,.T.);
#63=ADVANCED_FACE('2:54552',(#243),#244,.T.);
#64=ADVANCED_FACE('2:47366',(#245),#246,.T.);
#65=ADVANCED_FACE('2:56221',(#247),#248,.T.);
#66=ADVANCED_FACE('2:50902',(#249),#250,.T.);
#67=ADVANCED_FACE('2:54592',(#251),#252,.T.);
#68=ADVANCED_FACE('2:45963',(#253),#254,.T.);
#69=ADVANCED_FACE('2:57876',(#255),#256,.T.);
#70=ADVANCED_FACE('2:54632',(#257),#258,.T.);
#71=ADVANCED_FACE('2:45883',(#259),#260,.T.);
#72=ADVANCED_FACE('2:57916',(#261),#262,.T.);
#73=ADVANCED_FACE('2:47446',(#263),#264,.T.);
#74=ADVANCED_FACE('2:50982',(#265),#266,.T.);
#75=ADVANCED_FACE('2:57996',(#267),#268,.T.);
#76=ADVANCED_FACE('2:56171',(#269),#270,.T.);
#77=ADVANCED_FACE('2:47339',(#271),#272,.T.);
#78=ADVANCED_FACE('2:50942',(#273),#274,.T.);
#79=ADVANCED_FACE('2:47419',(#275),#276,.T.);
#80=ADVANCED_FACE('2:50875',(#277),#278,.T.);
#81=ADVANCED_FACE('2:50915',(#279),#280,.T.);
#82=ADVANCED_FACE('2:50955',(#281),#282,.T.);
#83=ADVANCED_FACE('2:57956',(#283),#284,.T.);
#84=ADVANCED_FACE('2:56151',(#285),#286,.T.);
#85=ADVANCED_FACE('2:54505',(#287),#288,.T.);
#86=ADVANCED_FACE('2:54545',(#289),#290,.T.);
#87=ADVANCED_FACE('2:54585',(#291),#292,.T.);
#88=ADVANCED_FACE('2:57889',(#293),#294,.T.);
#89=ADVANCED_FACE('2:57929',(#295),#296,.T.);
#90=ADVANCED_FACE('2:57969',(#297),#298,.T.);
#91=ADVANCED_FACE('2:58009',(#299),#300,.T.);
#92=ADVANCED_FACE('2:58039',(#301),#302,.T.);
#93=ADVANCED_FACE('2:58069',(#303),#304,.T.);
#94=ADVANCED_FACE('2:58119',(#305),#306,.T.);
#95=ADVANCED_FACE('2:57859',(#307,#308),#309,.F.);
#96=ADVANCED_FACE('2:57856',(#310),#311,.F.);
#97=ADVANCED_FACE('2:57853',(#312),#313,.F.);
#98=ADVANCED_FACE('2:57850',(#314),#315,.F.);
#99=ADVANCED_FACE('2:57847',(#316),#317,.F.);
#100=ADVANCED_FACE('2:58129',(#318),#319,.T.);
#101=ADVANCED_FACE('2:58119',(#320),#321,.T.);
#102=ADVANCED_FACE('2:58099',(#322),#323,.T.);
#103=ADVANCED_FACE('2:58089',(#324),#325,.F.);
#104=ADVANCED_FACE('2:58069',(#326),#327,.T.);
#105=ADVANCED_FACE('2:58059',(#328),#329,.F.);
#106=ADVANCED_FACE('2:58039',(#330),#331,.T.);
#107=ADVANCED_FACE('2:58029',(#332),#333,.F.);
#108=ADVANCED_FACE('2:58019',(#334),#335,.T.);
#109=ADVANCED_FACE('2:58009',(#336),#337,.T.);
#110=ADVANCED_FACE('2:57989',(#338),#339,.T.);
#111=ADVANCED_FACE('2:57969',(#340),#341,.T.);
#112=ADVANCED_FACE('2:57949',(#342),#343,.T.);
#113=ADVANCED_FACE('2:57929',(#344),#345,.T.);
#114=ADVANCED_FACE('2:57909',(#346),#347,.T.);
#115=ADVANCED_FACE('2:57889',(#348),#349,.T.);
#116=ADVANCED_FACE('2:56118',(#350),#351,.T.);
#117=ADVANCED_FACE('2:56115',(#352),#353,.T.);
#118=ADVANCED_FACE('2:56112',(#354,#355),#356,.T.);
#119=ADVANCED_FACE('2:56109',(#357),#358,.T.);
#120=ADVANCED_FACE('2:56106',(#359),#360,.T.);
#121=ADVANCED_FACE('2:54585',(#361),#362,.T.);
#122=ADVANCED_FACE('2:54565',(#363),#364,.T.);
#123=ADVANCED_FACE('2:54545',(#365),#366,.T.);
#124=ADVANCED_FACE('2:54535',(#367),#368,.T.);
#125=ADVANCED_FACE('2:54525',(#369),#370,.T.);
#126=ADVANCED_FACE('2:54505',(#371),#372,.T.);
#127=ADVANCED_FACE('2:54495',(#373),#374,.T.);
#128=ADVANCED_FACE('2:50845',(#375,#376),#377,.F.);
#129=ADVANCED_FACE('2:56181',(#378),#379,.F.);
#130=ADVANCED_FACE('2:58076',(#380),#381,.F.);
#131=ADVANCED_FACE('2:56151',(#382),#383,.T.);
#132=ADVANCED_FACE('2:56141',(#384),#385,.T.);
#133=ADVANCED_FACE('2:57956',(#386),#387,.T.);
#134=ADVANCED_FACE('2:50995',(#388),#389,.T.);
#135=ADVANCED_FACE('2:50975',(#390),#391,.T.);
#136=ADVANCED_FACE('2:50955',(#392),#393,.T.);
#137=ADVANCED_FACE('2:50935',(#394),#395,.T.);
#138=ADVANCED_FACE('2:50915',(#396),#397,.T.);
#139=ADVANCED_FACE('2:50895',(#398),#399,.T.);
#140=ADVANCED_FACE('2:50875',(#400),#401,.T.);
#141=ADVANCED_FACE('2:56401',(#402),#403,.F.);
#142=ADVANCED_FACE('2:47263',(#404,#405),#406,.F.);
#143=ADVANCED_FACE('2:47459',(#407),#408,.T.);
#144=ADVANCED_FACE('2:47439',(#409),#410,.T.);
#145=ADVANCED_FACE('2:47419',(#411),#412,.T.);
#146=ADVANCED_FACE('2:47399',(#413),#414,.T.);
#147=ADVANCED_FACE('2:50942',(#415),#416,.T.);
#148=ADVANCED_FACE('2:47359',(#417),#418,.T.);
#149=ADVANCED_FACE('2:47339',(#419),#420,.T.);
#150=ADVANCED_FACE('2:56171',(#421),#422,.T.);
#151=ADVANCED_FACE('2:45828',(#423,#424),#425,.T.);
#152=ADVANCED_FACE('2:57976',(#426),#427,.T.);
#153=ADVANCED_FACE('2:57936',(#428),#429,.T.);
#154=ADVANCED_FACE('2:57896',(#430),#431,.T.);
#155=ADVANCED_FACE('2:57866',(#432),#433,.T.);
#156=ADVANCED_FACE('2:57996',(#434),#435,.T.);
#157=ADVANCED_FACE('2:50982',(#436),#437,.T.);
#158=ADVANCED_FACE('2:47446',(#438),#439,.T.);
#159=ADVANCED_FACE('2:57916',(#440),#441,.T.);
#160=ADVANCED_FACE('2:45883',(#442),#443,.T.);
#161=ADVANCED_FACE('2:54632',(#444),#445,.T.);
#162=ADVANCED_FACE('2:54602',(#446),#447,.T.);
#163=ADVANCED_FACE('2:45903',(#448),#449,.T.);
#164=ADVANCED_FACE('2:57876',(#450),#451,.T.);
#165=ADVANCED_FACE('2:45943',(#452),#453,.T.);
#166=ADVANCED_FACE('2:54642',(#454),#455,.T.);
#167=ADVANCED_FACE('2:45963',(#456),#457,.T.);
#168=ADVANCED_FACE('2:45983',(#458),#459,.T.);
#169=ADVANCED_FACE('2:47426',(#460),#461,.T.);
#170=ADVANCED_FACE('2:47386',(#462),#463,.T.);
#171=ADVANCED_FACE('2:50962',(#464),#465,.T.);
#172=ADVANCED_FACE('2:50922',(#466),#467,.T.);
#173=ADVANCED_FACE('2:54592',(#468),#469,.T.);
#174=ADVANCED_FACE('2:54612',(#470),#471,.T.);
#175=ADVANCED_FACE('2:54572',(#472),#473,.T.);
#176=ADVANCED_FACE('2:47346',(#474),#475,.T.);
#177=ADVANCED_FACE('2:50882',(#476),#477,.T.);
#178=ADVANCED_FACE('2:50902',(#478),#479,.T.);
#179=ADVANCED_FACE('2:46003',(#480),#481,.T.);
#180=ADVANCED_FACE('2:47316',(#482),#483,.T.);
#181=ADVANCED_FACE('2:56221',(#484),#485,.T.);
#182=ADVANCED_FACE('2:50852',(#486),#487,.T.);
#183=ADVANCED_FACE('2:47366',(#488),#489,.T.);
#184=ADVANCED_FACE('2:54552',(#490),#491,.T.);
#185=ADVANCED_FACE('2:56261',(#492),#493,.T.);
#186=ADVANCED_FACE('2:56281',(#494),#495,.T.);
#187=ADVANCED_FACE('2:56301',(#496),#497,.T.);
#188=ADVANCED_FACE('2:56321',(#498),#499,.T.);
#189=ADVANCED_FACE('2:56351',(#500),#501,.T.);
#190=ADVANCED_FACE('2:56341',(#502),#503,.T.);
#191=ADVANCED_FACE('2:56311',(#504),#505,.T.);
#192=ADVANCED_FACE('2:45866',(#506),#507,.T.);
#193=ADVANCED_FACE('2:45896',(#508),#509,.T.);
#194=ADVANCED_FACE('2:45916',(#510),#511,.T.);
#195=ADVANCED_FACE('2:45936',(#512),#513,.T.);
#196=ADVANCED_FACE('2:45976',(#514),#515,.T.);
#197=ADVANCED_FACE('2:45996',(#516),#517,.T.);
#198=ADVANCED_FACE('2:58106',(#518),#519,.T.);
#199=ADVANCED_FACE('2:56371',(#520),#521,.T.);
#200=ADVANCED_FACE('2:54457',(#522,#523),#524,.T.);
#201=ADVANCED_FACE('2:58136',(#525),#526,.T.);
#202=ADVANCED_FACE('2:56361',(#527),#528,.T.);
#203=ADVANCED_FACE('2:58046',(#529),#530,.T.);
#204=ADVANCED_FACE('2:56391',(#531),#532,.T.);
#205=ADVANCED_FACE('2:56164',(#533),#534,.F.);
#206=ADVANCED_FACE('2:56194',(#535),#536,.F.);
#207=ADVANCED_FACE('2:56204',(#537),#538,.T.);
#208=ADVANCED_FACE('2:56214',(#539),#540,.T.);
#209=ADVANCED_FACE('2:56234',(#541),#542,.T.);
#210=ADVANCED_FACE('2:56244',(#543),#544,.T.);
#211=ADVANCED_FACE('2:56254',(#545),#546,.T.);
#212=ADVANCED_FACE('2:56274',(#547),#548,.T.);
#213=ADVANCED_FACE('2:56294',(#549),#550,.T.);
#214=ADVANCED_FACE('2:56334',(#551),#552,.T.);
#215=ADVANCED_FACE('2:56384',(#553),#554,.T.);
#216=ADVANCED_FACE('2:56414',(#555),#556,.T.);
#218=SURFACE_STYLE_FILL_AREA(#557);
#219=FACE_OUTER_BOUND('',#558,.T.);
#220=CYLINDRICAL_SURFACE('',#559,0.0002509);
#221=FACE_OUTER_BOUND('',#560,.T.);
#222=CYLINDRICAL_SURFACE('',#561,0.0002509);
#223=FACE_OUTER_BOUND('',#562,.T.);
#224=CYLINDRICAL_SURFACE('',#563,0.0002509);
#225=FACE_OUTER_BOUND('',#564,.T.);
#226=CYLINDRICAL_SURFACE('',#565,0.0002509);
#227=FACE_OUTER_BOUND('',#566,.T.);
#228=CYLINDRICAL_SURFACE('',#567,0.0002509);
#229=FACE_OUTER_BOUND('',#568,.T.);
#230=CYLINDRICAL_SURFACE('',#569,0.0002509);
#231=FACE_OUTER_BOUND('',#570,.T.);
#232=CYLINDRICAL_SURFACE('',#571,0.0002509);
#233=FACE_OUTER_BOUND('',#572,.T.);
#234=CYLINDRICAL_SURFACE('',#573,0.0002509);
#235=FACE_OUTER_BOUND('',#574,.T.);
#236=CYLINDRICAL_SURFACE('',#575,0.0002509);
#237=FACE_OUTER_BOUND('',#576,.T.);
#238=CYLINDRICAL_SURFACE('',#577,0.0002509);
#239=FACE_OUTER_BOUND('',#578,.T.);
#240=CYLINDRICAL_SURFACE('',#579,0.0002509);
#241=FACE_OUTER_BOUND('',#580,.T.);
#242=CYLINDRICAL_SURFACE('',#581,0.0002509);
#243=FACE_OUTER_BOUND('',#582,.T.);
#244=CYLINDRICAL_SURFACE('',#583,0.0002509);
#245=FACE_OUTER_BOUND('',#584,.T.);
#246=CYLINDRICAL_SURFACE('',#585,0.0002509);
#247=FACE_OUTER_BOUND('',#586,.T.);
#248=CYLINDRICAL_SURFACE('',#587,0.0002509);
#249=FACE_OUTER_BOUND('',#588,.T.);
#250=CYLINDRICAL_SURFACE('',#589,0.0002509);
#251=FACE_OUTER_BOUND('',#590,.T.);
#252=CYLINDRICAL_SURFACE('',#591,0.0002509);
#253=FACE_OUTER_BOUND('',#592,.T.);
#254=CYLINDRICAL_SURFACE('',#593,0.0002509);
#255=FACE_OUTER_BOUND('',#594,.T.);
#256=CYLINDRICAL_SURFACE('',#595,0.0002509);
#257=FACE_OUTER_BOUND('',#596,.T.);
#258=CYLINDRICAL_SURFACE('',#597,0.0002509);
#259=FACE_OUTER_BOUND('',#598,.T.);
#260=CYLINDRICAL_SURFACE('',#599,0.0002509);
#261=FACE_OUTER_BOUND('',#600,.T.);
#262=CYLINDRICAL_SURFACE('',#601,0.0002509);
#263=FACE_OUTER_BOUND('',#602,.T.);
#264=CYLINDRICAL_SURFACE('',#603,0.0002509);
#265=FACE_OUTER_BOUND('',#604,.T.);
#266=CYLINDRICAL_SURFACE('',#605,0.0002509);
#267=FACE_OUTER_BOUND('',#606,.T.);
#268=CYLINDRICAL_SURFACE('',#607,0.0002509);
#269=FACE_OUTER_BOUND('',#608,.T.);
#270=CYLINDRICAL_SURFACE('',#609,0.0002509);
#271=FACE_OUTER_BOUND('',#610,.T.);
#272=CYLINDRICAL_SURFACE('',#611,0.0002509);
#273=FACE_OUTER_BOUND('',#612,.T.);
#274=CYLINDRICAL_SURFACE('',#613,0.0002509);
#275=FACE_OUTER_BOUND('',#614,.T.);
#276=CYLINDRICAL_SURFACE('',#615,0.0002509);
#277=FACE_OUTER_BOUND('',#616,.T.);
#278=CYLINDRICAL_SURFACE('',#617,0.0002509);
#279=FACE_OUTER_BOUND('',#618,.T.);
#280=CYLINDRICAL_SURFACE('',#619,0.0002509);
#281=FACE_OUTER_BOUND('',#620,.T.);
#282=CYLINDRICAL_SURFACE('',#621,0.0002509);
#283=FACE_OUTER_BOUND('',#622,.T.);
#284=CYLINDRICAL_SURFACE('',#623,0.0002509);
#285=FACE_OUTER_BOUND('',#624,.T.);
#286=CYLINDRICAL_SURFACE('',#625,0.0002509);
#287=FACE_OUTER_BOUND('',#626,.T.);
#288=CYLINDRICAL_SURFACE('',#627,0.0002509);
#289=FACE_OUTER_BOUND('',#628,.T.);
#290=CYLINDRICAL_SURFACE('',#629,0.0002509);
#291=FACE_OUTER_BOUND('',#630,.T.);
#292=CYLINDRICAL_SURFACE('',#631,0.0002509);
#293=FACE_OUTER_BOUND('',#632,.T.);
#294=CYLINDRICAL_SURFACE('',#633,0.0002509);
#295=FACE_OUTER_BOUND('',#634,.T.);
#296=CYLINDRICAL_SURFACE('',#635,0.0002509);
#297=FACE_OUTER_BOUND('',#636,.T.);
#298=CYLINDRICAL_SURFACE('',#637,0.0002509);
#299=FACE_OUTER_BOUND('',#638,.T.);
#300=CYLINDRICAL_SURFACE('',#639,0.0002509);
#301=FACE_OUTER_BOUND('',#640,.T.);
#302=CYLINDRICAL_SURFACE('',#641,0.0002509);
#303=FACE_OUTER_BOUND('',#642,.T.);
#304=CYLINDRICAL_SURFACE('',#643,0.0002509);
#305=FACE_OUTER_BOUND('',#644,.T.);
#306=CYLINDRICAL_SURFACE('',#645,0.0002509);
#307=FACE_OUTER_BOUND('',#646,.T.);
#308=FACE_BOUND('',#647,.T.);
#309=PLANE('',#648);
#310=FACE_OUTER_BOUND('',#649,.T.);
#311=PLANE('',#650);
#312=FACE_OUTER_BOUND('',#651,.T.);
#313=PLANE('',#652);
#314=FACE_OUTER_BOUND('',#653,.T.);
#315=PLANE('',#654);
#316=FACE_OUTER_BOUND('',#655,.T.);
#317=PLANE('',#656);
#318=FACE_OUTER_BOUND('',#657,.T.);
#319=PLANE('',#658);
#320=FACE_OUTER_BOUND('',#659,.T.);
#321=CYLINDRICAL_SURFACE('',#660,0.0002509);
#322=FACE_OUTER_BOUND('',#661,.T.);
#323=PLANE('',#662);
#324=FACE_OUTER_BOUND('',#663,.T.);
#325=PLANE('',#664);
#326=FACE_OUTER_BOUND('',#665,.T.);
#327=CYLINDRICAL_SURFACE('',#666,0.0002509);
#328=FACE_OUTER_BOUND('',#667,.T.);
#329=PLANE('',#668);
#330=FACE_OUTER_BOUND('',#669,.T.);
#331=CYLINDRICAL_SURFACE('',#670,0.0002509);
#332=FACE_OUTER_BOUND('',#671,.T.);
#333=PLANE('',#672);
#334=FACE_OUTER_BOUND('',#673,.T.);
#335=CYLINDRICAL_SURFACE('',#674,0.0002509);
#336=FACE_OUTER_BOUND('',#675,.T.);
#337=CYLINDRICAL_SURFACE('',#676,0.0002509);
#338=FACE_OUTER_BOUND('',#677,.T.);
#339=CYLINDRICAL_SURFACE('',#678,0.0002509);
#340=FACE_OUTER_BOUND('',#679,.T.);
#341=CYLINDRICAL_SURFACE('',#680,0.0002509);
#342=FACE_OUTER_BOUND('',#681,.T.);
#343=CYLINDRICAL_SURFACE('',#682,0.0002509);
#344=FACE_OUTER_BOUND('',#683,.T.);
#345=CYLINDRICAL_SURFACE('',#684,0.0002509);
#346=FACE_OUTER_BOUND('',#685,.T.);
#347=CYLINDRICAL_SURFACE('',#686,0.0002509);
#348=FACE_OUTER_BOUND('',#687,.T.);
#349=CYLINDRICAL_SURFACE('',#688,0.0002509);
#350=FACE_OUTER_BOUND('',#689,.T.);
#351=PLANE('',#690);
#352=FACE_OUTER_BOUND('',#691,.T.);
#353=PLANE('',#692);
#354=FACE_OUTER_BOUND('',#693,.T.);
#355=FACE_BOUND('',#694,.T.);
#356=PLANE('',#695);
#357=FACE_OUTER_BOUND('',#696,.T.);
#358=PLANE('',#697);
#359=FACE_OUTER_BOUND('',#698,.T.);
#360=PLANE('',#699);
#361=FACE_OUTER_BOUND('',#700,.T.);
#362=CYLINDRICAL_SURFACE('',#701,0.0002509);
#363=FACE_OUTER_BOUND('',#702,.T.);
#364=CYLINDRICAL_SURFACE('',#703,0.0002509);
#365=FACE_OUTER_BOUND('',#704,.T.);
#366=CYLINDRICAL_SURFACE('',#705,0.0002509);
#367=FACE_OUTER_BOUND('',#706,.T.);
#368=CYLINDRICAL_SURFACE('',#707,0.0002509);
#369=FACE_OUTER_BOUND('',#708,.T.);
#370=CYLINDRICAL_SURFACE('',#709,0.0002509);
#371=FACE_OUTER_BOUND('',#710,.T.);
#372=CYLINDRICAL_SURFACE('',#711,0.0002509);
#373=FACE_OUTER_BOUND('',#712,.T.);
#374=CYLINDRICAL_SURFACE('',#713,0.0002509);
#375=FACE_OUTER_BOUND('',#714,.T.);
#376=FACE_BOUND('',#715,.T.);
#377=PLANE('',#716);
#378=FACE_OUTER_BOUND('',#717,.T.);
#379=PLANE('',#718);
#380=FACE_OUTER_BOUND('',#719,.T.);
#381=PLANE('',#720);
#382=FACE_OUTER_BOUND('',#721,.T.);
#383=CYLINDRICAL_SURFACE('',#722,0.0002509);
#384=FACE_OUTER_BOUND('',#723,.T.);
#385=PLANE('',#724);
#386=FACE_OUTER_BOUND('',#725,.T.);
#387=CYLINDRICAL_SURFACE('',#726,0.0002509);
#388=FACE_OUTER_BOUND('',#727,.T.);
#389=CYLINDRICAL_SURFACE('',#728,0.0002509);
#390=FACE_OUTER_BOUND('',#729,.T.);
#391=CYLINDRICAL_SURFACE('',#730,0.0002509);
#392=FACE_OUTER_BOUND('',#731,.T.);
#393=CYLINDRICAL_SURFACE('',#732,0.0002509);
#394=FACE_OUTER_BOUND('',#733,.T.);
#395=CYLINDRICAL_SURFACE('',#734,0.0002509);
#396=FACE_OUTER_BOUND('',#735,.T.);
#397=CYLINDRICAL_SURFACE('',#736,0.0002509);
#398=FACE_OUTER_BOUND('',#737,.T.);
#399=CYLINDRICAL_SURFACE('',#738,0.0002509);
#400=FACE_OUTER_BOUND('',#739,.T.);
#401=CYLINDRICAL_SURFACE('',#740,0.0002509);
#402=FACE_OUTER_BOUND('',#741,.T.);
#403=PLANE('',#742);
#404=FACE_OUTER_BOUND('',#743,.T.);
#405=FACE_BOUND('',#744,.T.);
#406=PLANE('',#745);
#407=FACE_OUTER_BOUND('',#746,.T.);
#408=CYLINDRICAL_SURFACE('',#747,0.0002509);
#409=FACE_OUTER_BOUND('',#748,.T.);
#410=CYLINDRICAL_SURFACE('',#749,0.0002509);
#411=FACE_OUTER_BOUND('',#750,.T.);
#412=CYLINDRICAL_SURFACE('',#751,0.0002509);
#413=FACE_OUTER_BOUND('',#752,.T.);
#414=CYLINDRICAL_SURFACE('',#753,0.0002509);
#415=FACE_OUTER_BOUND('',#754,.T.);
#416=CYLINDRICAL_SURFACE('',#755,0.0002509);
#417=FACE_OUTER_BOUND('',#756,.T.);
#418=CYLINDRICAL_SURFACE('',#757,0.0002509);
#419=FACE_OUTER_BOUND('',#758,.T.);
#420=CYLINDRICAL_SURFACE('',#759,0.0002509);
#421=FACE_OUTER_BOUND('',#760,.T.);
#422=CYLINDRICAL_SURFACE('',#761,0.0002509);
#423=FACE_OUTER_BOUND('',#762,.T.);
#424=FACE_BOUND('',#763,.T.);
#425=PLANE('',#764);
#426=FACE_OUTER_BOUND('',#765,.T.);
#427=CYLINDRICAL_SURFACE('',#766,0.0002509);
#428=FACE_OUTER_BOUND('',#767,.T.);
#429=CYLINDRICAL_SURFACE('',#768,0.0002509);
#430=FACE_OUTER_BOUND('',#769,.T.);
#431=CYLINDRICAL_SURFACE('',#770,0.0002509);
#432=FACE_OUTER_BOUND('',#771,.T.);
#433=CYLINDRICAL_SURFACE('',#772,0.0002509);
#434=FACE_OUTER_BOUND('',#773,.T.);
#435=CYLINDRICAL_SURFACE('',#774,0.0002509);
#436=FACE_OUTER_BOUND('',#775,.T.);
#437=CYLINDRICAL_SURFACE('',#776,0.0002509);
#438=FACE_OUTER_BOUND('',#777,.T.);
#439=CYLINDRICAL_SURFACE('',#778,0.0002509);
#440=FACE_OUTER_BOUND('',#779,.T.);
#441=CYLINDRICAL_SURFACE('',#780,0.0002509);
#442=FACE_OUTER_BOUND('',#781,.T.);
#443=CYLINDRICAL_SURFACE('',#782,0.0002509);
#444=FACE_OUTER_BOUND('',#783,.T.);
#445=CYLINDRICAL_SURFACE('',#784,0.0002509);
#446=FACE_OUTER_BOUND('',#785,.T.);
#447=CYLINDRICAL_SURFACE('',#786,0.0002509);
#448=FACE_OUTER_BOUND('',#787,.T.);
#449=CYLINDRICAL_SURFACE('',#788,0.0002509);
#450=FACE_OUTER_BOUND('',#789,.T.);
#451=CYLINDRICAL_SURFACE('',#790,0.0002509);
#452=FACE_OUTER_BOUND('',#791,.T.);
#453=CYLINDRICAL_SURFACE('',#792,0.0002509);
#454=FACE_OUTER_BOUND('',#793,.T.);
#455=CYLINDRICAL_SURFACE('',#794,0.0002509);
#456=FACE_OUTER_BOUND('',#795,.T.);
#457=CYLINDRICAL_SURFACE('',#796,0.0002509);
#458=FACE_OUTER_BOUND('',#797,.T.);
#459=CYLINDRICAL_SURFACE('',#798,0.0002509);
#460=FACE_OUTER_BOUND('',#799,.T.);
#461=CYLINDRICAL_SURFACE('',#800,0.0002509);
#462=FACE_OUTER_BOUND('',#801,.T.);
#463=CYLINDRICAL_SURFACE('',#802,0.0002509);
#464=FACE_OUTER_BOUND('',#803,.T.);
#465=CYLINDRICAL_SURFACE('',#804,0.0002509);
#466=FACE_OUTER_BOUND('',#805,.T.);
#467=CYLINDRICAL_SURFACE('',#806,0.0002509);
#468=FACE_OUTER_BOUND('',#807,.T.);
#469=CYLINDRICAL_SURFACE('',#808,0.0002509);
#470=FACE_OUTER_BOUND('',#809,.T.);
#471=CYLINDRICAL_SURFACE('',#810,0.0002509);
#472=FACE_OUTER_BOUND('',#811,.T.);
#473=CYLINDRICAL_SURFACE('',#812,0.0002509);
#474=FACE_OUTER_BOUND('',#813,.T.);
#475=CYLINDRICAL_SURFACE('',#814,0.0002509);
#476=FACE_OUTER_BOUND('',#815,.T.);
#477=CYLINDRICAL_SURFACE('',#816,0.0002509);
#478=FACE_OUTER_BOUND('',#817,.T.);
#479=CYLINDRICAL_SURFACE('',#818,0.0002509);
#480=FACE_OUTER_BOUND('',#819,.T.);
#481=CYLINDRICAL_SURFACE('',#820,0.0002509);
#482=FACE_OUTER_BOUND('',#821,.T.);
#483=CYLINDRICAL_SURFACE('',#822,0.0002509);
#484=FACE_OUTER_BOUND('',#823,.T.);
#485=CYLINDRICAL_SURFACE('',#824,0.0002509);
#486=FACE_OUTER_BOUND('',#825,.T.);
#487=CYLINDRICAL_SURFACE('',#826,0.0002509);
#488=FACE_OUTER_BOUND('',#827,.T.);
#489=CYLINDRICAL_SURFACE('',#828,0.0002509);
#490=FACE_OUTER_BOUND('',#829,.T.);
#491=CYLINDRICAL_SURFACE('',#830,0.0002509);
#492=FACE_OUTER_BOUND('',#831,.T.);
#493=CYLINDRICAL_SURFACE('',#832,0.0002509);
#494=FACE_OUTER_BOUND('',#833,.T.);
#495=CYLINDRICAL_SURFACE('',#834,0.0002509);
#496=FACE_OUTER_BOUND('',#835,.T.);
#497=CYLINDRICAL_SURFACE('',#836,0.0002509);
#498=FACE_OUTER_BOUND('',#837,.T.);
#499=CYLINDRICAL_SURFACE('',#838,0.0002509);
#500=FACE_OUTER_BOUND('',#839,.T.);
#501=CYLINDRICAL_SURFACE('',#840,0.0002509);
#502=FACE_OUTER_BOUND('',#841,.T.);
#503=CYLINDRICAL_SURFACE('',#842,0.0002509);
#504=FACE_OUTER_BOUND('',#843,.T.);
#505=CYLINDRICAL_SURFACE('',#844,0.0002509);
#506=FACE_OUTER_BOUND('',#845,.T.);
#507=CYLINDRICAL_SURFACE('',#846,0.0002509);
#508=FACE_OUTER_BOUND('',#847,.T.);
#509=CYLINDRICAL_SURFACE('',#848,0.0002509);
#510=FACE_OUTER_BOUND('',#849,.T.);
#511=CYLINDRICAL_SURFACE('',#850,0.0002509);
#512=FACE_OUTER_BOUND('',#851,.T.);
#513=CYLINDRICAL_SURFACE('',#852,0.0002509);
#514=FACE_OUTER_BOUND('',#853,.T.);
#515=CYLINDRICAL_SURFACE('',#854,0.0002509);
#516=FACE_OUTER_BOUND('',#855,.T.);
#517=CYLINDRICAL_SURFACE('',#856,0.0002509);
#518=FACE_OUTER_BOUND('',#857,.T.);
#519=CYLINDRICAL_SURFACE('',#858,0.0002509);
#520=FACE_OUTER_BOUND('',#859,.T.);
#521=CYLINDRICAL_SURFACE('',#860,0.0002509);
#522=FACE_OUTER_BOUND('',#861,.T.);
#523=FACE_BOUND('',#862,.T.);
#524=PLANE('',#863);
#525=FACE_OUTER_BOUND('',#864,.T.);
#526=PLANE('',#865);
#527=FACE_OUTER_BOUND('',#866,.T.);
#528=PLANE('',#867);
#529=FACE_OUTER_BOUND('',#868,.T.);
#530=PLANE('',#869);
#531=FACE_OUTER_BOUND('',#870,.T.);
#532=PLANE('',#871);
#533=FACE_OUTER_BOUND('',#872,.T.);
#534=PLANE('',#873);
#535=FACE_OUTER_BOUND('',#874,.T.);
#536=PLANE('',#875);
#537=FACE_OUTER_BOUND('',#876,.T.);
#538=CYLINDRICAL_SURFACE('',#877,0.0002509);
#539=FACE_OUTER_BOUND('',#878,.T.);
#540=CYLINDRICAL_SURFACE('',#879,0.0002509);
#541=FACE_OUTER_BOUND('',#880,.T.);
#542=CYLINDRICAL_SURFACE('',#881,0.0002509);
#543=FACE_OUTER_BOUND('',#882,.T.);
#544=CYLINDRICAL_SURFACE('',#883,0.0002509);
#545=FACE_OUTER_BOUND('',#884,.T.);
#546=CYLINDRICAL_SURFACE('',#885,0.0002509);
#547=FACE_OUTER_BOUND('',#886,.T.);
#548=CYLINDRICAL_SURFACE('',#887,0.0002509);
#549=FACE_OUTER_BOUND('',#888,.T.);
#550=CYLINDRICAL_SURFACE('',#889,0.0002509);
#551=FACE_OUTER_BOUND('',#890,.T.);
#552=CYLINDRICAL_SURFACE('',#891,0.0002509);
#553=FACE_OUTER_BOUND('',#892,.T.);
#554=PLANE('',#893);
#555=FACE_OUTER_BOUND('',#894,.T.);
#556=CYLINDRICAL_SURFACE('',#895,0.0002509);
#557=FILL_AREA_STYLE('',(#896));
#558=EDGE_LOOP('',(#897,#898,#899,#900,#901,#902,#903,#904,#905));
#559=AXIS2_PLACEMENT_3D('',#906,#907,#908);
#560=EDGE_LOOP('',(#909,#910,#911,#912,#913,#914));
#561=AXIS2_PLACEMENT_3D('',#915,#916,#917);
#562=EDGE_LOOP('',(#918,#919,#920,#921,#922,#923));
#563=AXIS2_PLACEMENT_3D('',#924,#925,#926);
#564=EDGE_LOOP('',(#927,#928,#929,#930,#931,#932));
#565=AXIS2_PLACEMENT_3D('',#933,#934,#935);
#566=EDGE_LOOP('',(#936,#937,#938,#939,#940,#941,#942,#943,#944));
#567=AXIS2_PLACEMENT_3D('',#945,#946,#947);
#568=EDGE_LOOP('',(#948,#949,#950,#951,#952,#953,#954,#955,#956));
#569=AXIS2_PLACEMENT_3D('',#957,#958,#959);
#570=EDGE_LOOP('',(#960,#961,#962,#963,#964,#965,#966,#967));
#571=AXIS2_PLACEMENT_3D('',#968,#969,#970);
#572=EDGE_LOOP('',(#971,#972,#973,#974,#975,#976,#977));
#573=AXIS2_PLACEMENT_3D('',#978,#979,#980);
#574=EDGE_LOOP('',(#981,#982,#983,#984,#985,#986,#987));
#575=AXIS2_PLACEMENT_3D('',#988,#989,#990);
#576=EDGE_LOOP('',(#991,#992,#993,#994,#995,#996));
#577=AXIS2_PLACEMENT_3D('',#997,#998,#999);
#578=EDGE_LOOP('',(#1000,#1001,#1002,#1003,#1004,#1005));
#579=AXIS2_PLACEMENT_3D('',#1006,#1007,#1008);
#580=EDGE_LOOP('',(#1009,#1010,#1011,#1012,#1013,#1014,#1015,#1016,#1017));
#581=AXIS2_PLACEMENT_3D('',#1018,#1019,#1020);
#582=EDGE_LOOP('',(#1021,#1022,#1023,#1024,#1025,#1026,#1027));
#583=AXIS2_PLACEMENT_3D('',#1028,#1029,#1030);
#584=EDGE_LOOP('',(#1031,#1032,#1033,#1034,#1035,#1036,#1037));
#585=AXIS2_PLACEMENT_3D('',#1038,#1039,#1040);
#586=EDGE_LOOP('',(#1041,#1042,#1043,#1044,#1045,#1046));
#587=AXIS2_PLACEMENT_3D('',#1047,#1048,#1049);
#588=EDGE_LOOP('',(#1050,#1051,#1052,#1053,#1054,#1055,#1056));
#589=AXIS2_PLACEMENT_3D('',#1057,#1058,#1059);
#590=EDGE_LOOP('',(#1060,#1061,#1062,#1063,#1064,#1065));
#591=AXIS2_PLACEMENT_3D('',#1066,#1067,#1068);
#592=EDGE_LOOP('',(#1069,#1070,#1071,#1072,#1073,#1074,#1075,#1076));
#593=AXIS2_PLACEMENT_3D('',#1077,#1078,#1079);
#594=EDGE_LOOP('',(#1080,#1081,#1082,#1083,#1084,#1085));
#595=AXIS2_PLACEMENT_3D('',#1086,#1087,#1088);
#596=EDGE_LOOP('',(#1089,#1090,#1091,#1092,#1093,#1094,#1095,#1096));
#597=AXIS2_PLACEMENT_3D('',#1097,#1098,#1099);
#598=EDGE_LOOP('',(#1100,#1101,#1102,#1103,#1104,#1105,#1106,#1107));
#599=AXIS2_PLACEMENT_3D('',#1108,#1109,#1110);
#600=EDGE_LOOP('',(#1111,#1112,#1113,#1114,#1115,#1116));
#601=AXIS2_PLACEMENT_3D('',#1117,#1118,#1119);
#602=EDGE_LOOP('',(#1120,#1121,#1122,#1123,#1124,#1125,#1126,#1127));
#603=AXIS2_PLACEMENT_3D('',#1128,#1129,#1130);
#604=EDGE_LOOP('',(#1131,#1132,#1133,#1134,#1135,#1136,#1137,#1138));
#605=AXIS2_PLACEMENT_3D('',#1139,#1140,#1141);
#606=EDGE_LOOP('',(#1142,#1143,#1144,#1145,#1146,#1147,#1148,#1149,#1150));
#607=AXIS2_PLACEMENT_3D('',#1151,#1152,#1153);
#608=EDGE_LOOP('',(#1154,#1155,#1156,#1157,#1158,#1159,#1160,#1161,#1162));
#609=AXIS2_PLACEMENT_3D('',#1163,#1164,#1165);
#610=EDGE_LOOP('',(#1166,#1167,#1168,#1169,#1170,#1171,#1172));
#611=AXIS2_PLACEMENT_3D('',#1173,#1174,#1175);
#612=EDGE_LOOP('',(#1176,#1177,#1178,#1179,#1180,#1181));
#613=AXIS2_PLACEMENT_3D('',#1182,#1183,#1184);
#614=EDGE_LOOP('',(#1185,#1186,#1187,#1188,#1189,#1190,#1191,#1192));
#615=AXIS2_PLACEMENT_3D('',#1193,#1194,#1195);
#616=EDGE_LOOP('',(#1196,#1197,#1198,#1199,#1200,#1201,#1202));
#617=AXIS2_PLACEMENT_3D('',#1203,#1204,#1205);
#618=EDGE_LOOP('',(#1206,#1207,#1208,#1209,#1210,#1211));
#619=AXIS2_PLACEMENT_3D('',#1212,#1213,#1214);
#620=EDGE_LOOP('',(#1215,#1216,#1217,#1218,#1219,#1220,#1221,#1222));
#621=AXIS2_PLACEMENT_3D('',#1223,#1224,#1225);
#622=EDGE_LOOP('',(#1226,#1227,#1228,#1229,#1230,#1231));
#623=AXIS2_PLACEMENT_3D('',#1232,#1233,#1234);
#624=EDGE_LOOP('',(#1235,#1236,#1237,#1238,#1239,#1240,#1241,#1242,#1243));
#625=AXIS2_PLACEMENT_3D('',#1244,#1245,#1246);
#626=EDGE_LOOP('',(#1247,#1248,#1249,#1250,#1251,#1252,#1253));
#627=AXIS2_PLACEMENT_3D('',#1254,#1255,#1256);
#628=EDGE_LOOP('',(#1257,#1258,#1259,#1260,#1261,#1262));
#629=AXIS2_PLACEMENT_3D('',#1263,#1264,#1265);
#630=EDGE_LOOP('',(#1266,#1267,#1268,#1269,#1270,#1271,#1272,#1273));
#631=AXIS2_PLACEMENT_3D('',#1274,#1275,#1276);
#632=EDGE_LOOP('',(#1277,#1278,#1279,#1280,#1281,#1282));
#633=AXIS2_PLACEMENT_3D('',#1283,#1284,#1285);
#634=EDGE_LOOP('',(#1286,#1287,#1288,#1289,#1290,#1291));
#635=AXIS2_PLACEMENT_3D('',#1292,#1293,#1294);
#636=EDGE_LOOP('',(#1295,#1296,#1297,#1298,#1299,#1300,#1301,#1302,#1303));
#637=AXIS2_PLACEMENT_3D('',#1304,#1305,#1306);
#638=EDGE_LOOP('',(#1307,#1308,#1309,#1310,#1311,#1312));
#639=AXIS2_PLACEMENT_3D('',#1313,#1314,#1315);
#640=EDGE_LOOP('',(#1316,#1317,#1318,#1319,#1320,#1321,#1322,#1323));
#641=AXIS2_PLACEMENT_3D('',#1324,#1325,#1326);
#642=EDGE_LOOP('',(#1327,#1328,#1329,#1330,#1331,#1332,#1333,#1334));
#643=AXIS2_PLACEMENT_3D('',#1335,#1336,#1337);
#644=EDGE_LOOP('',(#1338,#1339,#1340,#1341,#1342,#1343,#1344,#1345));
#645=AXIS2_PLACEMENT_3D('',#1346,#1347,#1348);
#646=EDGE_LOOP('',(#1349,#1350,#1351,#1352,#1353,#1354,#1355,#1356,#1357,#1358,#1359,#1360,#1361,#1362,#1363,#1364,#1365,#1366,#1367,#1368,#1369,#1370,#1371,#1372));
#647=EDGE_LOOP('',(#1373,#1374,#1375,#1376,#1377,#1378,#1379,#1380));
#648=AXIS2_PLACEMENT_3D('',#1381,#1382,#1383);
#649=EDGE_LOOP('',(#1384,#1385,#1386));
#650=AXIS2_PLACEMENT_3D('',#1387,#1388,#1389);
#651=EDGE_LOOP('',(#1390,#1391,#1392));
#652=AXIS2_PLACEMENT_3D('',#1393,#1394,#1395);
#653=EDGE_LOOP('',(#1396,#1397,#1398));
#654=AXIS2_PLACEMENT_3D('',#1399,#1400,#1401);
#655=EDGE_LOOP('',(#1402,#1403,#1404));
#656=AXIS2_PLACEMENT_3D('',#1405,#1406,#1407);
#657=EDGE_LOOP('',(#1408,#1409,#1410,#1411));
#658=AXIS2_PLACEMENT_3D('',#1412,#1413,#1414);
#659=EDGE_LOOP('',(#1415,#1416,#1417,#1418,#1419,#1420,#1421,#1422,#1423));
#660=AXIS2_PLACEMENT_3D('',#1424,#1425,#1426);
#661=EDGE_LOOP('',(#1427,#1428,#1429,#1430));
#662=AXIS2_PLACEMENT_3D('',#1431,#1432,#1433);
#663=EDGE_LOOP('',(#1434,#1435,#1436,#1437));
#664=AXIS2_PLACEMENT_3D('',#1438,#1439,#1440);
#665=EDGE_LOOP('',(#1441,#1442,#1443,#1444,#1445,#1446,#1447,#1448,#1449));
#666=AXIS2_PLACEMENT_3D('',#1450,#1451,#1452);
#667=EDGE_LOOP('',(#1453,#1454,#1455,#1456));
#668=AXIS2_PLACEMENT_3D('',#1457,#1458,#1459);
#669=EDGE_LOOP('',(#1460,#1461,#1462,#1463,#1464,#1465,#1466,#1467,#1468));
#670=AXIS2_PLACEMENT_3D('',#1469,#1470,#1471);
#671=EDGE_LOOP('',(#1472,#1473,#1474,#1475));
#672=AXIS2_PLACEMENT_3D('',#1476,#1477,#1478);
#673=EDGE_LOOP('',(#1479,#1480,#1481,#1482,#1483,#1484,#1485));
#674=AXIS2_PLACEMENT_3D('',#1486,#1487,#1488);
#675=EDGE_LOOP('',(#1489,#1490,#1491,#1492,#1493,#1494));
#676=AXIS2_PLACEMENT_3D('',#1495,#1496,#1497);
#677=EDGE_LOOP('',(#1498,#1499,#1500,#1501,#1502,#1503,#1504));
#678=AXIS2_PLACEMENT_3D('',#1505,#1506,#1507);
#679=EDGE_LOOP('',(#1508,#1509,#1510,#1511,#1512,#1513));
#680=AXIS2_PLACEMENT_3D('',#1514,#1515,#1516);
#681=EDGE_LOOP('',(#1517,#1518,#1519,#1520,#1521,#1522));
#682=AXIS2_PLACEMENT_3D('',#1523,#1524,#1525);
#683=EDGE_LOOP('',(#1526,#1527,#1528,#1529,#1530,#1531));
#684=AXIS2_PLACEMENT_3D('',#1532,#1533,#1534);
#685=EDGE_LOOP('',(#1535,#1536,#1537,#1538,#1539,#1540));
#686=AXIS2_PLACEMENT_3D('',#1541,#1542,#1543);
#687=EDGE_LOOP('',(#1544,#1545,#1546,#1547,#1548,#1549,#1550,#1551,#1552));
#688=AXIS2_PLACEMENT_3D('',#1553,#1554,#1555);
#689=EDGE_LOOP('',(#1556,#1557,#1558));
#690=AXIS2_PLACEMENT_3D('',#1559,#1560,#1561);
#691=EDGE_LOOP('',(#1562,#1563,#1564));
#692=AXIS2_PLACEMENT_3D('',#1565,#1566,#1567);
#693=EDGE_LOOP('',(#1568,#1569,#1570,#1571,#1572,#1573,#1574,#1575,#1576,#1577,#1578,#1579,#1580,#1581,#1582,#1583,#1584,#1585,#1586,#1587,#1588,#1589,#1590,#1591));
#694=EDGE_LOOP('',(#1592,#1593,#1594,#1595,#1596,#1597,#1598,#1599));
#695=AXIS2_PLACEMENT_3D('',#1600,#1601,#1602);
#696=EDGE_LOOP('',(#1603,#1604,#1605));
#697=AXIS2_PLACEMENT_3D('',#1606,#1607,#1608);
#698=EDGE_LOOP('',(#1609,#1610,#1611));
#699=AXIS2_PLACEMENT_3D('',#1612,#1613,#1614);
#700=EDGE_LOOP('',(#1615,#1616,#1617,#1618,#1619,#1620,#1621));
#701=AXIS2_PLACEMENT_3D('',#1622,#1623,#1624);
#702=EDGE_LOOP('',(#1625,#1626,#1627,#1628,#1629,#1630));
#703=AXIS2_PLACEMENT_3D('',#1631,#1632,#1633);
#704=EDGE_LOOP('',(#1634,#1635,#1636,#1637,#1638,#1639));
#705=AXIS2_PLACEMENT_3D('',#1640,#1641,#1642);
#706=EDGE_LOOP('',(#1643,#1644,#1645,#1646,#1647,#1648,#1649));
#707=AXIS2_PLACEMENT_3D('',#1650,#1651,#1652);
#708=EDGE_LOOP('',(#1653,#1654,#1655,#1656,#1657,#1658));
#709=AXIS2_PLACEMENT_3D('',#1659,#1660,#1661);
#710=EDGE_LOOP('',(#1662,#1663,#1664,#1665,#1666,#1667,#1668,#1669));
#711=AXIS2_PLACEMENT_3D('',#1670,#1671,#1672);
#712=EDGE_LOOP('',(#1673,#1674,#1675,#1676,#1677,#1678,#1679));
#713=AXIS2_PLACEMENT_3D('',#1680,#1681,#1682);
#714=EDGE_LOOP('',(#1683,#1684,#1685,#1686,#1687,#1688,#1689,#1690,#1691,#1692,#1693,#1694,#1695,#1696,#1697,#1698,#1699,#1700,#1701,#1702,#1703,#1704,#1705,#1706));
#715=EDGE_LOOP('',(#1707,#1708,#1709,#1710,#1711,#1712,#1713,#1714));
#716=AXIS2_PLACEMENT_3D('',#1715,#1716,#1717);
#717=EDGE_LOOP('',(#1718,#1719,#1720,#1721));
#718=AXIS2_PLACEMENT_3D('',#1722,#1723,#1724);
#719=EDGE_LOOP('',(#1725,#1726,#1727,#1728));
#720=AXIS2_PLACEMENT_3D('',#1729,#1730,#1731);
#721=EDGE_LOOP('',(#1732,#1733,#1734,#1735,#1736,#1737,#1738,#1739));
#722=AXIS2_PLACEMENT_3D('',#1740,#1741,#1742);
#723=EDGE_LOOP('',(#1743,#1744,#1745,#1746));
#724=AXIS2_PLACEMENT_3D('',#1747,#1748,#1749);
#725=EDGE_LOOP('',(#1750,#1751,#1752,#1753,#1754,#1755));
#726=AXIS2_PLACEMENT_3D('',#1756,#1757,#1758);
#727=EDGE_LOOP('',(#1759,#1760,#1761,#1762,#1763,#1764,#1765));
#728=AXIS2_PLACEMENT_3D('',#1766,#1767,#1768);
#729=EDGE_LOOP('',(#1769,#1770,#1771,#1772,#1773,#1774,#1775));
#730=AXIS2_PLACEMENT_3D('',#1776,#1777,#1778);
#731=EDGE_LOOP('',(#1779,#1780,#1781,#1782,#1783,#1784,#1785));
#732=AXIS2_PLACEMENT_3D('',#1786,#1787,#1788);
#733=EDGE_LOOP('',(#1789,#1790,#1791,#1792,#1793,#1794));
#734=AXIS2_PLACEMENT_3D('',#1795,#1796,#1797);
#735=EDGE_LOOP('',(#1798,#1799,#1800,#1801,#1802,#1803));
#736=AXIS2_PLACEMENT_3D('',#1804,#1805,#1806);
#737=EDGE_LOOP('',(#1807,#1808,#1809,#1810,#1811,#1812));
#738=AXIS2_PLACEMENT_3D('',#1813,#1814,#1815);
#739=EDGE_LOOP('',(#1816,#1817,#1818,#1819,#1820,#1821,#1822,#1823));
#740=AXIS2_PLACEMENT_3D('',#1824,#1825,#1826);
#741=EDGE_LOOP('',(#1827,#1828,#1829,#1830));
#742=AXIS2_PLACEMENT_3D('',#1831,#1832,#1833);
#743=EDGE_LOOP('',(#1834,#1835,#1836,#1837,#1838,#1839,#1840,#1841,#1842,#1843,#1844,#1845,#1846,#1847,#1848,#1849,#1850,#1851,#1852,#1853,#1854,#1855,#1856,#1857));
#744=EDGE_LOOP('',(#1858,#1859,#1860,#1861,#1862,#1863,#1864,#1865));
#745=AXIS2_PLACEMENT_3D('',#1866,#1867,#1868);
#746=EDGE_LOOP('',(#1869,#1870,#1871,#1872,#1873,#1874,#1875));
#747=AXIS2_PLACEMENT_3D('',#1876,#1877,#1878);
#748=EDGE_LOOP('',(#1879,#1880,#1881,#1882,#1883,#1884,#1885));
#749=AXIS2_PLACEMENT_3D('',#1886,#1887,#1888);
#750=EDGE_LOOP('',(#1889,#1890,#1891,#1892,#1893,#1894,#1895));
#751=AXIS2_PLACEMENT_3D('',#1896,#1897,#1898);
#752=EDGE_LOOP('',(#1899,#1900,#1901,#1902,#1903,#1904));
#753=AXIS2_PLACEMENT_3D('',#1905,#1906,#1907);
#754=EDGE_LOOP('',(#1908,#1909,#1910,#1911,#1912,#1913));
#755=AXIS2_PLACEMENT_3D('',#1914,#1915,#1916);
#756=EDGE_LOOP('',(#1917,#1918,#1919,#1920,#1921,#1922));
#757=AXIS2_PLACEMENT_3D('',#1923,#1924,#1925);
#758=EDGE_LOOP('',(#1926,#1927,#1928,#1929,#1930,#1931,#1932,#1933));
#759=AXIS2_PLACEMENT_3D('',#1934,#1935,#1936);
#760=EDGE_LOOP('',(#1937,#1938,#1939,#1940,#1941,#1942,#1943,#1944));
#761=AXIS2_PLACEMENT_3D('',#1945,#1946,#1947);
#762=EDGE_LOOP('',(#1948,#1949,#1950,#1951,#1952,#1953,#1954,#1955,#1956,#1957,#1958,#1959,#1960,#1961,#1962,#1963,#1964,#1965,#1966,#1967,#1968,#1969,#1970,#1971));
#763=EDGE_LOOP('',(#1972,#1973,#1974,#1975,#1976,#1977,#1978,#1979));
#764=AXIS2_PLACEMENT_3D('',#1980,#1981,#1982);
#765=EDGE_LOOP('',(#1983,#1984,#1985,#1986,#1987,#1988));
#766=AXIS2_PLACEMENT_3D('',#1989,#1990,#1991);
#767=EDGE_LOOP('',(#1992,#1993,#1994,#1995,#1996,#1997));
#768=AXIS2_PLACEMENT_3D('',#1998,#1999,#2000);
#769=EDGE_LOOP('',(#2001,#2002,#2003,#2004,#2005,#2006,#2007));
#770=AXIS2_PLACEMENT_3D('',#2008,#2009,#2010);
#771=EDGE_LOOP('',(#2011,#2012,#2013,#2014,#2015,#2016,#2017));
#772=AXIS2_PLACEMENT_3D('',#2018,#2019,#2020);
#773=EDGE_LOOP('',(#2021,#2022,#2023,#2024,#2025,#2026));
#774=AXIS2_PLACEMENT_3D('',#2027,#2028,#2029);
#775=EDGE_LOOP('',(#2030,#2031,#2032,#2033,#2034,#2035,#2036));
#776=AXIS2_PLACEMENT_3D('',#2037,#2038,#2039);
#777=EDGE_LOOP('',(#2040,#2041,#2042,#2043,#2044,#2045,#2046));
#778=AXIS2_PLACEMENT_3D('',#2047,#2048,#2049);
#779=EDGE_LOOP('',(#2050,#2051,#2052,#2053,#2054,#2055,#2056,#2057,#2058));
#780=AXIS2_PLACEMENT_3D('',#2059,#2060,#2061);
#781=EDGE_LOOP('',(#2062,#2063,#2064,#2065,#2066,#2067,#2068));
#782=AXIS2_PLACEMENT_3D('',#2069,#2070,#2071);
#783=EDGE_LOOP('',(#2072,#2073,#2074,#2075,#2076,#2077,#2078));
#784=AXIS2_PLACEMENT_3D('',#2079,#2080,#2081);
#785=EDGE_LOOP('',(#2082,#2083,#2084,#2085,#2086,#2087,#2088));
#786=AXIS2_PLACEMENT_3D('',#2089,#2090,#2091);
#787=EDGE_LOOP('',(#2092,#2093,#2094,#2095,#2096,#2097,#2098));
#788=AXIS2_PLACEMENT_3D('',#2099,#2100,#2101);
#789=EDGE_LOOP('',(#2102,#2103,#2104,#2105,#2106,#2107));
#790=AXIS2_PLACEMENT_3D('',#2108,#2109,#2110);
#791=EDGE_LOOP('',(#2111,#2112,#2113,#2114,#2115,#2116,#2117));
#792=AXIS2_PLACEMENT_3D('',#2118,#2119,#2120);
#793=EDGE_LOOP('',(#2121,#2122,#2123,#2124,#2125,#2126,#2127));
#794=AXIS2_PLACEMENT_3D('',#2128,#2129,#2130);
#795=EDGE_LOOP('',(#2131,#2132,#2133,#2134,#2135,#2136,#2137));
#796=AXIS2_PLACEMENT_3D('',#2138,#2139,#2140);
#797=EDGE_LOOP('',(#2141,#2142,#2143,#2144,#2145,#2146));
#798=AXIS2_PLACEMENT_3D('',#2147,#2148,#2149);
#799=EDGE_LOOP('',(#2150,#2151,#2152,#2153,#2154,#2155));
#800=AXIS2_PLACEMENT_3D('',#2156,#2157,#2158);
#801=EDGE_LOOP('',(#2159,#2160,#2161,#2162,#2163,#2164));
#802=AXIS2_PLACEMENT_3D('',#2165,#2166,#2167);
#803=EDGE_LOOP('',(#2168,#2169,#2170,#2171,#2172,#2173));
#804=AXIS2_PLACEMENT_3D('',#2174,#2175,#2176);
#805=EDGE_LOOP('',(#2177,#2178,#2179,#2180,#2181,#2182));
#806=AXIS2_PLACEMENT_3D('',#2183,#2184,#2185);
#807=EDGE_LOOP('',(#2186,#2187,#2188,#2189,#2190,#2191));
#808=AXIS2_PLACEMENT_3D('',#2192,#2193,#2194);
#809=EDGE_LOOP('',(#2195,#2196,#2197,#2198,#2199,#2200));
#810=AXIS2_PLACEMENT_3D('',#2201,#2202,#2203);
#811=EDGE_LOOP('',(#2204,#2205,#2206,#2207,#2208,#2209));
#812=AXIS2_PLACEMENT_3D('',#2210,#2211,#2212);
#813=EDGE_LOOP('',(#2213,#2214,#2215,#2216,#2217,#2218,#2219));
#814=AXIS2_PLACEMENT_3D('',#2220,#2221,#2222);
#815=EDGE_LOOP('',(#2223,#2224,#2225,#2226,#2227,#2228,#2229));
#816=AXIS2_PLACEMENT_3D('',#2230,#2231,#2232);
#817=EDGE_LOOP('',(#2233,#2234,#2235,#2236,#2237,#2238,#2239,#2240));
#818=AXIS2_PLACEMENT_3D('',#2241,#2242,#2243);
#819=EDGE_LOOP('',(#2244,#2245,#2246,#2247,#2248,#2249));
#820=AXIS2_PLACEMENT_3D('',#2250,#2251,#2252);
#821=EDGE_LOOP('',(#2253,#2254,#2255,#2256,#2257,#2258,#2259));
#822=AXIS2_PLACEMENT_3D('',#2260,#2261,#2262);
#823=EDGE_LOOP('',(#2263,#2264,#2265,#2266,#2267,#2268));
#824=AXIS2_PLACEMENT_3D('',#2269,#2270,#2271);
#825=EDGE_LOOP('',(#2272,#2273,#2274,#2275,#2276,#2277,#2278));
#826=AXIS2_PLACEMENT_3D('',#2279,#2280,#2281);
#827=EDGE_LOOP('',(#2282,#2283,#2284,#2285,#2286,#2287,#2288,#2289));
#828=AXIS2_PLACEMENT_3D('',#2290,#2291,#2292);
#829=EDGE_LOOP('',(#2293,#2294,#2295,#2296,#2297,#2298,#2299,#2300));
#830=AXIS2_PLACEMENT_3D('',#2301,#2302,#2303);
#831=EDGE_LOOP('',(#2304,#2305,#2306,#2307,#2308,#2309));
#832=AXIS2_PLACEMENT_3D('',#2310,#2311,#2312);
#833=EDGE_LOOP('',(#2313,#2314,#2315,#2316,#2317,#2318));
#834=AXIS2_PLACEMENT_3D('',#2319,#2320,#2321);
#835=EDGE_LOOP('',(#2322,#2323,#2324,#2325,#2326,#2327));
#836=AXIS2_PLACEMENT_3D('',#2328,#2329,#2330);
#837=EDGE_LOOP('',(#2331,#2332,#2333,#2334,#2335,#2336));
#838=AXIS2_PLACEMENT_3D('',#2337,#2338,#2339);
#839=EDGE_LOOP('',(#2340,#2341,#2342,#2343,#2344,#2345,#2346,#2347,#2348));
#840=AXIS2_PLACEMENT_3D('',#2349,#2350,#2351);
#841=EDGE_LOOP('',(#2352,#2353,#2354,#2355,#2356,#2357,#2358));
#842=AXIS2_PLACEMENT_3D('',#2359,#2360,#2361);
#843=EDGE_LOOP('',(#2362,#2363,#2364,#2365,#2366,#2367,#2368));
#844=AXIS2_PLACEMENT_3D('',#2369,#2370,#2371);
#845=EDGE_LOOP('',(#2372,#2373,#2374,#2375,#2376,#2377));
#846=AXIS2_PLACEMENT_3D('',#2378,#2379,#2380);
#847=EDGE_LOOP('',(#2381,#2382,#2383,#2384,#2385,#2386));
#848=AXIS2_PLACEMENT_3D('',#2387,#2388,#2389);
#849=EDGE_LOOP('',(#2390,#2391,#2392,#2393,#2394,#2395,#2396,#2397));
#850=AXIS2_PLACEMENT_3D('',#2398,#2399,#2400);
#851=EDGE_LOOP('',(#2401,#2402,#2403,#2404,#2405,#2406,#2407));
#852=AXIS2_PLACEMENT_3D('',#2408,#2409,#2410);
#853=EDGE_LOOP('',(#2411,#2412,#2413,#2414,#2415,#2416,#2417));
#854=AXIS2_PLACEMENT_3D('',#2418,#2419,#2420);
#855=EDGE_LOOP('',(#2421,#2422,#2423,#2424,#2425,#2426,#2427,#2428));
#856=AXIS2_PLACEMENT_3D('',#2429,#2430,#2431);
#857=EDGE_LOOP('',(#2432,#2433,#2434,#2435,#2436,#2437,#2438,#2439,#2440));
#858=AXIS2_PLACEMENT_3D('',#2441,#2442,#2443);
#859=EDGE_LOOP('',(#2444,#2445,#2446,#2447,#2448,#2449,#2450,#2451));
#860=AXIS2_PLACEMENT_3D('',#2452,#2453,#2454);
#861=EDGE_LOOP('',(#2455,#2456,#2457,#2458,#2459,#2460,#2461,#2462,#2463,#2464,#2465,#2466,#2467,#2468,#2469,#2470,#2471,#2472,#2473,#2474,#2475,#2476,#2477,#2478));
#862=EDGE_LOOP('',(#2479,#2480,#2481,#2482,#2483,#2484,#2485,#2486));
#863=AXIS2_PLACEMENT_3D('',#2487,#2488,#2489);
#864=EDGE_LOOP('',(#2490,#2491,#2492,#2493));
#865=AXIS2_PLACEMENT_3D('',#2494,#2495,#2496);
#866=EDGE_LOOP('',(#2497,#2498,#2499,#2500));
#867=AXIS2_PLACEMENT_3D('',#2501,#2502,#2503);
#868=EDGE_LOOP('',(#2504,#2505,#2506,#2507));
#869=AXIS2_PLACEMENT_3D('',#2508,#2509,#2510);
#870=EDGE_LOOP('',(#2511,#2512,#2513,#2514));
#871=AXIS2_PLACEMENT_3D('',#2515,#2516,#2517);
#872=EDGE_LOOP('',(#2518,#2519,#2520,#2521));
#873=AXIS2_PLACEMENT_3D('',#2522,#2523,#2524);
#874=EDGE_LOOP('',(#2525,#2526,#2527,#2528));
#875=AXIS2_PLACEMENT_3D('',#2529,#2530,#2531);
#876=EDGE_LOOP('',(#2532,#2533,#2534,#2535,#2536,#2537,#2538));
#877=AXIS2_PLACEMENT_3D('',#2539,#2540,#2541);
#878=EDGE_LOOP('',(#2542,#2543,#2544,#2545,#2546,#2547));
#879=AXIS2_PLACEMENT_3D('',#2548,#2549,#2550);
#880=EDGE_LOOP('',(#2551,#2552,#2553,#2554,#2555,#2556));
#881=AXIS2_PLACEMENT_3D('',#2557,#2558,#2559);
#882=EDGE_LOOP('',(#2560,#2561,#2562,#2563,#2564,#2565,#2566));
#883=AXIS2_PLACEMENT_3D('',#2567,#2568,#2569);
#884=EDGE_LOOP('',(#2570,#2571,#2572,#2573,#2574,#2575));
#885=AXIS2_PLACEMENT_3D('',#2576,#2577,#2578);
#886=EDGE_LOOP('',(#2579,#2580,#2581,#2582,#2583,#2584));
#887=AXIS2_PLACEMENT_3D('',#2585,#2586,#2587);
#888=EDGE_LOOP('',(#2588,#2589,#2590,#2591,#2592,#2593,#2594,#2595,#2596));
#889=AXIS2_PLACEMENT_3D('',#2597,#2598,#2599);
#890=EDGE_LOOP('',(#2600,#2601,#2602,#2603,#2604,#2605));
#891=AXIS2_PLACEMENT_3D('',#2606,#2607,#2608);
#892=EDGE_LOOP('',(#2609,#2610,#2611,#2612));
#893=AXIS2_PLACEMENT_3D('',#2613,#2614,#2615);
#894=EDGE_LOOP('',(#2616,#2617,#2618,#2619,#2620,#2621,#2622,#2623));
#895=AXIS2_PLACEMENT_3D('',#2624,#2625,#2626);
#896=FILL_AREA_STYLE_COLOUR('',#2627);
#897=ORIENTED_EDGE('',*,*,#2628,.F.);
#898=ORIENTED_EDGE('',*,*,#2629,.F.);
#899=ORIENTED_EDGE('',*,*,#2630,.T.);
#900=ORIENTED_EDGE('',*,*,#2631,.T.);
#901=ORIENTED_EDGE('',*,*,#2632,.F.);
#902=ORIENTED_EDGE('',*,*,#2633,.F.);
#903=ORIENTED_EDGE('',*,*,#2634,.F.);
#904=ORIENTED_EDGE('',*,*,#2635,.T.);
#905=ORIENTED_EDGE('',*,*,#2636,.T.);
#906=CARTESIAN_POINT('',(0.004714286,-0.004714286,0.004714286));
#907=DIRECTION('',(0.577350269189626,-0.577350269189626,0.577350269189626));
#908=DIRECTION('',(0.707106781186548,0.707106781186548,0.0));
#909=ORIENTED_EDGE('',*,*,#2637,.F.);
#910=ORIENTED_EDGE('',*,*,#2638,.F.);
#911=ORIENTED_EDGE('',*,*,#2639,.T.);
#912=ORIENTED_EDGE('',*,*,#2640,.F.);
#913=ORIENTED_EDGE('',*,*,#2641,.T.);
#914=ORIENTED_EDGE('',*,*,#2642,.T.);
#915=CARTESIAN_POINT('',(0.0,0.01,0.0032));
#916=DIRECTION('',(0.0,-0.707106781186547,0.707106781186547));
#917=DIRECTION('',(0.0,-0.707106781186548,-0.707106781186548));
#918=ORIENTED_EDGE('',*,*,#2643,.F.);
#919=ORIENTED_EDGE('',*,*,#2644,.T.);
#920=ORIENTED_EDGE('',*,*,#2645,.F.);
#921=ORIENTED_EDGE('',*,*,#2646,.F.);
#922=ORIENTED_EDGE('',*,*,#2647,.T.);
#923=ORIENTED_EDGE('',*,*,#2648,.T.);
#924=CARTESIAN_POINT('',(0.004714286,0.004714286,0.004714286));
#925=DIRECTION('',(-0.436852048771625,-0.436852048771625,0.786333628282593));
#926=DIRECTION('',(0.874157260519546,-4.48340118888294E-16,0.485642959262217));
#927=ORIENTED_EDGE('',*,*,#2649,.F.);
#928=ORIENTED_EDGE('',*,*,#2650,.T.);
#929=ORIENTED_EDGE('',*,*,#2651,.T.);
#930=ORIENTED_EDGE('',*,*,#2652,.F.);
#931=ORIENTED_EDGE('',*,*,#2653,.T.);
#932=ORIENTED_EDGE('',*,*,#2654,.F.);
#933=CARTESIAN_POINT('',(0.0032,0.0,0.01));
#934=DIRECTION('',(0.707106781186547,0.0,-0.707106781186547));
#935=DIRECTION('',(-0.707106781186548,0.0,-0.707106781186548));
#936=ORIENTED_EDGE('',*,*,#2655,.F.);
#937=ORIENTED_EDGE('',*,*,#2656,.T.);
#938=ORIENTED_EDGE('',*,*,#2657,.T.);
#939=ORIENTED_EDGE('',*,*,#2658,.T.);
#940=ORIENTED_EDGE('',*,*,#2659,.F.);
#941=ORIENTED_EDGE('',*,*,#2630,.F.);
#942=ORIENTED_EDGE('',*,*,#2660,.F.);
#943=ORIENTED_EDGE('',*,*,#2661,.F.);
#944=ORIENTED_EDGE('',*,*,#2662,.F.);
#945=CARTESIAN_POINT('',(0.001777778,-0.001777778,0.01));
#946=DIRECTION('',(0.436852048771625,-0.436852048771625,-0.786333628282593));
#947=DIRECTION('',(-0.874157260519545,-9.43873934501673E-17,-0.485642959262217));
#948=ORIENTED_EDGE('',*,*,#2663,.F.);
#949=ORIENTED_EDGE('',*,*,#2664,.T.);
#950=ORIENTED_EDGE('',*,*,#2665,.T.);
#951=ORIENTED_EDGE('',*,*,#2666,.T.);
#952=ORIENTED_EDGE('',*,*,#2667,.F.);
#953=ORIENTED_EDGE('',*,*,#2668,.F.);
#954=ORIENTED_EDGE('',*,*,#2644,.F.);
#955=ORIENTED_EDGE('',*,*,#2669,.F.);
#956=ORIENTED_EDGE('',*,*,#2670,.F.);
#957=CARTESIAN_POINT('',(0.01,0.01,0.01));
#958=DIRECTION('',(-0.577350269189626,-0.577350269189626,-0.577350269189626));
#959=DIRECTION('',(0.707106781186548,-0.707106781186548,0.0));
#960=ORIENTED_EDGE('',*,*,#2671,.F.);
#961=ORIENTED_EDGE('',*,*,#2672,.T.);
#962=ORIENTED_EDGE('',*,*,#2673,.F.);
#963=ORIENTED_EDGE('',*,*,#2674,.F.);
#964=ORIENTED_EDGE('',*,*,#2675,.T.);
#965=ORIENTED_EDGE('',*,*,#2676,.T.);
#966=ORIENTED_EDGE('',*,*,#2677,.T.);
#967=ORIENTED_EDGE('',*,*,#2678,.T.);
#968=CARTESIAN_POINT('',(-0.01,0.01,-0.01));
#969=DIRECTION('',(0.577350269189626,-0.577350269189626,0.577350269189626));
#970=DIRECTION('',(0.707106781186548,0.707106781186548,0.0));
#971=ORIENTED_EDGE('',*,*,#2679,.F.);
#972=ORIENTED_EDGE('',*,*,#2680,.T.);
#973=ORIENTED_EDGE('',*,*,#2681,.F.);
#974=ORIENTED_EDGE('',*,*,#2682,.F.);
#975=ORIENTED_EDGE('',*,*,#2645,.T.);
#976=ORIENTED_EDGE('',*,*,#2668,.T.);
#977=ORIENTED_EDGE('',*,*,#2683,.T.);
#978=CARTESIAN_POINT('',(0.001777778,0.01,0.001777778));
#979=DIRECTION('',(0.436852048771625,-0.786333628282593,0.436852048771625));
#980=DIRECTION('',(0.874157260519545,0.485642959262217,-1.42661859748841E-16));
#981=ORIENTED_EDGE('',*,*,#2684,.F.);
#982=ORIENTED_EDGE('',*,*,#2685,.T.);
#983=ORIENTED_EDGE('',*,*,#2686,.T.);
#984=ORIENTED_EDGE('',*,*,#2687,.T.);
#985=ORIENTED_EDGE('',*,*,#2688,.F.);
#986=ORIENTED_EDGE('',*,*,#2689,.F.);
#987=ORIENTED_EDGE('',*,*,#2690,.T.);
#988=CARTESIAN_POINT('',(-0.004714286,0.004714286,0.004714286));
#989=DIRECTION('',(0.436852048771625,0.786333628282593,-0.436852048771625));
#990=DIRECTION('',(-0.874157260519546,0.485642959262217,-4.57166412940445E-16));
#991=ORIENTED_EDGE('',*,*,#2691,.F.);
#992=ORIENTED_EDGE('',*,*,#2687,.F.);
#993=ORIENTED_EDGE('',*,*,#2692,.T.);
#994=ORIENTED_EDGE('',*,*,#2693,.F.);
#995=ORIENTED_EDGE('',*,*,#2694,.T.);
#996=ORIENTED_EDGE('',*,*,#2695,.T.);
#997=CARTESIAN_POINT('',(-0.004714286,0.004714286,0.004714286));
#998=DIRECTION('',(0.436852048771625,-0.436852048771625,0.786333628282593));
#999=DIRECTION('',(0.874157260519546,4.48340118888294E-16,-0.485642959262217));
#1000=ORIENTED_EDGE('',*,*,#2696,.F.);
#1001=ORIENTED_EDGE('',*,*,#2697,.T.);
#1002=ORIENTED_EDGE('',*,*,#2698,.T.);
#1003=ORIENTED_EDGE('',*,*,#2699,.F.);
#1004=ORIENTED_EDGE('',*,*,#2700,.F.);
#1005=ORIENTED_EDGE('',*,*,#2701,.F.);
#1006=CARTESIAN_POINT('',(-0.0032,0.0,0.01));
#1007=DIRECTION('',(-0.707106781186547,0.0,-0.707106781186547));
#1008=DIRECTION('',(-0.707106781186548,0.0,0.707106781186548));
#1009=ORIENTED_EDGE('',*,*,#2702,.F.);
#1010=ORIENTED_EDGE('',*,*,#2703,.T.);
#1011=ORIENTED_EDGE('',*,*,#2704,.T.);
#1012=ORIENTED_EDGE('',*,*,#2705,.T.);
#1013=ORIENTED_EDGE('',*,*,#2706,.F.);
#1014=ORIENTED_EDGE('',*,*,#2707,.F.);
#1015=ORIENTED_EDGE('',*,*,#2708,.F.);
#1016=ORIENTED_EDGE('',*,*,#2709,.F.);
#1017=ORIENTED_EDGE('',*,*,#2710,.F.);
#1018=CARTESIAN_POINT('',(-0.001777778,-0.001777778,0.01));
#1019=DIRECTION('',(-0.436852048771625,-0.436852048771625,-0.786333628282593));
#1020=DIRECTION('',(-0.874157260519545,1.41581090175251E-16,0.485642959262217));
#1021=ORIENTED_EDGE('',*,*,#2711,.F.);
#1022=ORIENTED_EDGE('',*,*,#2712,.F.);
#1023=ORIENTED_EDGE('',*,*,#2713,.T.);
#1024=ORIENTED_EDGE('',*,*,#2714,.F.);
#1025=ORIENTED_EDGE('',*,*,#2715,.T.);
#1026=ORIENTED_EDGE('',*,*,#2670,.T.);
#1027=ORIENTED_EDGE('',*,*,#2716,.T.);
#1028=CARTESIAN_POINT('',(0.01,0.001777778,0.001777778));
#1029=DIRECTION('',(-0.786333628282593,0.436852048771625,0.436852048771625));
#1030=DIRECTION('',(-0.485642959262217,-0.874157260519545,9.99713787815478E-17));
#1031=ORIENTED_EDGE('',*,*,#2717,.F.);
#1032=ORIENTED_EDGE('',*,*,#2718,.F.);
#1033=ORIENTED_EDGE('',*,*,#2719,.F.);
#1034=ORIENTED_EDGE('',*,*,#2720,.F.);
#1035=ORIENTED_EDGE('',*,*,#2721,.T.);
#1036=ORIENTED_EDGE('',*,*,#2632,.T.);
#1037=ORIENTED_EDGE('',*,*,#2722,.T.);
#1038=CARTESIAN_POINT('',(0.001777778,-0.01,0.001777778));
#1039=DIRECTION('',(0.436852048771625,0.786333628282593,0.436852048771625));
#1040=DIRECTION('',(-0.874157260519545,0.485642959262217,9.99713787815478E-17));
#1041=ORIENTED_EDGE('',*,*,#2723,.F.);
#1042=ORIENTED_EDGE('',*,*,#2724,.F.);
#1043=ORIENTED_EDGE('',*,*,#2725,.F.);
#1044=ORIENTED_EDGE('',*,*,#2726,.F.);
#1045=ORIENTED_EDGE('',*,*,#2727,.T.);
#1046=ORIENTED_EDGE('',*,*,#2728,.T.);
#1047=CARTESIAN_POINT('',(0.0,-0.01,0.0032));
#1048=DIRECTION('',(0.0,0.707106781186547,0.707106781186547));
#1049=DIRECTION('',(0.0,-0.707106781186548,0.707106781186548));
#1050=ORIENTED_EDGE('',*,*,#2729,.F.);
#1051=ORIENTED_EDGE('',*,*,#2730,.F.);
#1052=ORIENTED_EDGE('',*,*,#2731,.F.);
#1053=ORIENTED_EDGE('',*,*,#2732,.F.);
#1054=ORIENTED_EDGE('',*,*,#2733,.T.);
#1055=ORIENTED_EDGE('',*,*,#2734,.T.);
#1056=ORIENTED_EDGE('',*,*,#2709,.T.);
#1057=CARTESIAN_POINT('',(-0.01,-0.001777778,0.001777778));
#1058=DIRECTION('',(0.786333628282593,-0.436852048771625,0.436852048771625));
#1059=DIRECTION('',(0.485642959262217,0.874157260519545,9.99713787815478E-17));
#1060=ORIENTED_EDGE('',*,*,#2735,.F.);
#1061=ORIENTED_EDGE('',*,*,#2736,.T.);
#1062=ORIENTED_EDGE('',*,*,#2737,.T.);
#1063=ORIENTED_EDGE('',*,*,#2738,.F.);
#1064=ORIENTED_EDGE('',*,*,#2739,.T.);
#1065=ORIENTED_EDGE('',*,*,#2740,.T.);
#1066=CARTESIAN_POINT('',(0.01,0.0032,0.0));
#1067=DIRECTION('',(-0.707106781186547,0.707106781186547,0.0));
#1068=DIRECTION('',(-0.707106781186548,-0.707106781186548,0.0));
#1069=ORIENTED_EDGE('',*,*,#2741,.F.);
#1070=ORIENTED_EDGE('',*,*,#2742,.F.);
#1071=ORIENTED_EDGE('',*,*,#2743,.F.);
#1072=ORIENTED_EDGE('',*,*,#2744,.F.);
#1073=ORIENTED_EDGE('',*,*,#2745,.F.);
#1074=ORIENTED_EDGE('',*,*,#2746,.T.);
#1075=ORIENTED_EDGE('',*,*,#2747,.T.);
#1076=ORIENTED_EDGE('',*,*,#2748,.T.);
#1077=CARTESIAN_POINT('',(0.004714286,0.004714286,-0.004714286));
#1078=DIRECTION('',(-0.436852048771625,0.786333628282593,0.436852048771625));
#1079=DIRECTION('',(-0.874157260519546,-0.485642959262217,-4.57166412940445E-16));
#1080=ORIENTED_EDGE('',*,*,#2749,.F.);
#1081=ORIENTED_EDGE('',*,*,#2750,.F.);
#1082=ORIENTED_EDGE('',*,*,#2751,.F.);
#1083=ORIENTED_EDGE('',*,*,#2752,.F.);
#1084=ORIENTED_EDGE('',*,*,#2753,.T.);
#1085=ORIENTED_EDGE('',*,*,#2754,.T.);
#1086=CARTESIAN_POINT('',(0.0,0.0032,-0.01));
#1087=DIRECTION('',(0.0,0.707106781186547,0.707106781186547));
#1088=DIRECTION('',(0.0,-0.707106781186548,0.707106781186548));
#1089=ORIENTED_EDGE('',*,*,#2755,.F.);
#1090=ORIENTED_EDGE('',*,*,#2756,.F.);
#1091=ORIENTED_EDGE('',*,*,#2743,.T.);
#1092=ORIENTED_EDGE('',*,*,#2757,.F.);
#1093=ORIENTED_EDGE('',*,*,#2758,.F.);
#1094=ORIENTED_EDGE('',*,*,#2759,.T.);
#1095=ORIENTED_EDGE('',*,*,#2760,.T.);
#1096=ORIENTED_EDGE('',*,*,#2761,.T.);
#1097=CARTESIAN_POINT('',(0.004714286,0.004714286,-0.004714286));
#1098=DIRECTION('',(0.786333628282593,-0.436852048771625,0.436852048771625));
#1099=DIRECTION('',(0.485642959262217,0.874157260519546,4.57166412940445E-16));
#1100=ORIENTED_EDGE('',*,*,#2762,.F.);
#1101=ORIENTED_EDGE('',*,*,#2763,.T.);
#1102=ORIENTED_EDGE('',*,*,#2764,.T.);
#1103=ORIENTED_EDGE('',*,*,#2765,.T.);
#1104=ORIENTED_EDGE('',*,*,#2766,.F.);
#1105=ORIENTED_EDGE('',*,*,#2677,.F.);
#1106=ORIENTED_EDGE('',*,*,#2767,.F.);
#1107=ORIENTED_EDGE('',*,*,#2768,.F.);
#1108=CARTESIAN_POINT('',(-0.001777778,0.01,-0.001777778));
#1109=DIRECTION('',(-0.436852048771625,-0.786333628282593,-0.436852048771625));
#1110=DIRECTION('',(0.874157260519545,-0.485642959262217,-9.99713787815478E-17));
#1111=ORIENTED_EDGE('',*,*,#2769,.F.);
#1112=ORIENTED_EDGE('',*,*,#2770,.F.);
#1113=ORIENTED_EDGE('',*,*,#2771,.F.);
#1114=ORIENTED_EDGE('',*,*,#2772,.F.);
#1115=ORIENTED_EDGE('',*,*,#2773,.T.);
#1116=ORIENTED_EDGE('',*,*,#2774,.T.);
#1117=CARTESIAN_POINT('',(-0.001777778,0.001777778,-0.01));
#1118=DIRECTION('',(-0.436852048771625,0.436852048771625,0.786333628282593));
#1119=DIRECTION('',(0.874157260519545,9.43873934501673E-17,0.485642959262217));
#1120=ORIENTED_EDGE('',*,*,#2775,.F.);
#1121=ORIENTED_EDGE('',*,*,#2776,.T.);
#1122=ORIENTED_EDGE('',*,*,#2777,.T.);
#1123=ORIENTED_EDGE('',*,*,#2778,.F.);
#1124=ORIENTED_EDGE('',*,*,#2779,.F.);
#1125=ORIENTED_EDGE('',*,*,#2780,.F.);
#1126=ORIENTED_EDGE('',*,*,#2781,.T.);
#1127=ORIENTED_EDGE('',*,*,#2782,.F.);
#1128=CARTESIAN_POINT('',(0.001777778,-0.01,-0.001777778));
#1129=DIRECTION('',(0.436852048771625,0.786333628282593,-0.436852048771625));
#1130=DIRECTION('',(-0.874157260519545,0.485642959262217,-9.99713787815478E-17));
#1131=ORIENTED_EDGE('',*,*,#2783,.F.);
#1132=ORIENTED_EDGE('',*,*,#2784,.T.);
#1133=ORIENTED_EDGE('',*,*,#2785,.T.);
#1134=ORIENTED_EDGE('',*,*,#2786,.F.);
#1135=ORIENTED_EDGE('',*,*,#2787,.F.);
#1136=ORIENTED_EDGE('',*,*,#2788,.F.);
#1137=ORIENTED_EDGE('',*,*,#2789,.F.);
#1138=ORIENTED_EDGE('',*,*,#2790,.F.);
#1139=CARTESIAN_POINT('',(-0.01,-0.001777778,-0.001777778));
#1140=DIRECTION('',(0.786333628282593,-0.436852048771625,-0.436852048771625));
#1141=DIRECTION('',(0.485642959262217,0.874157260519545,-9.99713787815478E-17));
#1142=ORIENTED_EDGE('',*,*,#2791,.F.);
#1143=ORIENTED_EDGE('',*,*,#2792,.F.);
#1144=ORIENTED_EDGE('',*,*,#2793,.F.);
#1145=ORIENTED_EDGE('',*,*,#2794,.F.);
#1146=ORIENTED_EDGE('',*,*,#2795,.F.);
#1147=ORIENTED_EDGE('',*,*,#2796,.F.);
#1148=ORIENTED_EDGE('',*,*,#2797,.T.);
#1149=ORIENTED_EDGE('',*,*,#2790,.T.);
#1150=ORIENTED_EDGE('',*,*,#2798,.T.);
#1151=CARTESIAN_POINT('',(-0.001777778,-0.001777778,-0.01));
#1152=DIRECTION('',(-0.436852048771625,-0.436852048771625,0.786333628282593));
#1153=DIRECTION('',(0.874157260519545,-9.43873934501673E-17,0.485642959262217));
#1154=ORIENTED_EDGE('',*,*,#2799,.F.);
#1155=ORIENTED_EDGE('',*,*,#2800,.F.);
#1156=ORIENTED_EDGE('',*,*,#2801,.T.);
#1157=ORIENTED_EDGE('',*,*,#2710,.T.);
#1158=ORIENTED_EDGE('',*,*,#2734,.F.);
#1159=ORIENTED_EDGE('',*,*,#2802,.F.);
#1160=ORIENTED_EDGE('',*,*,#2803,.F.);
#1161=ORIENTED_EDGE('',*,*,#2804,.T.);
#1162=ORIENTED_EDGE('',*,*,#2805,.F.);
#1163=CARTESIAN_POINT('',(-0.004714286,-0.004714286,0.004714286));
#1164=DIRECTION('',(-0.577350269189626,-0.577350269189626,0.577350269189626));
#1165=DIRECTION('',(0.707106781186548,-0.707106781186548,0.0));
#1166=ORIENTED_EDGE('',*,*,#2806,.F.);
#1167=ORIENTED_EDGE('',*,*,#2807,.T.);
#1168=ORIENTED_EDGE('',*,*,#2800,.T.);
#1169=ORIENTED_EDGE('',*,*,#2808,.T.);
#1170=ORIENTED_EDGE('',*,*,#2809,.F.);
#1171=ORIENTED_EDGE('',*,*,#2810,.F.);
#1172=ORIENTED_EDGE('',*,*,#2811,.F.);
#1173=CARTESIAN_POINT('',(-0.004714286,-0.004714286,0.004714286));
#1174=DIRECTION('',(0.436852048771625,-0.786333628282593,-0.436852048771625));
#1175=DIRECTION('',(0.874157260519546,0.485642959262217,4.57166412940445E-16));
#1176=ORIENTED_EDGE('',*,*,#2812,.F.);
#1177=ORIENTED_EDGE('',*,*,#2813,.F.);
#1178=ORIENTED_EDGE('',*,*,#2814,.T.);
#1179=ORIENTED_EDGE('',*,*,#2815,.F.);
#1180=ORIENTED_EDGE('',*,*,#2816,.T.);
#1181=ORIENTED_EDGE('',*,*,#2817,.F.);
#1182=CARTESIAN_POINT('',(-0.0032,-0.01,0.0));
#1183=DIRECTION('',(-0.707106781186547,0.707106781186547,0.0));
#1184=DIRECTION('',(-0.707106781186548,-0.707106781186548,0.0));
#1185=ORIENTED_EDGE('',*,*,#2818,.F.);
#1186=ORIENTED_EDGE('',*,*,#2819,.F.);
#1187=ORIENTED_EDGE('',*,*,#2820,.T.);
#1188=ORIENTED_EDGE('',*,*,#2821,.T.);
#1189=ORIENTED_EDGE('',*,*,#2822,.F.);
#1190=ORIENTED_EDGE('',*,*,#2798,.F.);
#1191=ORIENTED_EDGE('',*,*,#2789,.T.);
#1192=ORIENTED_EDGE('',*,*,#2823,.F.);
#1193=CARTESIAN_POINT('',(-0.001777778,-0.01,-0.001777778));
#1194=DIRECTION('',(-0.436852048771625,0.786333628282593,-0.436852048771625));
#1195=DIRECTION('',(-0.874157260519545,-0.485642959262217,1.42661859748841E-16));
#1196=ORIENTED_EDGE('',*,*,#2824,.F.);
#1197=ORIENTED_EDGE('',*,*,#2825,.T.);
#1198=ORIENTED_EDGE('',*,*,#2826,.T.);
#1199=ORIENTED_EDGE('',*,*,#2827,.T.);
#1200=ORIENTED_EDGE('',*,*,#2828,.F.);
#1201=ORIENTED_EDGE('',*,*,#2829,.F.);
#1202=ORIENTED_EDGE('',*,*,#2830,.F.);
#1203=CARTESIAN_POINT('',(-0.004714286,0.004714286,0.004714286));
#1204=DIRECTION('',(-0.786333628282593,-0.436852048771625,-0.436852048771625));
#1205=DIRECTION('',(0.485642959262217,-0.874157260519546,4.57166412940445E-16));
#1206=ORIENTED_EDGE('',*,*,#2831,.F.);
#1207=ORIENTED_EDGE('',*,*,#2832,.F.);
#1208=ORIENTED_EDGE('',*,*,#2833,.T.);
#1209=ORIENTED_EDGE('',*,*,#2834,.F.);
#1210=ORIENTED_EDGE('',*,*,#2835,.T.);
#1211=ORIENTED_EDGE('',*,*,#2836,.T.);
#1212=CARTESIAN_POINT('',(-0.01,0.0032,0.0));
#1213=DIRECTION('',(0.707106781186547,0.707106781186547,0.0));
#1214=DIRECTION('',(-0.707106781186548,0.707106781186548,0.0));
#1215=ORIENTED_EDGE('',*,*,#2837,.F.);
#1216=ORIENTED_EDGE('',*,*,#2838,.F.);
#1217=ORIENTED_EDGE('',*,*,#2839,.T.);
#1218=ORIENTED_EDGE('',*,*,#2840,.T.);
#1219=ORIENTED_EDGE('',*,*,#2841,.F.);
#1220=ORIENTED_EDGE('',*,*,#2842,.F.);
#1221=ORIENTED_EDGE('',*,*,#2767,.T.);
#1222=ORIENTED_EDGE('',*,*,#2676,.F.);
#1223=CARTESIAN_POINT('',(-0.01,0.001777778,-0.001777778));
#1224=DIRECTION('',(0.786333628282593,0.436852048771625,-0.436852048771625));
#1225=DIRECTION('',(-0.485642959262217,0.874157260519545,1.42661859748841E-16));
#1226=ORIENTED_EDGE('',*,*,#2843,.F.);
#1227=ORIENTED_EDGE('',*,*,#2844,.F.);
#1228=ORIENTED_EDGE('',*,*,#2845,.T.);
#1229=ORIENTED_EDGE('',*,*,#2846,.F.);
#1230=ORIENTED_EDGE('',*,*,#2847,.F.);
#1231=ORIENTED_EDGE('',*,*,#2848,.F.);
#1232=CARTESIAN_POINT('',(-0.01,0.0,-0.0032));
#1233=DIRECTION('',(0.707106781186547,0.0,-0.707106781186547));
#1234=DIRECTION('',(-0.707106781186548,0.0,-0.707106781186548));
#1235=ORIENTED_EDGE('',*,*,#2849,.F.);
#1236=ORIENTED_EDGE('',*,*,#2826,.F.);
#1237=ORIENTED_EDGE('',*,*,#2850,.F.);
#1238=ORIENTED_EDGE('',*,*,#2692,.F.);
#1239=ORIENTED_EDGE('',*,*,#2686,.F.);
#1240=ORIENTED_EDGE('',*,*,#2851,.F.);
#1241=ORIENTED_EDGE('',*,*,#2852,.T.);
#1242=ORIENTED_EDGE('',*,*,#2853,.T.);
#1243=ORIENTED_EDGE('',*,*,#2854,.F.);
#1244=CARTESIAN_POINT('',(-0.004714286,0.004714286,0.004714286));
#1245=DIRECTION('',(-0.577350269189626,0.577350269189626,0.577350269189626));
#1246=DIRECTION('',(-0.707106781186548,-0.707106781186548,0.0));
#1247=ORIENTED_EDGE('',*,*,#2855,.F.);
#1248=ORIENTED_EDGE('',*,*,#2660,.T.);
#1249=ORIENTED_EDGE('',*,*,#2629,.T.);
#1250=ORIENTED_EDGE('',*,*,#2856,.T.);
#1251=ORIENTED_EDGE('',*,*,#2857,.F.);
#1252=ORIENTED_EDGE('',*,*,#2858,.T.);
#1253=ORIENTED_EDGE('',*,*,#2859,.F.);
#1254=CARTESIAN_POINT('',(0.004714286,-0.004714286,0.004714286));
#1255=DIRECTION('',(0.786333628282593,0.436852048771625,-0.436852048771625));
#1256=DIRECTION('',(-0.485642959262217,0.874157260519546,4.57166412940445E-16));
#1257=ORIENTED_EDGE('',*,*,#2860,.F.);
#1258=ORIENTED_EDGE('',*,*,#2861,.T.);
#1259=ORIENTED_EDGE('',*,*,#2862,.T.);
#1260=ORIENTED_EDGE('',*,*,#2863,.F.);
#1261=ORIENTED_EDGE('',*,*,#2864,.T.);
#1262=ORIENTED_EDGE('',*,*,#2865,.F.);
#1263=CARTESIAN_POINT('',(0.01,-0.0032,0.0));
#1264=DIRECTION('',(-0.707106781186547,-0.707106781186547,0.0));
#1265=DIRECTION('',(0.707106781186548,-0.707106781186548,0.0));
#1266=ORIENTED_EDGE('',*,*,#2866,.F.);
#1267=ORIENTED_EDGE('',*,*,#2867,.F.);
#1268=ORIENTED_EDGE('',*,*,#2781,.F.);
#1269=ORIENTED_EDGE('',*,*,#2868,.F.);
#1270=ORIENTED_EDGE('',*,*,#2869,.F.);
#1271=ORIENTED_EDGE('',*,*,#2870,.T.);
#1272=ORIENTED_EDGE('',*,*,#2871,.T.);
#1273=ORIENTED_EDGE('',*,*,#2872,.T.);
#1274=CARTESIAN_POINT('',(0.004714286,-0.004714286,-0.004714286));
#1275=DIRECTION('',(0.786333628282593,0.436852048771625,0.436852048771625));
#1276=DIRECTION('',(-0.485642959262217,0.874157260519546,-4.57166412940445E-16));
#1277=ORIENTED_EDGE('',*,*,#2873,.F.);
#1278=ORIENTED_EDGE('',*,*,#2874,.F.);
#1279=ORIENTED_EDGE('',*,*,#2875,.F.);
#1280=ORIENTED_EDGE('',*,*,#2876,.F.);
#1281=ORIENTED_EDGE('',*,*,#2877,.T.);
#1282=ORIENTED_EDGE('',*,*,#2878,.T.);
#1283=CARTESIAN_POINT('',(0.001777778,0.001777778,-0.01));
#1284=DIRECTION('',(0.436852048771625,0.436852048771625,0.786333628282593));
#1285=DIRECTION('',(0.874157260519545,-1.41581090175251E-16,-0.485642959262217));
#1286=ORIENTED_EDGE('',*,*,#2879,.F.);
#1287=ORIENTED_EDGE('',*,*,#2880,.T.);
#1288=ORIENTED_EDGE('',*,*,#2881,.T.);
#1289=ORIENTED_EDGE('',*,*,#2882,.F.);
#1290=ORIENTED_EDGE('',*,*,#2883,.F.);
#1291=ORIENTED_EDGE('',*,*,#2884,.F.);
#1292=CARTESIAN_POINT('',(0.01,0.0,-0.0032));
#1293=DIRECTION('',(-0.707106781186547,0.0,-0.707106781186547));
#1294=DIRECTION('',(-0.707106781186548,0.0,0.707106781186548));
#1295=ORIENTED_EDGE('',*,*,#2885,.F.);
#1296=ORIENTED_EDGE('',*,*,#2886,.F.);
#1297=ORIENTED_EDGE('',*,*,#2887,.F.);
#1298=ORIENTED_EDGE('',*,*,#2888,.F.);
#1299=ORIENTED_EDGE('',*,*,#2889,.F.);
#1300=ORIENTED_EDGE('',*,*,#2782,.T.);
#1301=ORIENTED_EDGE('',*,*,#2867,.T.);
#1302=ORIENTED_EDGE('',*,*,#2890,.T.);
#1303=ORIENTED_EDGE('',*,*,#2891,.F.);
#1304=CARTESIAN_POINT('',(0.001777778,-0.001777778,-0.01));
#1305=DIRECTION('',(0.436852048771625,-0.436852048771625,0.786333628282593));
#1306=DIRECTION('',(0.874157260519545,1.41581090175251E-16,-0.485642959262217));
#1307=ORIENTED_EDGE('',*,*,#2892,.F.);
#1308=ORIENTED_EDGE('',*,*,#2893,.T.);
#1309=ORIENTED_EDGE('',*,*,#2894,.F.);
#1310=ORIENTED_EDGE('',*,*,#2895,.F.);
#1311=ORIENTED_EDGE('',*,*,#2896,.F.);
#1312=ORIENTED_EDGE('',*,*,#2897,.F.);
#1313=CARTESIAN_POINT('',(0.0,-0.01,-0.0032));
#1314=DIRECTION('',(0.0,0.707106781186547,-0.707106781186547));
#1315=DIRECTION('',(0.0,0.707106781186548,0.707106781186548));
#1316=ORIENTED_EDGE('',*,*,#2898,.F.);
#1317=ORIENTED_EDGE('',*,*,#2899,.F.);
#1318=ORIENTED_EDGE('',*,*,#2900,.T.);
#1319=ORIENTED_EDGE('',*,*,#2901,.F.);
#1320=ORIENTED_EDGE('',*,*,#2902,.T.);
#1321=ORIENTED_EDGE('',*,*,#2868,.T.);
#1322=ORIENTED_EDGE('',*,*,#2780,.T.);
#1323=ORIENTED_EDGE('',*,*,#2903,.T.);
#1324=CARTESIAN_POINT('',(0.01,-0.01,-0.01));
#1325=DIRECTION('',(-0.577350269189626,0.577350269189626,0.577350269189626));
#1326=DIRECTION('',(-0.707106781186548,-0.707106781186548,0.0));
#1327=ORIENTED_EDGE('',*,*,#2904,.F.);
#1328=ORIENTED_EDGE('',*,*,#2905,.F.);
#1329=ORIENTED_EDGE('',*,*,#2906,.F.);
#1330=ORIENTED_EDGE('',*,*,#2907,.F.);
#1331=ORIENTED_EDGE('',*,*,#2908,.T.);
#1332=ORIENTED_EDGE('',*,*,#2823,.T.);
#1333=ORIENTED_EDGE('',*,*,#2788,.T.);
#1334=ORIENTED_EDGE('',*,*,#2909,.T.);
#1335=CARTESIAN_POINT('',(-0.01,-0.01,-0.01));
#1336=DIRECTION('',(0.577350269189626,0.577350269189626,0.577350269189626));
#1337=DIRECTION('',(-0.707106781186548,0.707106781186548,0.0));
#1338=ORIENTED_EDGE('',*,*,#2910,.F.);
#1339=ORIENTED_EDGE('',*,*,#2911,.T.);
#1340=ORIENTED_EDGE('',*,*,#2744,.T.);
#1341=ORIENTED_EDGE('',*,*,#2756,.T.);
#1342=ORIENTED_EDGE('',*,*,#2912,.T.);
#1343=ORIENTED_EDGE('',*,*,#2913,.F.);
#1344=ORIENTED_EDGE('',*,*,#2914,.T.);
#1345=ORIENTED_EDGE('',*,*,#2915,.T.);
#1346=CARTESIAN_POINT('',(0.004714286,0.004714286,-0.004714286));
#1347=DIRECTION('',(0.577350269189626,0.577350269189626,-0.577350269189626));
#1348=DIRECTION('',(-0.707106781186548,0.707106781186548,0.0));
#1349=ORIENTED_EDGE('',*,*,#2916,.T.);
#1350=ORIENTED_EDGE('',*,*,#2874,.T.);
#1351=ORIENTED_EDGE('',*,*,#2917,.T.);
#1352=ORIENTED_EDGE('',*,*,#2918,.T.);
#1353=ORIENTED_EDGE('',*,*,#2883,.T.);
#1354=ORIENTED_EDGE('',*,*,#2919,.T.);
#1355=ORIENTED_EDGE('',*,*,#2920,.T.);
#1356=ORIENTED_EDGE('',*,*,#2886,.T.);
#1357=ORIENTED_EDGE('',*,*,#2921,.T.);
#1358=ORIENTED_EDGE('',*,*,#2922,.T.);
#1359=ORIENTED_EDGE('',*,*,#2896,.T.);
#1360=ORIENTED_EDGE('',*,*,#2923,.T.);
#1361=ORIENTED_EDGE('',*,*,#2924,.T.);
#1362=ORIENTED_EDGE('',*,*,#2925,.T.);
#1363=ORIENTED_EDGE('',*,*,#2794,.T.);
#1364=ORIENTED_EDGE('',*,*,#2926,.T.);
#1365=ORIENTED_EDGE('',*,*,#2927,.T.);
#1366=ORIENTED_EDGE('',*,*,#2848,.T.);
#1367=ORIENTED_EDGE('',*,*,#2928,.T.);
#1368=ORIENTED_EDGE('',*,*,#2929,.T.);
#1369=ORIENTED_EDGE('',*,*,#2771,.T.);
#1370=ORIENTED_EDGE('',*,*,#2930,.T.);
#1371=ORIENTED_EDGE('',*,*,#2931,.T.);
#1372=ORIENTED_EDGE('',*,*,#2751,.T.);
#1373=ORIENTED_EDGE('',*,*,#2932,.T.);
#1374=ORIENTED_EDGE('',*,*,#2933,.T.);
#1375=ORIENTED_EDGE('',*,*,#2934,.T.);
#1376=ORIENTED_EDGE('',*,*,#2935,.T.);
#1377=ORIENTED_EDGE('',*,*,#2936,.T.);
#1378=ORIENTED_EDGE('',*,*,#2937,.T.);
#1379=ORIENTED_EDGE('',*,*,#2938,.T.);
#1380=ORIENTED_EDGE('',*,*,#2939,.T.);
#1381=CARTESIAN_POINT('',(0.0,0.0,-0.01));
#1382=DIRECTION('',(0.0,0.0,1.0));
#1383=DIRECTION('',(1.0,0.0,0.0));
#1384=ORIENTED_EDGE('',*,*,#2940,.T.);
#1385=ORIENTED_EDGE('',*,*,#2941,.T.);
#1386=ORIENTED_EDGE('',*,*,#2942,.T.);
#1387=CARTESIAN_POINT('',(0.0,0.0,-0.01));
#1388=DIRECTION('',(0.0,0.0,1.0));
#1389=DIRECTION('',(1.0,0.0,0.0));
#1390=ORIENTED_EDGE('',*,*,#2943,.T.);
#1391=ORIENTED_EDGE('',*,*,#2944,.T.);
#1392=ORIENTED_EDGE('',*,*,#2945,.T.);
#1393=CARTESIAN_POINT('',(0.0,0.0,-0.01));
#1394=DIRECTION('',(0.0,0.0,1.0));
#1395=DIRECTION('',(1.0,0.0,0.0));
#1396=ORIENTED_EDGE('',*,*,#2946,.T.);
#1397=ORIENTED_EDGE('',*,*,#2947,.T.);
#1398=ORIENTED_EDGE('',*,*,#2948,.T.);
#1399=CARTESIAN_POINT('',(0.0,0.0,-0.01));
#1400=DIRECTION('',(0.0,0.0,1.0));
#1401=DIRECTION('',(1.0,0.0,0.0));
#1402=ORIENTED_EDGE('',*,*,#2949,.T.);
#1403=ORIENTED_EDGE('',*,*,#2950,.T.);
#1404=ORIENTED_EDGE('',*,*,#2951,.T.);
#1405=CARTESIAN_POINT('',(0.0,0.0,-0.01));
#1406=DIRECTION('',(0.0,0.0,1.0));
#1407=DIRECTION('',(1.0,0.0,0.0));
#1408=ORIENTED_EDGE('',*,*,#2950,.F.);
#1409=ORIENTED_EDGE('',*,*,#2952,.F.);
#1410=ORIENTED_EDGE('',*,*,#2915,.F.);
#1411=ORIENTED_EDGE('',*,*,#2953,.T.);
#1412=CARTESIAN_POINT('',(0.0,0.01,0.0));
#1413=DIRECTION('',(0.0,1.0,-0.0));
#1414=DIRECTION('',(-1.0,0.0,0.0));
#1415=ORIENTED_EDGE('',*,*,#2910,.T.);
#1416=ORIENTED_EDGE('',*,*,#2952,.T.);
#1417=ORIENTED_EDGE('',*,*,#2949,.F.);
#1418=ORIENTED_EDGE('',*,*,#2954,.T.);
#1419=ORIENTED_EDGE('',*,*,#2913,.T.);
#1420=ORIENTED_EDGE('',*,*,#2955,.T.);
#1421=ORIENTED_EDGE('',*,*,#2956,.F.);
#1422=ORIENTED_EDGE('',*,*,#2878,.F.);
#1423=ORIENTED_EDGE('',*,*,#2957,.T.);
#1424=CARTESIAN_POINT('',(0.004714286,0.004714286,-0.004714286));
#1425=DIRECTION('',(0.577350269189626,0.577350269189626,-0.577350269189626));
#1426=DIRECTION('',(-0.707106781186548,0.707106781186548,0.0));
#1427=ORIENTED_EDGE('',*,*,#2947,.F.);
#1428=ORIENTED_EDGE('',*,*,#2958,.F.);
#1429=ORIENTED_EDGE('',*,*,#2672,.F.);
#1430=ORIENTED_EDGE('',*,*,#2959,.F.);
#1431=CARTESIAN_POINT('',(0.0,0.01,0.0));
#1432=DIRECTION('',(0.0,1.0,-0.0));
#1433=DIRECTION('',(-1.0,0.0,0.0));
#1434=ORIENTED_EDGE('',*,*,#2946,.F.);
#1435=ORIENTED_EDGE('',*,*,#2960,.T.);
#1436=ORIENTED_EDGE('',*,*,#2673,.T.);
#1437=ORIENTED_EDGE('',*,*,#2958,.T.);
#1438=CARTESIAN_POINT('',(-0.01,0.0,0.0));
#1439=DIRECTION('',(1.0,0.0,0.0));
#1440=DIRECTION('',(0.0,1.0,0.0));
#1441=ORIENTED_EDGE('',*,*,#2904,.T.);
#1442=ORIENTED_EDGE('',*,*,#2961,.T.);
#1443=ORIENTED_EDGE('',*,*,#2796,.T.);
#1444=ORIENTED_EDGE('',*,*,#2962,.T.);
#1445=ORIENTED_EDGE('',*,*,#2963,.T.);
#1446=ORIENTED_EDGE('',*,*,#2907,.T.);
#1447=ORIENTED_EDGE('',*,*,#2964,.F.);
#1448=ORIENTED_EDGE('',*,*,#2944,.F.);
#1449=ORIENTED_EDGE('',*,*,#2965,.F.);
#1450=CARTESIAN_POINT('',(-0.01,-0.01,-0.01));
#1451=DIRECTION('',(0.577350269189626,0.577350269189626,0.577350269189626));
#1452=DIRECTION('',(-0.707106781186548,0.707106781186548,0.0));
#1453=ORIENTED_EDGE('',*,*,#2943,.F.);
#1454=ORIENTED_EDGE('',*,*,#2966,.T.);
#1455=ORIENTED_EDGE('',*,*,#2905,.T.);
#1456=ORIENTED_EDGE('',*,*,#2965,.T.);
#1457=CARTESIAN_POINT('',(-0.01,0.0,0.0));
#1458=DIRECTION('',(1.0,0.0,0.0));
#1459=DIRECTION('',(0.0,1.0,0.0));
#1460=ORIENTED_EDGE('',*,*,#2898,.T.);
#1461=ORIENTED_EDGE('',*,*,#2967,.T.);
#1462=ORIENTED_EDGE('',*,*,#2968,.T.);
#1463=ORIENTED_EDGE('',*,*,#2891,.T.);
#1464=ORIENTED_EDGE('',*,*,#2969,.T.);
#1465=ORIENTED_EDGE('',*,*,#2901,.T.);
#1466=ORIENTED_EDGE('',*,*,#2970,.T.);
#1467=ORIENTED_EDGE('',*,*,#2941,.F.);
#1468=ORIENTED_EDGE('',*,*,#2971,.F.);
#1469=CARTESIAN_POINT('',(0.01,-0.01,-0.01));
#1470=DIRECTION('',(-0.577350269189626,0.577350269189626,0.577350269189626));
#1471=DIRECTION('',(-0.707106781186548,-0.707106781186548,0.0));
#1472=ORIENTED_EDGE('',*,*,#2940,.F.);
#1473=ORIENTED_EDGE('',*,*,#2972,.T.);
#1474=ORIENTED_EDGE('',*,*,#2899,.T.);
#1475=ORIENTED_EDGE('',*,*,#2971,.T.);
#1476=CARTESIAN_POINT('',(0.0,-0.01,0.0));
#1477=DIRECTION('',(0.0,1.0,-0.0));
#1478=DIRECTION('',(-1.0,0.0,0.0));
#1479=ORIENTED_EDGE('',*,*,#2932,.F.);
#1480=ORIENTED_EDGE('',*,*,#2973,.T.);
#1481=ORIENTED_EDGE('',*,*,#2792,.T.);
#1482=ORIENTED_EDGE('',*,*,#2974,.T.);
#1483=ORIENTED_EDGE('',*,*,#2924,.F.);
#1484=ORIENTED_EDGE('',*,*,#2975,.T.);
#1485=ORIENTED_EDGE('',*,*,#2976,.F.);
#1486=CARTESIAN_POINT('',(3.17482407204736E-20,-0.0032,-0.01));
#1487=DIRECTION('',(-0.780868895148135,0.624694940423028,0.0));
#1488=DIRECTION('',(-0.624694940423028,-0.780868895148135,0.0));
#1489=ORIENTED_EDGE('',*,*,#2892,.T.);
#1490=ORIENTED_EDGE('',*,*,#2975,.F.);
#1491=ORIENTED_EDGE('',*,*,#2923,.F.);
#1492=ORIENTED_EDGE('',*,*,#2895,.T.);
#1493=ORIENTED_EDGE('',*,*,#2977,.F.);
#1494=ORIENTED_EDGE('',*,*,#2978,.T.);
#1495=CARTESIAN_POINT('',(0.0,-0.01,-0.0032));
#1496=DIRECTION('',(0.0,0.707106781186547,-0.707106781186547));
#1497=DIRECTION('',(0.0,0.707106781186548,0.707106781186548));
#1498=ORIENTED_EDGE('',*,*,#2933,.F.);
#1499=ORIENTED_EDGE('',*,*,#2976,.T.);
#1500=ORIENTED_EDGE('',*,*,#2897,.T.);
#1501=ORIENTED_EDGE('',*,*,#2922,.F.);
#1502=ORIENTED_EDGE('',*,*,#2979,.T.);
#1503=ORIENTED_EDGE('',*,*,#2888,.T.);
#1504=ORIENTED_EDGE('',*,*,#2980,.T.);
#1505=CARTESIAN_POINT('',(3.17482407204736E-20,-0.0032,-0.01));
#1506=DIRECTION('',(0.780868895148135,0.624694940423028,0.0));
#1507=DIRECTION('',(-0.624694940423028,0.780868895148135,0.0));
#1508=ORIENTED_EDGE('',*,*,#2885,.T.);
#1509=ORIENTED_EDGE('',*,*,#2968,.F.);
#1510=ORIENTED_EDGE('',*,*,#2981,.T.);
#1511=ORIENTED_EDGE('',*,*,#2889,.T.);
#1512=ORIENTED_EDGE('',*,*,#2979,.F.);
#1513=ORIENTED_EDGE('',*,*,#2921,.F.);
#1514=CARTESIAN_POINT('',(0.001777778,-0.001777778,-0.01));
#1515=DIRECTION('',(0.436852048771625,-0.436852048771625,0.786333628282593));
#1516=DIRECTION('',(0.874157260519545,1.41581090175251E-16,-0.485642959262217));
#1517=ORIENTED_EDGE('',*,*,#2934,.F.);
#1518=ORIENTED_EDGE('',*,*,#2980,.F.);
#1519=ORIENTED_EDGE('',*,*,#2887,.T.);
#1520=ORIENTED_EDGE('',*,*,#2920,.F.);
#1521=ORIENTED_EDGE('',*,*,#2982,.T.);
#1522=ORIENTED_EDGE('',*,*,#2983,.T.);
#1523=CARTESIAN_POINT('',(0.001777778,-0.001777778,-0.01));
#1524=DIRECTION('',(0.624694940423028,0.780868895148135,0.0));
#1525=DIRECTION('',(-0.780868895148135,0.624694940423028,0.0));
#1526=ORIENTED_EDGE('',*,*,#2879,.T.);
#1527=ORIENTED_EDGE('',*,*,#2982,.F.);
#1528=ORIENTED_EDGE('',*,*,#2919,.F.);
#1529=ORIENTED_EDGE('',*,*,#2882,.T.);
#1530=ORIENTED_EDGE('',*,*,#2984,.T.);
#1531=ORIENTED_EDGE('',*,*,#2985,.T.);
#1532=CARTESIAN_POINT('',(0.01,0.0,-0.0032));
#1533=DIRECTION('',(-0.707106781186547,0.0,-0.707106781186547));
#1534=DIRECTION('',(-0.707106781186548,0.0,0.707106781186548));
#1535=ORIENTED_EDGE('',*,*,#2935,.F.);
#1536=ORIENTED_EDGE('',*,*,#2983,.F.);
#1537=ORIENTED_EDGE('',*,*,#2884,.T.);
#1538=ORIENTED_EDGE('',*,*,#2918,.F.);
#1539=ORIENTED_EDGE('',*,*,#2986,.T.);
#1540=ORIENTED_EDGE('',*,*,#2987,.T.);
#1541=CARTESIAN_POINT('',(0.001777778,0.001777778,-0.01));
#1542=DIRECTION('',(0.624694940423028,-0.780868895148135,0.0));
#1543=DIRECTION('',(0.780868895148135,0.624694940423028,0.0));
#1544=ORIENTED_EDGE('',*,*,#2873,.T.);
#1545=ORIENTED_EDGE('',*,*,#2956,.T.);
#1546=ORIENTED_EDGE('',*,*,#2988,.T.);
#1547=ORIENTED_EDGE('',*,*,#2757,.T.);
#1548=ORIENTED_EDGE('',*,*,#2742,.T.);
#1549=ORIENTED_EDGE('',*,*,#2876,.T.);
#1550=ORIENTED_EDGE('',*,*,#2989,.F.);
#1551=ORIENTED_EDGE('',*,*,#2986,.F.);
#1552=ORIENTED_EDGE('',*,*,#2917,.F.);
#1553=CARTESIAN_POINT('',(0.001777778,0.001777778,-0.01));
#1554=DIRECTION('',(0.436852048771625,0.436852048771625,0.786333628282593));
#1555=DIRECTION('',(0.874157260519545,-1.41581090175251E-16,-0.485642959262217));
#1556=ORIENTED_EDGE('',*,*,#2990,.F.);
#1557=ORIENTED_EDGE('',*,*,#2635,.F.);
#1558=ORIENTED_EDGE('',*,*,#2991,.F.);
#1559=CARTESIAN_POINT('',(0.0,0.0,0.01));
#1560=DIRECTION('',(0.0,0.0,1.0));
#1561=DIRECTION('',(1.0,0.0,0.0));
#1562=ORIENTED_EDGE('',*,*,#2992,.F.);
#1563=ORIENTED_EDGE('',*,*,#2993,.F.);
#1564=ORIENTED_EDGE('',*,*,#2665,.F.);
#1565=CARTESIAN_POINT('',(0.0,0.0,0.01));
#1566=DIRECTION('',(0.0,0.0,1.0));
#1567=DIRECTION('',(1.0,0.0,0.0));
#1568=ORIENTED_EDGE('',*,*,#2994,.F.);
#1569=ORIENTED_EDGE('',*,*,#2995,.F.);
#1570=ORIENTED_EDGE('',*,*,#2658,.F.);
#1571=ORIENTED_EDGE('',*,*,#2996,.F.);
#1572=ORIENTED_EDGE('',*,*,#2997,.F.);
#1573=ORIENTED_EDGE('',*,*,#2651,.F.);
#1574=ORIENTED_EDGE('',*,*,#2998,.F.);
#1575=ORIENTED_EDGE('',*,*,#2999,.F.);
#1576=ORIENTED_EDGE('',*,*,#2648,.F.);
#1577=ORIENTED_EDGE('',*,*,#3000,.F.);
#1578=ORIENTED_EDGE('',*,*,#2641,.F.);
#1579=ORIENTED_EDGE('',*,*,#3001,.F.);
#1580=ORIENTED_EDGE('',*,*,#3002,.F.);
#1581=ORIENTED_EDGE('',*,*,#2694,.F.);
#1582=ORIENTED_EDGE('',*,*,#3003,.F.);
#1583=ORIENTED_EDGE('',*,*,#3004,.F.);
#1584=ORIENTED_EDGE('',*,*,#2697,.F.);
#1585=ORIENTED_EDGE('',*,*,#3005,.F.);
#1586=ORIENTED_EDGE('',*,*,#3006,.F.);
#1587=ORIENTED_EDGE('',*,*,#2703,.F.);
#1588=ORIENTED_EDGE('',*,*,#3007,.F.);
#1589=ORIENTED_EDGE('',*,*,#3008,.F.);
#1590=ORIENTED_EDGE('',*,*,#3009,.F.);
#1591=ORIENTED_EDGE('',*,*,#2728,.F.);
#1592=ORIENTED_EDGE('',*,*,#3010,.F.);
#1593=ORIENTED_EDGE('',*,*,#3011,.F.);
#1594=ORIENTED_EDGE('',*,*,#3012,.F.);
#1595=ORIENTED_EDGE('',*,*,#3013,.F.);
#1596=ORIENTED_EDGE('',*,*,#3014,.F.);
#1597=ORIENTED_EDGE('',*,*,#3015,.F.);
#1598=ORIENTED_EDGE('',*,*,#3016,.F.);
#1599=ORIENTED_EDGE('',*,*,#3017,.F.);
#1600=CARTESIAN_POINT('',(0.0,0.0,0.01));
#1601=DIRECTION('',(0.0,0.0,1.0));
#1602=DIRECTION('',(1.0,0.0,0.0));
#1603=ORIENTED_EDGE('',*,*,#2804,.F.);
#1604=ORIENTED_EDGE('',*,*,#3018,.F.);
#1605=ORIENTED_EDGE('',*,*,#3019,.F.);
#1606=CARTESIAN_POINT('',(0.0,0.0,0.01));
#1607=DIRECTION('',(0.0,0.0,1.0));
#1608=DIRECTION('',(1.0,0.0,0.0));
#1609=ORIENTED_EDGE('',*,*,#3020,.F.);
#1610=ORIENTED_EDGE('',*,*,#3021,.F.);
#1611=ORIENTED_EDGE('',*,*,#2853,.F.);
#1612=CARTESIAN_POINT('',(0.0,0.0,0.01));
#1613=DIRECTION('',(0.0,0.0,1.0));
#1614=DIRECTION('',(1.0,0.0,0.0));
#1615=ORIENTED_EDGE('',*,*,#2866,.T.);
#1616=ORIENTED_EDGE('',*,*,#3022,.T.);
#1617=ORIENTED_EDGE('',*,*,#3023,.T.);
#1618=ORIENTED_EDGE('',*,*,#2869,.T.);
#1619=ORIENTED_EDGE('',*,*,#2902,.F.);
#1620=ORIENTED_EDGE('',*,*,#2969,.F.);
#1621=ORIENTED_EDGE('',*,*,#2890,.F.);
#1622=CARTESIAN_POINT('',(0.004714286,-0.004714286,-0.004714286));
#1623=DIRECTION('',(0.786333628282593,0.436852048771625,0.436852048771625));
#1624=DIRECTION('',(-0.485642959262217,0.874157260519546,-4.57166412940445E-16));
#1625=ORIENTED_EDGE('',*,*,#3024,.T.);
#1626=ORIENTED_EDGE('',*,*,#3025,.F.);
#1627=ORIENTED_EDGE('',*,*,#2871,.F.);
#1628=ORIENTED_EDGE('',*,*,#3026,.T.);
#1629=ORIENTED_EDGE('',*,*,#3027,.T.);
#1630=ORIENTED_EDGE('',*,*,#3028,.T.);
#1631=CARTESIAN_POINT('',(0.01,-0.0032,-3.17482407204736E-20));
#1632=DIRECTION('',(0.0,0.624694940423028,-0.780868895148135));
#1633=DIRECTION('',(0.0,0.780868895148135,0.624694940423028));
#1634=ORIENTED_EDGE('',*,*,#2860,.T.);
#1635=ORIENTED_EDGE('',*,*,#3029,.F.);
#1636=ORIENTED_EDGE('',*,*,#3030,.F.);
#1637=ORIENTED_EDGE('',*,*,#2863,.T.);
#1638=ORIENTED_EDGE('',*,*,#3027,.F.);
#1639=ORIENTED_EDGE('',*,*,#3031,.T.);
#1640=CARTESIAN_POINT('',(0.01,-0.0032,0.0));
#1641=DIRECTION('',(-0.707106781186547,-0.707106781186547,0.0));
#1642=DIRECTION('',(0.707106781186548,-0.707106781186548,0.0));
#1643=ORIENTED_EDGE('',*,*,#3032,.T.);
#1644=ORIENTED_EDGE('',*,*,#3033,.F.);
#1645=ORIENTED_EDGE('',*,*,#2654,.T.);
#1646=ORIENTED_EDGE('',*,*,#3034,.T.);
#1647=ORIENTED_EDGE('',*,*,#2712,.T.);
#1648=ORIENTED_EDGE('',*,*,#3035,.T.);
#1649=ORIENTED_EDGE('',*,*,#3036,.F.);
#1650=CARTESIAN_POINT('',(0.01,0.001777778,0.001777778));
#1651=DIRECTION('',(0.0,-0.780868895148135,0.624694940423028));
#1652=DIRECTION('',(0.0,-0.624694940423028,-0.780868895148135));
#1653=ORIENTED_EDGE('',*,*,#3037,.T.);
#1654=ORIENTED_EDGE('',*,*,#3028,.F.);
#1655=ORIENTED_EDGE('',*,*,#2862,.F.);
#1656=ORIENTED_EDGE('',*,*,#3038,.T.);
#1657=ORIENTED_EDGE('',*,*,#3039,.T.);
#1658=ORIENTED_EDGE('',*,*,#3040,.T.);
#1659=CARTESIAN_POINT('',(0.01,-0.0032,-3.17482407204736E-20));
#1660=DIRECTION('',(0.0,0.624694940423028,0.780868895148135));
#1661=DIRECTION('',(0.0,-0.780868895148135,0.624694940423028));
#1662=ORIENTED_EDGE('',*,*,#2855,.T.);
#1663=ORIENTED_EDGE('',*,*,#3041,.F.);
#1664=ORIENTED_EDGE('',*,*,#3039,.F.);
#1665=ORIENTED_EDGE('',*,*,#3042,.T.);
#1666=ORIENTED_EDGE('',*,*,#2857,.T.);
#1667=ORIENTED_EDGE('',*,*,#3043,.T.);
#1668=ORIENTED_EDGE('',*,*,#3044,.F.);
#1669=ORIENTED_EDGE('',*,*,#2661,.T.);
#1670=CARTESIAN_POINT('',(0.004714286,-0.004714286,0.004714286));
#1671=DIRECTION('',(0.786333628282593,0.436852048771625,-0.436852048771625));
#1672=DIRECTION('',(-0.485642959262217,0.874157260519546,4.57166412940445E-16));
#1673=ORIENTED_EDGE('',*,*,#3045,.T.);
#1674=ORIENTED_EDGE('',*,*,#3040,.F.);
#1675=ORIENTED_EDGE('',*,*,#3041,.T.);
#1676=ORIENTED_EDGE('',*,*,#2859,.T.);
#1677=ORIENTED_EDGE('',*,*,#3046,.T.);
#1678=ORIENTED_EDGE('',*,*,#3047,.T.);
#1679=ORIENTED_EDGE('',*,*,#3033,.T.);
#1680=CARTESIAN_POINT('',(0.01,-0.001777778,0.001777778));
#1681=DIRECTION('',(0.0,0.780868895148135,0.624694940423028));
#1682=DIRECTION('',(0.0,-0.624694940423028,0.780868895148135));
#1683=ORIENTED_EDGE('',*,*,#3048,.T.);
#1684=ORIENTED_EDGE('',*,*,#2829,.T.);
#1685=ORIENTED_EDGE('',*,*,#3049,.T.);
#1686=ORIENTED_EDGE('',*,*,#3050,.T.);
#1687=ORIENTED_EDGE('',*,*,#2832,.T.);
#1688=ORIENTED_EDGE('',*,*,#3051,.T.);
#1689=ORIENTED_EDGE('',*,*,#3052,.T.);
#1690=ORIENTED_EDGE('',*,*,#2838,.T.);
#1691=ORIENTED_EDGE('',*,*,#3053,.T.);
#1692=ORIENTED_EDGE('',*,*,#3054,.T.);
#1693=ORIENTED_EDGE('',*,*,#2844,.T.);
#1694=ORIENTED_EDGE('',*,*,#3055,.T.);
#1695=ORIENTED_EDGE('',*,*,#3056,.T.);
#1696=ORIENTED_EDGE('',*,*,#3057,.T.);
#1697=ORIENTED_EDGE('',*,*,#2786,.T.);
#1698=ORIENTED_EDGE('',*,*,#3058,.T.);
#1699=ORIENTED_EDGE('',*,*,#3059,.T.);
#1700=ORIENTED_EDGE('',*,*,#2817,.T.);
#1701=ORIENTED_EDGE('',*,*,#3060,.T.);
#1702=ORIENTED_EDGE('',*,*,#3061,.T.);
#1703=ORIENTED_EDGE('',*,*,#2731,.T.);
#1704=ORIENTED_EDGE('',*,*,#3062,.T.);
#1705=ORIENTED_EDGE('',*,*,#3063,.T.);
#1706=ORIENTED_EDGE('',*,*,#2701,.T.);
#1707=ORIENTED_EDGE('',*,*,#3064,.T.);
#1708=ORIENTED_EDGE('',*,*,#3065,.T.);
#1709=ORIENTED_EDGE('',*,*,#3066,.T.);
#1710=ORIENTED_EDGE('',*,*,#3067,.T.);
#1711=ORIENTED_EDGE('',*,*,#3068,.T.);
#1712=ORIENTED_EDGE('',*,*,#3069,.T.);
#1713=ORIENTED_EDGE('',*,*,#3070,.T.);
#1714=ORIENTED_EDGE('',*,*,#3071,.T.);
#1715=CARTESIAN_POINT('',(-0.01,0.0,0.0));
#1716=DIRECTION('',(1.0,0.0,0.0));
#1717=DIRECTION('',(0.0,1.0,0.0));
#1718=ORIENTED_EDGE('',*,*,#3019,.T.);
#1719=ORIENTED_EDGE('',*,*,#3072,.F.);
#1720=ORIENTED_EDGE('',*,*,#3073,.T.);
#1721=ORIENTED_EDGE('',*,*,#2805,.T.);
#1722=CARTESIAN_POINT('',(0.0,-0.01,0.0));
#1723=DIRECTION('',(0.0,1.0,-0.0));
#1724=DIRECTION('',(-1.0,0.0,0.0));
#1725=ORIENTED_EDGE('',*,*,#2945,.F.);
#1726=ORIENTED_EDGE('',*,*,#2964,.T.);
#1727=ORIENTED_EDGE('',*,*,#2906,.T.);
#1728=ORIENTED_EDGE('',*,*,#2966,.F.);
#1729=CARTESIAN_POINT('',(0.0,-0.01,0.0));
#1730=DIRECTION('',(0.0,1.0,-0.0));
#1731=DIRECTION('',(-1.0,0.0,0.0));
#1732=ORIENTED_EDGE('',*,*,#2849,.T.);
#1733=ORIENTED_EDGE('',*,*,#3074,.F.);
#1734=ORIENTED_EDGE('',*,*,#3075,.T.);
#1735=ORIENTED_EDGE('',*,*,#2851,.T.);
#1736=ORIENTED_EDGE('',*,*,#2685,.F.);
#1737=ORIENTED_EDGE('',*,*,#3076,.F.);
#1738=ORIENTED_EDGE('',*,*,#3077,.F.);
#1739=ORIENTED_EDGE('',*,*,#2827,.F.);
#1740=CARTESIAN_POINT('',(-0.004714286,0.004714286,0.004714286));
#1741=DIRECTION('',(-0.577350269189626,0.577350269189626,0.577350269189626));
#1742=DIRECTION('',(-0.707106781186548,-0.707106781186548,0.0));
#1743=ORIENTED_EDGE('',*,*,#3020,.T.);
#1744=ORIENTED_EDGE('',*,*,#2852,.F.);
#1745=ORIENTED_EDGE('',*,*,#3075,.F.);
#1746=ORIENTED_EDGE('',*,*,#3078,.F.);
#1747=CARTESIAN_POINT('',(0.0,0.01,0.0));
#1748=DIRECTION('',(0.0,1.0,-0.0));
#1749=DIRECTION('',(-1.0,0.0,0.0));
#1750=ORIENTED_EDGE('',*,*,#2843,.T.);
#1751=ORIENTED_EDGE('',*,*,#2927,.F.);
#1752=ORIENTED_EDGE('',*,*,#3079,.F.);
#1753=ORIENTED_EDGE('',*,*,#2846,.T.);
#1754=ORIENTED_EDGE('',*,*,#3080,.T.);
#1755=ORIENTED_EDGE('',*,*,#3055,.F.);
#1756=CARTESIAN_POINT('',(-0.01,0.0,-0.0032));
#1757=DIRECTION('',(0.707106781186547,0.0,-0.707106781186547));
#1758=DIRECTION('',(-0.707106781186548,0.0,-0.707106781186548));
#1759=ORIENTED_EDGE('',*,*,#3064,.F.);
#1760=ORIENTED_EDGE('',*,*,#3081,.T.);
#1761=ORIENTED_EDGE('',*,*,#2784,.F.);
#1762=ORIENTED_EDGE('',*,*,#3082,.F.);
#1763=ORIENTED_EDGE('',*,*,#3056,.F.);
#1764=ORIENTED_EDGE('',*,*,#3080,.F.);
#1765=ORIENTED_EDGE('',*,*,#3083,.T.);
#1766=CARTESIAN_POINT('',(-0.01,-0.001777778,-0.001777778));
#1767=DIRECTION('',(0.0,0.780868895148135,-0.624694940423028));
#1768=DIRECTION('',(0.0,0.624694940423028,0.780868895148135));
#1769=ORIENTED_EDGE('',*,*,#3065,.F.);
#1770=ORIENTED_EDGE('',*,*,#3083,.F.);
#1771=ORIENTED_EDGE('',*,*,#2845,.F.);
#1772=ORIENTED_EDGE('',*,*,#3054,.F.);
#1773=ORIENTED_EDGE('',*,*,#3084,.F.);
#1774=ORIENTED_EDGE('',*,*,#2840,.F.);
#1775=ORIENTED_EDGE('',*,*,#3085,.T.);
#1776=CARTESIAN_POINT('',(-0.01,3.17482407204736E-20,-0.0032));
#1777=DIRECTION('',(0.0,0.780868895148135,0.624694940423028));
#1778=DIRECTION('',(0.0,-0.624694940423028,0.780868895148135));
#1779=ORIENTED_EDGE('',*,*,#2837,.T.);
#1780=ORIENTED_EDGE('',*,*,#2675,.F.);
#1781=ORIENTED_EDGE('',*,*,#3086,.F.);
#1782=ORIENTED_EDGE('',*,*,#3087,.F.);
#1783=ORIENTED_EDGE('',*,*,#2841,.T.);
#1784=ORIENTED_EDGE('',*,*,#3084,.T.);
#1785=ORIENTED_EDGE('',*,*,#3053,.F.);
#1786=CARTESIAN_POINT('',(-0.01,0.001777778,-0.001777778));
#1787=DIRECTION('',(0.786333628282593,0.436852048771625,-0.436852048771625));
#1788=DIRECTION('',(-0.485642959262217,0.874157260519545,1.42661859748841E-16));
#1789=ORIENTED_EDGE('',*,*,#3066,.F.);
#1790=ORIENTED_EDGE('',*,*,#3085,.F.);
#1791=ORIENTED_EDGE('',*,*,#2839,.F.);
#1792=ORIENTED_EDGE('',*,*,#3052,.F.);
#1793=ORIENTED_EDGE('',*,*,#3088,.T.);
#1794=ORIENTED_EDGE('',*,*,#3089,.T.);
#1795=CARTESIAN_POINT('',(-0.01,0.0032,3.17482407204736E-20));
#1796=DIRECTION('',(0.0,-0.624694940423028,-0.780868895148135));
#1797=DIRECTION('',(0.0,0.780868895148135,-0.624694940423028));
#1798=ORIENTED_EDGE('',*,*,#2831,.T.);
#1799=ORIENTED_EDGE('',*,*,#3090,.T.);
#1800=ORIENTED_EDGE('',*,*,#3091,.F.);
#1801=ORIENTED_EDGE('',*,*,#2834,.T.);
#1802=ORIENTED_EDGE('',*,*,#3088,.F.);
#1803=ORIENTED_EDGE('',*,*,#3051,.F.);
#1804=CARTESIAN_POINT('',(-0.01,0.0032,0.0));
#1805=DIRECTION('',(0.707106781186547,0.707106781186547,0.0));
#1806=DIRECTION('',(-0.707106781186548,0.707106781186548,0.0));
#1807=ORIENTED_EDGE('',*,*,#3067,.F.);
#1808=ORIENTED_EDGE('',*,*,#3089,.F.);
#1809=ORIENTED_EDGE('',*,*,#2833,.F.);
#1810=ORIENTED_EDGE('',*,*,#3050,.F.);
#1811=ORIENTED_EDGE('',*,*,#3092,.T.);
#1812=ORIENTED_EDGE('',*,*,#3093,.T.);
#1813=CARTESIAN_POINT('',(-0.01,0.0032,3.17482407204736E-20));
#1814=DIRECTION('',(0.0,-0.624694940423028,0.780868895148135));
#1815=DIRECTION('',(0.0,-0.780868895148135,-0.624694940423028));
#1816=ORIENTED_EDGE('',*,*,#2824,.T.);
#1817=ORIENTED_EDGE('',*,*,#3094,.F.);
#1818=ORIENTED_EDGE('',*,*,#3092,.F.);
#1819=ORIENTED_EDGE('',*,*,#3049,.F.);
#1820=ORIENTED_EDGE('',*,*,#2828,.T.);
#1821=ORIENTED_EDGE('',*,*,#3077,.T.);
#1822=ORIENTED_EDGE('',*,*,#3095,.T.);
#1823=ORIENTED_EDGE('',*,*,#3096,.T.);
#1824=CARTESIAN_POINT('',(-0.004714286,0.004714286,0.004714286));
#1825=DIRECTION('',(-0.786333628282593,-0.436852048771625,-0.436852048771625));
#1826=DIRECTION('',(0.485642959262217,-0.874157260519546,4.57166412940445E-16));
#1827=ORIENTED_EDGE('',*,*,#2991,.T.);
#1828=ORIENTED_EDGE('',*,*,#2634,.T.);
#1829=ORIENTED_EDGE('',*,*,#3097,.T.);
#1830=ORIENTED_EDGE('',*,*,#3098,.T.);
#1831=CARTESIAN_POINT('',(0.0,-0.01,0.0));
#1832=DIRECTION('',(0.0,1.0,-0.0));
#1833=DIRECTION('',(-1.0,0.0,0.0));
#1834=ORIENTED_EDGE('',*,*,#3099,.T.);
#1835=ORIENTED_EDGE('',*,*,#2810,.T.);
#1836=ORIENTED_EDGE('',*,*,#3100,.T.);
#1837=ORIENTED_EDGE('',*,*,#3101,.T.);
#1838=ORIENTED_EDGE('',*,*,#2813,.T.);
#1839=ORIENTED_EDGE('',*,*,#3102,.T.);
#1840=ORIENTED_EDGE('',*,*,#3103,.T.);
#1841=ORIENTED_EDGE('',*,*,#2819,.T.);
#1842=ORIENTED_EDGE('',*,*,#3104,.T.);
#1843=ORIENTED_EDGE('',*,*,#3105,.T.);
#1844=ORIENTED_EDGE('',*,*,#2977,.T.);
#1845=ORIENTED_EDGE('',*,*,#2894,.T.);
#1846=ORIENTED_EDGE('',*,*,#3106,.T.);
#1847=ORIENTED_EDGE('',*,*,#3107,.T.);
#1848=ORIENTED_EDGE('',*,*,#2778,.T.);
#1849=ORIENTED_EDGE('',*,*,#3108,.T.);
#1850=ORIENTED_EDGE('',*,*,#3029,.T.);
#1851=ORIENTED_EDGE('',*,*,#2865,.T.);
#1852=ORIENTED_EDGE('',*,*,#3109,.T.);
#1853=ORIENTED_EDGE('',*,*,#3110,.T.);
#1854=ORIENTED_EDGE('',*,*,#2719,.T.);
#1855=ORIENTED_EDGE('',*,*,#3111,.T.);
#1856=ORIENTED_EDGE('',*,*,#2724,.T.);
#1857=ORIENTED_EDGE('',*,*,#3112,.T.);
#1858=ORIENTED_EDGE('',*,*,#3113,.T.);
#1859=ORIENTED_EDGE('',*,*,#3114,.T.);
#1860=ORIENTED_EDGE('',*,*,#3115,.T.);
#1861=ORIENTED_EDGE('',*,*,#3116,.T.);
#1862=ORIENTED_EDGE('',*,*,#3117,.T.);
#1863=ORIENTED_EDGE('',*,*,#3118,.T.);
#1864=ORIENTED_EDGE('',*,*,#3119,.T.);
#1865=ORIENTED_EDGE('',*,*,#3120,.T.);
#1866=CARTESIAN_POINT('',(0.0,-0.01,0.0));
#1867=DIRECTION('',(0.0,1.0,-0.0));
#1868=DIRECTION('',(-1.0,0.0,0.0));
#1869=ORIENTED_EDGE('',*,*,#3113,.F.);
#1870=ORIENTED_EDGE('',*,*,#3121,.T.);
#1871=ORIENTED_EDGE('',*,*,#2776,.F.);
#1872=ORIENTED_EDGE('',*,*,#3122,.F.);
#1873=ORIENTED_EDGE('',*,*,#3106,.F.);
#1874=ORIENTED_EDGE('',*,*,#2893,.F.);
#1875=ORIENTED_EDGE('',*,*,#3123,.T.);
#1876=CARTESIAN_POINT('',(-3.17482407204736E-20,-0.01,-0.0032));
#1877=DIRECTION('',(0.780868895148135,0.0,0.624694940423028));
#1878=DIRECTION('',(0.624694940423028,0.0,-0.780868895148135));
#1879=ORIENTED_EDGE('',*,*,#3114,.F.);
#1880=ORIENTED_EDGE('',*,*,#3123,.F.);
#1881=ORIENTED_EDGE('',*,*,#2978,.F.);
#1882=ORIENTED_EDGE('',*,*,#3105,.F.);
#1883=ORIENTED_EDGE('',*,*,#3124,.F.);
#1884=ORIENTED_EDGE('',*,*,#2821,.F.);
#1885=ORIENTED_EDGE('',*,*,#3125,.T.);
#1886=CARTESIAN_POINT('',(-0.001777778,-0.01,-0.001777778));
#1887=DIRECTION('',(0.780868895148135,0.0,-0.624694940423028));
#1888=DIRECTION('',(-0.624694940423028,0.0,-0.780868895148135));
#1889=ORIENTED_EDGE('',*,*,#2818,.T.);
#1890=ORIENTED_EDGE('',*,*,#2908,.F.);
#1891=ORIENTED_EDGE('',*,*,#2963,.F.);
#1892=ORIENTED_EDGE('',*,*,#3126,.F.);
#1893=ORIENTED_EDGE('',*,*,#2822,.T.);
#1894=ORIENTED_EDGE('',*,*,#3124,.T.);
#1895=ORIENTED_EDGE('',*,*,#3104,.F.);
#1896=CARTESIAN_POINT('',(-0.001777778,-0.01,-0.001777778));
#1897=DIRECTION('',(-0.436852048771625,0.786333628282593,-0.436852048771625));
#1898=DIRECTION('',(-0.874157260519545,-0.485642959262217,1.42661859748841E-16));
#1899=ORIENTED_EDGE('',*,*,#3115,.F.);
#1900=ORIENTED_EDGE('',*,*,#3125,.F.);
#1901=ORIENTED_EDGE('',*,*,#2820,.F.);
#1902=ORIENTED_EDGE('',*,*,#3103,.F.);
#1903=ORIENTED_EDGE('',*,*,#3127,.T.);
#1904=ORIENTED_EDGE('',*,*,#3128,.T.);
#1905=CARTESIAN_POINT('',(-0.001777778,-0.01,-0.001777778));
#1906=DIRECTION('',(-0.624694940423028,0.0,0.780868895148135));
#1907=DIRECTION('',(0.780868895148135,0.0,0.624694940423028));
#1908=ORIENTED_EDGE('',*,*,#2812,.T.);
#1909=ORIENTED_EDGE('',*,*,#3059,.F.);
#1910=ORIENTED_EDGE('',*,*,#3129,.F.);
#1911=ORIENTED_EDGE('',*,*,#2815,.T.);
#1912=ORIENTED_EDGE('',*,*,#3127,.F.);
#1913=ORIENTED_EDGE('',*,*,#3102,.F.);
#1914=CARTESIAN_POINT('',(-0.0032,-0.01,0.0));
#1915=DIRECTION('',(-0.707106781186547,0.707106781186547,0.0));
#1916=DIRECTION('',(-0.707106781186548,-0.707106781186548,0.0));
#1917=ORIENTED_EDGE('',*,*,#3116,.F.);
#1918=ORIENTED_EDGE('',*,*,#3128,.F.);
#1919=ORIENTED_EDGE('',*,*,#2814,.F.);
#1920=ORIENTED_EDGE('',*,*,#3101,.F.);
#1921=ORIENTED_EDGE('',*,*,#3130,.T.);
#1922=ORIENTED_EDGE('',*,*,#3131,.T.);
#1923=CARTESIAN_POINT('',(-0.0032,-0.01,3.17482407204736E-20));
#1924=DIRECTION('',(0.624694940423028,0.0,0.780868895148135));
#1925=DIRECTION('',(0.780868895148135,0.0,-0.624694940423028));
#1926=ORIENTED_EDGE('',*,*,#2806,.T.);
#1927=ORIENTED_EDGE('',*,*,#3132,.F.);
#1928=ORIENTED_EDGE('',*,*,#3130,.F.);
#1929=ORIENTED_EDGE('',*,*,#3100,.F.);
#1930=ORIENTED_EDGE('',*,*,#2809,.T.);
#1931=ORIENTED_EDGE('',*,*,#3133,.T.);
#1932=ORIENTED_EDGE('',*,*,#3134,.T.);
#1933=ORIENTED_EDGE('',*,*,#2707,.T.);
#1934=CARTESIAN_POINT('',(-0.004714286,-0.004714286,0.004714286));
#1935=DIRECTION('',(0.436852048771625,-0.786333628282593,-0.436852048771625));
#1936=DIRECTION('',(0.874157260519546,0.485642959262217,4.57166412940445E-16));
#1937=ORIENTED_EDGE('',*,*,#2799,.T.);
#1938=ORIENTED_EDGE('',*,*,#3073,.F.);
#1939=ORIENTED_EDGE('',*,*,#3135,.F.);
#1940=ORIENTED_EDGE('',*,*,#2802,.T.);
#1941=ORIENTED_EDGE('',*,*,#2733,.F.);
#1942=ORIENTED_EDGE('',*,*,#3136,.F.);
#1943=ORIENTED_EDGE('',*,*,#3133,.F.);
#1944=ORIENTED_EDGE('',*,*,#2808,.F.);
#1945=CARTESIAN_POINT('',(-0.004714286,-0.004714286,0.004714286));
#1946=DIRECTION('',(-0.577350269189626,-0.577350269189626,0.577350269189626));
#1947=DIRECTION('',(0.707106781186548,-0.707106781186548,0.0));
#1948=ORIENTED_EDGE('',*,*,#3137,.F.);
#1949=ORIENTED_EDGE('',*,*,#3090,.F.);
#1950=ORIENTED_EDGE('',*,*,#2836,.F.);
#1951=ORIENTED_EDGE('',*,*,#3138,.F.);
#1952=ORIENTED_EDGE('',*,*,#3139,.F.);
#1953=ORIENTED_EDGE('',*,*,#2690,.F.);
#1954=ORIENTED_EDGE('',*,*,#3140,.F.);
#1955=ORIENTED_EDGE('',*,*,#3141,.F.);
#1956=ORIENTED_EDGE('',*,*,#2639,.F.);
#1957=ORIENTED_EDGE('',*,*,#3142,.F.);
#1958=ORIENTED_EDGE('',*,*,#2680,.F.);
#1959=ORIENTED_EDGE('',*,*,#3143,.F.);
#1960=ORIENTED_EDGE('',*,*,#3144,.F.);
#1961=ORIENTED_EDGE('',*,*,#2739,.F.);
#1962=ORIENTED_EDGE('',*,*,#3145,.F.);
#1963=ORIENTED_EDGE('',*,*,#3146,.F.);
#1964=ORIENTED_EDGE('',*,*,#2746,.F.);
#1965=ORIENTED_EDGE('',*,*,#3147,.F.);
#1966=ORIENTED_EDGE('',*,*,#3148,.F.);
#1967=ORIENTED_EDGE('',*,*,#2753,.F.);
#1968=ORIENTED_EDGE('',*,*,#3149,.F.);
#1969=ORIENTED_EDGE('',*,*,#3150,.F.);
#1970=ORIENTED_EDGE('',*,*,#3151,.F.);
#1971=ORIENTED_EDGE('',*,*,#2765,.F.);
#1972=ORIENTED_EDGE('',*,*,#3152,.F.);
#1973=ORIENTED_EDGE('',*,*,#3153,.F.);
#1974=ORIENTED_EDGE('',*,*,#3154,.F.);
#1975=ORIENTED_EDGE('',*,*,#3155,.F.);
#1976=ORIENTED_EDGE('',*,*,#3156,.F.);
#1977=ORIENTED_EDGE('',*,*,#3157,.F.);
#1978=ORIENTED_EDGE('',*,*,#3158,.F.);
#1979=ORIENTED_EDGE('',*,*,#3159,.F.);
#1980=CARTESIAN_POINT('',(0.0,0.01,0.0));
#1981=DIRECTION('',(0.0,1.0,-0.0));
#1982=DIRECTION('',(-1.0,0.0,0.0));
#1983=ORIENTED_EDGE('',*,*,#2939,.F.);
#1984=ORIENTED_EDGE('',*,*,#3160,.T.);
#1985=ORIENTED_EDGE('',*,*,#3079,.T.);
#1986=ORIENTED_EDGE('',*,*,#2926,.F.);
#1987=ORIENTED_EDGE('',*,*,#2793,.T.);
#1988=ORIENTED_EDGE('',*,*,#2973,.F.);
#1989=CARTESIAN_POINT('',(-0.001777778,-0.001777778,-0.01));
#1990=DIRECTION('',(-0.624694940423028,0.780868895148135,0.0));
#1991=DIRECTION('',(-0.780868895148135,-0.624694940423028,0.0));
#1992=ORIENTED_EDGE('',*,*,#2938,.F.);
#1993=ORIENTED_EDGE('',*,*,#3161,.T.);
#1994=ORIENTED_EDGE('',*,*,#3162,.T.);
#1995=ORIENTED_EDGE('',*,*,#2928,.F.);
#1996=ORIENTED_EDGE('',*,*,#2847,.T.);
#1997=ORIENTED_EDGE('',*,*,#3160,.F.);
#1998=CARTESIAN_POINT('',(-0.001777778,0.001777778,-0.01));
#1999=DIRECTION('',(-0.624694940423028,-0.780868895148135,0.0));
#2000=DIRECTION('',(0.780868895148135,-0.624694940423028,0.0));
#2001=ORIENTED_EDGE('',*,*,#2937,.F.);
#2002=ORIENTED_EDGE('',*,*,#3163,.F.);
#2003=ORIENTED_EDGE('',*,*,#3164,.T.);
#2004=ORIENTED_EDGE('',*,*,#2930,.F.);
#2005=ORIENTED_EDGE('',*,*,#2770,.T.);
#2006=ORIENTED_EDGE('',*,*,#3165,.T.);
#2007=ORIENTED_EDGE('',*,*,#3161,.F.);
#2008=CARTESIAN_POINT('',(-0.001777778,0.001777778,-0.01));
#2009=DIRECTION('',(0.780868895148135,0.624694940423028,0.0));
#2010=DIRECTION('',(-0.624694940423028,0.780868895148135,0.0));
#2011=ORIENTED_EDGE('',*,*,#2936,.F.);
#2012=ORIENTED_EDGE('',*,*,#2987,.F.);
#2013=ORIENTED_EDGE('',*,*,#2989,.T.);
#2014=ORIENTED_EDGE('',*,*,#2875,.T.);
#2015=ORIENTED_EDGE('',*,*,#2916,.F.);
#2016=ORIENTED_EDGE('',*,*,#2750,.T.);
#2017=ORIENTED_EDGE('',*,*,#3163,.T.);
#2018=CARTESIAN_POINT('',(0.001777778,0.001777778,-0.01));
#2019=DIRECTION('',(-0.780868895148135,0.624694940423028,0.0));
#2020=DIRECTION('',(-0.624694940423028,-0.780868895148135,0.0));
#2021=ORIENTED_EDGE('',*,*,#2791,.T.);
#2022=ORIENTED_EDGE('',*,*,#3126,.T.);
#2023=ORIENTED_EDGE('',*,*,#2962,.F.);
#2024=ORIENTED_EDGE('',*,*,#2795,.T.);
#2025=ORIENTED_EDGE('',*,*,#2925,.F.);
#2026=ORIENTED_EDGE('',*,*,#2974,.F.);
#2027=CARTESIAN_POINT('',(-0.001777778,-0.001777778,-0.01));
#2028=DIRECTION('',(-0.436852048771625,-0.436852048771625,0.786333628282593));
#2029=DIRECTION('',(0.874157260519545,-9.43873934501673E-17,0.485642959262217));
#2030=ORIENTED_EDGE('',*,*,#2783,.T.);
#2031=ORIENTED_EDGE('',*,*,#2797,.F.);
#2032=ORIENTED_EDGE('',*,*,#2961,.F.);
#2033=ORIENTED_EDGE('',*,*,#2909,.F.);
#2034=ORIENTED_EDGE('',*,*,#2787,.T.);
#2035=ORIENTED_EDGE('',*,*,#3057,.F.);
#2036=ORIENTED_EDGE('',*,*,#3082,.T.);
#2037=CARTESIAN_POINT('',(-0.01,-0.001777778,-0.001777778));
#2038=DIRECTION('',(0.786333628282593,-0.436852048771625,-0.436852048771625));
#2039=DIRECTION('',(0.485642959262217,0.874157260519545,-9.99713787815478E-17));
#2040=ORIENTED_EDGE('',*,*,#2775,.T.);
#2041=ORIENTED_EDGE('',*,*,#2981,.F.);
#2042=ORIENTED_EDGE('',*,*,#2967,.F.);
#2043=ORIENTED_EDGE('',*,*,#2903,.F.);
#2044=ORIENTED_EDGE('',*,*,#2779,.T.);
#2045=ORIENTED_EDGE('',*,*,#3107,.F.);
#2046=ORIENTED_EDGE('',*,*,#3122,.T.);
#2047=CARTESIAN_POINT('',(0.001777778,-0.01,-0.001777778));
#2048=DIRECTION('',(0.436852048771625,0.786333628282593,-0.436852048771625));
#2049=DIRECTION('',(-0.874157260519545,0.485642959262217,-9.99713787815478E-17));
#2050=ORIENTED_EDGE('',*,*,#2769,.T.);
#2051=ORIENTED_EDGE('',*,*,#2768,.T.);
#2052=ORIENTED_EDGE('',*,*,#2842,.T.);
#2053=ORIENTED_EDGE('',*,*,#3087,.T.);
#2054=ORIENTED_EDGE('',*,*,#3166,.T.);
#2055=ORIENTED_EDGE('',*,*,#2772,.T.);
#2056=ORIENTED_EDGE('',*,*,#2929,.F.);
#2057=ORIENTED_EDGE('',*,*,#3162,.F.);
#2058=ORIENTED_EDGE('',*,*,#3165,.F.);
#2059=CARTESIAN_POINT('',(-0.001777778,0.001777778,-0.01));
#2060=DIRECTION('',(-0.436852048771625,0.436852048771625,0.786333628282593));
#2061=DIRECTION('',(0.874157260519545,9.43873934501673E-17,0.485642959262217));
#2062=ORIENTED_EDGE('',*,*,#2762,.T.);
#2063=ORIENTED_EDGE('',*,*,#2774,.F.);
#2064=ORIENTED_EDGE('',*,*,#3167,.F.);
#2065=ORIENTED_EDGE('',*,*,#2678,.F.);
#2066=ORIENTED_EDGE('',*,*,#2766,.T.);
#2067=ORIENTED_EDGE('',*,*,#3151,.T.);
#2068=ORIENTED_EDGE('',*,*,#3168,.T.);
#2069=CARTESIAN_POINT('',(-0.001777778,0.01,-0.001777778));
#2070=DIRECTION('',(-0.436852048771625,-0.786333628282593,-0.436852048771625));
#2071=DIRECTION('',(0.874157260519545,-0.485642959262217,-9.99713787815478E-17));
#2072=ORIENTED_EDGE('',*,*,#2755,.T.);
#2073=ORIENTED_EDGE('',*,*,#3169,.T.);
#2074=ORIENTED_EDGE('',*,*,#3170,.T.);
#2075=ORIENTED_EDGE('',*,*,#2758,.T.);
#2076=ORIENTED_EDGE('',*,*,#2988,.F.);
#2077=ORIENTED_EDGE('',*,*,#2955,.F.);
#2078=ORIENTED_EDGE('',*,*,#2912,.F.);
#2079=CARTESIAN_POINT('',(0.004714286,0.004714286,-0.004714286));
#2080=DIRECTION('',(0.786333628282593,-0.436852048771625,0.436852048771625));
#2081=DIRECTION('',(0.485642959262217,0.874157260519546,4.57166412940445E-16));
#2082=ORIENTED_EDGE('',*,*,#3171,.T.);
#2083=ORIENTED_EDGE('',*,*,#3172,.T.);
#2084=ORIENTED_EDGE('',*,*,#2985,.F.);
#2085=ORIENTED_EDGE('',*,*,#3173,.T.);
#2086=ORIENTED_EDGE('',*,*,#3022,.F.);
#2087=ORIENTED_EDGE('',*,*,#2872,.F.);
#2088=ORIENTED_EDGE('',*,*,#3025,.T.);
#2089=CARTESIAN_POINT('',(0.01,3.17482407204736E-20,-0.0032));
#2090=DIRECTION('',(0.0,-0.780868895148135,0.624694940423028));
#2091=DIRECTION('',(0.0,-0.624694940423028,-0.780868895148135));
#2092=ORIENTED_EDGE('',*,*,#3157,.T.);
#2093=ORIENTED_EDGE('',*,*,#3174,.T.);
#2094=ORIENTED_EDGE('',*,*,#2763,.F.);
#2095=ORIENTED_EDGE('',*,*,#3168,.F.);
#2096=ORIENTED_EDGE('',*,*,#3150,.T.);
#2097=ORIENTED_EDGE('',*,*,#3175,.F.);
#2098=ORIENTED_EDGE('',*,*,#3176,.T.);
#2099=CARTESIAN_POINT('',(-0.001777778,0.01,-0.001777778));
#2100=DIRECTION('',(0.780868895148135,0.0,-0.624694940423028));
#2101=DIRECTION('',(-0.624694940423028,0.0,-0.780868895148135));
#2102=ORIENTED_EDGE('',*,*,#2749,.T.);
#2103=ORIENTED_EDGE('',*,*,#3175,.T.);
#2104=ORIENTED_EDGE('',*,*,#3149,.T.);
#2105=ORIENTED_EDGE('',*,*,#2752,.T.);
#2106=ORIENTED_EDGE('',*,*,#2931,.F.);
#2107=ORIENTED_EDGE('',*,*,#3164,.F.);
#2108=CARTESIAN_POINT('',(0.0,0.0032,-0.01));
#2109=DIRECTION('',(0.0,0.707106781186547,0.707106781186547));
#2110=DIRECTION('',(0.0,-0.707106781186548,0.707106781186548));
#2111=ORIENTED_EDGE('',*,*,#3158,.T.);
#2112=ORIENTED_EDGE('',*,*,#3176,.F.);
#2113=ORIENTED_EDGE('',*,*,#2754,.F.);
#2114=ORIENTED_EDGE('',*,*,#3148,.T.);
#2115=ORIENTED_EDGE('',*,*,#3177,.F.);
#2116=ORIENTED_EDGE('',*,*,#2748,.F.);
#2117=ORIENTED_EDGE('',*,*,#3178,.T.);
#2118=CARTESIAN_POINT('',(-3.17482407204736E-20,0.01,-0.0032));
#2119=DIRECTION('',(0.780868895148135,0.0,0.624694940423028));
#2120=DIRECTION('',(0.624694940423028,0.0,-0.780868895148135));
#2121=ORIENTED_EDGE('',*,*,#3179,.T.);
#2122=ORIENTED_EDGE('',*,*,#3180,.T.);
#2123=ORIENTED_EDGE('',*,*,#2759,.F.);
#2124=ORIENTED_EDGE('',*,*,#3170,.F.);
#2125=ORIENTED_EDGE('',*,*,#3181,.T.);
#2126=ORIENTED_EDGE('',*,*,#2880,.F.);
#2127=ORIENTED_EDGE('',*,*,#3172,.F.);
#2128=CARTESIAN_POINT('',(0.01,3.17482407204736E-20,-0.0032));
#2129=DIRECTION('',(0.0,0.780868895148135,0.624694940423028));
#2130=DIRECTION('',(0.0,-0.624694940423028,0.780868895148135));
#2131=ORIENTED_EDGE('',*,*,#2741,.T.);
#2132=ORIENTED_EDGE('',*,*,#3177,.T.);
#2133=ORIENTED_EDGE('',*,*,#3147,.T.);
#2134=ORIENTED_EDGE('',*,*,#2745,.T.);
#2135=ORIENTED_EDGE('',*,*,#2911,.F.);
#2136=ORIENTED_EDGE('',*,*,#2957,.F.);
#2137=ORIENTED_EDGE('',*,*,#2877,.F.);
#2138=CARTESIAN_POINT('',(0.004714286,0.004714286,-0.004714286));
#2139=DIRECTION('',(-0.436852048771625,0.786333628282593,0.436852048771625));
#2140=DIRECTION('',(-0.874157260519546,-0.485642959262217,-4.57166412940445E-16));
#2141=ORIENTED_EDGE('',*,*,#3159,.T.);
#2142=ORIENTED_EDGE('',*,*,#3178,.F.);
#2143=ORIENTED_EDGE('',*,*,#2747,.F.);
#2144=ORIENTED_EDGE('',*,*,#3146,.T.);
#2145=ORIENTED_EDGE('',*,*,#3182,.T.);
#2146=ORIENTED_EDGE('',*,*,#3183,.T.);
#2147=CARTESIAN_POINT('',(0.001777778,0.01,-0.001777778));
#2148=DIRECTION('',(0.624694940423028,0.0,0.780868895148135));
#2149=DIRECTION('',(0.780868895148135,0.0,-0.624694940423028));
#2150=ORIENTED_EDGE('',*,*,#3120,.F.);
#2151=ORIENTED_EDGE('',*,*,#3184,.T.);
#2152=ORIENTED_EDGE('',*,*,#3030,.T.);
#2153=ORIENTED_EDGE('',*,*,#3108,.F.);
#2154=ORIENTED_EDGE('',*,*,#2777,.F.);
#2155=ORIENTED_EDGE('',*,*,#3121,.F.);
#2156=CARTESIAN_POINT('',(0.001777778,-0.01,-0.001777778));
#2157=DIRECTION('',(0.624694940423028,0.0,0.780868895148135));
#2158=DIRECTION('',(0.780868895148135,0.0,-0.624694940423028));
#2159=ORIENTED_EDGE('',*,*,#3119,.F.);
#2160=ORIENTED_EDGE('',*,*,#3185,.T.);
#2161=ORIENTED_EDGE('',*,*,#3186,.T.);
#2162=ORIENTED_EDGE('',*,*,#3109,.F.);
#2163=ORIENTED_EDGE('',*,*,#2864,.F.);
#2164=ORIENTED_EDGE('',*,*,#3184,.F.);
#2165=CARTESIAN_POINT('',(0.001777778,-0.01,0.001777778));
#2166=DIRECTION('',(0.624694940423028,0.0,-0.780868895148135));
#2167=DIRECTION('',(-0.780868895148135,0.0,-0.624694940423028));
#2168=ORIENTED_EDGE('',*,*,#3071,.F.);
#2169=ORIENTED_EDGE('',*,*,#3187,.T.);
#2170=ORIENTED_EDGE('',*,*,#3129,.T.);
#2171=ORIENTED_EDGE('',*,*,#3058,.F.);
#2172=ORIENTED_EDGE('',*,*,#2785,.F.);
#2173=ORIENTED_EDGE('',*,*,#3081,.F.);
#2174=CARTESIAN_POINT('',(-0.01,-0.001777778,-0.001777778));
#2175=DIRECTION('',(0.0,-0.624694940423028,0.780868895148135));
#2176=DIRECTION('',(0.0,-0.780868895148135,-0.624694940423028));
#2177=ORIENTED_EDGE('',*,*,#3070,.F.);
#2178=ORIENTED_EDGE('',*,*,#3188,.T.);
#2179=ORIENTED_EDGE('',*,*,#3189,.T.);
#2180=ORIENTED_EDGE('',*,*,#3060,.F.);
#2181=ORIENTED_EDGE('',*,*,#2816,.F.);
#2182=ORIENTED_EDGE('',*,*,#3187,.F.);
#2183=CARTESIAN_POINT('',(-0.01,-0.001777778,0.001777778));
#2184=DIRECTION('',(0.0,-0.624694940423028,-0.780868895148135));
#2185=DIRECTION('',(0.0,0.780868895148135,-0.624694940423028));
#2186=ORIENTED_EDGE('',*,*,#2735,.T.);
#2187=ORIENTED_EDGE('',*,*,#3182,.F.);
#2188=ORIENTED_EDGE('',*,*,#3145,.T.);
#2189=ORIENTED_EDGE('',*,*,#2738,.T.);
#2190=ORIENTED_EDGE('',*,*,#3190,.T.);
#2191=ORIENTED_EDGE('',*,*,#3191,.F.);
#2192=CARTESIAN_POINT('',(0.01,0.0032,0.0));
#2193=DIRECTION('',(-0.707106781186547,0.707106781186547,0.0));
#2194=DIRECTION('',(-0.707106781186548,-0.707106781186548,0.0));
#2195=ORIENTED_EDGE('',*,*,#3192,.T.);
#2196=ORIENTED_EDGE('',*,*,#3193,.T.);
#2197=ORIENTED_EDGE('',*,*,#3191,.T.);
#2198=ORIENTED_EDGE('',*,*,#3194,.T.);
#2199=ORIENTED_EDGE('',*,*,#2760,.F.);
#2200=ORIENTED_EDGE('',*,*,#3180,.F.);
#2201=CARTESIAN_POINT('',(0.01,0.0032,3.17482407204736E-20));
#2202=DIRECTION('',(0.0,-0.624694940423028,-0.780868895148135));
#2203=DIRECTION('',(0.0,0.780868895148135,-0.624694940423028));
#2204=ORIENTED_EDGE('',*,*,#3195,.T.);
#2205=ORIENTED_EDGE('',*,*,#3036,.T.);
#2206=ORIENTED_EDGE('',*,*,#3196,.T.);
#2207=ORIENTED_EDGE('',*,*,#3197,.T.);
#2208=ORIENTED_EDGE('',*,*,#2736,.F.);
#2209=ORIENTED_EDGE('',*,*,#3193,.F.);
#2210=CARTESIAN_POINT('',(0.01,0.0032,3.17482407204736E-20));
#2211=DIRECTION('',(0.0,-0.624694940423028,0.780868895148135));
#2212=DIRECTION('',(0.0,-0.780868895148135,-0.624694940423028));
#2213=ORIENTED_EDGE('',*,*,#3118,.F.);
#2214=ORIENTED_EDGE('',*,*,#3198,.F.);
#2215=ORIENTED_EDGE('',*,*,#2725,.T.);
#2216=ORIENTED_EDGE('',*,*,#3111,.F.);
#2217=ORIENTED_EDGE('',*,*,#2718,.T.);
#2218=ORIENTED_EDGE('',*,*,#3199,.T.);
#2219=ORIENTED_EDGE('',*,*,#3185,.F.);
#2220=CARTESIAN_POINT('',(0.001777778,-0.01,0.001777778));
#2221=DIRECTION('',(-0.780868895148135,0.0,0.624694940423028));
#2222=DIRECTION('',(0.624694940423028,0.0,0.780868895148135));
#2223=ORIENTED_EDGE('',*,*,#3069,.F.);
#2224=ORIENTED_EDGE('',*,*,#3200,.F.);
#2225=ORIENTED_EDGE('',*,*,#3201,.T.);
#2226=ORIENTED_EDGE('',*,*,#3062,.F.);
#2227=ORIENTED_EDGE('',*,*,#2730,.T.);
#2228=ORIENTED_EDGE('',*,*,#3202,.T.);
#2229=ORIENTED_EDGE('',*,*,#3188,.F.);
#2230=CARTESIAN_POINT('',(-0.01,-0.001777778,0.001777778));
#2231=DIRECTION('',(0.0,0.780868895148135,0.624694940423028));
#2232=DIRECTION('',(0.0,-0.624694940423028,0.780868895148135));
#2233=ORIENTED_EDGE('',*,*,#2729,.T.);
#2234=ORIENTED_EDGE('',*,*,#2708,.T.);
#2235=ORIENTED_EDGE('',*,*,#3134,.F.);
#2236=ORIENTED_EDGE('',*,*,#3136,.T.);
#2237=ORIENTED_EDGE('',*,*,#2732,.T.);
#2238=ORIENTED_EDGE('',*,*,#3061,.F.);
#2239=ORIENTED_EDGE('',*,*,#3189,.F.);
#2240=ORIENTED_EDGE('',*,*,#3202,.F.);
#2241=CARTESIAN_POINT('',(-0.01,-0.001777778,0.001777778));
#2242=DIRECTION('',(0.786333628282593,-0.436852048771625,0.436852048771625));
#2243=DIRECTION('',(0.485642959262217,0.874157260519545,9.99713787815478E-17));
#2244=ORIENTED_EDGE('',*,*,#3152,.T.);
#2245=ORIENTED_EDGE('',*,*,#3183,.F.);
#2246=ORIENTED_EDGE('',*,*,#2740,.F.);
#2247=ORIENTED_EDGE('',*,*,#3144,.T.);
#2248=ORIENTED_EDGE('',*,*,#3203,.T.);
#2249=ORIENTED_EDGE('',*,*,#3204,.T.);
#2250=CARTESIAN_POINT('',(0.001777778,0.01,0.001777778));
#2251=DIRECTION('',(0.624694940423028,0.0,-0.780868895148135));
#2252=DIRECTION('',(-0.780868895148135,0.0,-0.624694940423028));
#2253=ORIENTED_EDGE('',*,*,#3117,.F.);
#2254=ORIENTED_EDGE('',*,*,#3131,.F.);
#2255=ORIENTED_EDGE('',*,*,#3132,.T.);
#2256=ORIENTED_EDGE('',*,*,#2811,.T.);
#2257=ORIENTED_EDGE('',*,*,#3099,.F.);
#2258=ORIENTED_EDGE('',*,*,#3205,.T.);
#2259=ORIENTED_EDGE('',*,*,#3198,.T.);
#2260=CARTESIAN_POINT('',(3.17482407204736E-20,-0.01,0.0032));
#2261=DIRECTION('',(-0.780868895148135,0.0,-0.624694940423028));
#2262=DIRECTION('',(-0.624694940423028,0.0,0.780868895148135));
#2263=ORIENTED_EDGE('',*,*,#2723,.T.);
#2264=ORIENTED_EDGE('',*,*,#3009,.T.);
#2265=ORIENTED_EDGE('',*,*,#3206,.T.);
#2266=ORIENTED_EDGE('',*,*,#2726,.T.);
#2267=ORIENTED_EDGE('',*,*,#3205,.F.);
#2268=ORIENTED_EDGE('',*,*,#3112,.F.);
#2269=CARTESIAN_POINT('',(0.0,-0.01,0.0032));
#2270=DIRECTION('',(0.0,0.707106781186547,0.707106781186547));
#2271=DIRECTION('',(0.0,-0.707106781186548,0.707106781186548));
#2272=ORIENTED_EDGE('',*,*,#3068,.F.);
#2273=ORIENTED_EDGE('',*,*,#3093,.F.);
#2274=ORIENTED_EDGE('',*,*,#3094,.T.);
#2275=ORIENTED_EDGE('',*,*,#2830,.T.);
#2276=ORIENTED_EDGE('',*,*,#3048,.F.);
#2277=ORIENTED_EDGE('',*,*,#2700,.T.);
#2278=ORIENTED_EDGE('',*,*,#3200,.T.);
#2279=CARTESIAN_POINT('',(-0.01,0.001777778,0.001777778));
#2280=DIRECTION('',(0.0,-0.780868895148135,0.624694940423028));
#2281=DIRECTION('',(0.0,-0.624694940423028,-0.780868895148135));
#2282=ORIENTED_EDGE('',*,*,#2717,.T.);
#2283=ORIENTED_EDGE('',*,*,#2662,.T.);
#2284=ORIENTED_EDGE('',*,*,#3044,.T.);
#2285=ORIENTED_EDGE('',*,*,#3207,.T.);
#2286=ORIENTED_EDGE('',*,*,#2720,.T.);
#2287=ORIENTED_EDGE('',*,*,#3110,.F.);
#2288=ORIENTED_EDGE('',*,*,#3186,.F.);
#2289=ORIENTED_EDGE('',*,*,#3199,.F.);
#2290=CARTESIAN_POINT('',(0.001777778,-0.01,0.001777778));
#2291=DIRECTION('',(0.436852048771625,0.786333628282593,0.436852048771625));
#2292=DIRECTION('',(-0.874157260519545,0.485642959262217,9.99713787815478E-17));
#2293=ORIENTED_EDGE('',*,*,#2711,.T.);
#2294=ORIENTED_EDGE('',*,*,#3208,.T.);
#2295=ORIENTED_EDGE('',*,*,#3209,.F.);
#2296=ORIENTED_EDGE('',*,*,#3210,.T.);
#2297=ORIENTED_EDGE('',*,*,#2714,.T.);
#2298=ORIENTED_EDGE('',*,*,#3211,.T.);
#2299=ORIENTED_EDGE('',*,*,#3196,.F.);
#2300=ORIENTED_EDGE('',*,*,#3035,.F.);
#2301=CARTESIAN_POINT('',(0.01,0.001777778,0.001777778));
#2302=DIRECTION('',(-0.786333628282593,0.436852048771625,0.436852048771625));
#2303=DIRECTION('',(-0.485642959262217,-0.874157260519545,9.99713787815478E-17));
#2304=ORIENTED_EDGE('',*,*,#2702,.T.);
#2305=ORIENTED_EDGE('',*,*,#2801,.F.);
#2306=ORIENTED_EDGE('',*,*,#2807,.F.);
#2307=ORIENTED_EDGE('',*,*,#2706,.T.);
#2308=ORIENTED_EDGE('',*,*,#3212,.T.);
#2309=ORIENTED_EDGE('',*,*,#3007,.T.);
#2310=CARTESIAN_POINT('',(-0.001777778,-0.001777778,0.01));
#2311=DIRECTION('',(-0.436852048771625,-0.436852048771625,-0.786333628282593));
#2312=DIRECTION('',(-0.874157260519545,1.41581090175251E-16,0.485642959262217));
#2313=ORIENTED_EDGE('',*,*,#3015,.T.);
#2314=ORIENTED_EDGE('',*,*,#3213,.F.);
#2315=ORIENTED_EDGE('',*,*,#2704,.F.);
#2316=ORIENTED_EDGE('',*,*,#3006,.T.);
#2317=ORIENTED_EDGE('',*,*,#3214,.F.);
#2318=ORIENTED_EDGE('',*,*,#3215,.T.);
#2319=CARTESIAN_POINT('',(-0.001777778,-0.001777778,0.01));
#2320=DIRECTION('',(-0.624694940423028,0.780868895148135,0.0));
#2321=DIRECTION('',(-0.780868895148135,-0.624694940423028,0.0));
#2322=ORIENTED_EDGE('',*,*,#2696,.T.);
#2323=ORIENTED_EDGE('',*,*,#3063,.F.);
#2324=ORIENTED_EDGE('',*,*,#3201,.F.);
#2325=ORIENTED_EDGE('',*,*,#2699,.T.);
#2326=ORIENTED_EDGE('',*,*,#3214,.T.);
#2327=ORIENTED_EDGE('',*,*,#3005,.T.);
#2328=CARTESIAN_POINT('',(-0.0032,0.0,0.01));
#2329=DIRECTION('',(-0.707106781186547,0.0,-0.707106781186547));
#2330=DIRECTION('',(-0.707106781186548,0.0,0.707106781186548));
#2331=ORIENTED_EDGE('',*,*,#3016,.T.);
#2332=ORIENTED_EDGE('',*,*,#3215,.F.);
#2333=ORIENTED_EDGE('',*,*,#2698,.F.);
#2334=ORIENTED_EDGE('',*,*,#3004,.T.);
#2335=ORIENTED_EDGE('',*,*,#3216,.F.);
#2336=ORIENTED_EDGE('',*,*,#3217,.T.);
#2337=CARTESIAN_POINT('',(-0.0032,-3.17482407204736E-20,0.01));
#2338=DIRECTION('',(0.624694940423028,0.780868895148135,0.0));
#2339=DIRECTION('',(-0.780868895148135,0.624694940423028,0.0));
#2340=ORIENTED_EDGE('',*,*,#2691,.T.);
#2341=ORIENTED_EDGE('',*,*,#3218,.T.);
#2342=ORIENTED_EDGE('',*,*,#3216,.T.);
#2343=ORIENTED_EDGE('',*,*,#3003,.T.);
#2344=ORIENTED_EDGE('',*,*,#2693,.T.);
#2345=ORIENTED_EDGE('',*,*,#2850,.T.);
#2346=ORIENTED_EDGE('',*,*,#2825,.F.);
#2347=ORIENTED_EDGE('',*,*,#3096,.F.);
#2348=ORIENTED_EDGE('',*,*,#3219,.F.);
#2349=CARTESIAN_POINT('',(-0.004714286,0.004714286,0.004714286));
#2350=DIRECTION('',(0.436852048771625,-0.436852048771625,0.786333628282593));
#2351=DIRECTION('',(0.874157260519546,4.48340118888294E-16,-0.485642959262217));
#2352=ORIENTED_EDGE('',*,*,#3017,.T.);
#2353=ORIENTED_EDGE('',*,*,#3217,.F.);
#2354=ORIENTED_EDGE('',*,*,#3218,.F.);
#2355=ORIENTED_EDGE('',*,*,#2695,.F.);
#2356=ORIENTED_EDGE('',*,*,#3002,.T.);
#2357=ORIENTED_EDGE('',*,*,#3220,.F.);
#2358=ORIENTED_EDGE('',*,*,#3221,.T.);
#2359=CARTESIAN_POINT('',(-0.001777778,0.001777778,0.01));
#2360=DIRECTION('',(0.780868895148135,0.624694940423028,0.0));
#2361=DIRECTION('',(-0.624694940423028,0.780868895148135,0.0));
#2362=ORIENTED_EDGE('',*,*,#3010,.T.);
#2363=ORIENTED_EDGE('',*,*,#3221,.F.);
#2364=ORIENTED_EDGE('',*,*,#2642,.F.);
#2365=ORIENTED_EDGE('',*,*,#3000,.T.);
#2366=ORIENTED_EDGE('',*,*,#2647,.F.);
#2367=ORIENTED_EDGE('',*,*,#3222,.F.);
#2368=ORIENTED_EDGE('',*,*,#3223,.F.);
#2369=CARTESIAN_POINT('',(0.001777778,0.001777778,0.01));
#2370=DIRECTION('',(-0.780868895148135,0.624694940423028,0.0));
#2371=DIRECTION('',(-0.624694940423028,-0.780868895148135,0.0));
#2372=ORIENTED_EDGE('',*,*,#3156,.T.);
#2373=ORIENTED_EDGE('',*,*,#3224,.T.);
#2374=ORIENTED_EDGE('',*,*,#3091,.T.);
#2375=ORIENTED_EDGE('',*,*,#3137,.T.);
#2376=ORIENTED_EDGE('',*,*,#2764,.F.);
#2377=ORIENTED_EDGE('',*,*,#3174,.F.);
#2378=CARTESIAN_POINT('',(-0.001777778,0.01,-0.001777778));
#2379=DIRECTION('',(-0.624694940423028,0.0,0.780868895148135));
#2380=DIRECTION('',(0.780868895148135,0.0,0.624694940423028));
#2381=ORIENTED_EDGE('',*,*,#3155,.T.);
#2382=ORIENTED_EDGE('',*,*,#3225,.T.);
#2383=ORIENTED_EDGE('',*,*,#3226,.T.);
#2384=ORIENTED_EDGE('',*,*,#3138,.T.);
#2385=ORIENTED_EDGE('',*,*,#2835,.F.);
#2386=ORIENTED_EDGE('',*,*,#3224,.F.);
#2387=CARTESIAN_POINT('',(-0.0032,0.01,3.17482407204736E-20));
#2388=DIRECTION('',(0.624694940423028,0.0,0.780868895148135));
#2389=DIRECTION('',(0.780868895148135,0.0,-0.624694940423028));
#2390=ORIENTED_EDGE('',*,*,#2684,.T.);
#2391=ORIENTED_EDGE('',*,*,#3139,.T.);
#2392=ORIENTED_EDGE('',*,*,#3226,.F.);
#2393=ORIENTED_EDGE('',*,*,#3227,.F.);
#2394=ORIENTED_EDGE('',*,*,#2688,.T.);
#2395=ORIENTED_EDGE('',*,*,#3219,.T.);
#2396=ORIENTED_EDGE('',*,*,#3095,.F.);
#2397=ORIENTED_EDGE('',*,*,#3076,.T.);
#2398=CARTESIAN_POINT('',(-0.004714286,0.004714286,0.004714286));
#2399=DIRECTION('',(0.436852048771625,0.786333628282593,-0.436852048771625));
#2400=DIRECTION('',(-0.874157260519546,0.485642959262217,-4.57166412940445E-16));
#2401=ORIENTED_EDGE('',*,*,#3154,.T.);
#2402=ORIENTED_EDGE('',*,*,#3228,.T.);
#2403=ORIENTED_EDGE('',*,*,#3229,.T.);
#2404=ORIENTED_EDGE('',*,*,#3140,.T.);
#2405=ORIENTED_EDGE('',*,*,#2689,.T.);
#2406=ORIENTED_EDGE('',*,*,#3227,.T.);
#2407=ORIENTED_EDGE('',*,*,#3225,.F.);
#2408=CARTESIAN_POINT('',(3.17482407204736E-20,0.01,0.0032));
#2409=DIRECTION('',(-0.780868895148135,0.0,-0.624694940423028));
#2410=DIRECTION('',(-0.624694940423028,0.0,0.780868895148135));
#2411=ORIENTED_EDGE('',*,*,#3153,.T.);
#2412=ORIENTED_EDGE('',*,*,#3204,.F.);
#2413=ORIENTED_EDGE('',*,*,#3230,.T.);
#2414=ORIENTED_EDGE('',*,*,#2681,.T.);
#2415=ORIENTED_EDGE('',*,*,#3142,.T.);
#2416=ORIENTED_EDGE('',*,*,#2638,.T.);
#2417=ORIENTED_EDGE('',*,*,#3228,.F.);
#2418=CARTESIAN_POINT('',(3.17482407204736E-20,0.01,0.0032));
#2419=DIRECTION('',(0.780868895148135,0.0,-0.624694940423028));
#2420=DIRECTION('',(-0.624694940423028,0.0,-0.780868895148135));
#2421=ORIENTED_EDGE('',*,*,#2679,.T.);
#2422=ORIENTED_EDGE('',*,*,#3231,.T.);
#2423=ORIENTED_EDGE('',*,*,#3209,.T.);
#2424=ORIENTED_EDGE('',*,*,#3232,.T.);
#2425=ORIENTED_EDGE('',*,*,#2682,.T.);
#2426=ORIENTED_EDGE('',*,*,#3230,.F.);
#2427=ORIENTED_EDGE('',*,*,#3203,.F.);
#2428=ORIENTED_EDGE('',*,*,#3143,.T.);
#2429=CARTESIAN_POINT('',(0.001777778,0.01,0.001777778));
#2430=DIRECTION('',(0.436852048771625,-0.786333628282593,0.436852048771625));
#2431=DIRECTION('',(0.874157260519545,0.485642959262217,-1.42661859748841E-16));
#2432=ORIENTED_EDGE('',*,*,#2671,.T.);
#2433=ORIENTED_EDGE('',*,*,#3167,.T.);
#2434=ORIENTED_EDGE('',*,*,#2773,.F.);
#2435=ORIENTED_EDGE('',*,*,#3166,.F.);
#2436=ORIENTED_EDGE('',*,*,#3086,.T.);
#2437=ORIENTED_EDGE('',*,*,#2674,.T.);
#2438=ORIENTED_EDGE('',*,*,#2960,.F.);
#2439=ORIENTED_EDGE('',*,*,#2948,.F.);
#2440=ORIENTED_EDGE('',*,*,#2959,.T.);
#2441=CARTESIAN_POINT('',(-0.01,0.01,-0.01));
#2442=DIRECTION('',(0.577350269189626,-0.577350269189626,0.577350269189626));
#2443=DIRECTION('',(0.707106781186548,0.707106781186548,0.0));
#2444=ORIENTED_EDGE('',*,*,#2663,.T.);
#2445=ORIENTED_EDGE('',*,*,#2715,.F.);
#2446=ORIENTED_EDGE('',*,*,#3210,.F.);
#2447=ORIENTED_EDGE('',*,*,#3231,.F.);
#2448=ORIENTED_EDGE('',*,*,#2683,.F.);
#2449=ORIENTED_EDGE('',*,*,#2667,.T.);
#2450=ORIENTED_EDGE('',*,*,#3233,.T.);
#2451=ORIENTED_EDGE('',*,*,#3234,.T.);
#2452=CARTESIAN_POINT('',(0.01,0.01,0.01));
#2453=DIRECTION('',(-0.577350269189626,-0.577350269189626,-0.577350269189626));
#2454=DIRECTION('',(0.707106781186548,-0.707106781186548,0.0));
#2455=ORIENTED_EDGE('',*,*,#3046,.F.);
#2456=ORIENTED_EDGE('',*,*,#2858,.F.);
#2457=ORIENTED_EDGE('',*,*,#3042,.F.);
#2458=ORIENTED_EDGE('',*,*,#3038,.F.);
#2459=ORIENTED_EDGE('',*,*,#2861,.F.);
#2460=ORIENTED_EDGE('',*,*,#3031,.F.);
#2461=ORIENTED_EDGE('',*,*,#3026,.F.);
#2462=ORIENTED_EDGE('',*,*,#2870,.F.);
#2463=ORIENTED_EDGE('',*,*,#3023,.F.);
#2464=ORIENTED_EDGE('',*,*,#3173,.F.);
#2465=ORIENTED_EDGE('',*,*,#2984,.F.);
#2466=ORIENTED_EDGE('',*,*,#2881,.F.);
#2467=ORIENTED_EDGE('',*,*,#3181,.F.);
#2468=ORIENTED_EDGE('',*,*,#3169,.F.);
#2469=ORIENTED_EDGE('',*,*,#2761,.F.);
#2470=ORIENTED_EDGE('',*,*,#3194,.F.);
#2471=ORIENTED_EDGE('',*,*,#3190,.F.);
#2472=ORIENTED_EDGE('',*,*,#2737,.F.);
#2473=ORIENTED_EDGE('',*,*,#3197,.F.);
#2474=ORIENTED_EDGE('',*,*,#3211,.F.);
#2475=ORIENTED_EDGE('',*,*,#2713,.F.);
#2476=ORIENTED_EDGE('',*,*,#3034,.F.);
#2477=ORIENTED_EDGE('',*,*,#2653,.F.);
#2478=ORIENTED_EDGE('',*,*,#3235,.F.);
#2479=ORIENTED_EDGE('',*,*,#3171,.F.);
#2480=ORIENTED_EDGE('',*,*,#3024,.F.);
#2481=ORIENTED_EDGE('',*,*,#3037,.F.);
#2482=ORIENTED_EDGE('',*,*,#3045,.F.);
#2483=ORIENTED_EDGE('',*,*,#3032,.F.);
#2484=ORIENTED_EDGE('',*,*,#3195,.F.);
#2485=ORIENTED_EDGE('',*,*,#3192,.F.);
#2486=ORIENTED_EDGE('',*,*,#3179,.F.);
#2487=CARTESIAN_POINT('',(0.01,0.0,0.0));
#2488=DIRECTION('',(1.0,0.0,0.0));
#2489=DIRECTION('',(0.0,1.0,0.0));
#2490=ORIENTED_EDGE('',*,*,#2951,.F.);
#2491=ORIENTED_EDGE('',*,*,#2953,.F.);
#2492=ORIENTED_EDGE('',*,*,#2914,.F.);
#2493=ORIENTED_EDGE('',*,*,#2954,.F.);
#2494=CARTESIAN_POINT('',(0.01,0.0,0.0));
#2495=DIRECTION('',(1.0,0.0,0.0));
#2496=DIRECTION('',(0.0,1.0,0.0));
#2497=ORIENTED_EDGE('',*,*,#2992,.T.);
#2498=ORIENTED_EDGE('',*,*,#2664,.F.);
#2499=ORIENTED_EDGE('',*,*,#3234,.F.);
#2500=ORIENTED_EDGE('',*,*,#3236,.F.);
#2501=CARTESIAN_POINT('',(0.01,0.0,0.0));
#2502=DIRECTION('',(1.0,0.0,0.0));
#2503=DIRECTION('',(0.0,1.0,0.0));
#2504=ORIENTED_EDGE('',*,*,#2942,.F.);
#2505=ORIENTED_EDGE('',*,*,#2970,.F.);
#2506=ORIENTED_EDGE('',*,*,#2900,.F.);
#2507=ORIENTED_EDGE('',*,*,#2972,.F.);
#2508=CARTESIAN_POINT('',(0.01,0.0,0.0));
#2509=DIRECTION('',(1.0,0.0,0.0));
#2510=DIRECTION('',(0.0,1.0,0.0));
#2511=ORIENTED_EDGE('',*,*,#2990,.T.);
#2512=ORIENTED_EDGE('',*,*,#3098,.F.);
#2513=ORIENTED_EDGE('',*,*,#3237,.F.);
#2514=ORIENTED_EDGE('',*,*,#2636,.F.);
#2515=CARTESIAN_POINT('',(0.01,0.0,0.0));
#2516=DIRECTION('',(1.0,0.0,0.0));
#2517=DIRECTION('',(0.0,1.0,0.0));
#2518=ORIENTED_EDGE('',*,*,#3021,.T.);
#2519=ORIENTED_EDGE('',*,*,#3078,.T.);
#2520=ORIENTED_EDGE('',*,*,#3074,.T.);
#2521=ORIENTED_EDGE('',*,*,#2854,.T.);
#2522=CARTESIAN_POINT('',(-0.01,0.0,0.0));
#2523=DIRECTION('',(1.0,0.0,0.0));
#2524=DIRECTION('',(0.0,1.0,0.0));
#2525=ORIENTED_EDGE('',*,*,#3018,.T.);
#2526=ORIENTED_EDGE('',*,*,#2803,.T.);
#2527=ORIENTED_EDGE('',*,*,#3135,.T.);
#2528=ORIENTED_EDGE('',*,*,#3072,.T.);
#2529=CARTESIAN_POINT('',(-0.01,0.0,0.0));
#2530=DIRECTION('',(1.0,0.0,0.0));
#2531=DIRECTION('',(0.0,1.0,0.0));
#2532=ORIENTED_EDGE('',*,*,#3013,.T.);
#2533=ORIENTED_EDGE('',*,*,#3238,.T.);
#2534=ORIENTED_EDGE('',*,*,#2656,.F.);
#2535=ORIENTED_EDGE('',*,*,#3239,.F.);
#2536=ORIENTED_EDGE('',*,*,#2994,.T.);
#2537=ORIENTED_EDGE('',*,*,#2727,.F.);
#2538=ORIENTED_EDGE('',*,*,#3240,.F.);
#2539=CARTESIAN_POINT('',(0.001777778,-0.001777778,0.01));
#2540=DIRECTION('',(-0.780868895148135,-0.624694940423028,0.0));
#2541=DIRECTION('',(0.624694940423028,-0.780868895148135,0.0));
#2542=ORIENTED_EDGE('',*,*,#2655,.T.);
#2543=ORIENTED_EDGE('',*,*,#2722,.F.);
#2544=ORIENTED_EDGE('',*,*,#2631,.F.);
#2545=ORIENTED_EDGE('',*,*,#2659,.T.);
#2546=ORIENTED_EDGE('',*,*,#2995,.T.);
#2547=ORIENTED_EDGE('',*,*,#3239,.T.);
#2548=CARTESIAN_POINT('',(0.001777778,-0.001777778,0.01));
#2549=DIRECTION('',(0.436852048771625,-0.436852048771625,-0.786333628282593));
#2550=DIRECTION('',(-0.874157260519545,-9.43873934501673E-17,-0.485642959262217));
#2551=ORIENTED_EDGE('',*,*,#3012,.T.);
#2552=ORIENTED_EDGE('',*,*,#3241,.T.);
#2553=ORIENTED_EDGE('',*,*,#3242,.F.);
#2554=ORIENTED_EDGE('',*,*,#2996,.T.);
#2555=ORIENTED_EDGE('',*,*,#2657,.F.);
#2556=ORIENTED_EDGE('',*,*,#3238,.F.);
#2557=CARTESIAN_POINT('',(0.001777778,-0.001777778,0.01));
#2558=DIRECTION('',(0.624694940423028,0.780868895148135,0.0));
#2559=DIRECTION('',(-0.780868895148135,0.624694940423028,0.0));
#2560=ORIENTED_EDGE('',*,*,#3014,.T.);
#2561=ORIENTED_EDGE('',*,*,#3240,.T.);
#2562=ORIENTED_EDGE('',*,*,#3206,.F.);
#2563=ORIENTED_EDGE('',*,*,#3008,.T.);
#2564=ORIENTED_EDGE('',*,*,#3212,.F.);
#2565=ORIENTED_EDGE('',*,*,#2705,.F.);
#2566=ORIENTED_EDGE('',*,*,#3213,.T.);
#2567=CARTESIAN_POINT('',(-0.001777778,-0.001777778,0.01));
#2568=DIRECTION('',(0.780868895148135,-0.624694940423028,0.0));
#2569=DIRECTION('',(0.624694940423028,0.780868895148135,0.0));
#2570=ORIENTED_EDGE('',*,*,#2649,.T.);
#2571=ORIENTED_EDGE('',*,*,#3047,.F.);
#2572=ORIENTED_EDGE('',*,*,#3235,.T.);
#2573=ORIENTED_EDGE('',*,*,#2652,.T.);
#2574=ORIENTED_EDGE('',*,*,#2997,.T.);
#2575=ORIENTED_EDGE('',*,*,#3242,.T.);
#2576=CARTESIAN_POINT('',(0.0032,0.0,0.01));
#2577=DIRECTION('',(0.707106781186547,0.0,-0.707106781186547));
#2578=DIRECTION('',(-0.707106781186548,0.0,-0.707106781186548));
#2579=ORIENTED_EDGE('',*,*,#3011,.T.);
#2580=ORIENTED_EDGE('',*,*,#3223,.T.);
#2581=ORIENTED_EDGE('',*,*,#3243,.F.);
#2582=ORIENTED_EDGE('',*,*,#2998,.T.);
#2583=ORIENTED_EDGE('',*,*,#2650,.F.);
#2584=ORIENTED_EDGE('',*,*,#3241,.F.);
#2585=CARTESIAN_POINT('',(0.0032,3.17482407204736E-20,0.01));
#2586=DIRECTION('',(-0.624694940423028,0.780868895148135,0.0));
#2587=DIRECTION('',(-0.780868895148135,-0.624694940423028,0.0));
#2588=ORIENTED_EDGE('',*,*,#2643,.T.);
#2589=ORIENTED_EDGE('',*,*,#2999,.T.);
#2590=ORIENTED_EDGE('',*,*,#3243,.T.);
#2591=ORIENTED_EDGE('',*,*,#3222,.T.);
#2592=ORIENTED_EDGE('',*,*,#2646,.T.);
#2593=ORIENTED_EDGE('',*,*,#3232,.F.);
#2594=ORIENTED_EDGE('',*,*,#3208,.F.);
#2595=ORIENTED_EDGE('',*,*,#2716,.F.);
#2596=ORIENTED_EDGE('',*,*,#2669,.T.);
#2597=CARTESIAN_POINT('',(0.004714286,0.004714286,0.004714286));
#2598=DIRECTION('',(-0.436852048771625,-0.436852048771625,0.786333628282593));
#2599=DIRECTION('',(0.874157260519546,-4.48340118888294E-16,0.485642959262217));
#2600=ORIENTED_EDGE('',*,*,#2637,.T.);
#2601=ORIENTED_EDGE('',*,*,#3220,.T.);
#2602=ORIENTED_EDGE('',*,*,#3001,.T.);
#2603=ORIENTED_EDGE('',*,*,#2640,.T.);
#2604=ORIENTED_EDGE('',*,*,#3141,.T.);
#2605=ORIENTED_EDGE('',*,*,#3229,.F.);
#2606=CARTESIAN_POINT('',(0.0,0.01,0.0032));
#2607=DIRECTION('',(0.0,-0.707106781186547,0.707106781186547));
#2608=DIRECTION('',(0.0,-0.707106781186548,-0.707106781186548));
#2609=ORIENTED_EDGE('',*,*,#2993,.T.);
#2610=ORIENTED_EDGE('',*,*,#3236,.T.);
#2611=ORIENTED_EDGE('',*,*,#3233,.F.);
#2612=ORIENTED_EDGE('',*,*,#2666,.F.);
#2613=CARTESIAN_POINT('',(0.0,0.01,0.0));
#2614=DIRECTION('',(0.0,1.0,-0.0));
#2615=DIRECTION('',(-1.0,0.0,0.0));
#2616=ORIENTED_EDGE('',*,*,#2628,.T.);
#2617=ORIENTED_EDGE('',*,*,#3237,.T.);
#2618=ORIENTED_EDGE('',*,*,#3097,.F.);
#2619=ORIENTED_EDGE('',*,*,#2633,.T.);
#2620=ORIENTED_EDGE('',*,*,#2721,.F.);
#2621=ORIENTED_EDGE('',*,*,#3207,.F.);
#2622=ORIENTED_EDGE('',*,*,#3043,.F.);
#2623=ORIENTED_EDGE('',*,*,#2856,.F.);
#2624=CARTESIAN_POINT('',(0.004714286,-0.004714286,0.004714286));
#2625=DIRECTION('',(0.577350269189626,-0.577350269189626,0.577350269189626));
#2626=DIRECTION('',(0.707106781186548,0.707106781186548,0.0));
#2627=COLOUR_RGB('',0.560784339904785,0.686274528503418,0.560784339904785);
#2628=EDGE_CURVE('',#3244,#3245,#3246,.T.);
#2629=EDGE_CURVE('2:39432',#3247,#3244,#3248,.T.);
#2630=EDGE_CURVE('2:39387',#3247,#3249,#3250,.T.);
#2631=EDGE_CURVE('2:39387',#3249,#3251,#3252,.T.);
#2632=EDGE_CURVE('2:39363',#3253,#3251,#3254,.T.);
#2633=EDGE_CURVE('',#3255,#3253,#3256,.T.);
#2634=EDGE_CURVE('2:57002',#3257,#3255,#3258,.T.);
#2635=EDGE_CURVE('2:56642',#3257,#3259,#3260,.T.);
#2636=EDGE_CURVE('2:56982',#3259,#3245,#3261,.T.);
#2637=EDGE_CURVE('',#3262,#3263,#3264,.T.);
#2638=EDGE_CURVE('2:46410',#3265,#3262,#3266,.T.);
#2639=EDGE_CURVE('2:46237',#3265,#3267,#3268,.T.);
#2640=EDGE_CURVE('',#3269,#3267,#3270,.T.);
#2641=EDGE_CURVE('2:56597',#3269,#3271,#3272,.T.);
#2642=EDGE_CURVE('2:56832',#3271,#3263,#3273,.T.);
#2643=EDGE_CURVE('',#3274,#3275,#3276,.T.);
#2644=EDGE_CURVE('2:39555',#3274,#3277,#3278,.T.);
#2645=EDGE_CURVE('2:39531',#3279,#3277,#3280,.T.);
#2646=EDGE_CURVE('',#3281,#3279,#3282,.T.);
#2647=EDGE_CURVE('2:56809',#3281,#3283,#3284,.T.);
#2648=EDGE_CURVE('2:56585',#3283,#3275,#3285,.T.);
#2649=EDGE_CURVE('',#3286,#3287,#3288,.T.);
#2650=EDGE_CURVE('2:56769',#3286,#3289,#3290,.T.);
#2651=EDGE_CURVE('2:56573',#3289,#3291,#3292,.T.);
#2652=EDGE_CURVE('',#3293,#3291,#3294,.T.);
#2653=EDGE_CURVE('2:54897',#3293,#3295,#3296,.T.);
#2654=EDGE_CURVE('2:55030',#3287,#3295,#3297,.T.);
#2655=EDGE_CURVE('',#3298,#3299,#3300,.T.);
#2656=EDGE_CURVE('2:56712',#3298,#3301,#3302,.T.);
#2657=EDGE_CURVE('2:56729',#3301,#3303,#3304,.T.);
#2658=EDGE_CURVE('2:56561',#3303,#3305,#3306,.T.);
#2659=EDGE_CURVE('',#3249,#3305,#3307,.T.);
#2660=EDGE_CURVE('2:39399',#3308,#3247,#3309,.T.);
#2661=EDGE_CURVE('2:39399',#3310,#3308,#3311,.T.);
#2662=EDGE_CURVE('2:39408',#3299,#3310,#3312,.T.);
#2663=EDGE_CURVE('',#3313,#3314,#3315,.T.);
#2664=EDGE_CURVE('2:56959',#3313,#3316,#3317,.T.);
#2665=EDGE_CURVE('2:56636',#3316,#3318,#3319,.T.);
#2666=EDGE_CURVE('2:56972',#3318,#3320,#3321,.T.);
#2667=EDGE_CURVE('',#3322,#3320,#3323,.T.);
#2668=EDGE_CURVE('2:39576',#3277,#3322,#3324,.T.);
#2669=EDGE_CURVE('2:39555',#3325,#3274,#3326,.T.);
#2670=EDGE_CURVE('2:39567',#3314,#3325,#3327,.T.);
#2671=EDGE_CURVE('',#3328,#3329,#3330,.T.);
#2672=EDGE_CURVE('2:58697',#3328,#3331,#3332,.T.);
#2673=EDGE_CURVE('2:58677',#3333,#3331,#3334,.T.);
#2674=EDGE_CURVE('',#3335,#3333,#3336,.T.);
#2675=EDGE_CURVE('2:37926',#3335,#3337,#3338,.T.);
#2676=EDGE_CURVE('2:37926',#3337,#3339,#3340,.T.);
#2677=EDGE_CURVE('2:37974',#3339,#3341,#3342,.T.);
#2678=EDGE_CURVE('2:37974',#3341,#3329,#3343,.T.);
#2679=EDGE_CURVE('',#3344,#3345,#3346,.T.);
#2680=EDGE_CURVE('2:46249',#3344,#3347,#3348,.T.);
#2681=EDGE_CURVE('2:46427',#3349,#3347,#3350,.T.);
#2682=EDGE_CURVE('',#3279,#3349,#3351,.T.);
#2683=EDGE_CURVE('2:39576',#3322,#3345,#3352,.T.);
#2684=EDGE_CURVE('',#3353,#3354,#3355,.T.);
#2685=EDGE_CURVE('2:39483',#3353,#3356,#3357,.T.);
#2686=EDGE_CURVE('2:39483',#3356,#3358,#3359,.T.);
#2687=EDGE_CURVE('2:39516',#3358,#3360,#3361,.T.);
#2688=EDGE_CURVE('',#3362,#3360,#3363,.T.);
#2689=EDGE_CURVE('2:46370',#3364,#3362,#3365,.T.);
#2690=EDGE_CURVE('2:46225',#3364,#3354,#3366,.T.);
#2691=EDGE_CURVE('',#3360,#3367,#3368,.T.);
#2692=EDGE_CURVE('2:39471',#3358,#3369,#3370,.T.);
#2693=EDGE_CURVE('',#3371,#3369,#3372,.T.);
#2694=EDGE_CURVE('2:56600',#3371,#3373,#3374,.T.);
#2695=EDGE_CURVE('2:56862',#3373,#3367,#3375,.T.);
#2696=EDGE_CURVE('',#3376,#3377,#3378,.T.);
#2697=EDGE_CURVE('2:56588',#3376,#3379,#3380,.T.);
#2698=EDGE_CURVE('2:56822',#3379,#3381,#3382,.T.);
#2699=EDGE_CURVE('',#3383,#3381,#3384,.T.);
#2700=EDGE_CURVE('2:51363',#3385,#3383,#3386,.T.);
#2701=EDGE_CURVE('2:51227',#3377,#3385,#3387,.T.);
#2702=EDGE_CURVE('',#3388,#3389,#3390,.T.);
#2703=EDGE_CURVE('2:56576',#3388,#3391,#3392,.T.);
#2704=EDGE_CURVE('2:56782',#3391,#3393,#3394,.T.);
#2705=EDGE_CURVE('2:56759',#3393,#3395,#3396,.T.);
#2706=EDGE_CURVE('',#3397,#3395,#3398,.T.);
#2707=EDGE_CURVE('2:39312',#3399,#3397,#3400,.T.);
#2708=EDGE_CURVE('2:39318',#3401,#3399,#3402,.T.);
#2709=EDGE_CURVE('2:39318',#3403,#3401,#3404,.T.);
#2710=EDGE_CURVE('2:39300',#3389,#3403,#3405,.T.);
#2711=EDGE_CURVE('',#3406,#3407,#3408,.T.);
#2712=EDGE_CURVE('2:55053',#3409,#3406,#3410,.T.);
#2713=EDGE_CURVE('2:54909',#3409,#3411,#3412,.T.);
#2714=EDGE_CURVE('',#3413,#3411,#3414,.T.);
#2715=EDGE_CURVE('2:39567',#3413,#3314,#3415,.T.);
#2716=EDGE_CURVE('2:39600',#3325,#3407,#3416,.T.);
#2717=EDGE_CURVE('',#3417,#3299,#3418,.T.);
#2718=EDGE_CURVE('2:47783',#3419,#3417,#3420,.T.);
#2719=EDGE_CURVE('2:47608',#3421,#3419,#3422,.T.);
#2720=EDGE_CURVE('',#3423,#3421,#3424,.T.);
#2721=EDGE_CURVE('2:39363',#3423,#3253,#3425,.T.);
#2722=EDGE_CURVE('2:39408',#3251,#3299,#3426,.T.);
#2723=EDGE_CURVE('',#3427,#3428,#3429,.T.);
#2724=EDGE_CURVE('2:47596',#3430,#3427,#3431,.T.);
#2725=EDGE_CURVE('2:47760',#3432,#3430,#3433,.T.);
#2726=EDGE_CURVE('',#3434,#3432,#3435,.T.);
#2727=EDGE_CURVE('2:56719',#3434,#3436,#3437,.T.);
#2728=EDGE_CURVE('2:56564',#3436,#3428,#3438,.T.);
#2729=EDGE_CURVE('',#3439,#3401,#3440,.T.);
#2730=EDGE_CURVE('2:51403',#3441,#3439,#3442,.T.);
#2731=EDGE_CURVE('2:51215',#3443,#3441,#3444,.T.);
#2732=EDGE_CURVE('',#3445,#3443,#3446,.T.);
#2733=EDGE_CURVE('2:39273',#3445,#3447,#3448,.T.);
#2734=EDGE_CURVE('2:39273',#3447,#3403,#3449,.T.);
#2735=EDGE_CURVE('',#3450,#3451,#3452,.T.);
#2736=EDGE_CURVE('2:55090',#3450,#3453,#3454,.T.);
#2737=EDGE_CURVE('2:54921',#3453,#3455,#3456,.T.);
#2738=EDGE_CURVE('',#3457,#3455,#3458,.T.);
#2739=EDGE_CURVE('2:46252',#3457,#3459,#3460,.T.);
#2740=EDGE_CURVE('2:46460',#3459,#3451,#3461,.T.);
#2741=EDGE_CURVE('',#3462,#3463,#3464,.T.);
#2742=EDGE_CURVE('2:38064',#3465,#3462,#3466,.T.);
#2743=EDGE_CURVE('2:38043',#3467,#3465,#3468,.T.);
#2744=EDGE_CURVE('2:38058',#3469,#3467,#3470,.T.);
#2745=EDGE_CURVE('',#3471,#3469,#3472,.T.);
#2746=EDGE_CURVE('2:46240',#3471,#3473,#3474,.T.);
#2747=EDGE_CURVE('2:46420',#3473,#3475,#3476,.T.);
#2748=EDGE_CURVE('2:46397',#3475,#3463,#3477,.T.);
#2749=EDGE_CURVE('',#3478,#3479,#3480,.T.);
#2750=EDGE_CURVE('2:58377',#3481,#3478,#3482,.T.);
#2751=EDGE_CURVE('2:58253',#3483,#3481,#3484,.T.);
#2752=EDGE_CURVE('',#3485,#3483,#3486,.T.);
#2753=EDGE_CURVE('2:46228',#3485,#3487,#3488,.T.);
#2754=EDGE_CURVE('2:46380',#3487,#3479,#3489,.T.);
#2755=EDGE_CURVE('',#3490,#3491,#3492,.T.);
#2756=EDGE_CURVE('2:38088',#3467,#3490,#3493,.T.);
#2757=EDGE_CURVE('2:38019',#3494,#3465,#3495,.T.);
#2758=EDGE_CURVE('',#3496,#3494,#3497,.T.);
#2759=EDGE_CURVE('2:55153',#3496,#3498,#3499,.T.);
#2760=EDGE_CURVE('2:55130',#3498,#3500,#3501,.T.);
#2761=EDGE_CURVE('2:54933',#3500,#3491,#3502,.T.);
#2762=EDGE_CURVE('',#3503,#3504,#3505,.T.);
#2763=EDGE_CURVE('2:46340',#3503,#3506,#3507,.T.);
#2764=EDGE_CURVE('2:46317',#3506,#3508,#3509,.T.);
#2765=EDGE_CURVE('2:46216',#3508,#3510,#3511,.T.);
#2766=EDGE_CURVE('',#3341,#3510,#3512,.T.);
#2767=EDGE_CURVE('2:37956',#3513,#3339,#3514,.T.);
#2768=EDGE_CURVE('2:37965',#3504,#3513,#3515,.T.);
#2769=EDGE_CURVE('',#3516,#3504,#3517,.T.);
#2770=EDGE_CURVE('2:58417',#3518,#3516,#3519,.T.);
#2771=EDGE_CURVE('2:58247',#3520,#3518,#3521,.T.);
#2772=EDGE_CURVE('',#3522,#3520,#3523,.T.);
#2773=EDGE_CURVE('2:37950',#3522,#3524,#3525,.T.);
#2774=EDGE_CURVE('2:37965',#3524,#3504,#3526,.T.);
#2775=EDGE_CURVE('',#3527,#3528,#3529,.T.);
#2776=EDGE_CURVE('2:47883',#3527,#3530,#3531,.T.);
#2777=EDGE_CURVE('2:47860',#3530,#3532,#3533,.T.);
#2778=EDGE_CURVE('2:47530',#3534,#3532,#3535,.T.);
#2779=EDGE_CURVE('',#3536,#3534,#3537,.T.);
#2780=EDGE_CURVE('2:37917',#3538,#3536,#3539,.T.);
#2781=EDGE_CURVE('2:37872',#3538,#3540,#3541,.T.);
#2782=EDGE_CURVE('2:37842',#3528,#3540,#3542,.T.);
#2783=EDGE_CURVE('',#3543,#3544,#3545,.T.);
#2784=EDGE_CURVE('2:51503',#3543,#3546,#3547,.T.);
#2785=EDGE_CURVE('2:51480',#3546,#3548,#3549,.T.);
#2786=EDGE_CURVE('2:51164',#3550,#3548,#3551,.T.);
#2787=EDGE_CURVE('',#3552,#3550,#3553,.T.);
#2788=EDGE_CURVE('2:37812',#3554,#3552,#3555,.T.);
#2789=EDGE_CURVE('2:37791',#3556,#3554,#3557,.T.);
#2790=EDGE_CURVE('2:37803',#3544,#3556,#3558,.T.);
#2791=EDGE_CURVE('',#3559,#3560,#3561,.T.);
#2792=EDGE_CURVE('2:58514',#3562,#3559,#3563,.T.);
#2793=EDGE_CURVE('2:58497',#3564,#3562,#3565,.T.);
#2794=EDGE_CURVE('2:58244',#3566,#3564,#3567,.T.);
#2795=EDGE_CURVE('',#3568,#3566,#3569,.T.);
#2796=EDGE_CURVE('2:37833',#3570,#3568,#3571,.T.);
#2797=EDGE_CURVE('2:37803',#3570,#3544,#3572,.T.);
#2798=EDGE_CURVE('2:37836',#3556,#3560,#3573,.T.);
#2799=EDGE_CURVE('',#3574,#3575,#3576,.T.);
#2800=EDGE_CURVE('2:39345',#3577,#3574,#3578,.T.);
#2801=EDGE_CURVE('2:39300',#3577,#3389,#3579,.T.);
#2802=EDGE_CURVE('',#3580,#3447,#3581,.T.);
#2803=EDGE_CURVE('2:56682',#3582,#3580,#3583,.T.);
#2804=EDGE_CURVE('2:56549',#3582,#3584,#3585,.T.);
#2805=EDGE_CURVE('2:56689',#3575,#3584,#3586,.T.);
#2806=EDGE_CURVE('',#3397,#3587,#3588,.T.);
#2807=EDGE_CURVE('2:39312',#3397,#3577,#3589,.T.);
#2808=EDGE_CURVE('2:39345',#3574,#3590,#3591,.T.);
#2809=EDGE_CURVE('',#3592,#3590,#3593,.T.);
#2810=EDGE_CURVE('2:47602',#3594,#3592,#3595,.T.);
#2811=EDGE_CURVE('2:47750',#3587,#3594,#3596,.T.);
#2812=EDGE_CURVE('',#3597,#3598,#3599,.T.);
#2813=EDGE_CURVE('2:47560',#3600,#3597,#3601,.T.);
#2814=EDGE_CURVE('2:47793',#3600,#3602,#3603,.T.);
#2815=EDGE_CURVE('',#3604,#3602,#3605,.T.);
#2816=EDGE_CURVE('2:51440',#3604,#3606,#3607,.T.);
#2817=EDGE_CURVE('2:51152',#3598,#3606,#3608,.T.);
#2818=EDGE_CURVE('',#3609,#3610,#3611,.T.);
#2819=EDGE_CURVE('2:47551',#3612,#3609,#3613,.T.);
#2820=EDGE_CURVE('2:47833',#3612,#3614,#3615,.T.);
#2821=EDGE_CURVE('2:47850',#3614,#3616,#3617,.T.);
#2822=EDGE_CURVE('',#3560,#3616,#3618,.T.);
#2823=EDGE_CURVE('2:37767',#3610,#3554,#3619,.T.);
#2824=EDGE_CURVE('',#3620,#3621,#3622,.T.);
#2825=EDGE_CURVE('2:39447',#3620,#3623,#3624,.T.);
#2826=EDGE_CURVE('2:39492',#3623,#3625,#3626,.T.);
#2827=EDGE_CURVE('2:39492',#3625,#3627,#3628,.T.);
#2828=EDGE_CURVE('',#3629,#3627,#3630,.T.);
#2829=EDGE_CURVE('2:51224',#3631,#3629,#3632,.T.);
#2830=EDGE_CURVE('2:51370',#3621,#3631,#3633,.T.);
#2831=EDGE_CURVE('',#3634,#3635,#3636,.T.);
#2832=EDGE_CURVE('2:51242',#3637,#3634,#3638,.T.);
#2833=EDGE_CURVE('2:51413',#3637,#3639,#3640,.T.);
#2834=EDGE_CURVE('',#3641,#3639,#3642,.T.);
#2835=EDGE_CURVE('2:46327',#3641,#3643,#3644,.T.);
#2836=EDGE_CURVE('2:46213',#3643,#3635,#3645,.T.);
#2837=EDGE_CURVE('',#3646,#3337,#3647,.T.);
#2838=EDGE_CURVE('2:51182',#3648,#3646,#3649,.T.);
#2839=EDGE_CURVE('2:51453',#3648,#3650,#3651,.T.);
#2840=EDGE_CURVE('2:51470',#3650,#3652,#3653,.T.);
#2841=EDGE_CURVE('',#3654,#3652,#3655,.T.);
#2842=EDGE_CURVE('2:38001',#3513,#3654,#3656,.T.);
#2843=EDGE_CURVE('',#3657,#3658,#3659,.T.);
#2844=EDGE_CURVE('2:51173',#3660,#3657,#3661,.T.);
#2845=EDGE_CURVE('2:51493',#3660,#3662,#3663,.T.);
#2846=EDGE_CURVE('',#3664,#3662,#3665,.T.);
#2847=EDGE_CURVE('2:58457',#3666,#3664,#3667,.T.);
#2848=EDGE_CURVE('2:58178',#3658,#3666,#3668,.T.);
#2849=EDGE_CURVE('',#3625,#3669,#3670,.T.);
#2850=EDGE_CURVE('2:39471',#3369,#3623,#3671,.T.);
#2851=EDGE_CURVE('',#3672,#3356,#3673,.T.);
#2852=EDGE_CURVE('2:56659',#3672,#3674,#3675,.T.);
#2853=EDGE_CURVE('2:56546',#3674,#3676,#3677,.T.);
#2854=EDGE_CURVE('2:56669',#3669,#3676,#3678,.T.);
#2855=EDGE_CURVE('',#3308,#3679,#3680,.T.);
#2856=EDGE_CURVE('2:39432',#3244,#3681,#3682,.T.);
#2857=EDGE_CURVE('',#3683,#3681,#3684,.T.);
#2858=EDGE_CURVE('2:54894',#3683,#3685,#3686,.T.);
#2859=EDGE_CURVE('2:55000',#3679,#3685,#3687,.T.);
#2860=EDGE_CURVE('',#3688,#3689,#3690,.T.);
#2861=EDGE_CURVE('2:54906',#3688,#3691,#3692,.T.);
#2862=EDGE_CURVE('2:55043',#3691,#3693,#3694,.T.);
#2863=EDGE_CURVE('',#3695,#3693,#3696,.T.);
#2864=EDGE_CURVE('2:47820',#3695,#3697,#3698,.T.);
#2865=EDGE_CURVE('2:47563',#3689,#3697,#3699,.T.);
#2866=EDGE_CURVE('',#3700,#3701,#3702,.T.);
#2867=EDGE_CURVE('2:37890',#3540,#3700,#3703,.T.);
#2868=EDGE_CURVE('2:37881',#3704,#3538,#3705,.T.);
#2869=EDGE_CURVE('',#3706,#3704,#3707,.T.);
#2870=EDGE_CURVE('2:54918',#3706,#3708,#3709,.T.);
#2871=EDGE_CURVE('2:55083',#3708,#3710,#3711,.T.);
#2872=EDGE_CURVE('2:55100',#3710,#3701,#3712,.T.);
#2873=EDGE_CURVE('',#3713,#3714,#3715,.T.);
#2874=EDGE_CURVE('2:58250',#3716,#3713,#3717,.T.);
#2875=EDGE_CURVE('2:58384',#3718,#3716,#3719,.T.);
#2876=EDGE_CURVE('',#3462,#3718,#3720,.T.);
#2877=EDGE_CURVE('2:38064',#3462,#3721,#3722,.T.);
#2878=EDGE_CURVE('2:38085',#3721,#3714,#3723,.T.);
#2879=EDGE_CURVE('',#3724,#3725,#3726,.T.);
#2880=EDGE_CURVE('2:55140',#3724,#3727,#3728,.T.);
#2881=EDGE_CURVE('2:54930',#3727,#3729,#3730,.T.);
#2882=EDGE_CURVE('',#3731,#3729,#3732,.T.);
#2883=EDGE_CURVE('2:58160',#3733,#3731,#3734,.T.);
#2884=EDGE_CURVE('2:58424',#3725,#3733,#3735,.T.);
#2885=EDGE_CURVE('',#3736,#3737,#3738,.T.);
#2886=EDGE_CURVE('2:58205',#3739,#3736,#3740,.T.);
#2887=EDGE_CURVE('2:58464',#3741,#3739,#3742,.T.);
#2888=EDGE_CURVE('2:58487',#3743,#3741,#3744,.T.);
#2889=EDGE_CURVE('',#3528,#3743,#3745,.T.);
#2890=EDGE_CURVE('2:37890',#3700,#3746,#3747,.T.);
#2891=EDGE_CURVE('2:37866',#3737,#3746,#3748,.T.);
#2892=EDGE_CURVE('',#3749,#3750,#3751,.T.);
#2893=EDGE_CURVE('2:47890',#3749,#3752,#3753,.T.);
#2894=EDGE_CURVE('2:47542',#3754,#3752,#3755,.T.);
#2895=EDGE_CURVE('',#3756,#3754,#3757,.T.);
#2896=EDGE_CURVE('2:58187',#3758,#3756,#3759,.T.);
#2897=EDGE_CURVE('2:58504',#3750,#3758,#3760,.T.);
#2898=EDGE_CURVE('',#3761,#3762,#3763,.T.);
#2899=EDGE_CURVE('2:58624',#3764,#3761,#3765,.T.);
#2900=EDGE_CURVE('2:58634',#3764,#3766,#3767,.T.);
#2901=EDGE_CURVE('',#3768,#3766,#3769,.T.);
#2902=EDGE_CURVE('2:37881',#3768,#3704,#3770,.T.);
#2903=EDGE_CURVE('2:37917',#3536,#3762,#3771,.T.);
#2904=EDGE_CURVE('',#3772,#3773,#3774,.T.);
#2905=EDGE_CURVE('2:58654',#3775,#3772,#3776,.T.);
#2906=EDGE_CURVE('2:58667',#3777,#3775,#3778,.T.);
#2907=EDGE_CURVE('',#3779,#3777,#3780,.T.);
#2908=EDGE_CURVE('2:37767',#3779,#3610,#3781,.T.);
#2909=EDGE_CURVE('2:37812',#3552,#3773,#3782,.T.);
#2910=EDGE_CURVE('',#3783,#3784,#3785,.T.);
#2911=EDGE_CURVE('2:38058',#3783,#3469,#3786,.T.);
#2912=EDGE_CURVE('2:38088',#3490,#3787,#3788,.T.);
#2913=EDGE_CURVE('',#3789,#3787,#3790,.T.);
#2914=EDGE_CURVE('2:58707',#3789,#3791,#3792,.T.);
#2915=EDGE_CURVE('2:58714',#3791,#3784,#3793,.T.);
#2916=EDGE_CURVE('2:58241',#3481,#3716,#3794,.T.);
#2917=EDGE_CURVE('2:58250',#3713,#3795,#3796,.T.);
#2918=EDGE_CURVE('2:58226',#3795,#3733,#3797,.T.);
#2919=EDGE_CURVE('2:58160',#3731,#3798,#3799,.T.);
#2920=EDGE_CURVE('2:58223',#3798,#3739,#3800,.T.);
#2921=EDGE_CURVE('2:58205',#3736,#3801,#3802,.T.);
#2922=EDGE_CURVE('2:58202',#3801,#3758,#3803,.T.);
#2923=EDGE_CURVE('2:58187',#3756,#3804,#3805,.T.);
#2924=EDGE_CURVE('2:58193',#3804,#3806,#3807,.T.);
#2925=EDGE_CURVE('2:58244',#3806,#3566,#3808,.T.);
#2926=EDGE_CURVE('2:58208',#3564,#3809,#3810,.T.);
#2927=EDGE_CURVE('2:58178',#3809,#3658,#3811,.T.);
#2928=EDGE_CURVE('2:58217',#3666,#3812,#3813,.T.);
#2929=EDGE_CURVE('2:58247',#3812,#3520,#3814,.T.);
#2930=EDGE_CURVE('2:58232',#3518,#3815,#3816,.T.);
#2931=EDGE_CURVE('2:58253',#3815,#3483,#3817,.T.);
#2932=EDGE_CURVE('2:58196',#3818,#3819,#3820,.T.);
#2933=EDGE_CURVE('2:58199',#3819,#3821,#3822,.T.);
#2934=EDGE_CURVE('2:58220',#3821,#3823,#3824,.T.);
#2935=EDGE_CURVE('2:58229',#3823,#3825,#3826,.T.);
#2936=EDGE_CURVE('2:58238',#3825,#3827,#3828,.T.);
#2937=EDGE_CURVE('2:58235',#3827,#3829,#3830,.T.);
#2938=EDGE_CURVE('2:58214',#3829,#3831,#3832,.T.);
#2939=EDGE_CURVE('2:58211',#3831,#3818,#3833,.T.);
#2940=EDGE_CURVE('2:58181',#3834,#3835,#3836,.T.);
#2941=EDGE_CURVE('2:58184',#3835,#3837,#3838,.T.);
#2942=EDGE_CURVE('2:58262',#3837,#3834,#3839,.T.);
#2943=EDGE_CURVE('2:58166',#3840,#3841,#3842,.T.);
#2944=EDGE_CURVE('2:58169',#3841,#3843,#3844,.T.);
#2945=EDGE_CURVE('2:58172',#3843,#3840,#3845,.T.);
#2946=EDGE_CURVE('2:58163',#3846,#3847,#3848,.T.);
#2947=EDGE_CURVE('2:58175',#3847,#3849,#3850,.T.);
#2948=EDGE_CURVE('2:58256',#3849,#3846,#3851,.T.);
#2949=EDGE_CURVE('2:58157',#3852,#3853,#3854,.T.);
#2950=EDGE_CURVE('2:58190',#3853,#3855,#3856,.T.);
#2951=EDGE_CURVE('2:58259',#3855,#3852,#3857,.T.);
#2952=EDGE_CURVE('2:58714',#3784,#3853,#3858,.T.);
#2953=EDGE_CURVE('2:58724',#3791,#3855,#3859,.T.);
#2954=EDGE_CURVE('2:58707',#3852,#3789,#3860,.T.);
#2955=EDGE_CURVE('2:38088',#3787,#3861,#3862,.T.);
#2956=EDGE_CURVE('2:38085',#3714,#3861,#3863,.T.);
#2957=EDGE_CURVE('2:38058',#3721,#3783,#3864,.T.);
#2958=EDGE_CURVE('2:58684',#3331,#3847,#3865,.T.);
#2959=EDGE_CURVE('2:58697',#3849,#3328,#3866,.T.);
#2960=EDGE_CURVE('2:58677',#3846,#3333,#3867,.T.);
#2961=EDGE_CURVE('2:37812',#3773,#3570,#3868,.T.);
#2962=EDGE_CURVE('2:37833',#3568,#3869,#3870,.T.);
#2963=EDGE_CURVE('2:37767',#3869,#3779,#3871,.T.);
#2964=EDGE_CURVE('2:58667',#3843,#3777,#3872,.T.);
#2965=EDGE_CURVE('2:58654',#3772,#3841,#3873,.T.);
#2966=EDGE_CURVE('2:58647',#3840,#3775,#3874,.T.);
#2967=EDGE_CURVE('2:37917',#3762,#3875,#3876,.T.);
#2968=EDGE_CURVE('2:37866',#3875,#3737,#3877,.T.);
#2969=EDGE_CURVE('2:37881',#3746,#3768,#3878,.T.);
#2970=EDGE_CURVE('2:58634',#3766,#3837,#3879,.T.);
#2971=EDGE_CURVE('2:58624',#3761,#3835,#3880,.T.);
#2972=EDGE_CURVE('2:58617',#3834,#3764,#3881,.T.);
#2973=EDGE_CURVE('2:58537',#3818,#3562,#3882,.T.);
#2974=EDGE_CURVE('2:58514',#3559,#3806,#3883,.T.);
#2975=EDGE_CURVE('2:58527',#3804,#3750,#3884,.T.);
#2976=EDGE_CURVE('2:58547',#3819,#3750,#3885,.T.);
#2977=EDGE_CURVE('2:47542',#3886,#3754,#3887,.T.);
#2978=EDGE_CURVE('2:47873',#3886,#3749,#3888,.T.);
#2979=EDGE_CURVE('2:58487',#3801,#3743,#3889,.T.);
#2980=EDGE_CURVE('2:58564',#3741,#3821,#3890,.T.);
#2981=EDGE_CURVE('2:37842',#3875,#3528,#3891,.T.);
#2982=EDGE_CURVE('2:58447',#3798,#3725,#3892,.T.);
#2983=EDGE_CURVE('2:58584',#3725,#3823,#3893,.T.);
#2984=EDGE_CURVE('2:54930',#3729,#3894,#3895,.T.);
#2985=EDGE_CURVE('2:55123',#3894,#3724,#3896,.T.);
#2986=EDGE_CURVE('2:58407',#3795,#3897,#3898,.T.);
#2987=EDGE_CURVE('2:58604',#3897,#3825,#3899,.T.);
#2988=EDGE_CURVE('2:38019',#3861,#3494,#3900,.T.);
#2989=EDGE_CURVE('2:58384',#3897,#3718,#3901,.T.);
#2990=EDGE_CURVE('2:56639',#3259,#3902,#3903,.T.);
#2991=EDGE_CURVE('2:56645',#3902,#3257,#3904,.T.);
#2992=EDGE_CURVE('2:56630',#3905,#3316,#3906,.T.);
#2993=EDGE_CURVE('2:56633',#3318,#3905,#3907,.T.);
#2994=EDGE_CURVE('2:56558',#3908,#3436,#3909,.T.);
#2995=EDGE_CURVE('2:56561',#3305,#3908,#3910,.T.);
#2996=EDGE_CURVE('2:56567',#3911,#3303,#3912,.T.);
#2997=EDGE_CURVE('2:56573',#3291,#3911,#3913,.T.);
#2998=EDGE_CURVE('2:56579',#3914,#3289,#3915,.T.);
#2999=EDGE_CURVE('2:56585',#3275,#3914,#3916,.T.);
#3000=EDGE_CURVE('2:56591',#3271,#3283,#3917,.T.);
#3001=EDGE_CURVE('2:56597',#3918,#3269,#3919,.T.);
#3002=EDGE_CURVE('2:56603',#3373,#3918,#3920,.T.);
#3003=EDGE_CURVE('2:56600',#3921,#3371,#3922,.T.);
#3004=EDGE_CURVE('2:56594',#3379,#3921,#3923,.T.);
#3005=EDGE_CURVE('2:56588',#3924,#3376,#3925,.T.);
#3006=EDGE_CURVE('2:56582',#3391,#3924,#3926,.T.);
#3007=EDGE_CURVE('2:56576',#3927,#3388,#3928,.T.);
#3008=EDGE_CURVE('2:56570',#3929,#3927,#3930,.T.);
#3009=EDGE_CURVE('2:56564',#3428,#3929,#3931,.T.);
#3010=EDGE_CURVE('2:56606',#3932,#3933,#3934,.T.);
#3011=EDGE_CURVE('2:56609',#3935,#3932,#3936,.T.);
#3012=EDGE_CURVE('2:56615',#3937,#3935,#3938,.T.);
#3013=EDGE_CURVE('2:56621',#3939,#3937,#3940,.T.);
#3014=EDGE_CURVE('2:56627',#3941,#3939,#3942,.T.);
#3015=EDGE_CURVE('2:56624',#3943,#3941,#3944,.T.);
#3016=EDGE_CURVE('2:56618',#3945,#3943,#3946,.T.);
#3017=EDGE_CURVE('2:56612',#3933,#3945,#3947,.T.);
#3018=EDGE_CURVE('2:56552',#3948,#3582,#3949,.T.);
#3019=EDGE_CURVE('2:56555',#3584,#3948,#3950,.T.);
#3020=EDGE_CURVE('2:56540',#3951,#3674,#3952,.T.);
#3021=EDGE_CURVE('2:56543',#3676,#3951,#3953,.T.);
#3022=EDGE_CURVE('2:55100',#3701,#3954,#3955,.T.);
#3023=EDGE_CURVE('2:54918',#3954,#3706,#3956,.T.);
#3024=EDGE_CURVE('2:54942',#3957,#3958,#3959,.T.);
#3025=EDGE_CURVE('2:55160',#3710,#3958,#3960,.T.);
#3026=EDGE_CURVE('2:54912',#3708,#3961,#3962,.T.);
#3027=EDGE_CURVE('2:55063',#3961,#3693,#3963,.T.);
#3028=EDGE_CURVE('2:55180',#3693,#3957,#3964,.T.);
#3029=EDGE_CURVE('2:47563',#3965,#3689,#3966,.T.);
#3030=EDGE_CURVE('2:47840',#3695,#3965,#3967,.T.);
#3031=EDGE_CURVE('2:54906',#3961,#3688,#3968,.T.);
#3032=EDGE_CURVE('2:54960',#3969,#3970,#3971,.T.);
#3033=EDGE_CURVE('2:55220',#3287,#3970,#3972,.T.);
#3034=EDGE_CURVE('2:54903',#3295,#3409,#3973,.T.);
#3035=EDGE_CURVE('2:55053',#3406,#3974,#3975,.T.);
#3036=EDGE_CURVE('2:55233',#3969,#3974,#3976,.T.);
#3037=EDGE_CURVE('2:54948',#3977,#3957,#3978,.T.);
#3038=EDGE_CURVE('2:54900',#3691,#3979,#3980,.T.);
#3039=EDGE_CURVE('2:55023',#3979,#3981,#3982,.T.);
#3040=EDGE_CURVE('2:55200',#3981,#3977,#3983,.T.);
#3041=EDGE_CURVE('2:55000',#3981,#3679,#3984,.T.);
#3042=EDGE_CURVE('2:54894',#3979,#3683,#3985,.T.);
#3043=EDGE_CURVE('2:39432',#3681,#3986,#3987,.T.);
#3044=EDGE_CURVE('2:39429',#3310,#3986,#3988,.T.);
#3045=EDGE_CURVE('2:54954',#3970,#3977,#3989,.T.);
#3046=EDGE_CURVE('2:54891',#3685,#3990,#3991,.T.);
#3047=EDGE_CURVE('2:55013',#3990,#3287,#3992,.T.);
#3048=EDGE_CURVE('2:51221',#3385,#3631,#3993,.T.);
#3049=EDGE_CURVE('2:51224',#3629,#3994,#3995,.T.);
#3050=EDGE_CURVE('2:51206',#3994,#3637,#3996,.T.);
#3051=EDGE_CURVE('2:51242',#3634,#3997,#3998,.T.);
#3052=EDGE_CURVE('2:51185',#3997,#3648,#3999,.T.);
#3053=EDGE_CURVE('2:51182',#3646,#4000,#4001,.T.);
#3054=EDGE_CURVE('2:51179',#4000,#3660,#4002,.T.);
#3055=EDGE_CURVE('2:51173',#3657,#4003,#4004,.T.);
#3056=EDGE_CURVE('2:51170',#4003,#4005,#4006,.T.);
#3057=EDGE_CURVE('2:51164',#4005,#3550,#4007,.T.);
#3058=EDGE_CURVE('2:51191',#3548,#4008,#4009,.T.);
#3059=EDGE_CURVE('2:51152',#4008,#3598,#4010,.T.);
#3060=EDGE_CURVE('2:51200',#3606,#4011,#4012,.T.);
#3061=EDGE_CURVE('2:51215',#4011,#3443,#4013,.T.);
#3062=EDGE_CURVE('2:51209',#3441,#4014,#4015,.T.);
#3063=EDGE_CURVE('2:51227',#4014,#3377,#4016,.T.);
#3064=EDGE_CURVE('2:51167',#4017,#4018,#4019,.T.);
#3065=EDGE_CURVE('2:51176',#4018,#4020,#4021,.T.);
#3066=EDGE_CURVE('2:51188',#4020,#4022,#4023,.T.);
#3067=EDGE_CURVE('2:51203',#4022,#4024,#4025,.T.);
#3068=EDGE_CURVE('2:51218',#4024,#4026,#4027,.T.);
#3069=EDGE_CURVE('2:51212',#4026,#4028,#4029,.T.);
#3070=EDGE_CURVE('2:51197',#4028,#4030,#4031,.T.);
#3071=EDGE_CURVE('2:51194',#4030,#4017,#4032,.T.);
#3072=EDGE_CURVE('2:56699',#4033,#3948,#4034,.T.);
#3073=EDGE_CURVE('2:56689',#4033,#3575,#4035,.T.);
#3074=EDGE_CURVE('2:56669',#4036,#3669,#4037,.T.);
#3075=EDGE_CURVE('2:56659',#4036,#3672,#4038,.T.);
#3076=EDGE_CURVE('2:39483',#4039,#3353,#4040,.T.);
#3077=EDGE_CURVE('2:39492',#3627,#4039,#4041,.T.);
#3078=EDGE_CURVE('2:56652',#3951,#4036,#4042,.T.);
#3079=EDGE_CURVE('2:58474',#3664,#3809,#4043,.T.);
#3080=EDGE_CURVE('2:51510',#3662,#4003,#4044,.T.);
#3081=EDGE_CURVE('2:51523',#4017,#3546,#4045,.T.);
#3082=EDGE_CURVE('2:51503',#4005,#3543,#4046,.T.);
#3083=EDGE_CURVE('2:51530',#3662,#4018,#4047,.T.);
#3084=EDGE_CURVE('2:51470',#3652,#4000,#4048,.T.);
#3085=EDGE_CURVE('2:51550',#3650,#4020,#4049,.T.);
#3086=EDGE_CURVE('2:37926',#4050,#3335,#4051,.T.);
#3087=EDGE_CURVE('2:38001',#3654,#4050,#4052,.T.);
#3088=EDGE_CURVE('2:51433',#3997,#3639,#4053,.T.);
#3089=EDGE_CURVE('2:51570',#3639,#4022,#4054,.T.);
#3090=EDGE_CURVE('2:46213',#3635,#4055,#4056,.T.);
#3091=EDGE_CURVE('2:46307',#3641,#4055,#4057,.T.);
#3092=EDGE_CURVE('2:51393',#3994,#4058,#4059,.T.);
#3093=EDGE_CURVE('2:51590',#4058,#4024,#4060,.T.);
#3094=EDGE_CURVE('2:51370',#4058,#3621,#4061,.T.);
#3095=EDGE_CURVE('2:39513',#4039,#4062,#4063,.T.);
#3096=EDGE_CURVE('2:39447',#4062,#3620,#4064,.T.);
#3097=EDGE_CURVE('2:57002',#3255,#4065,#4066,.T.);
#3098=EDGE_CURVE('2:56989',#4065,#3902,#4067,.T.);
#3099=EDGE_CURVE('2:47590',#4068,#3594,#4069,.T.);
#3100=EDGE_CURVE('2:47602',#3592,#4070,#4071,.T.);
#3101=EDGE_CURVE('2:47581',#4070,#3600,#4072,.T.);
#3102=EDGE_CURVE('2:47560',#3597,#4073,#4074,.T.);
#3103=EDGE_CURVE('2:47557',#4073,#3612,#4075,.T.);
#3104=EDGE_CURVE('2:47551',#3609,#4076,#4077,.T.);
#3105=EDGE_CURVE('2:47545',#4076,#3886,#4078,.T.);
#3106=EDGE_CURVE('2:47536',#3752,#4079,#4080,.T.);
#3107=EDGE_CURVE('2:47530',#4079,#3534,#4081,.T.);
#3108=EDGE_CURVE('2:47566',#3532,#3965,#4082,.T.);
#3109=EDGE_CURVE('2:47575',#3697,#4083,#4084,.T.);
#3110=EDGE_CURVE('2:47608',#4083,#3421,#4085,.T.);
#3111=EDGE_CURVE('2:47584',#3419,#3430,#4086,.T.);
#3112=EDGE_CURVE('2:47596',#3427,#4068,#4087,.T.);
#3113=EDGE_CURVE('2:47539',#4088,#4089,#4090,.T.);
#3114=EDGE_CURVE('2:47548',#4089,#4091,#4092,.T.);
#3115=EDGE_CURVE('2:47554',#4091,#4093,#4094,.T.);
#3116=EDGE_CURVE('2:47578',#4093,#4095,#4096,.T.);
#3117=EDGE_CURVE('2:47593',#4095,#4097,#4098,.T.);
#3118=EDGE_CURVE('2:47587',#4097,#4099,#4100,.T.);
#3119=EDGE_CURVE('2:47572',#4099,#4101,#4102,.T.);
#3120=EDGE_CURVE('2:47569',#4101,#4088,#4103,.T.);
#3121=EDGE_CURVE('2:47903',#4088,#3530,#4104,.T.);
#3122=EDGE_CURVE('2:47883',#4079,#3527,#4105,.T.);
#3123=EDGE_CURVE('2:47910',#3749,#4089,#4106,.T.);
#3124=EDGE_CURVE('2:47850',#3616,#4076,#4107,.T.);
#3125=EDGE_CURVE('2:47930',#3614,#4091,#4108,.T.);
#3126=EDGE_CURVE('2:37836',#3560,#3869,#4109,.T.);
#3127=EDGE_CURVE('2:47813',#4073,#3602,#4110,.T.);
#3128=EDGE_CURVE('2:47950',#3602,#4093,#4111,.T.);
#3129=EDGE_CURVE('2:51460',#3604,#4008,#4112,.T.);
#3130=EDGE_CURVE('2:47773',#4070,#4113,#4114,.T.);
#3131=EDGE_CURVE('2:47970',#4113,#4095,#4115,.T.);
#3132=EDGE_CURVE('2:47750',#4113,#3587,#4116,.T.);
#3133=EDGE_CURVE('2:39345',#3590,#4117,#4118,.T.);
#3134=EDGE_CURVE('2:39294',#4117,#3399,#4119,.T.);
#3135=EDGE_CURVE('2:56682',#3580,#4033,#4120,.T.);
#3136=EDGE_CURVE('2:39273',#4117,#3445,#4121,.T.);
#3137=EDGE_CURVE('2:46210',#4055,#3508,#4122,.T.);
#3138=EDGE_CURVE('2:46219',#4123,#3643,#4124,.T.);
#3139=EDGE_CURVE('2:46225',#3354,#4123,#4125,.T.);
#3140=EDGE_CURVE('2:46231',#4126,#3364,#4127,.T.);
#3141=EDGE_CURVE('2:46237',#3267,#4126,#4128,.T.);
#3142=EDGE_CURVE('2:46243',#3347,#3265,#4129,.T.);
#3143=EDGE_CURVE('2:46249',#4130,#3344,#4131,.T.);
#3144=EDGE_CURVE('2:46255',#3459,#4130,#4132,.T.);
#3145=EDGE_CURVE('2:46252',#4133,#3457,#4134,.T.);
#3146=EDGE_CURVE('2:46246',#3473,#4133,#4135,.T.);
#3147=EDGE_CURVE('2:46240',#4136,#3471,#4137,.T.);
#3148=EDGE_CURVE('2:46234',#3487,#4136,#4138,.T.);
#3149=EDGE_CURVE('2:46228',#4139,#3485,#4140,.T.);
#3150=EDGE_CURVE('2:46222',#4141,#4139,#4142,.T.);
#3151=EDGE_CURVE('2:46216',#3510,#4141,#4143,.T.);
#3152=EDGE_CURVE('2:46258',#4144,#4145,#4146,.T.);
#3153=EDGE_CURVE('2:46261',#4147,#4144,#4148,.T.);
#3154=EDGE_CURVE('2:46267',#4149,#4147,#4150,.T.);
#3155=EDGE_CURVE('2:46273',#4151,#4149,#4152,.T.);
#3156=EDGE_CURVE('2:46279',#4153,#4151,#4154,.T.);
#3157=EDGE_CURVE('2:46276',#4155,#4153,#4156,.T.);
#3158=EDGE_CURVE('2:46270',#4157,#4155,#4158,.T.);
#3159=EDGE_CURVE('2:46264',#4145,#4157,#4159,.T.);
#3160=EDGE_CURVE('2:58557',#3831,#3664,#4160,.T.);
#3161=EDGE_CURVE('2:58577',#3829,#4161,#4162,.T.);
#3162=EDGE_CURVE('2:58434',#4161,#3812,#4163,.T.);
#3163=EDGE_CURVE('2:58594',#3478,#3827,#4164,.T.);
#3164=EDGE_CURVE('2:58394',#3478,#3815,#4165,.T.);
#3165=EDGE_CURVE('2:58417',#3516,#4161,#4166,.T.);
#3166=EDGE_CURVE('2:37950',#4050,#3522,#4167,.T.);
#3167=EDGE_CURVE('2:37974',#3329,#3524,#4168,.T.);
#3168=EDGE_CURVE('2:46340',#4141,#3503,#4169,.T.);
#3169=EDGE_CURVE('2:54933',#3491,#4170,#4171,.T.);
#3170=EDGE_CURVE('2:55153',#4170,#3496,#4172,.T.);
#3171=EDGE_CURVE('2:54939',#3958,#4173,#4174,.T.);
#3172=EDGE_CURVE('2:55173',#4173,#3724,#4175,.T.);
#3173=EDGE_CURVE('2:54924',#3894,#3954,#4176,.T.);
#3174=EDGE_CURVE('2:46540',#4153,#3506,#4177,.T.);
#3175=EDGE_CURVE('2:46357',#3479,#4139,#4178,.T.);
#3176=EDGE_CURVE('2:46517',#3479,#4155,#4179,.T.);
#3177=EDGE_CURVE('2:46397',#3463,#4136,#4180,.T.);
#3178=EDGE_CURVE('2:46497',#3475,#4157,#4181,.T.);
#3179=EDGE_CURVE('2:54945',#4173,#4182,#4183,.T.);
#3180=EDGE_CURVE('2:55193',#4182,#3498,#4184,.T.);
#3181=EDGE_CURVE('2:54936',#4170,#3727,#4185,.T.);
#3182=EDGE_CURVE('2:46440',#4133,#3451,#4186,.T.);
#3183=EDGE_CURVE('2:46477',#3451,#4145,#4187,.T.);
#3184=EDGE_CURVE('2:47923',#4101,#3695,#4188,.T.);
#3185=EDGE_CURVE('2:47943',#4099,#4189,#4190,.T.);
#3186=EDGE_CURVE('2:47800',#4189,#4083,#4191,.T.);
#3187=EDGE_CURVE('2:51543',#4030,#3604,#4192,.T.);
#3188=EDGE_CURVE('2:51563',#4028,#4193,#4194,.T.);
#3189=EDGE_CURVE('2:51420',#4193,#4011,#4195,.T.);
#3190=EDGE_CURVE('2:54921',#3455,#4196,#4197,.T.);
#3191=EDGE_CURVE('2:55110',#3450,#4196,#4198,.T.);
#3192=EDGE_CURVE('2:54951',#4182,#4199,#4200,.T.);
#3193=EDGE_CURVE('2:55213',#4199,#3450,#4201,.T.);
#3194=EDGE_CURVE('2:54927',#4196,#3500,#4202,.T.);
#3195=EDGE_CURVE('2:54957',#4199,#3969,#4203,.T.);
#3196=EDGE_CURVE('2:55070',#3974,#4204,#4205,.T.);
#3197=EDGE_CURVE('2:54915',#4204,#3453,#4206,.T.);
#3198=EDGE_CURVE('2:47960',#3432,#4097,#4207,.T.);
#3199=EDGE_CURVE('2:47783',#3417,#4189,#4208,.T.);
#3200=EDGE_CURVE('2:51580',#3383,#4026,#4209,.T.);
#3201=EDGE_CURVE('2:51380',#3383,#4014,#4210,.T.);
#3202=EDGE_CURVE('2:51403',#3439,#4193,#4211,.T.);
#3203=EDGE_CURVE('2:46450',#4130,#4212,#4213,.T.);
#3204=EDGE_CURVE('2:46467',#4212,#4144,#4214,.T.);
#3205=EDGE_CURVE('2:47743',#4068,#3432,#4215,.T.);
#3206=EDGE_CURVE('2:56742',#3929,#3434,#4216,.T.);
#3207=EDGE_CURVE('2:39363',#3986,#3423,#4217,.T.);
#3208=EDGE_CURVE('2:39600',#3407,#4218,#4219,.T.);
#3209=EDGE_CURVE('2:39597',#4220,#4218,#4221,.T.);
#3210=EDGE_CURVE('2:39567',#4220,#3413,#4222,.T.);
#3211=EDGE_CURVE('2:54909',#3411,#4204,#4223,.T.);
#3212=EDGE_CURVE('2:56759',#3395,#3927,#4224,.T.);
#3213=EDGE_CURVE('2:56939',#3393,#3941,#4225,.T.);
#3214=EDGE_CURVE('2:56799',#3381,#3924,#4226,.T.);
#3215=EDGE_CURVE('2:56919',#3381,#3943,#4227,.T.);
#3216=EDGE_CURVE('2:56839',#4228,#3921,#4229,.T.);
#3217=EDGE_CURVE('2:56899',#4228,#3945,#4230,.T.);
#3218=EDGE_CURVE('2:56862',#3367,#4228,#4231,.T.);
#3219=EDGE_CURVE('2:39516',#3360,#4062,#4232,.T.);
#3220=EDGE_CURVE('2:56849',#3263,#3918,#4233,.T.);
#3221=EDGE_CURVE('2:56879',#3263,#3933,#4234,.T.);
#3222=EDGE_CURVE('2:56809',#4235,#3281,#4236,.T.);
#3223=EDGE_CURVE('2:56872',#3932,#4235,#4237,.T.);
#3224=EDGE_CURVE('2:46530',#4151,#3641,#4238,.T.);
#3225=EDGE_CURVE('2:46510',#4149,#4239,#4240,.T.);
#3226=EDGE_CURVE('2:46347',#4239,#4123,#4241,.T.);
#3227=EDGE_CURVE('2:46370',#3362,#4239,#4242,.T.);
#3228=EDGE_CURVE('2:46490',#4147,#3262,#4243,.T.);
#3229=EDGE_CURVE('2:46387',#3262,#4126,#4244,.T.);
#3230=EDGE_CURVE('2:46427',#4212,#3349,#4245,.T.);
#3231=EDGE_CURVE('2:39576',#3345,#4220,#4246,.T.);
#3232=EDGE_CURVE('2:39531',#4218,#3279,#4247,.T.);
#3233=EDGE_CURVE('2:56972',#3320,#4248,#4249,.T.);
#3234=EDGE_CURVE('2:56959',#4248,#3313,#4250,.T.);
#3235=EDGE_CURVE('2:54897',#3990,#3293,#4251,.T.);
#3236=EDGE_CURVE('2:56952',#3905,#4248,#4252,.T.);
#3237=EDGE_CURVE('2:56982',#3245,#4065,#4253,.T.);
#3238=EDGE_CURVE('2:56912',#3937,#3301,#4254,.T.);
#3239=EDGE_CURVE('2:56712',#3908,#3298,#4255,.T.);
#3240=EDGE_CURVE('2:56932',#3939,#3434,#4256,.T.);
#3241=EDGE_CURVE('2:56892',#3935,#3286,#4257,.T.);
#3242=EDGE_CURVE('2:56752',#3911,#3286,#4258,.T.);
#3243=EDGE_CURVE('2:56792',#3914,#4235,#4259,.T.);
#3244=VERTEX_POINT('',#4260);
#3245=VERTEX_POINT('',#4261);
#3246=LINE('',#4262,#4263);
#3247=VERTEX_POINT('',#4264);
#3248=ELLIPSE('',#4265,0.000346201813295816,0.0002509);
#3249=VERTEX_POINT('',#4266);
#3250=ELLIPSE('',#4267,0.000346201813295813,0.0002509);
#3251=VERTEX_POINT('',#4268);
#3252=ELLIPSE('',#4269,0.000346201813295813,0.0002509);
#3253=VERTEX_POINT('',#4270);
#3254=ELLIPSE('',#4271,0.000346201813295813,0.0002509);
#3255=VERTEX_POINT('',#4272);
#3256=LINE('',#4273,#4274);
#3257=VERTEX_POINT('',#4275);
#3258=ELLIPSE('',#4276,0.000434571547619032,0.0002509);
#3259=VERTEX_POINT('',#4277);
#3260=ELLIPSE('',#4278,0.000434571547619032,0.0002509);
#3261=ELLIPSE('',#4279,0.000434571547619032,0.0002509);
#3262=VERTEX_POINT('',#4280);
#3263=VERTEX_POINT('',#4281);
#3264=LINE('',#4282,#4283);
#3265=VERTEX_POINT('',#4284);
#3266=ELLIPSE('',#4285,0.000295511434131885,0.0002509);
#3267=VERTEX_POINT('',#4286);
#3268=ELLIPSE('',#4287,0.00035482618279941,0.0002509);
#3269=VERTEX_POINT('',#4288);
#3270=LINE('',#4289,#4290);
#3271=VERTEX_POINT('',#4291);
#3272=ELLIPSE('',#4292,0.00035482618279941,0.0002509);
#3273=ELLIPSE('',#4293,0.000295511434131884,0.0002509);
#3274=VERTEX_POINT('',#4294);
#3275=VERTEX_POINT('',#4295);
#3276=LINE('',#4296,#4297);
#3277=VERTEX_POINT('',#4298);
#3278=ELLIPSE('',#4299,0.000346201813295817,0.0002509);
#3279=VERTEX_POINT('',#4300);
#3280=ELLIPSE('',#4301,0.000290083663875081,0.0002509);
#3281=VERTEX_POINT('',#4302);
#3282=LINE('',#4303,#4304);
#3283=VERTEX_POINT('',#4305);
#3284=ELLIPSE('',#4306,0.000343308303869926,0.0002509);
#3285=ELLIPSE('',#4307,0.000319075759926462,0.0002509);
#3286=VERTEX_POINT('',#4308);
#3287=VERTEX_POINT('',#4309);
#3288=LINE('',#4310,#4311);
#3289=VERTEX_POINT('',#4312);
#3290=ELLIPSE('',#4313,0.000295511434131886,0.0002509);
#3291=VERTEX_POINT('',#4314);
#3292=ELLIPSE('',#4315,0.00035482618279941,0.0002509);
#3293=VERTEX_POINT('',#4316);
#3294=LINE('',#4317,#4318);
#3295=VERTEX_POINT('',#4319);
#3296=ELLIPSE('',#4320,0.00035482618279941,0.0002509);
#3297=ELLIPSE('',#4321,0.000295511434131886,0.0002509);
#3298=VERTEX_POINT('',#4322);
#3299=VERTEX_POINT('',#4323);
#3300=LINE('',#4324,#4325);
#3301=VERTEX_POINT('',#4326);
#3302=ELLIPSE('',#4327,0.000343308303869926,0.0002509);
#3303=VERTEX_POINT('',#4328);
#3304=ELLIPSE('',#4329,0.000343308303869926,0.0002509);
#3305=VERTEX_POINT('',#4330);
#3306=ELLIPSE('',#4331,0.000319075759926461,0.0002509);
#3307=LINE('',#4332,#4333);
#3308=VERTEX_POINT('',#4334);
#3309=ELLIPSE('',#4335,0.000290083663875081,0.0002509);
#3310=VERTEX_POINT('',#4336);
#3311=ELLIPSE('',#4337,0.000290083663875081,0.0002509);
#3312=ELLIPSE('',#4338,0.000290083663875082,0.0002509);
#3313=VERTEX_POINT('',#4339);
#3314=VERTEX_POINT('',#4340);
#3315=LINE('',#4341,#4342);
#3316=VERTEX_POINT('',#4343);
#3317=ELLIPSE('',#4344,0.000434571547619032,0.0002509);
#3318=VERTEX_POINT('',#4345);
#3319=ELLIPSE('',#4346,0.000434571547619032,0.0002509);
#3320=VERTEX_POINT('',#4347);
#3321=ELLIPSE('',#4348,0.000434571547619032,0.0002509);
#3322=VERTEX_POINT('',#4349);
#3323=LINE('',#4350,#4351);
#3324=ELLIPSE('',#4352,0.000346201813295817,0.0002509);
#3325=VERTEX_POINT('',#4353);
#3326=ELLIPSE('',#4354,0.000346201813295817,0.0002509);
#3327=ELLIPSE('',#4355,0.000346201813295816,0.0002509);
#3328=VERTEX_POINT('',#4356);
#3329=VERTEX_POINT('',#4357);
#3330=LINE('',#4358,#4359);
#3331=VERTEX_POINT('',#4360);
#3332=ELLIPSE('',#4361,0.000434571547619032,0.0002509);
#3333=VERTEX_POINT('',#4362);
#3334=ELLIPSE('',#4363,0.000434571547619032,0.0002509);
#3335=VERTEX_POINT('',#4364);
#3336=LINE('',#4365,#4366);
#3337=VERTEX_POINT('',#4367);
#3338=ELLIPSE('',#4368,0.000346201813295818,0.0002509);
#3339=VERTEX_POINT('',#4369);
#3340=ELLIPSE('',#4370,0.000346201813295818,0.0002509);
#3341=VERTEX_POINT('',#4371);
#3342=ELLIPSE('',#4372,0.000346201813295818,0.0002509);
#3343=ELLIPSE('',#4373,0.000346201813295818,0.0002509);
#3344=VERTEX_POINT('',#4374);
#3345=VERTEX_POINT('',#4375);
#3346=LINE('',#4376,#4377);
#3347=VERTEX_POINT('',#4378);
#3348=ELLIPSE('',#4379,0.000319075759926461,0.0002509);
#3349=VERTEX_POINT('',#4380);
#3350=ELLIPSE('',#4381,0.000343308303869925,0.0002509);
#3351=LINE('',#4382,#4383);
#3352=ELLIPSE('',#4384,0.000346201813295817,0.0002509);
#3353=VERTEX_POINT('',#4385);
#3354=VERTEX_POINT('',#4386);
#3355=LINE('',#4387,#4388);
#3356=VERTEX_POINT('',#4389);
#3357=ELLIPSE('',#4390,0.000346201813295816,0.0002509);
#3358=VERTEX_POINT('',#4391);
#3359=ELLIPSE('',#4392,0.000346201813295816,0.0002509);
#3360=VERTEX_POINT('',#4393);
#3361=ELLIPSE('',#4394,0.000290083663875081,0.0002509);
#3362=VERTEX_POINT('',#4395);
#3363=LINE('',#4396,#4397);
#3364=VERTEX_POINT('',#4398);
#3365=ELLIPSE('',#4399,0.000343308303869928,0.0002509);
#3366=ELLIPSE('',#4400,0.000319075759926462,0.0002509);
#3367=VERTEX_POINT('',#4401);
#3368=LINE('',#4402,#4403);
#3369=VERTEX_POINT('',#4404);
#3370=ELLIPSE('',#4405,0.000346201813295816,0.0002509);
#3371=VERTEX_POINT('',#4406);
#3372=LINE('',#4407,#4408);
#3373=VERTEX_POINT('',#4409);
#3374=ELLIPSE('',#4410,0.000319075759926462,0.0002509);
#3375=ELLIPSE('',#4411,0.000343308303869926,0.0002509);
#3376=VERTEX_POINT('',#4412);
#3377=VERTEX_POINT('',#4413);
#3378=LINE('',#4414,#4415);
#3379=VERTEX_POINT('',#4416);
#3380=ELLIPSE('',#4417,0.00035482618279941,0.0002509);
#3381=VERTEX_POINT('',#4418);
#3382=ELLIPSE('',#4419,0.000295511434131886,0.0002509);
#3383=VERTEX_POINT('',#4420);
#3384=LINE('',#4421,#4422);
#3385=VERTEX_POINT('',#4423);
#3386=ELLIPSE('',#4424,0.000295511434131886,0.0002509);
#3387=ELLIPSE('',#4425,0.00035482618279941,0.0002509);
#3388=VERTEX_POINT('',#4426);
#3389=VERTEX_POINT('',#4427);
#3390=LINE('',#4428,#4429);
#3391=VERTEX_POINT('',#4430);
#3392=ELLIPSE('',#4431,0.000319075759926461,0.0002509);
#3393=VERTEX_POINT('',#4432);
#3394=ELLIPSE('',#4433,0.000343308303869926,0.0002509);
#3395=VERTEX_POINT('',#4434);
#3396=ELLIPSE('',#4435,0.000343308303869926,0.0002509);
#3397=VERTEX_POINT('',#4436);
#3398=LINE('',#4437,#4438);
#3399=VERTEX_POINT('',#4439);
#3400=ELLIPSE('',#4440,0.000290083663875081,0.0002509);
#3401=VERTEX_POINT('',#4441);
#3402=ELLIPSE('',#4442,0.000290083663875081,0.0002509);
#3403=VERTEX_POINT('',#4443);
#3404=ELLIPSE('',#4444,0.000290083663875081,0.0002509);
#3405=ELLIPSE('',#4445,0.000346201813295814,0.0002509);
#3406=VERTEX_POINT('',#4446);
#3407=VERTEX_POINT('',#4447);
#3408=LINE('',#4448,#4449);
#3409=VERTEX_POINT('',#4450);
#3410=ELLIPSE('',#4451,0.000343308303869926,0.0002509);
#3411=VERTEX_POINT('',#4452);
#3412=ELLIPSE('',#4453,0.000319075759926461,0.0002509);
#3413=VERTEX_POINT('',#4454);
#3414=LINE('',#4455,#4456);
#3415=ELLIPSE('',#4457,0.000346201813295816,0.0002509);
#3416=ELLIPSE('',#4458,0.000290083663875081,0.0002509);
#3417=VERTEX_POINT('',#4459);
#3418=LINE('',#4460,#4461);
#3419=VERTEX_POINT('',#4462);
#3420=ELLIPSE('',#4463,0.000343308303869926,0.0002509);
#3421=VERTEX_POINT('',#4464);
#3422=ELLIPSE('',#4465,0.000319075759926461,0.0002509);
#3423=VERTEX_POINT('',#4466);
#3424=LINE('',#4467,#4468);
#3425=ELLIPSE('',#4469,0.000346201813295813,0.0002509);
#3426=ELLIPSE('',#4470,0.000290083663875082,0.0002509);
#3427=VERTEX_POINT('',#4471);
#3428=VERTEX_POINT('',#4472);
#3429=LINE('',#4473,#4474);
#3430=VERTEX_POINT('',#4475);
#3431=ELLIPSE('',#4476,0.00035482618279941,0.0002509);
#3432=VERTEX_POINT('',#4477);
#3433=ELLIPSE('',#4478,0.000295511434131885,0.0002509);
#3434=VERTEX_POINT('',#4479);
#3435=LINE('',#4480,#4481);
#3436=VERTEX_POINT('',#4482);
#3437=ELLIPSE('',#4483,0.000295511434131885,0.0002509);
#3438=ELLIPSE('',#4484,0.00035482618279941,0.0002509);
#3439=VERTEX_POINT('',#4485);
#3440=LINE('',#4486,#4487);
#3441=VERTEX_POINT('',#4488);
#3442=ELLIPSE('',#4489,0.000343308303869926,0.0002509);
#3443=VERTEX_POINT('',#4490);
#3444=ELLIPSE('',#4491,0.000319075759926461,0.0002509);
#3445=VERTEX_POINT('',#4492);
#3446=LINE('',#4493,#4494);
#3447=VERTEX_POINT('',#4495);
#3448=ELLIPSE('',#4496,0.000346201813295813,0.0002509);
#3449=ELLIPSE('',#4497,0.000346201813295813,0.0002509);
#3450=VERTEX_POINT('',#4498);
#3451=VERTEX_POINT('',#4499);
#3452=LINE('',#4500,#4501);
#3453=VERTEX_POINT('',#4502);
#3454=ELLIPSE('',#4503,0.000295511434131885,0.0002509);
#3455=VERTEX_POINT('',#4504);
#3456=ELLIPSE('',#4505,0.00035482618279941,0.0002509);
#3457=VERTEX_POINT('',#4506);
#3458=LINE('',#4507,#4508);
#3459=VERTEX_POINT('',#4509);
#3460=ELLIPSE('',#4510,0.00035482618279941,0.0002509);
#3461=ELLIPSE('',#4511,0.000295511434131884,0.0002509);
#3462=VERTEX_POINT('',#4512);
#3463=VERTEX_POINT('',#4513);
#3464=LINE('',#4514,#4515);
#3465=VERTEX_POINT('',#4516);
#3466=ELLIPSE('',#4517,0.000290083663875081,0.0002509);
#3467=VERTEX_POINT('',#4518);
#3468=ELLIPSE('',#4519,0.000290083663875081,0.0002509);
#3469=VERTEX_POINT('',#4520);
#3470=ELLIPSE('',#4521,0.000346201813295815,0.0002509);
#3471=VERTEX_POINT('',#4522);
#3472=LINE('',#4523,#4524);
#3473=VERTEX_POINT('',#4525);
#3474=ELLIPSE('',#4526,0.000319075759926462,0.0002509);
#3475=VERTEX_POINT('',#4527);
#3476=ELLIPSE('',#4528,0.000343308303869927,0.0002509);
#3477=ELLIPSE('',#4529,0.000343308303869926,0.0002509);
#3478=VERTEX_POINT('',#4530);
#3479=VERTEX_POINT('',#4531);
#3480=LINE('',#4532,#4533);
#3481=VERTEX_POINT('',#4534);
#3482=ELLIPSE('',#4535,0.000295511434131885,0.0002509);
#3483=VERTEX_POINT('',#4536);
#3484=ELLIPSE('',#4537,0.00035482618279941,0.0002509);
#3485=VERTEX_POINT('',#4538);
#3486=LINE('',#4539,#4540);
#3487=VERTEX_POINT('',#4541);
#3488=ELLIPSE('',#4542,0.00035482618279941,0.0002509);
#3489=ELLIPSE('',#4543,0.000295511434131886,0.0002509);
#3490=VERTEX_POINT('',#4544);
#3491=VERTEX_POINT('',#4545);
#3492=LINE('',#4546,#4547);
#3493=ELLIPSE('',#4548,0.000346201813295815,0.0002509);
#3494=VERTEX_POINT('',#4549);
#3495=ELLIPSE('',#4550,0.000290083663875081,0.0002509);
#3496=VERTEX_POINT('',#4551);
#3497=LINE('',#4552,#4553);
#3498=VERTEX_POINT('',#4554);
#3499=ELLIPSE('',#4555,0.000343308303869926,0.0002509);
#3500=VERTEX_POINT('',#4556);
#3501=ELLIPSE('',#4557,0.000343308303869926,0.0002509);
#3502=ELLIPSE('',#4558,0.000319075759926462,0.0002509);
#3503=VERTEX_POINT('',#4559);
#3504=VERTEX_POINT('',#4560);
#3505=LINE('',#4561,#4562);
#3506=VERTEX_POINT('',#4563);
#3507=ELLIPSE('',#4564,0.000343308303869926,0.0002509);
#3508=VERTEX_POINT('',#4565);
#3509=ELLIPSE('',#4566,0.000343308303869926,0.0002509);
#3510=VERTEX_POINT('',#4567);
#3511=ELLIPSE('',#4568,0.000319075759926461,0.0002509);
#3512=LINE('',#4569,#4570);
#3513=VERTEX_POINT('',#4571);
#3514=ELLIPSE('',#4572,0.000290083663875082,0.0002509);
#3515=ELLIPSE('',#4573,0.000290083663875081,0.0002509);
#3516=VERTEX_POINT('',#4574);
#3517=LINE('',#4575,#4576);
#3518=VERTEX_POINT('',#4577);
#3519=ELLIPSE('',#4578,0.000343308303869926,0.0002509);
#3520=VERTEX_POINT('',#4579);
#3521=ELLIPSE('',#4580,0.000319075759926461,0.0002509);
#3522=VERTEX_POINT('',#4581);
#3523=LINE('',#4582,#4583);
#3524=VERTEX_POINT('',#4584);
#3525=ELLIPSE('',#4585,0.000346201813295816,0.0002509);
#3526=ELLIPSE('',#4586,0.000290083663875081,0.0002509);
#3527=VERTEX_POINT('',#4587);
#3528=VERTEX_POINT('',#4588);
#3529=LINE('',#4589,#4590);
#3530=VERTEX_POINT('',#4591);
#3531=ELLIPSE('',#4592,0.000343308303869927,0.0002509);
#3532=VERTEX_POINT('',#4593);
#3533=ELLIPSE('',#4594,0.000343308303869926,0.0002509);
#3534=VERTEX_POINT('',#4595);
#3535=ELLIPSE('',#4596,0.000319075759926461,0.0002509);
#3536=VERTEX_POINT('',#4597);
#3537=LINE('',#4598,#4599);
#3538=VERTEX_POINT('',#4600);
#3539=ELLIPSE('',#4601,0.000346201813295818,0.0002509);
#3540=VERTEX_POINT('',#4602);
#3541=ELLIPSE('',#4603,0.000290083663875081,0.0002509);
#3542=ELLIPSE('',#4604,0.000290083663875081,0.0002509);
#3543=VERTEX_POINT('',#4605);
#3544=VERTEX_POINT('',#4606);
#3545=LINE('',#4607,#4608);
#3546=VERTEX_POINT('',#4609);
#3547=ELLIPSE('',#4610,0.000343308303869926,0.0002509);
#3548=VERTEX_POINT('',#4611);
#3549=ELLIPSE('',#4612,0.000343308303869926,0.0002509);
#3550=VERTEX_POINT('',#4613);
#3551=ELLIPSE('',#4614,0.000319075759926461,0.0002509);
#3552=VERTEX_POINT('',#4615);
#3553=LINE('',#4616,#4617);
#3554=VERTEX_POINT('',#4618);
#3555=ELLIPSE('',#4619,0.000346201813295818,0.0002509);
#3556=VERTEX_POINT('',#4620);
#3557=ELLIPSE('',#4621,0.000290083663875082,0.0002509);
#3558=ELLIPSE('',#4622,0.000290083663875081,0.0002509);
#3559=VERTEX_POINT('',#4623);
#3560=VERTEX_POINT('',#4624);
#3561=LINE('',#4625,#4626);
#3562=VERTEX_POINT('',#4627);
#3563=ELLIPSE('',#4628,0.000343308303869926,0.0002509);
#3564=VERTEX_POINT('',#4629);
#3565=ELLIPSE('',#4630,0.000343308303869926,0.0002509);
#3566=VERTEX_POINT('',#4631);
#3567=ELLIPSE('',#4632,0.000319075759926461,0.0002509);
#3568=VERTEX_POINT('',#4633);
#3569=LINE('',#4634,#4635);
#3570=VERTEX_POINT('',#4636);
#3571=ELLIPSE('',#4637,0.000346201813295818,0.0002509);
#3572=ELLIPSE('',#4638,0.000290083663875081,0.0002509);
#3573=ELLIPSE('',#4639,0.000290083663875082,0.0002509);
#3574=VERTEX_POINT('',#4640);
#3575=VERTEX_POINT('',#4641);
#3576=LINE('',#4642,#4643);
#3577=VERTEX_POINT('',#4644);
#3578=ELLIPSE('',#4645,0.000346201813295816,0.0002509);
#3579=ELLIPSE('',#4646,0.000346201813295814,0.0002509);
#3580=VERTEX_POINT('',#4647);
#3581=LINE('',#4648,#4649);
#3582=VERTEX_POINT('',#4650);
#3583=ELLIPSE('',#4651,0.000434571547619032,0.0002509);
#3584=VERTEX_POINT('',#4652);
#3585=ELLIPSE('',#4653,0.000434571547619032,0.0002509);
#3586=ELLIPSE('',#4654,0.000434571547619032,0.0002509);
#3587=VERTEX_POINT('',#4655);
#3588=LINE('',#4656,#4657);
#3589=ELLIPSE('',#4658,0.000290083663875081,0.0002509);
#3590=VERTEX_POINT('',#4659);
#3591=ELLIPSE('',#4660,0.000346201813295816,0.0002509);
#3592=VERTEX_POINT('',#4661);
#3593=LINE('',#4662,#4663);
#3594=VERTEX_POINT('',#4664);
#3595=ELLIPSE('',#4665,0.000319075759926462,0.0002509);
#3596=ELLIPSE('',#4666,0.000343308303869928,0.0002509);
#3597=VERTEX_POINT('',#4667);
#3598=VERTEX_POINT('',#4668);
#3599=LINE('',#4669,#4670);
#3600=VERTEX_POINT('',#4671);
#3601=ELLIPSE('',#4672,0.00035482618279941,0.0002509);
#3602=VERTEX_POINT('',#4673);
#3603=ELLIPSE('',#4674,0.000295511434131886,0.0002509);
#3604=VERTEX_POINT('',#4675);
#3605=LINE('',#4676,#4677);
#3606=VERTEX_POINT('',#4678);
#3607=ELLIPSE('',#4679,0.000295511434131884,0.0002509);
#3608=ELLIPSE('',#4680,0.00035482618279941,0.0002509);
#3609=VERTEX_POINT('',#4681);
#3610=VERTEX_POINT('',#4682);
#3611=LINE('',#4683,#4684);
#3612=VERTEX_POINT('',#4685);
#3613=ELLIPSE('',#4686,0.000319075759926461,0.0002509);
#3614=VERTEX_POINT('',#4687);
#3615=ELLIPSE('',#4688,0.000343308303869926,0.0002509);
#3616=VERTEX_POINT('',#4689);
#3617=ELLIPSE('',#4690,0.000343308303869926,0.0002509);
#3618=LINE('',#4691,#4692);
#3619=ELLIPSE('',#4693,0.000346201813295818,0.0002509);
#3620=VERTEX_POINT('',#4694);
#3621=VERTEX_POINT('',#4695);
#3622=LINE('',#4696,#4697);
#3623=VERTEX_POINT('',#4698);
#3624=ELLIPSE('',#4699,0.000290083663875081,0.0002509);
#3625=VERTEX_POINT('',#4700);
#3626=ELLIPSE('',#4701,0.000346201813295816,0.0002509);
#3627=VERTEX_POINT('',#4702);
#3628=ELLIPSE('',#4703,0.000346201813295816,0.0002509);
#3629=VERTEX_POINT('',#4704);
#3630=LINE('',#4705,#4706);
#3631=VERTEX_POINT('',#4707);
#3632=ELLIPSE('',#4708,0.000319075759926462,0.0002509);
#3633=ELLIPSE('',#4709,0.000343308303869925,0.0002509);
#3634=VERTEX_POINT('',#4710);
#3635=VERTEX_POINT('',#4711);
#3636=LINE('',#4712,#4713);
#3637=VERTEX_POINT('',#4714);
#3638=ELLIPSE('',#4715,0.00035482618279941,0.0002509);
#3639=VERTEX_POINT('',#4716);
#3640=ELLIPSE('',#4717,0.000295511434131886,0.0002509);
#3641=VERTEX_POINT('',#4718);
#3642=LINE('',#4719,#4720);
#3643=VERTEX_POINT('',#4721);
#3644=ELLIPSE('',#4722,0.000295511434131886,0.0002509);
#3645=ELLIPSE('',#4723,0.00035482618279941,0.0002509);
#3646=VERTEX_POINT('',#4724);
#3647=LINE('',#4725,#4726);
#3648=VERTEX_POINT('',#4727);
#3649=ELLIPSE('',#4728,0.000319075759926461,0.0002509);
#3650=VERTEX_POINT('',#4729);
#3651=ELLIPSE('',#4730,0.000343308303869927,0.0002509);
#3652=VERTEX_POINT('',#4731);
#3653=ELLIPSE('',#4732,0.000343308303869927,0.0002509);
#3654=VERTEX_POINT('',#4733);
#3655=LINE('',#4734,#4735);
#3656=ELLIPSE('',#4736,0.000290083663875082,0.0002509);
#3657=VERTEX_POINT('',#4737);
#3658=VERTEX_POINT('',#4738);
#3659=LINE('',#4739,#4740);
#3660=VERTEX_POINT('',#4741);
#3661=ELLIPSE('',#4742,0.00035482618279941,0.0002509);
#3662=VERTEX_POINT('',#4743);
#3663=ELLIPSE('',#4744,0.000295511434131886,0.0002509);
#3664=VERTEX_POINT('',#4745);
#3665=LINE('',#4746,#4747);
#3666=VERTEX_POINT('',#4748);
#3667=ELLIPSE('',#4749,0.000295511434131886,0.0002509);
#3668=ELLIPSE('',#4750,0.00035482618279941,0.0002509);
#3669=VERTEX_POINT('',#4751);
#3670=LINE('',#4752,#4753);
#3671=ELLIPSE('',#4754,0.000346201813295816,0.0002509);
#3672=VERTEX_POINT('',#4755);
#3673=LINE('',#4756,#4757);
#3674=VERTEX_POINT('',#4758);
#3675=ELLIPSE('',#4759,0.000434571547619032,0.0002509);
#3676=VERTEX_POINT('',#4760);
#3677=ELLIPSE('',#4761,0.000434571547619032,0.0002509);
#3678=ELLIPSE('',#4762,0.000434571547619032,0.0002509);
#3679=VERTEX_POINT('',#4763);
#3680=LINE('',#4764,#4765);
#3681=VERTEX_POINT('',#4766);
#3682=ELLIPSE('',#4767,0.000346201813295816,0.0002509);
#3683=VERTEX_POINT('',#4768);
#3684=LINE('',#4769,#4770);
#3685=VERTEX_POINT('',#4771);
#3686=ELLIPSE('',#4772,0.000319075759926462,0.0002509);
#3687=ELLIPSE('',#4773,0.000343308303869925,0.0002509);
#3688=VERTEX_POINT('',#4774);
#3689=VERTEX_POINT('',#4775);
#3690=LINE('',#4776,#4777);
#3691=VERTEX_POINT('',#4778);
#3692=ELLIPSE('',#4779,0.00035482618279941,0.0002509);
#3693=VERTEX_POINT('',#4780);
#3694=ELLIPSE('',#4781,0.000295511434131886,0.0002509);
#3695=VERTEX_POINT('',#4782);
#3696=LINE('',#4783,#4784);
#3697=VERTEX_POINT('',#4785);
#3698=ELLIPSE('',#4786,0.000295511434131884,0.0002509);
#3699=ELLIPSE('',#4787,0.00035482618279941,0.0002509);
#3700=VERTEX_POINT('',#4788);
#3701=VERTEX_POINT('',#4789);
#3702=LINE('',#4790,#4791);
#3703=ELLIPSE('',#4792,0.000290083663875081,0.0002509);
#3704=VERTEX_POINT('',#4793);
#3705=ELLIPSE('',#4794,0.000346201813295814,0.0002509);
#3706=VERTEX_POINT('',#4795);
#3707=LINE('',#4796,#4797);
#3708=VERTEX_POINT('',#4798);
#3709=ELLIPSE('',#4799,0.000319075759926462,0.0002509);
#3710=VERTEX_POINT('',#4800);
#3711=ELLIPSE('',#4801,0.000343308303869926,0.0002509);
#3712=ELLIPSE('',#4802,0.000343308303869926,0.0002509);
#3713=VERTEX_POINT('',#4803);
#3714=VERTEX_POINT('',#4804);
#3715=LINE('',#4805,#4806);
#3716=VERTEX_POINT('',#4807);
#3717=ELLIPSE('',#4808,0.000319075759926461,0.0002509);
#3718=VERTEX_POINT('',#4809);
#3719=ELLIPSE('',#4810,0.000343308303869926,0.0002509);
#3720=LINE('',#4811,#4812);
#3721=VERTEX_POINT('',#4813);
#3722=ELLIPSE('',#4814,0.000290083663875081,0.0002509);
#3723=ELLIPSE('',#4815,0.000346201813295813,0.0002509);
#3724=VERTEX_POINT('',#4816);
#3725=VERTEX_POINT('',#4817);
#3726=LINE('',#4818,#4819);
#3727=VERTEX_POINT('',#4820);
#3728=ELLIPSE('',#4821,0.000295511434131885,0.0002509);
#3729=VERTEX_POINT('',#4822);
#3730=ELLIPSE('',#4823,0.00035482618279941,0.0002509);
#3731=VERTEX_POINT('',#4824);
#3732=LINE('',#4825,#4826);
#3733=VERTEX_POINT('',#4827);
#3734=ELLIPSE('',#4828,0.00035482618279941,0.0002509);
#3735=ELLIPSE('',#4829,0.000295511434131886,0.0002509);
#3736=VERTEX_POINT('',#4830);
#3737=VERTEX_POINT('',#4831);
#3738=LINE('',#4832,#4833);
#3739=VERTEX_POINT('',#4834);
#3740=ELLIPSE('',#4835,0.000319075759926461,0.0002509);
#3741=VERTEX_POINT('',#4836);
#3742=ELLIPSE('',#4837,0.000343308303869926,0.0002509);
#3743=VERTEX_POINT('',#4838);
#3744=ELLIPSE('',#4839,0.000343308303869925,0.0002509);
#3745=LINE('',#4840,#4841);
#3746=VERTEX_POINT('',#4842);
#3747=ELLIPSE('',#4843,0.000290083663875081,0.0002509);
#3748=ELLIPSE('',#4844,0.000346201813295818,0.0002509);
#3749=VERTEX_POINT('',#4845);
#3750=VERTEX_POINT('',#4846);
#3751=LINE('',#4847,#4848);
#3752=VERTEX_POINT('',#4849);
#3753=ELLIPSE('',#4850,0.000295511434131886,0.0002509);
#3754=VERTEX_POINT('',#4851);
#3755=ELLIPSE('',#4852,0.00035482618279941,0.0002509);
#3756=VERTEX_POINT('',#4853);
#3757=LINE('',#4854,#4855);
#3758=VERTEX_POINT('',#4856);
#3759=ELLIPSE('',#4857,0.00035482618279941,0.0002509);
#3760=ELLIPSE('',#4858,0.000295511434131884,0.0002509);
#3761=VERTEX_POINT('',#4859);
#3762=VERTEX_POINT('',#4860);
#3763=LINE('',#4861,#4862);
#3764=VERTEX_POINT('',#4863);
#3765=ELLIPSE('',#4864,0.000434571547619032,0.0002509);
#3766=VERTEX_POINT('',#4865);
#3767=ELLIPSE('',#4866,0.000434571547619032,0.0002509);
#3768=VERTEX_POINT('',#4867);
#3769=LINE('',#4868,#4869);
#3770=ELLIPSE('',#4870,0.000346201813295814,0.0002509);
#3771=ELLIPSE('',#4871,0.000346201813295818,0.0002509);
#3772=VERTEX_POINT('',#4872);
#3773=VERTEX_POINT('',#4873);
#3774=LINE('',#4874,#4875);
#3775=VERTEX_POINT('',#4876);
#3776=ELLIPSE('',#4877,0.000434571547619032,0.0002509);
#3777=VERTEX_POINT('',#4878);
#3778=ELLIPSE('',#4879,0.000434571547619032,0.0002509);
#3779=VERTEX_POINT('',#4880);
#3780=LINE('',#4881,#4882);
#3781=ELLIPSE('',#4883,0.000346201813295818,0.0002509);
#3782=ELLIPSE('',#4884,0.000346201813295818,0.0002509);
#3783=VERTEX_POINT('',#4885);
#3784=VERTEX_POINT('',#4886);
#3785=LINE('',#4887,#4888);
#3786=ELLIPSE('',#4889,0.000346201813295815,0.0002509);
#3787=VERTEX_POINT('',#4890);
#3788=ELLIPSE('',#4891,0.000346201813295815,0.0002509);
#3789=VERTEX_POINT('',#4892);
#3790=LINE('',#4893,#4894);
#3791=VERTEX_POINT('',#4895);
#3792=ELLIPSE('',#4896,0.000434571547619032,0.0002509);
#3793=ELLIPSE('',#4897,0.000434571547619032,0.0002509);
#3794=LINE('',#4898,#4899);
#3795=VERTEX_POINT('',#4900);
#3796=ELLIPSE('',#4901,0.000319075759926461,0.0002509);
#3797=LINE('',#4902,#4903);
#3798=VERTEX_POINT('',#4904);
#3799=ELLIPSE('',#4905,0.00035482618279941,0.0002509);
#3800=LINE('',#4906,#4907);
#3801=VERTEX_POINT('',#4908);
#3802=ELLIPSE('',#4909,0.000319075759926461,0.0002509);
#3803=LINE('',#4910,#4911);
#3804=VERTEX_POINT('',#4912);
#3805=ELLIPSE('',#4913,0.00035482618279941,0.0002509);
#3806=VERTEX_POINT('',#4914);
#3807=LINE('',#4915,#4916);
#3808=ELLIPSE('',#4917,0.000319075759926461,0.0002509);
#3809=VERTEX_POINT('',#4918);
#3810=LINE('',#4919,#4920);
#3811=ELLIPSE('',#4921,0.00035482618279941,0.0002509);
#3812=VERTEX_POINT('',#4922);
#3813=LINE('',#4923,#4924);
#3814=ELLIPSE('',#4925,0.000319075759926461,0.0002509);
#3815=VERTEX_POINT('',#4926);
#3816=LINE('',#4927,#4928);
#3817=ELLIPSE('',#4929,0.00035482618279941,0.0002509);
#3818=VERTEX_POINT('',#4930);
#3819=VERTEX_POINT('',#4931);
#3820=LINE('',#4932,#4933);
#3821=VERTEX_POINT('',#4934);
#3822=LINE('',#4935,#4936);
#3823=VERTEX_POINT('',#4937);
#3824=LINE('',#4938,#4939);
#3825=VERTEX_POINT('',#4940);
#3826=LINE('',#4941,#4942);
#3827=VERTEX_POINT('',#4943);
#3828=LINE('',#4944,#4945);
#3829=VERTEX_POINT('',#4946);
#3830=LINE('',#4947,#4948);
#3831=VERTEX_POINT('',#4949);
#3832=LINE('',#4950,#4951);
#3833=LINE('',#4952,#4953);
#3834=VERTEX_POINT('',#4954);
#3835=VERTEX_POINT('',#4955);
#3836=LINE('',#4956,#4957);
#3837=VERTEX_POINT('',#4958);
#3838=ELLIPSE('',#4959,0.000434571547619032,0.0002509);
#3839=LINE('',#4960,#4961);
#3840=VERTEX_POINT('',#4962);
#3841=VERTEX_POINT('',#4963);
#3842=LINE('',#4964,#4965);
#3843=VERTEX_POINT('',#4966);
#3844=ELLIPSE('',#4967,0.000434571547619032,0.0002509);
#3845=LINE('',#4968,#4969);
#3846=VERTEX_POINT('',#4970);
#3847=VERTEX_POINT('',#4971);
#3848=LINE('',#4972,#4973);
#3849=VERTEX_POINT('',#4974);
#3850=LINE('',#4975,#4976);
#3851=ELLIPSE('',#4977,0.000434571547619032,0.0002509);
#3852=VERTEX_POINT('',#4978);
#3853=VERTEX_POINT('',#4979);
#3854=ELLIPSE('',#4980,0.000434571547619032,0.0002509);
#3855=VERTEX_POINT('',#4981);
#3856=LINE('',#4982,#4983);
#3857=LINE('',#4984,#4985);
#3858=ELLIPSE('',#4986,0.000434571547619032,0.0002509);
#3859=LINE('',#4987,#4988);
#3860=ELLIPSE('',#4989,0.000434571547619032,0.0002509);
#3861=VERTEX_POINT('',#4990);
#3862=ELLIPSE('',#4991,0.000346201813295815,0.0002509);
#3863=ELLIPSE('',#4992,0.000346201813295813,0.0002509);
#3864=ELLIPSE('',#4993,0.000346201813295815,0.0002509);
#3865=LINE('',#4994,#4995);
#3866=ELLIPSE('',#4996,0.000434571547619032,0.0002509);
#3867=ELLIPSE('',#4997,0.000434571547619032,0.0002509);
#3868=ELLIPSE('',#4998,0.000346201813295818,0.0002509);
#3869=VERTEX_POINT('',#4999);
#3870=ELLIPSE('',#5000,0.000346201813295818,0.0002509);
#3871=ELLIPSE('',#5001,0.000346201813295818,0.0002509);
#3872=ELLIPSE('',#5002,0.000434571547619032,0.0002509);
#3873=ELLIPSE('',#5003,0.000434571547619032,0.0002509);
#3874=LINE('',#5004,#5005);
#3875=VERTEX_POINT('',#5006);
#3876=ELLIPSE('',#5007,0.000346201813295818,0.0002509);
#3877=ELLIPSE('',#5008,0.000346201813295818,0.0002509);
#3878=ELLIPSE('',#5009,0.000346201813295814,0.0002509);
#3879=ELLIPSE('',#5010,0.000434571547619032,0.0002509);
#3880=ELLIPSE('',#5011,0.000434571547619032,0.0002509);
#3881=LINE('',#5012,#5013);
#3882=ELLIPSE('',#5014,0.000252444018421422,0.0002509);
#3883=ELLIPSE('',#5015,0.000343308303869926,0.0002509);
#3884=ELLIPSE('',#5016,0.000295511434131884,0.0002509);
#3885=ELLIPSE('',#5017,0.000321308738968791,0.0002509);
#3886=VERTEX_POINT('',#5018);
#3887=ELLIPSE('',#5019,0.00035482618279941,0.0002509);
#3888=ELLIPSE('',#5020,0.000295511434131886,0.0002509);
#3889=ELLIPSE('',#5021,0.000343308303869925,0.0002509);
#3890=ELLIPSE('',#5022,0.000252444018421422,0.0002509);
#3891=ELLIPSE('',#5023,0.000290083663875081,0.0002509);
#3892=ELLIPSE('',#5024,0.000295511434131886,0.0002509);
#3893=ELLIPSE('',#5025,0.000321308738968791,0.0002509);
#3894=VERTEX_POINT('',#5026);
#3895=ELLIPSE('',#5027,0.00035482618279941,0.0002509);
#3896=ELLIPSE('',#5028,0.000295511434131886,0.0002509);
#3897=VERTEX_POINT('',#5029);
#3898=ELLIPSE('',#5030,0.000343308303869926,0.0002509);
#3899=ELLIPSE('',#5031,0.000252444018421421,0.0002509);
#3900=ELLIPSE('',#5032,0.000290083663875081,0.0002509);
#3901=ELLIPSE('',#5033,0.000343308303869926,0.0002509);
#3902=VERTEX_POINT('',#5034);
#3903=LINE('',#5035,#5036);
#3904=LINE('',#5037,#5038);
#3905=VERTEX_POINT('',#5039);
#3906=LINE('',#5040,#5041);
#3907=LINE('',#5042,#5043);
#3908=VERTEX_POINT('',#5044);
#3909=LINE('',#5045,#5046);
#3910=ELLIPSE('',#5047,0.000319075759926461,0.0002509);
#3911=VERTEX_POINT('',#5048);
#3912=LINE('',#5049,#5050);
#3913=ELLIPSE('',#5051,0.00035482618279941,0.0002509);
#3914=VERTEX_POINT('',#5052);
#3915=LINE('',#5053,#5054);
#3916=ELLIPSE('',#5055,0.000319075759926462,0.0002509);
#3917=LINE('',#5056,#5057);
#3918=VERTEX_POINT('',#5058);
#3919=ELLIPSE('',#5059,0.00035482618279941,0.0002509);
#3920=LINE('',#5060,#5061);
#3921=VERTEX_POINT('',#5062);
#3922=ELLIPSE('',#5063,0.000319075759926462,0.0002509);
#3923=LINE('',#5064,#5065);
#3924=VERTEX_POINT('',#5066);
#3925=ELLIPSE('',#5067,0.00035482618279941,0.0002509);
#3926=LINE('',#5068,#5069);
#3927=VERTEX_POINT('',#5070);
#3928=ELLIPSE('',#5071,0.000319075759926461,0.0002509);
#3929=VERTEX_POINT('',#5072);
#3930=LINE('',#5073,#5074);
#3931=ELLIPSE('',#5075,0.00035482618279941,0.0002509);
#3932=VERTEX_POINT('',#5076);
#3933=VERTEX_POINT('',#5077);
#3934=LINE('',#5078,#5079);
#3935=VERTEX_POINT('',#5080);
#3936=LINE('',#5081,#5082);
#3937=VERTEX_POINT('',#5083);
#3938=LINE('',#5084,#5085);
#3939=VERTEX_POINT('',#5086);
#3940=LINE('',#5087,#5088);
#3941=VERTEX_POINT('',#5089);
#3942=LINE('',#5090,#5091);
#3943=VERTEX_POINT('',#5092);
#3944=LINE('',#5093,#5094);
#3945=VERTEX_POINT('',#5095);
#3946=LINE('',#5096,#5097);
#3947=LINE('',#5098,#5099);
#3948=VERTEX_POINT('',#5100);
#3949=LINE('',#5101,#5102);
#3950=LINE('',#5103,#5104);
#3951=VERTEX_POINT('',#5105);
#3952=LINE('',#5106,#5107);
#3953=LINE('',#5108,#5109);
#3954=VERTEX_POINT('',#5110);
#3955=ELLIPSE('',#5111,0.000343308303869926,0.0002509);
#3956=ELLIPSE('',#5112,0.000319075759926462,0.0002509);
#3957=VERTEX_POINT('',#5113);
#3958=VERTEX_POINT('',#5114);
#3959=LINE('',#5115,#5116);
#3960=ELLIPSE('',#5117,0.000252444018421421,0.0002509);
#3961=VERTEX_POINT('',#5118);
#3962=LINE('',#5119,#5120);
#3963=ELLIPSE('',#5121,0.000295511434131885,0.0002509);
#3964=ELLIPSE('',#5122,0.000321308738968791,0.0002509);
#3965=VERTEX_POINT('',#5123);
#3966=ELLIPSE('',#5124,0.00035482618279941,0.0002509);
#3967=ELLIPSE('',#5125,0.000295511434131886,0.0002509);
#3968=ELLIPSE('',#5126,0.00035482618279941,0.0002509);
#3969=VERTEX_POINT('',#5127);
#3970=VERTEX_POINT('',#5128);
#3971=LINE('',#5129,#5130);
#3972=ELLIPSE('',#5131,0.000321308738968791,0.0002509);
#3973=LINE('',#5132,#5133);
#3974=VERTEX_POINT('',#5134);
#3975=ELLIPSE('',#5135,0.000343308303869926,0.0002509);
#3976=ELLIPSE('',#5136,0.000252444018421422,0.0002509);
#3977=VERTEX_POINT('',#5137);
#3978=LINE('',#5138,#5139);
#3979=VERTEX_POINT('',#5140);
#3980=LINE('',#5141,#5142);
#3981=VERTEX_POINT('',#5143);
#3982=ELLIPSE('',#5144,0.000343308303869928,0.0002509);
#3983=ELLIPSE('',#5145,0.000252444018421422,0.0002509);
#3984=ELLIPSE('',#5146,0.000343308303869925,0.0002509);
#3985=ELLIPSE('',#5147,0.000319075759926462,0.0002509);
#3986=VERTEX_POINT('',#5148);
#3987=ELLIPSE('',#5149,0.000346201813295816,0.0002509);
#3988=ELLIPSE('',#5150,0.000290083663875081,0.0002509);
#3989=LINE('',#5151,#5152);
#3990=VERTEX_POINT('',#5153);
#3991=LINE('',#5154,#5155);
#3992=ELLIPSE('',#5156,0.000295511434131886,0.0002509);
#3993=LINE('',#5157,#5158);
#3994=VERTEX_POINT('',#5159);
#3995=ELLIPSE('',#5160,0.000319075759926462,0.0002509);
#3996=LINE('',#5161,#5162);
#3997=VERTEX_POINT('',#5163);
#3998=ELLIPSE('',#5164,0.00035482618279941,0.0002509);
#3999=LINE('',#5165,#5166);
#4000=VERTEX_POINT('',#5167);
#4001=ELLIPSE('',#5168,0.000319075759926461,0.0002509);
#4002=LINE('',#5169,#5170);
#4003=VERTEX_POINT('',#5171);
#4004=ELLIPSE('',#5172,0.00035482618279941,0.0002509);
#4005=VERTEX_POINT('',#5173);
#4006=LINE('',#5174,#5175);
#4007=ELLIPSE('',#5176,0.000319075759926461,0.0002509);
#4008=VERTEX_POINT('',#5177);
#4009=LINE('',#5178,#5179);
#4010=ELLIPSE('',#5180,0.00035482618279941,0.0002509);
#4011=VERTEX_POINT('',#5181);
#4012=LINE('',#5182,#5183);
#4013=ELLIPSE('',#5184,0.000319075759926461,0.0002509);
#4014=VERTEX_POINT('',#5185);
#4015=LINE('',#5186,#5187);
#4016=ELLIPSE('',#5188,0.00035482618279941,0.0002509);
#4017=VERTEX_POINT('',#5189);
#4018=VERTEX_POINT('',#5190);
#4019=LINE('',#5191,#5192);
#4020=VERTEX_POINT('',#5193);
#4021=LINE('',#5194,#5195);
#4022=VERTEX_POINT('',#5196);
#4023=LINE('',#5197,#5198);
#4024=VERTEX_POINT('',#5199);
#4025=LINE('',#5200,#5201);
#4026=VERTEX_POINT('',#5202);
#4027=LINE('',#5203,#5204);
#4028=VERTEX_POINT('',#5205);
#4029=LINE('',#5206,#5207);
#4030=VERTEX_POINT('',#5208);
#4031=LINE('',#5209,#5210);
#4032=LINE('',#5211,#5212);
#4033=VERTEX_POINT('',#5213);
#4034=LINE('',#5214,#5215);
#4035=ELLIPSE('',#5216,0.000434571547619032,0.0002509);
#4036=VERTEX_POINT('',#5217);
#4037=ELLIPSE('',#5218,0.000434571547619032,0.0002509);
#4038=ELLIPSE('',#5219,0.000434571547619032,0.0002509);
#4039=VERTEX_POINT('',#5220);
#4040=ELLIPSE('',#5221,0.000346201813295816,0.0002509);
#4041=ELLIPSE('',#5222,0.000346201813295816,0.0002509);
#4042=LINE('',#5223,#5224);
#4043=ELLIPSE('',#5225,0.000295511434131886,0.0002509);
#4044=ELLIPSE('',#5226,0.000295511434131885,0.0002509);
#4045=ELLIPSE('',#5227,0.000252444018421421,0.0002509);
#4046=ELLIPSE('',#5228,0.000343308303869926,0.0002509);
#4047=ELLIPSE('',#5229,0.000321308738968791,0.0002509);
#4048=ELLIPSE('',#5230,0.000343308303869927,0.0002509);
#4049=ELLIPSE('',#5231,0.000252444018421421,0.0002509);
#4050=VERTEX_POINT('',#5232);
#4051=ELLIPSE('',#5233,0.000346201813295818,0.0002509);
#4052=ELLIPSE('',#5234,0.000290083663875082,0.0002509);
#4053=ELLIPSE('',#5235,0.000295511434131885,0.0002509);
#4054=ELLIPSE('',#5236,0.000321308738968791,0.0002509);
#4055=VERTEX_POINT('',#5237);
#4056=ELLIPSE('',#5238,0.00035482618279941,0.0002509);
#4057=ELLIPSE('',#5239,0.000295511434131886,0.0002509);
#4058=VERTEX_POINT('',#5240);
#4059=ELLIPSE('',#5241,0.000343308303869928,0.0002509);
#4060=ELLIPSE('',#5242,0.000252444018421422,0.0002509);
#4061=ELLIPSE('',#5243,0.000343308303869925,0.0002509);
#4062=VERTEX_POINT('',#5244);
#4063=ELLIPSE('',#5245,0.000290083663875081,0.0002509);
#4064=ELLIPSE('',#5246,0.000290083663875081,0.0002509);
#4065=VERTEX_POINT('',#5247);
#4066=ELLIPSE('',#5248,0.000434571547619032,0.0002509);
#4067=LINE('',#5249,#5250);
#4068=VERTEX_POINT('',#5251);
#4069=LINE('',#5252,#5253);
#4070=VERTEX_POINT('',#5254);
#4071=ELLIPSE('',#5255,0.000319075759926462,0.0002509);
#4072=LINE('',#5256,#5257);
#4073=VERTEX_POINT('',#5258);
#4074=ELLIPSE('',#5259,0.00035482618279941,0.0002509);
#4075=LINE('',#5260,#5261);
#4076=VERTEX_POINT('',#5262);
#4077=ELLIPSE('',#5263,0.000319075759926461,0.0002509);
#4078=LINE('',#5264,#5265);
#4079=VERTEX_POINT('',#5266);
#4080=LINE('',#5267,#5268);
#4081=ELLIPSE('',#5269,0.000319075759926461,0.0002509);
#4082=LINE('',#5270,#5271);
#4083=VERTEX_POINT('',#5272);
#4084=LINE('',#5273,#5274);
#4085=ELLIPSE('',#5275,0.000319075759926461,0.0002509);
#4086=LINE('',#5276,#5277);
#4087=ELLIPSE('',#5278,0.00035482618279941,0.0002509);
#4088=VERTEX_POINT('',#5279);
#4089=VERTEX_POINT('',#5280);
#4090=LINE('',#5281,#5282);
#4091=VERTEX_POINT('',#5283);
#4092=LINE('',#5284,#5285);
#4093=VERTEX_POINT('',#5286);
#4094=LINE('',#5287,#5288);
#4095=VERTEX_POINT('',#5289);
#4096=LINE('',#5290,#5291);
#4097=VERTEX_POINT('',#5292);
#4098=LINE('',#5293,#5294);
#4099=VERTEX_POINT('',#5295);
#4100=LINE('',#5296,#5297);
#4101=VERTEX_POINT('',#5298);
#4102=LINE('',#5299,#5300);
#4103=LINE('',#5301,#5302);
#4104=ELLIPSE('',#5303,0.000252444018421422,0.0002509);
#4105=ELLIPSE('',#5304,0.000343308303869927,0.0002509);
#4106=ELLIPSE('',#5305,0.00032130873896879,0.0002509);
#4107=ELLIPSE('',#5306,0.000343308303869926,0.0002509);
#4108=ELLIPSE('',#5307,0.000252444018421421,0.0002509);
#4109=ELLIPSE('',#5308,0.000290083663875082,0.0002509);
#4110=ELLIPSE('',#5309,0.000295511434131885,0.0002509);
#4111=ELLIPSE('',#5310,0.000321308738968791,0.0002509);
#4112=ELLIPSE('',#5311,0.000295511434131886,0.0002509);
#4113=VERTEX_POINT('',#5312);
#4114=ELLIPSE('',#5313,0.000343308303869928,0.0002509);
#4115=ELLIPSE('',#5314,0.000252444018421421,0.0002509);
#4116=ELLIPSE('',#5315,0.000343308303869928,0.0002509);
#4117=VERTEX_POINT('',#5316);
#4118=ELLIPSE('',#5317,0.000346201813295816,0.0002509);
#4119=ELLIPSE('',#5318,0.00029008366387508,0.0002509);
#4120=ELLIPSE('',#5319,0.000434571547619032,0.0002509);
#4121=ELLIPSE('',#5320,0.000346201813295813,0.0002509);
#4122=LINE('',#5321,#5322);
#4123=VERTEX_POINT('',#5323);
#4124=LINE('',#5324,#5325);
#4125=ELLIPSE('',#5326,0.000319075759926462,0.0002509);
#4126=VERTEX_POINT('',#5327);
#4127=LINE('',#5328,#5329);
#4128=ELLIPSE('',#5330,0.00035482618279941,0.0002509);
#4129=LINE('',#5331,#5332);
#4130=VERTEX_POINT('',#5333);
#4131=ELLIPSE('',#5334,0.000319075759926461,0.0002509);
#4132=LINE('',#5335,#5336);
#4133=VERTEX_POINT('',#5337);
#4134=ELLIPSE('',#5338,0.00035482618279941,0.0002509);
#4135=LINE('',#5339,#5340);
#4136=VERTEX_POINT('',#5341);
#4137=ELLIPSE('',#5342,0.000319075759926462,0.0002509);
#4138=LINE('',#5343,#5344);
#4139=VERTEX_POINT('',#5345);
#4140=ELLIPSE('',#5346,0.00035482618279941,0.0002509);
#4141=VERTEX_POINT('',#5347);
#4142=LINE('',#5348,#5349);
#4143=ELLIPSE('',#5350,0.000319075759926461,0.0002509);
#4144=VERTEX_POINT('',#5351);
#4145=VERTEX_POINT('',#5352);
#4146=LINE('',#5353,#5354);
#4147=VERTEX_POINT('',#5355);
#4148=LINE('',#5356,#5357);
#4149=VERTEX_POINT('',#5358);
#4150=LINE('',#5359,#5360);
#4151=VERTEX_POINT('',#5361);
#4152=LINE('',#5362,#5363);
#4153=VERTEX_POINT('',#5364);
#4154=LINE('',#5365,#5366);
#4155=VERTEX_POINT('',#5367);
#4156=LINE('',#5368,#5369);
#4157=VERTEX_POINT('',#5370);
#4158=LINE('',#5371,#5372);
#4159=LINE('',#5373,#5374);
#4160=ELLIPSE('',#5375,0.000321308738968791,0.0002509);
#4161=VERTEX_POINT('',#5376);
#4162=ELLIPSE('',#5377,0.000252444018421421,0.0002509);
#4163=ELLIPSE('',#5378,0.000343308303869926,0.0002509);
#4164=ELLIPSE('',#5379,0.000321308738968791,0.0002509);
#4165=ELLIPSE('',#5380,0.000295511434131885,0.0002509);
#4166=ELLIPSE('',#5381,0.000343308303869926,0.0002509);
#4167=ELLIPSE('',#5382,0.000346201813295816,0.0002509);
#4168=ELLIPSE('',#5383,0.000346201813295818,0.0002509);
#4169=ELLIPSE('',#5384,0.000343308303869926,0.0002509);
#4170=VERTEX_POINT('',#5385);
#4171=ELLIPSE('',#5386,0.000319075759926462,0.0002509);
#4172=ELLIPSE('',#5387,0.000343308303869926,0.0002509);
#4173=VERTEX_POINT('',#5388);
#4174=LINE('',#5389,#5390);
#4175=ELLIPSE('',#5391,0.000321308738968791,0.0002509);
#4176=LINE('',#5392,#5393);
#4177=ELLIPSE('',#5394,0.000252444018421421,0.0002509);
#4178=ELLIPSE('',#5395,0.000295511434131885,0.0002509);
#4179=ELLIPSE('',#5396,0.000321308738968791,0.0002509);
#4180=ELLIPSE('',#5397,0.000343308303869926,0.0002509);
#4181=ELLIPSE('',#5398,0.000252444018421422,0.0002509);
#4182=VERTEX_POINT('',#5399);
#4183=LINE('',#5400,#5401);
#4184=ELLIPSE('',#5402,0.000252444018421421,0.0002509);
#4185=LINE('',#5403,#5404);
#4186=ELLIPSE('',#5405,0.000295511434131887,0.0002509);
#4187=ELLIPSE('',#5406,0.000321308738968791,0.0002509);
#4188=ELLIPSE('',#5407,0.000321308738968791,0.0002509);
#4189=VERTEX_POINT('',#5408);
#4190=ELLIPSE('',#5409,0.000252444018421421,0.0002509);
#4191=ELLIPSE('',#5410,0.000343308303869926,0.0002509);
#4192=ELLIPSE('',#5411,0.000321308738968791,0.0002509);
#4193=VERTEX_POINT('',#5412);
#4194=ELLIPSE('',#5413,0.000252444018421421,0.0002509);
#4195=ELLIPSE('',#5414,0.000343308303869926,0.0002509);
#4196=VERTEX_POINT('',#5415);
#4197=ELLIPSE('',#5416,0.00035482618279941,0.0002509);
#4198=ELLIPSE('',#5417,0.000295511434131885,0.0002509);
#4199=VERTEX_POINT('',#5418);
#4200=LINE('',#5419,#5420);
#4201=ELLIPSE('',#5421,0.000321308738968791,0.0002509);
#4202=LINE('',#5422,#5423);
#4203=LINE('',#5424,#5425);
#4204=VERTEX_POINT('',#5426);
#4205=ELLIPSE('',#5427,0.000343308303869926,0.0002509);
#4206=LINE('',#5428,#5429);
#4207=ELLIPSE('',#5430,0.00032130873896879,0.0002509);
#4208=ELLIPSE('',#5431,0.000343308303869926,0.0002509);
#4209=ELLIPSE('',#5432,0.000321308738968791,0.0002509);
#4210=ELLIPSE('',#5433,0.000295511434131886,0.0002509);
#4211=ELLIPSE('',#5434,0.000343308303869926,0.0002509);
#4212=VERTEX_POINT('',#5435);
#4213=ELLIPSE('',#5436,0.000343308303869926,0.0002509);
#4214=ELLIPSE('',#5437,0.000252444018421421,0.0002509);
#4215=ELLIPSE('',#5438,0.000295511434131885,0.0002509);
#4216=ELLIPSE('',#5439,0.000295511434131885,0.0002509);
#4217=ELLIPSE('',#5440,0.000346201813295813,0.0002509);
#4218=VERTEX_POINT('',#5441);
#4219=ELLIPSE('',#5442,0.000290083663875081,0.0002509);
#4220=VERTEX_POINT('',#5443);
#4221=ELLIPSE('',#5444,0.000290083663875082,0.0002509);
#4222=ELLIPSE('',#5445,0.000346201813295816,0.0002509);
#4223=ELLIPSE('',#5446,0.000319075759926461,0.0002509);
#4224=ELLIPSE('',#5447,0.000343308303869926,0.0002509);
#4225=ELLIPSE('',#5448,0.000252444018421421,0.0002509);
#4226=ELLIPSE('',#5449,0.000295511434131886,0.0002509);
#4227=ELLIPSE('',#5450,0.000321308738968791,0.0002509);
#4228=VERTEX_POINT('',#5451);
#4229=ELLIPSE('',#5452,0.000343308303869926,0.0002509);
#4230=ELLIPSE('',#5453,0.000252444018421422,0.0002509);
#4231=ELLIPSE('',#5454,0.000343308303869926,0.0002509);
#4232=ELLIPSE('',#5455,0.000290083663875081,0.0002509);
#4233=ELLIPSE('',#5456,0.000295511434131885,0.0002509);
#4234=ELLIPSE('',#5457,0.000321308738968791,0.0002509);
#4235=VERTEX_POINT('',#5458);
#4236=ELLIPSE('',#5459,0.000343308303869926,0.0002509);
#4237=ELLIPSE('',#5460,0.000252444018421422,0.0002509);
#4238=ELLIPSE('',#5461,0.000321308738968791,0.0002509);
#4239=VERTEX_POINT('',#5462);
#4240=ELLIPSE('',#5463,0.000252444018421421,0.0002509);
#4241=ELLIPSE('',#5464,0.000343308303869928,0.0002509);
#4242=ELLIPSE('',#5465,0.000343308303869928,0.0002509);
#4243=ELLIPSE('',#5466,0.000321308738968791,0.0002509);
#4244=ELLIPSE('',#5467,0.000295511434131885,0.0002509);
#4245=ELLIPSE('',#5468,0.000343308303869925,0.0002509);
#4246=ELLIPSE('',#5469,0.000346201813295817,0.0002509);
#4247=ELLIPSE('',#5470,0.000290083663875081,0.0002509);
#4248=VERTEX_POINT('',#5471);
#4249=ELLIPSE('',#5472,0.000434571547619032,0.0002509);
#4250=ELLIPSE('',#5473,0.000434571547619032,0.0002509);
#4251=ELLIPSE('',#5474,0.00035482618279941,0.0002509);
#4252=LINE('',#5475,#5476);
#4253=ELLIPSE('',#5477,0.000434571547619032,0.0002509);
#4254=ELLIPSE('',#5478,0.000252444018421421,0.0002509);
#4255=ELLIPSE('',#5479,0.000343308303869926,0.0002509);
#4256=ELLIPSE('',#5480,0.000321308738968791,0.0002509);
#4257=ELLIPSE('',#5481,0.000321308738968791,0.0002509);
#4258=ELLIPSE('',#5482,0.000295511434131886,0.0002509);
#4259=ELLIPSE('',#5483,0.000343308303869926,0.0002509);
#4260=CARTESIAN_POINT('',(0.00501097281600965,-0.00465614663321024,0.00483355972460994));
#4261=CARTESIAN_POINT('',(0.01,-0.00964517381720059,0.0098225869086003));
#4262=CARTESIAN_POINT('',(0.00489169909139971,-0.0045368729086003,0.004714286));
#4263=VECTOR('',#5484,1.0);
#4264=CARTESIAN_POINT('',(0.00488557821308818,-0.00457828972485603,0.00488557821308818));
#4265=AXIS2_PLACEMENT_3D('',#5485,#5486,#5487);
#4266=CARTESIAN_POINT('',(0.00485169452154385,-0.00463236846487949,0.00498358537053731));
#4267=AXIS2_PLACEMENT_3D('',#5488,#5489,#5490);
#4268=CARTESIAN_POINT('',(0.00457828972485603,-0.00488557821308818,0.00488557821308818));
#4269=AXIS2_PLACEMENT_3D('',#5491,#5492,#5493);
#4270=CARTESIAN_POINT('',(0.00465614663321023,-0.00501097281600964,0.00483355972460994));
#4271=AXIS2_PLACEMENT_3D('',#5494,#5495,#5496);
#4272=CARTESIAN_POINT('',(0.00964517381720059,-0.01,0.0098225869086003));
#4273=CARTESIAN_POINT('',(0.0045368729086003,-0.00489169909139971,0.004714286));
#4274=VECTOR('',#5497,1.0);
#4275=CARTESIAN_POINT('',(0.00969271151176785,-0.01,0.01));
#4276=AXIS2_PLACEMENT_3D('',#5498,#5499,#5500);
#4277=CARTESIAN_POINT('',(0.01,-0.00969271151176785,0.01));
#4278=AXIS2_PLACEMENT_3D('',#5501,#5502,#5503);
#4279=AXIS2_PLACEMENT_3D('',#5504,#5505,#5506);
#4280=CARTESIAN_POINT('',(1.09866481482301E-20,0.00976822985412212,0.0030769439630788));
#4281=CARTESIAN_POINT('',(-1.25490635607968E-18,0.00307694396307833,0.00976822985412227));
#4282=CARTESIAN_POINT('',(-3.07263881906071E-20,0.00982258690860029,0.0030225869086003));
#4283=VECTOR('',#5507,1.0);
#4284=CARTESIAN_POINT('',(0.000231770145877734,0.01,0.00333589267441488));
#4285=AXIS2_PLACEMENT_3D('',#5508,#5509,#5510);
#4286=CARTESIAN_POINT('',(3.0726388190607E-20,0.01,0.00355482618279941));
#4287=AXIS2_PLACEMENT_3D('',#5511,#5512,#5513);
#4288=CARTESIAN_POINT('',(3.07263881906072E-20,0.00355482618279941,0.01));
#4289=CARTESIAN_POINT('',(3.07263881906071E-20,0.0101774130913997,0.00337741309139971));
#4290=VECTOR('',#5514,1.0);
#4291=CARTESIAN_POINT('',(0.000231770145877732,0.00333589267441488,0.01));
#4292=AXIS2_PLACEMENT_3D('',#5515,#5516,#5517);
#4293=AXIS2_PLACEMENT_3D('',#5518,#5519,#5520);
#4294=CARTESIAN_POINT('',(0.00485169452154385,0.00463236846487949,0.00498358537053731));
#4295=CARTESIAN_POINT('',(0.00206479729427536,0.001845471237611,0.01));
#4296=CARTESIAN_POINT('',(0.00493361205666436,0.004714286,0.00483613381847889));
#4297=VECTOR('',#5521,1.0);
#4298=CARTESIAN_POINT('',(0.00457828972485603,0.00488557821308818,0.00488557821308818));
#4299=AXIS2_PLACEMENT_3D('',#5522,#5523,#5524);
#4300=CARTESIAN_POINT('',(0.00445144286319042,0.00467076891985478,0.00467076891985478));
#4301=AXIS2_PLACEMENT_3D('',#5525,#5526,#5527);
#4302=CARTESIAN_POINT('',(0.00162849095820493,0.00184781701486928,0.00975208196429686));
#4303=CARTESIAN_POINT('',(0.00449495994333565,0.004714286,0.00459243818152111));
#4304=VECTOR('',#5528,1.0);
#4305=CARTESIAN_POINT('',(0.00182189771765692,0.00206379097477019,0.01));
#4306=AXIS2_PLACEMENT_3D('',#5529,#5530,#5531);
#4307=AXIS2_PLACEMENT_3D('',#5532,#5533,#5534);
#4308=CARTESIAN_POINT('',(0.00307694396307832,-3.81928021415555E-19,0.00976822985412227));
#4309=CARTESIAN_POINT('',(0.00976822985412227,0.0,0.00307694396307832));
#4310=CARTESIAN_POINT('',(0.0030225869086003,-3.07263881906071E-20,0.0098225869086003));
#4311=VECTOR('',#5535,1.0);
#4312=CARTESIAN_POINT('',(0.00333589267441488,0.000231770145877734,0.01));
#4313=AXIS2_PLACEMENT_3D('',#5536,#5537,#5538);
#4314=CARTESIAN_POINT('',(0.00355482618279941,3.07263881906071E-20,0.01));
#4315=AXIS2_PLACEMENT_3D('',#5539,#5540,#5541);
#4316=CARTESIAN_POINT('',(0.01,3.07263881906072E-20,0.00355482618279941));
#4317=CARTESIAN_POINT('',(0.00337741309139971,3.07263881906071E-20,0.0101774130913997));
#4318=VECTOR('',#5542,1.0);
#4319=CARTESIAN_POINT('',(0.01,0.000231770145877733,0.00333589267441488));
#4320=AXIS2_PLACEMENT_3D('',#5543,#5544,#5545);
#4321=AXIS2_PLACEMENT_3D('',#5546,#5547,#5548);
#4322=CARTESIAN_POINT('',(0.00162849095820493,-0.00184781701486928,0.00975208196429686));
#4323=CARTESIAN_POINT('',(0.00445144286319042,-0.00467076891985478,0.00467076891985478));
#4324=CARTESIAN_POINT('',(0.00155845194333565,-0.001777778,0.00987815218152111));
#4325=VECTOR('',#5549,1.0);
#4326=CARTESIAN_POINT('',(0.00164718201942819,-0.00164718201942819,0.0098289556375719));
#4327=AXIS2_PLACEMENT_3D('',#5550,#5551,#5552);
#4328=CARTESIAN_POINT('',(0.00206379097477019,-0.00182189771765692,0.01));
#4329=AXIS2_PLACEMENT_3D('',#5553,#5554,#5555);
#4330=CARTESIAN_POINT('',(0.00206479729427536,-0.001845471237611,0.01));
#4331=AXIS2_PLACEMENT_3D('',#5556,#5557,#5558);
#4332=CARTESIAN_POINT('',(0.00199710405666435,-0.001777778,0.0101218478184789));
#4333=VECTOR('',#5559,1.0);
#4334=CARTESIAN_POINT('',(0.00467076891985478,-0.00445144286319043,0.00467076891985478));
#4335=AXIS2_PLACEMENT_3D('',#5560,#5561,#5562);
#4336=CARTESIAN_POINT('',(0.00456924416806246,-0.00456924416806246,0.00456924416806246));
#4337=AXIS2_PLACEMENT_3D('',#5563,#5564,#5565);
#4338=AXIS2_PLACEMENT_3D('',#5566,#5567,#5568);
#4339=CARTESIAN_POINT('',(0.01,0.00964517381720059,0.0098225869086003));
#4340=CARTESIAN_POINT('',(0.00501097281600965,0.00465614663321024,0.00483355972460994));
#4341=CARTESIAN_POINT('',(0.0101774130913997,0.0098225869086003,0.01));
#4342=VECTOR('',#5569,1.0);
#4343=CARTESIAN_POINT('',(0.01,0.00969271151176785,0.01));
#4344=AXIS2_PLACEMENT_3D('',#5570,#5571,#5572);
#4345=CARTESIAN_POINT('',(0.00969271151176785,0.01,0.01));
#4346=AXIS2_PLACEMENT_3D('',#5573,#5574,#5575);
#4347=CARTESIAN_POINT('',(0.00964517381720059,0.01,0.0098225869086003));
#4348=AXIS2_PLACEMENT_3D('',#5576,#5577,#5578);
#4349=CARTESIAN_POINT('',(0.00465614663321024,0.00501097281600965,0.00483355972460994));
#4350=CARTESIAN_POINT('',(0.0098225869086003,0.0101774130913997,0.01));
#4351=VECTOR('',#5579,1.0);
#4352=AXIS2_PLACEMENT_3D('',#5580,#5581,#5582);
#4353=CARTESIAN_POINT('',(0.00488557821308818,0.00457828972485603,0.00488557821308818));
#4354=AXIS2_PLACEMENT_3D('',#5583,#5584,#5585);
#4355=AXIS2_PLACEMENT_3D('',#5586,#5587,#5588);
#4356=CARTESIAN_POINT('',(-0.00964517381720059,0.01,-0.0098225869086003));
#4357=CARTESIAN_POINT('',(-0.00465614663321023,0.00501097281600965,-0.00483355972460994));
#4358=CARTESIAN_POINT('',(-0.0098225869086003,0.0101774130913997,-0.01));
#4359=VECTOR('',#5589,1.0);
#4360=CARTESIAN_POINT('',(-0.01,0.01,-0.00969271151176785));
#4361=AXIS2_PLACEMENT_3D('',#5590,#5591,#5592);
#4362=CARTESIAN_POINT('',(-0.01,0.00964517381720059,-0.0098225869086003));
#4363=AXIS2_PLACEMENT_3D('',#5593,#5594,#5595);
#4364=CARTESIAN_POINT('',(-0.00501097281600965,0.00465614663321023,-0.00483355972460994));
#4365=CARTESIAN_POINT('',(-0.0101774130913997,0.0098225869086003,-0.01));
#4366=VECTOR('',#5596,1.0);
#4367=CARTESIAN_POINT('',(-0.00498358537053731,0.00485169452154385,-0.00463236846487949));
#4368=AXIS2_PLACEMENT_3D('',#5597,#5598,#5599);
#4369=CARTESIAN_POINT('',(-0.00488557821308818,0.00488557821308818,-0.00457828972485603));
#4370=AXIS2_PLACEMENT_3D('',#5600,#5601,#5602);
#4371=CARTESIAN_POINT('',(-0.00485169452154384,0.00498358537053731,-0.00463236846487949));
#4372=AXIS2_PLACEMENT_3D('',#5603,#5604,#5605);
#4373=AXIS2_PLACEMENT_3D('',#5606,#5607,#5608);
#4374=CARTESIAN_POINT('',(0.00206479729427536,0.01,0.001845471237611));
#4375=CARTESIAN_POINT('',(0.00485169452154385,0.00498358537053731,0.00463236846487949));
#4376=CARTESIAN_POINT('',(0.00199710405666435,0.0101218478184789,0.001777778));
#4377=VECTOR('',#5609,1.0);
#4378=CARTESIAN_POINT('',(0.00182189771765692,0.01,0.00206379097477019));
#4379=AXIS2_PLACEMENT_3D('',#5610,#5611,#5612);
#4380=CARTESIAN_POINT('',(0.00162849095820493,0.00975208196429686,0.00184781701486928));
#4381=AXIS2_PLACEMENT_3D('',#5613,#5614,#5615);
#4382=CARTESIAN_POINT('',(0.00155845194333565,0.00987815218152111,0.001777778));
#4383=VECTOR('',#5616,1.0);
#4384=AXIS2_PLACEMENT_3D('',#5617,#5618,#5619);
#4385=CARTESIAN_POINT('',(-0.00485169452154385,0.00498358537053731,0.00463236846487949));
#4386=CARTESIAN_POINT('',(-0.00206479729427536,0.01,0.001845471237611));
#4387=CARTESIAN_POINT('',(-0.00493361205666436,0.00483613381847889,0.004714286));
#4388=VECTOR('',#5620,1.0);
#4389=CARTESIAN_POINT('',(-0.00465614663321024,0.00501097281600965,0.00483355972460994));
#4390=AXIS2_PLACEMENT_3D('',#5621,#5622,#5623);
#4391=CARTESIAN_POINT('',(-0.00457828972485603,0.00488557821308818,0.00488557821308818));
#4392=AXIS2_PLACEMENT_3D('',#5624,#5625,#5626);
#4393=CARTESIAN_POINT('',(-0.00445144286319042,0.00467076891985478,0.00467076891985478));
#4394=AXIS2_PLACEMENT_3D('',#5627,#5628,#5629);
#4395=CARTESIAN_POINT('',(-0.00162849095820493,0.00975208196429685,0.00184781701486928));
#4396=CARTESIAN_POINT('',(-0.00449495994333565,0.00459243818152111,0.004714286));
#4397=VECTOR('',#5630,1.0);
#4398=CARTESIAN_POINT('',(-0.00182189771765692,0.01,0.00206379097477019));
#4399=AXIS2_PLACEMENT_3D('',#5631,#5632,#5633);
#4400=AXIS2_PLACEMENT_3D('',#5634,#5635,#5636);
#4401=CARTESIAN_POINT('',(-0.00162849095820493,0.00184781701486928,0.00975208196429686));
#4402=CARTESIAN_POINT('',(-0.00449495994333565,0.004714286,0.00459243818152111));
#4403=VECTOR('',#5637,1.0);
#4404=CARTESIAN_POINT('',(-0.00485169452154385,0.00463236846487949,0.00498358537053731));
#4405=AXIS2_PLACEMENT_3D('',#5638,#5639,#5640);
#4406=CARTESIAN_POINT('',(-0.00206479729427536,0.001845471237611,0.01));
#4407=CARTESIAN_POINT('',(-0.00493361205666436,0.004714286,0.00483613381847889));
#4408=VECTOR('',#5641,1.0);
#4409=CARTESIAN_POINT('',(-0.00182189771765692,0.00206379097477019,0.01));
#4410=AXIS2_PLACEMENT_3D('',#5642,#5643,#5644);
#4411=AXIS2_PLACEMENT_3D('',#5645,#5646,#5647);
#4412=CARTESIAN_POINT('',(-0.00355482618279941,-3.07263881906072E-20,0.01));
#4413=CARTESIAN_POINT('',(-0.01,-3.07263881906072E-20,0.00355482618279941));
#4414=CARTESIAN_POINT('',(-0.0033774130913997,-3.07263881906071E-20,0.0101774130913997));
#4415=VECTOR('',#5648,1.0);
#4416=CARTESIAN_POINT('',(-0.00333589267441488,0.000231770145877734,0.01));
#4417=AXIS2_PLACEMENT_3D('',#5649,#5650,#5651);
#4418=CARTESIAN_POINT('',(-0.00307694396307832,-9.11950581747342E-19,0.00976822985412227));
#4419=AXIS2_PLACEMENT_3D('',#5652,#5653,#5654);
#4420=CARTESIAN_POINT('',(-0.00976822985412227,-9.34271665754535E-20,0.00307694396307832));
#4421=CARTESIAN_POINT('',(-0.00302258690860029,3.07263881906072E-20,0.0098225869086003));
#4422=VECTOR('',#5655,1.0);
#4423=CARTESIAN_POINT('',(-0.01,0.000231770145877732,0.00333589267441488));
#4424=AXIS2_PLACEMENT_3D('',#5656,#5657,#5658);
#4425=AXIS2_PLACEMENT_3D('',#5659,#5660,#5661);
#4426=CARTESIAN_POINT('',(-0.00206479729427536,-0.001845471237611,0.01));
#4427=CARTESIAN_POINT('',(-0.00485169452154385,-0.00463236846487949,0.00498358537053731));
#4428=CARTESIAN_POINT('',(-0.00199710405666435,-0.001777778,0.0101218478184789));
#4429=VECTOR('',#5662,1.0);
#4430=CARTESIAN_POINT('',(-0.00206379097477019,-0.00182189771765692,0.01));
#4431=AXIS2_PLACEMENT_3D('',#5663,#5664,#5665);
#4432=CARTESIAN_POINT('',(-0.00164718201942819,-0.0016471820194282,0.0098289556375719));
#4433=AXIS2_PLACEMENT_3D('',#5666,#5667,#5668);
#4434=CARTESIAN_POINT('',(-0.00162849095820493,-0.00184781701486928,0.00975208196429686));
#4435=AXIS2_PLACEMENT_3D('',#5669,#5670,#5671);
#4436=CARTESIAN_POINT('',(-0.00445144286319042,-0.00467076891985478,0.00467076891985478));
#4437=CARTESIAN_POINT('',(-0.00155845194333565,-0.001777778,0.00987815218152111));
#4438=VECTOR('',#5672,1.0);
#4439=CARTESIAN_POINT('',(-0.00456924416806246,-0.00456924416806246,0.00456924416806246));
#4440=AXIS2_PLACEMENT_3D('',#5673,#5674,#5675);
#4441=CARTESIAN_POINT('',(-0.00467076891985478,-0.00445144286319042,0.00467076891985478));
#4442=AXIS2_PLACEMENT_3D('',#5676,#5677,#5678);
#4443=CARTESIAN_POINT('',(-0.00488557821308818,-0.00457828972485603,0.00488557821308818));
#4444=AXIS2_PLACEMENT_3D('',#5679,#5680,#5681);
#4445=AXIS2_PLACEMENT_3D('',#5682,#5683,#5684);
#4446=CARTESIAN_POINT('',(0.00975208196429686,0.00162849095820493,0.00184781701486928));
#4447=CARTESIAN_POINT('',(0.00467076891985478,0.00445144286319042,0.00467076891985478));
#4448=CARTESIAN_POINT('',(0.00987815218152111,0.00155845194333565,0.001777778));
#4449=VECTOR('',#5685,1.0);
#4450=CARTESIAN_POINT('',(0.01,0.00182189771765692,0.00206379097477019));
#4451=AXIS2_PLACEMENT_3D('',#5686,#5687,#5688);
#4452=CARTESIAN_POINT('',(0.01,0.00206479729427536,0.001845471237611));
#4453=AXIS2_PLACEMENT_3D('',#5689,#5690,#5691);
#4454=CARTESIAN_POINT('',(0.00498358537053731,0.00485169452154385,0.00463236846487949));
#4455=CARTESIAN_POINT('',(0.0101218478184789,0.00199710405666435,0.001777778));
#4456=VECTOR('',#5692,1.0);
#4457=AXIS2_PLACEMENT_3D('',#5693,#5694,#5695);
#4458=AXIS2_PLACEMENT_3D('',#5696,#5697,#5698);
#4459=CARTESIAN_POINT('',(0.00162849095820493,-0.00975208196429686,0.00184781701486928));
#4460=CARTESIAN_POINT('',(0.00155845194333565,-0.00987815218152111,0.001777778));
#4461=VECTOR('',#5699,1.0);
#4462=CARTESIAN_POINT('',(0.00182189771765692,-0.01,0.00206379097477019));
#4463=AXIS2_PLACEMENT_3D('',#5700,#5701,#5702);
#4464=CARTESIAN_POINT('',(0.00206479729427536,-0.01,0.001845471237611));
#4465=AXIS2_PLACEMENT_3D('',#5703,#5704,#5705);
#4466=CARTESIAN_POINT('',(0.00485169452154385,-0.00498358537053731,0.00463236846487949));
#4467=CARTESIAN_POINT('',(0.00199710405666435,-0.0101218478184789,0.001777778));
#4468=VECTOR('',#5706,1.0);
#4469=AXIS2_PLACEMENT_3D('',#5707,#5708,#5709);
#4470=AXIS2_PLACEMENT_3D('',#5710,#5711,#5712);
#4471=CARTESIAN_POINT('',(-3.07263881906072E-20,-0.01,0.00355482618279941));
#4472=CARTESIAN_POINT('',(-3.07263881906071E-20,-0.00355482618279941,0.01));
#4473=CARTESIAN_POINT('',(-3.07263881906071E-20,-0.0101774130913997,0.0033774130913997));
#4474=VECTOR('',#5713,1.0);
#4475=CARTESIAN_POINT('',(0.000231770145877734,-0.01,0.00333589267441488));
#4476=AXIS2_PLACEMENT_3D('',#5714,#5715,#5716);
#4477=CARTESIAN_POINT('',(1.94922554412485E-19,-0.00976822985412227,0.00307694396307832));
#4478=AXIS2_PLACEMENT_3D('',#5717,#5718,#5719);
#4479=CARTESIAN_POINT('',(-5.61200357998366E-19,-0.00307694396307833,0.00976822985412227));
#4480=CARTESIAN_POINT('',(3.07263881906071E-20,-0.0098225869086003,0.00302258690860029));
#4481=VECTOR('',#5720,1.0);
#4482=CARTESIAN_POINT('',(0.000231770145877732,-0.00333589267441488,0.01));
#4483=AXIS2_PLACEMENT_3D('',#5721,#5722,#5723);
#4484=AXIS2_PLACEMENT_3D('',#5724,#5725,#5726);
#4485=CARTESIAN_POINT('',(-0.00975208196429686,-0.00162849095820493,0.00184781701486928));
#4486=CARTESIAN_POINT('',(-0.00987815218152111,-0.00155845194333565,0.001777778));
#4487=VECTOR('',#5727,1.0);
#4488=CARTESIAN_POINT('',(-0.01,-0.00182189771765692,0.00206379097477019));
#4489=AXIS2_PLACEMENT_3D('',#5728,#5729,#5730);
#4490=CARTESIAN_POINT('',(-0.01,-0.00206479729427536,0.001845471237611));
#4491=AXIS2_PLACEMENT_3D('',#5731,#5732,#5733);
#4492=CARTESIAN_POINT('',(-0.00498358537053731,-0.00485169452154385,0.00463236846487949));
#4493=CARTESIAN_POINT('',(-0.0101218478184789,-0.00199710405666435,0.001777778));
#4494=VECTOR('',#5734,1.0);
#4495=CARTESIAN_POINT('',(-0.00501097281600964,-0.00465614663321023,0.00483355972460994));
#4496=AXIS2_PLACEMENT_3D('',#5735,#5736,#5737);
#4497=AXIS2_PLACEMENT_3D('',#5738,#5739,#5740);
#4498=CARTESIAN_POINT('',(0.00976822985412227,0.00307694396307832,-8.18417188747614E-19));
#4499=CARTESIAN_POINT('',(0.00307694396307832,0.00976822985412227,3.89722470832196E-18));
#4500=CARTESIAN_POINT('',(0.0098225869086003,0.0030225869086003,-3.07263881906072E-20));
#4501=VECTOR('',#5741,1.0);
#4502=CARTESIAN_POINT('',(0.01,0.00333589267441488,0.000231770145877734));
#4503=AXIS2_PLACEMENT_3D('',#5742,#5743,#5744);
#4504=CARTESIAN_POINT('',(0.01,0.00355482618279941,3.07263881906071E-20));
#4505=AXIS2_PLACEMENT_3D('',#5745,#5746,#5747);
#4506=CARTESIAN_POINT('',(0.00355482618279941,0.01,3.07263881906072E-20));
#4507=CARTESIAN_POINT('',(0.0101774130913997,0.00337741309139971,3.07263881906071E-20));
#4508=VECTOR('',#5748,1.0);
#4509=CARTESIAN_POINT('',(0.00333589267441488,0.01,0.000231770145877732));
#4510=AXIS2_PLACEMENT_3D('',#5749,#5750,#5751);
#4511=AXIS2_PLACEMENT_3D('',#5752,#5753,#5754);
#4512=CARTESIAN_POINT('',(0.00445144286319043,0.00467076891985478,-0.00467076891985478));
#4513=CARTESIAN_POINT('',(0.00162849095820493,0.00975208196429686,-0.00184781701486928));
#4514=CARTESIAN_POINT('',(0.00449495994333565,0.00459243818152111,-0.004714286));
#4515=VECTOR('',#5755,1.0);
#4516=CARTESIAN_POINT('',(0.00456924416806246,0.00456924416806246,-0.00456924416806247));
#4517=AXIS2_PLACEMENT_3D('',#5756,#5757,#5758);
#4518=CARTESIAN_POINT('',(0.00488557821308818,0.00488557821308818,-0.00457828972485603));
#4519=AXIS2_PLACEMENT_3D('',#5759,#5760,#5761);
#4520=CARTESIAN_POINT('',(0.00485169452154385,0.00498358537053731,-0.00463236846487949));
#4521=AXIS2_PLACEMENT_3D('',#5762,#5763,#5764);
#4522=CARTESIAN_POINT('',(0.00206479729427536,0.01,-0.001845471237611));
#4523=CARTESIAN_POINT('',(0.00493361205666436,0.00483613381847889,-0.004714286));
#4524=VECTOR('',#5765,1.0);
#4525=CARTESIAN_POINT('',(0.00206379097477019,0.01,-0.00182189771765692));
#4526=AXIS2_PLACEMENT_3D('',#5766,#5767,#5768);
#4527=CARTESIAN_POINT('',(0.00164718201942819,0.0098289556375719,-0.00164718201942819));
#4528=AXIS2_PLACEMENT_3D('',#5769,#5770,#5771);
#4529=AXIS2_PLACEMENT_3D('',#5772,#5773,#5774);
#4530=CARTESIAN_POINT('',(-9.34271665754526E-20,0.00307694396307832,-0.00976822985412226));
#4531=CARTESIAN_POINT('',(-4.83255863831926E-19,0.00976822985412227,-0.00307694396307833));
#4532=CARTESIAN_POINT('',(-3.07263881906071E-20,0.0030225869086003,-0.0098225869086003));
#4533=VECTOR('',#5775,1.0);
#4534=CARTESIAN_POINT('',(0.000231770145877733,0.00333589267441488,-0.01));
#4535=AXIS2_PLACEMENT_3D('',#5776,#5777,#5778);
#4536=CARTESIAN_POINT('',(3.07263881906071E-20,0.00355482618279941,-0.01));
#4537=AXIS2_PLACEMENT_3D('',#5779,#5780,#5781);
#4538=CARTESIAN_POINT('',(3.07263881906072E-20,0.01,-0.00355482618279941));
#4539=CARTESIAN_POINT('',(3.07263881906071E-20,0.00337741309139971,-0.0101774130913997));
#4540=VECTOR('',#5782,1.0);
#4541=CARTESIAN_POINT('',(0.000231770145877733,0.01,-0.00333589267441488));
#4542=AXIS2_PLACEMENT_3D('',#5783,#5784,#5785);
#4543=AXIS2_PLACEMENT_3D('',#5786,#5787,#5788);
#4544=CARTESIAN_POINT('',(0.00498358537053731,0.00485169452154385,-0.00463236846487949));
#4545=CARTESIAN_POINT('',(0.01,0.00206479729427536,-0.001845471237611));
#4546=CARTESIAN_POINT('',(0.00483613381847889,0.00493361205666436,-0.004714286));
#4547=VECTOR('',#5789,1.0);
#4548=AXIS2_PLACEMENT_3D('',#5790,#5791,#5792);
#4549=CARTESIAN_POINT('',(0.00467076891985478,0.00445144286319043,-0.00467076891985478));
#4550=AXIS2_PLACEMENT_3D('',#5793,#5794,#5795);
#4551=CARTESIAN_POINT('',(0.00975208196429686,0.00162849095820493,-0.00184781701486928));
#4552=CARTESIAN_POINT('',(0.00459243818152111,0.00449495994333565,-0.004714286));
#4553=VECTOR('',#5796,1.0);
#4554=CARTESIAN_POINT('',(0.0098289556375719,0.00164718201942819,-0.00164718201942819));
#4555=AXIS2_PLACEMENT_3D('',#5797,#5798,#5799);
#4556=CARTESIAN_POINT('',(0.01,0.00206379097477019,-0.00182189771765692));
#4557=AXIS2_PLACEMENT_3D('',#5800,#5801,#5802);
#4558=AXIS2_PLACEMENT_3D('',#5803,#5804,#5805);
#4559=CARTESIAN_POINT('',(-0.00162849095820493,0.00975208196429686,-0.00184781701486928));
#4560=CARTESIAN_POINT('',(-0.00445144286319042,0.00467076891985478,-0.00467076891985478));
#4561=CARTESIAN_POINT('',(-0.00155845194333565,0.00987815218152111,-0.001777778));
#4562=VECTOR('',#5806,1.0);
#4563=CARTESIAN_POINT('',(-0.00164718201942819,0.0098289556375719,-0.00164718201942819));
#4564=AXIS2_PLACEMENT_3D('',#5807,#5808,#5809);
#4565=CARTESIAN_POINT('',(-0.00206379097477019,0.01,-0.00182189771765692));
#4566=AXIS2_PLACEMENT_3D('',#5810,#5811,#5812);
#4567=CARTESIAN_POINT('',(-0.00206479729427536,0.01,-0.001845471237611));
#4568=AXIS2_PLACEMENT_3D('',#5813,#5814,#5815);
#4569=CARTESIAN_POINT('',(-0.00199710405666435,0.0101218478184789,-0.001777778));
#4570=VECTOR('',#5816,1.0);
#4571=CARTESIAN_POINT('',(-0.00456924416806246,0.00456924416806246,-0.00456924416806246));
#4572=AXIS2_PLACEMENT_3D('',#5817,#5818,#5819);
#4573=AXIS2_PLACEMENT_3D('',#5820,#5821,#5822);
#4574=CARTESIAN_POINT('',(-0.00162849095820493,0.00184781701486928,-0.00975208196429686));
#4575=CARTESIAN_POINT('',(-0.00155845194333565,0.001777778,-0.00987815218152111));
#4576=VECTOR('',#5823,1.0);
#4577=CARTESIAN_POINT('',(-0.00182189771765692,0.00206379097477019,-0.01));
#4578=AXIS2_PLACEMENT_3D('',#5824,#5825,#5826);
#4579=CARTESIAN_POINT('',(-0.00206479729427536,0.001845471237611,-0.01));
#4580=AXIS2_PLACEMENT_3D('',#5827,#5828,#5829);
#4581=CARTESIAN_POINT('',(-0.00485169452154385,0.00463236846487949,-0.00498358537053731));
#4582=CARTESIAN_POINT('',(-0.00199710405666435,0.001777778,-0.0101218478184789));
#4583=VECTOR('',#5830,1.0);
#4584=CARTESIAN_POINT('',(-0.00457828972485603,0.00488557821308818,-0.00488557821308818));
#4585=AXIS2_PLACEMENT_3D('',#5831,#5832,#5833);
#4586=AXIS2_PLACEMENT_3D('',#5834,#5835,#5836);
#4587=CARTESIAN_POINT('',(0.00162849095820493,-0.00975208196429686,-0.00184781701486928));
#4588=CARTESIAN_POINT('',(0.00445144286319042,-0.00467076891985478,-0.00467076891985478));
#4589=CARTESIAN_POINT('',(0.00155845194333565,-0.00987815218152111,-0.001777778));
#4590=VECTOR('',#5837,1.0);
#4591=CARTESIAN_POINT('',(0.00164718201942819,-0.0098289556375719,-0.00164718201942819));
#4592=AXIS2_PLACEMENT_3D('',#5838,#5839,#5840);
#4593=CARTESIAN_POINT('',(0.00206379097477019,-0.01,-0.00182189771765692));
#4594=AXIS2_PLACEMENT_3D('',#5841,#5842,#5843);
#4595=CARTESIAN_POINT('',(0.00206479729427536,-0.01,-0.001845471237611));
#4596=AXIS2_PLACEMENT_3D('',#5844,#5845,#5846);
#4597=CARTESIAN_POINT('',(0.00485169452154384,-0.00498358537053731,-0.00463236846487949));
#4598=CARTESIAN_POINT('',(0.00199710405666435,-0.0101218478184789,-0.001777778));
#4599=VECTOR('',#5847,1.0);
#4600=CARTESIAN_POINT('',(0.00488557821308818,-0.00488557821308818,-0.00457828972485603));
#4601=AXIS2_PLACEMENT_3D('',#5848,#5849,#5850);
#4602=CARTESIAN_POINT('',(0.00456924416806245,-0.00456924416806247,-0.00456924416806246));
#4603=AXIS2_PLACEMENT_3D('',#5851,#5852,#5853);
#4604=AXIS2_PLACEMENT_3D('',#5854,#5855,#5856);
#4605=CARTESIAN_POINT('',(-0.00975208196429686,-0.00162849095820493,-0.00184781701486928));
#4606=CARTESIAN_POINT('',(-0.00467076891985478,-0.00445144286319042,-0.00467076891985478));
#4607=CARTESIAN_POINT('',(-0.00987815218152111,-0.00155845194333565,-0.001777778));
#4608=VECTOR('',#5857,1.0);
#4609=CARTESIAN_POINT('',(-0.0098289556375719,-0.00164718201942819,-0.00164718201942819));
#4610=AXIS2_PLACEMENT_3D('',#5858,#5859,#5860);
#4611=CARTESIAN_POINT('',(-0.01,-0.00206379097477019,-0.00182189771765692));
#4612=AXIS2_PLACEMENT_3D('',#5861,#5862,#5863);
#4613=CARTESIAN_POINT('',(-0.01,-0.00206479729427536,-0.001845471237611));
#4614=AXIS2_PLACEMENT_3D('',#5864,#5865,#5866);
#4615=CARTESIAN_POINT('',(-0.00498358537053731,-0.00485169452154384,-0.00463236846487949));
#4616=CARTESIAN_POINT('',(-0.0101218478184789,-0.00199710405666435,-0.001777778));
#4617=VECTOR('',#5867,1.0);
#4618=CARTESIAN_POINT('',(-0.00488557821308818,-0.00488557821308818,-0.00457828972485603));
#4619=AXIS2_PLACEMENT_3D('',#5868,#5869,#5870);
#4620=CARTESIAN_POINT('',(-0.00456924416806246,-0.00456924416806246,-0.00456924416806246));
#4621=AXIS2_PLACEMENT_3D('',#5871,#5872,#5873);
#4622=AXIS2_PLACEMENT_3D('',#5874,#5875,#5876);
#4623=CARTESIAN_POINT('',(-0.00162849095820493,-0.00184781701486928,-0.00975208196429686));
#4624=CARTESIAN_POINT('',(-0.00445144286319042,-0.00467076891985478,-0.00467076891985478));
#4625=CARTESIAN_POINT('',(-0.00155845194333565,-0.001777778,-0.00987815218152111));
#4626=VECTOR('',#5877,1.0);
#4627=CARTESIAN_POINT('',(-0.00164718201942821,-0.00164718201942819,-0.00982895563757189));
#4628=AXIS2_PLACEMENT_3D('',#5878,#5879,#5880);
#4629=CARTESIAN_POINT('',(-0.00206379097477019,-0.00182189771765692,-0.01));
#4630=AXIS2_PLACEMENT_3D('',#5881,#5882,#5883);
#4631=CARTESIAN_POINT('',(-0.00206479729427536,-0.001845471237611,-0.01));
#4632=AXIS2_PLACEMENT_3D('',#5884,#5885,#5886);
#4633=CARTESIAN_POINT('',(-0.00485169452154384,-0.00463236846487949,-0.00498358537053731));
#4634=CARTESIAN_POINT('',(-0.00199710405666435,-0.001777778,-0.0101218478184789));
#4635=VECTOR('',#5887,1.0);
#4636=CARTESIAN_POINT('',(-0.00488557821308818,-0.00457828972485603,-0.00488557821308818));
#4637=AXIS2_PLACEMENT_3D('',#5888,#5889,#5890);
#4638=AXIS2_PLACEMENT_3D('',#5891,#5892,#5893);
#4639=AXIS2_PLACEMENT_3D('',#5894,#5895,#5896);
#4640=CARTESIAN_POINT('',(-0.00465614663321024,-0.00501097281600965,0.00483355972460994));
#4641=CARTESIAN_POINT('',(-0.00964517381720059,-0.01,0.0098225869086003));
#4642=CARTESIAN_POINT('',(-0.0045368729086003,-0.00489169909139971,0.004714286));
#4643=VECTOR('',#5897,1.0);
#4644=CARTESIAN_POINT('',(-0.00457828972485603,-0.00488557821308818,0.00488557821308818));
#4645=AXIS2_PLACEMENT_3D('',#5898,#5899,#5900);
#4646=AXIS2_PLACEMENT_3D('',#5901,#5902,#5903);
#4647=CARTESIAN_POINT('',(-0.01,-0.00964517381720059,0.0098225869086003));
#4648=CARTESIAN_POINT('',(-0.00489169909139971,-0.0045368729086003,0.004714286));
#4649=VECTOR('',#5904,1.0);
#4650=CARTESIAN_POINT('',(-0.01,-0.00969271151176785,0.01));
#4651=AXIS2_PLACEMENT_3D('',#5905,#5906,#5907);
#4652=CARTESIAN_POINT('',(-0.00969271151176785,-0.01,0.01));
#4653=AXIS2_PLACEMENT_3D('',#5908,#5909,#5910);
#4654=AXIS2_PLACEMENT_3D('',#5911,#5912,#5913);
#4655=CARTESIAN_POINT('',(-0.00162849095820493,-0.00975208196429685,0.00184781701486928));
#4656=CARTESIAN_POINT('',(-0.00449495994333565,-0.00459243818152111,0.004714286));
#4657=VECTOR('',#5914,1.0);
#4658=AXIS2_PLACEMENT_3D('',#5915,#5916,#5917);
#4659=CARTESIAN_POINT('',(-0.00485169452154385,-0.00498358537053731,0.00463236846487949));
#4660=AXIS2_PLACEMENT_3D('',#5918,#5919,#5920);
#4661=CARTESIAN_POINT('',(-0.00206479729427536,-0.01,0.001845471237611));
#4662=CARTESIAN_POINT('',(-0.00493361205666436,-0.00483613381847889,0.004714286));
#4663=VECTOR('',#5921,1.0);
#4664=CARTESIAN_POINT('',(-0.00182189771765692,-0.01,0.00206379097477019));
#4665=AXIS2_PLACEMENT_3D('',#5922,#5923,#5924);
#4666=AXIS2_PLACEMENT_3D('',#5925,#5926,#5927);
#4667=CARTESIAN_POINT('',(-0.00355482618279941,-0.01,-3.07263881906072E-20));
#4668=CARTESIAN_POINT('',(-0.01,-0.00355482618279941,-3.07263881906073E-20));
#4669=CARTESIAN_POINT('',(-0.0033774130913997,-0.0101774130913997,-3.07263881906071E-20));
#4670=VECTOR('',#5928,1.0);
#4671=CARTESIAN_POINT('',(-0.00333589267441488,-0.01,0.000231770145877734));
#4672=AXIS2_PLACEMENT_3D('',#5929,#5930,#5931);
#4673=CARTESIAN_POINT('',(-0.00307694396307818,-0.00976822985412241,3.70883286592094E-16));
#4674=AXIS2_PLACEMENT_3D('',#5932,#5933,#5934);
#4675=CARTESIAN_POINT('',(-0.00976822985412227,-0.00307694396307832,4.90270868306901E-18));
#4676=CARTESIAN_POINT('',(-0.00302258690860029,-0.0098225869086003,3.07263881906071E-20));
#4677=VECTOR('',#5935,1.0);
#4678=CARTESIAN_POINT('',(-0.01,-0.00333589267441488,0.000231770145877732));
#4679=AXIS2_PLACEMENT_3D('',#5936,#5937,#5938);
#4680=AXIS2_PLACEMENT_3D('',#5939,#5940,#5941);
#4681=CARTESIAN_POINT('',(-0.00206479729427536,-0.01,-0.001845471237611));
#4682=CARTESIAN_POINT('',(-0.00485169452154385,-0.00498358537053731,-0.00463236846487949));
#4683=CARTESIAN_POINT('',(-0.00199710405666435,-0.0101218478184789,-0.001777778));
#4684=VECTOR('',#5942,1.0);
#4685=CARTESIAN_POINT('',(-0.00206379097477019,-0.01,-0.00182189771765692));
#4686=AXIS2_PLACEMENT_3D('',#5943,#5944,#5945);
#4687=CARTESIAN_POINT('',(-0.00164718201942819,-0.0098289556375719,-0.00164718201942819));
#4688=AXIS2_PLACEMENT_3D('',#5946,#5947,#5948);
#4689=CARTESIAN_POINT('',(-0.00162849095820493,-0.00975208196429686,-0.00184781701486928));
#4690=AXIS2_PLACEMENT_3D('',#5949,#5950,#5951);
#4691=CARTESIAN_POINT('',(-0.00155845194333565,-0.00987815218152111,-0.001777778));
#4692=VECTOR('',#5952,1.0);
#4693=AXIS2_PLACEMENT_3D('',#5953,#5954,#5955);
#4694=CARTESIAN_POINT('',(-0.00467076891985478,0.00445144286319042,0.00467076891985478));
#4695=CARTESIAN_POINT('',(-0.00975208196429686,0.00162849095820492,0.00184781701486928));
#4696=CARTESIAN_POINT('',(-0.00459243818152111,0.00449495994333565,0.004714286));
#4697=VECTOR('',#5956,1.0);
#4698=CARTESIAN_POINT('',(-0.00488557821308818,0.00457828972485603,0.00488557821308818));
#4699=AXIS2_PLACEMENT_3D('',#5957,#5958,#5959);
#4700=CARTESIAN_POINT('',(-0.00501097281600965,0.00465614663321024,0.00483355972460994));
#4701=AXIS2_PLACEMENT_3D('',#5960,#5961,#5962);
#4702=CARTESIAN_POINT('',(-0.00498358537053731,0.00485169452154385,0.00463236846487949));
#4703=AXIS2_PLACEMENT_3D('',#5963,#5964,#5965);
#4704=CARTESIAN_POINT('',(-0.01,0.00206479729427536,0.001845471237611));
#4705=CARTESIAN_POINT('',(-0.00483613381847889,0.00493361205666435,0.004714286));
#4706=VECTOR('',#5966,1.0);
#4707=CARTESIAN_POINT('',(-0.01,0.00182189771765692,0.00206379097477019));
#4708=AXIS2_PLACEMENT_3D('',#5967,#5968,#5969);
#4709=AXIS2_PLACEMENT_3D('',#5970,#5971,#5972);
#4710=CARTESIAN_POINT('',(-0.01,0.00355482618279941,-3.07263881906072E-20));
#4711=CARTESIAN_POINT('',(-0.00355482618279941,0.01,-3.07263881906072E-20));
#4712=CARTESIAN_POINT('',(-0.0101774130913997,0.0033774130913997,-3.07263881906071E-20));
#4713=VECTOR('',#5973,1.0);
#4714=CARTESIAN_POINT('',(-0.01,0.00333589267441488,0.000231770145877734));
#4715=AXIS2_PLACEMENT_3D('',#5974,#5975,#5976);
#4716=CARTESIAN_POINT('',(-0.00976822985412227,0.00307694396307832,-1.08342846891351E-18));
#4717=AXIS2_PLACEMENT_3D('',#5977,#5978,#5979);
#4718=CARTESIAN_POINT('',(-0.00307694396307832,0.00976822985412226,4.793586391236E-18));
#4719=CARTESIAN_POINT('',(-0.0098225869086003,0.00302258690860029,3.07263881906071E-20));
#4720=VECTOR('',#5980,1.0);
#4721=CARTESIAN_POINT('',(-0.00333589267441488,0.01,0.000231770145877733));
#4722=AXIS2_PLACEMENT_3D('',#5981,#5982,#5983);
#4723=AXIS2_PLACEMENT_3D('',#5984,#5985,#5986);
#4724=CARTESIAN_POINT('',(-0.01,0.00206479729427536,-0.001845471237611));
#4725=CARTESIAN_POINT('',(-0.0101218478184789,0.00199710405666435,-0.001777778));
#4726=VECTOR('',#5987,1.0);
#4727=CARTESIAN_POINT('',(-0.01,0.00206379097477019,-0.00182189771765692));
#4728=AXIS2_PLACEMENT_3D('',#5988,#5989,#5990);
#4729=CARTESIAN_POINT('',(-0.00982895563757191,0.00164718201942819,-0.00164718201942819));
#4730=AXIS2_PLACEMENT_3D('',#5991,#5992,#5993);
#4731=CARTESIAN_POINT('',(-0.00975208196429686,0.00162849095820493,-0.00184781701486928));
#4732=AXIS2_PLACEMENT_3D('',#5994,#5995,#5996);
#4733=CARTESIAN_POINT('',(-0.00467076891985478,0.00445144286319042,-0.00467076891985478));
#4734=CARTESIAN_POINT('',(-0.00987815218152111,0.00155845194333565,-0.001777778));
#4735=VECTOR('',#5997,1.0);
#4736=AXIS2_PLACEMENT_3D('',#5998,#5999,#6000);
#4737=CARTESIAN_POINT('',(-0.01,-3.07263881906071E-20,-0.00355482618279941));
#4738=CARTESIAN_POINT('',(-0.00355482618279941,-3.07263881906071E-20,-0.01));
#4739=CARTESIAN_POINT('',(-0.0101774130913997,-3.07263881906071E-20,-0.0033774130913997));
#4740=VECTOR('',#6001,1.0);
#4741=CARTESIAN_POINT('',(-0.01,0.000231770145877734,-0.00333589267441488));
#4742=AXIS2_PLACEMENT_3D('',#6002,#6003,#6004);
#4743=CARTESIAN_POINT('',(-0.00976822985412227,-1.87066785999455E-18,-0.00307694396307832));
#4744=AXIS2_PLACEMENT_3D('',#6005,#6006,#6007);
#4745=CARTESIAN_POINT('',(-0.00307694396307832,0.0,-0.00976822985412227));
#4746=CARTESIAN_POINT('',(-0.0098225869086003,3.07263881906072E-20,-0.00302258690860029));
#4747=VECTOR('',#6008,1.0);
#4748=CARTESIAN_POINT('',(-0.00333589267441488,0.000231770145877733,-0.01));
#4749=AXIS2_PLACEMENT_3D('',#6009,#6010,#6011);
#4750=AXIS2_PLACEMENT_3D('',#6012,#6013,#6014);
#4751=CARTESIAN_POINT('',(-0.01,0.00964517381720059,0.0098225869086003));
#4752=CARTESIAN_POINT('',(-0.00489169909139971,0.0045368729086003,0.004714286));
#4753=VECTOR('',#6015,1.0);
#4754=AXIS2_PLACEMENT_3D('',#6016,#6017,#6018);
#4755=CARTESIAN_POINT('',(-0.00964517381720059,0.01,0.0098225869086003));
#4756=CARTESIAN_POINT('',(-0.0045368729086003,0.00489169909139971,0.004714286));
#4757=VECTOR('',#6019,1.0);
#4758=CARTESIAN_POINT('',(-0.00969271151176785,0.01,0.01));
#4759=AXIS2_PLACEMENT_3D('',#6020,#6021,#6022);
#4760=CARTESIAN_POINT('',(-0.01,0.00969271151176785,0.01));
#4761=AXIS2_PLACEMENT_3D('',#6023,#6024,#6025);
#4762=AXIS2_PLACEMENT_3D('',#6026,#6027,#6028);
#4763=CARTESIAN_POINT('',(0.00975208196429686,-0.00162849095820493,0.00184781701486928));
#4764=CARTESIAN_POINT('',(0.00459243818152111,-0.00449495994333565,0.004714286));
#4765=VECTOR('',#6029,1.0);
#4766=CARTESIAN_POINT('',(0.00498358537053731,-0.00485169452154385,0.00463236846487949));
#4767=AXIS2_PLACEMENT_3D('',#6030,#6031,#6032);
#4768=CARTESIAN_POINT('',(0.01,-0.00206479729427536,0.001845471237611));
#4769=CARTESIAN_POINT('',(0.00483613381847889,-0.00493361205666436,0.004714286));
#4770=VECTOR('',#6033,1.0);
#4771=CARTESIAN_POINT('',(0.01,-0.00182189771765692,0.00206379097477019));
#4772=AXIS2_PLACEMENT_3D('',#6034,#6035,#6036);
#4773=AXIS2_PLACEMENT_3D('',#6037,#6038,#6039);
#4774=CARTESIAN_POINT('',(0.01,-0.00355482618279941,-3.07263881906072E-20));
#4775=CARTESIAN_POINT('',(0.00355482618279941,-0.01,-3.07263881906072E-20));
#4776=CARTESIAN_POINT('',(0.0101774130913997,-0.0033774130913997,-3.07263881906071E-20));
#4777=VECTOR('',#6040,1.0);
#4778=CARTESIAN_POINT('',(0.01,-0.00333589267441488,0.000231770145877734));
#4779=AXIS2_PLACEMENT_3D('',#6041,#6042,#6043);
#4780=CARTESIAN_POINT('',(0.00976822985412227,-0.00307694396307832,-4.05311369665487E-19));
#4781=AXIS2_PLACEMENT_3D('',#6044,#6045,#6046);
#4782=CARTESIAN_POINT('',(0.00307694396307832,-0.00976822985412227,4.90270868306901E-18));
#4783=CARTESIAN_POINT('',(0.0098225869086003,-0.00302258690860029,3.07263881906071E-20));
#4784=VECTOR('',#6047,1.0);
#4785=CARTESIAN_POINT('',(0.00333589267441488,-0.01,0.000231770145877732));
#4786=AXIS2_PLACEMENT_3D('',#6048,#6049,#6050);
#4787=AXIS2_PLACEMENT_3D('',#6051,#6052,#6053);
#4788=CARTESIAN_POINT('',(0.00467076891985478,-0.00445144286319043,-0.00467076891985478));
#4789=CARTESIAN_POINT('',(0.00975208196429686,-0.00162849095820493,-0.00184781701486928));
#4790=CARTESIAN_POINT('',(0.00459243818152111,-0.00449495994333565,-0.004714286));
#4791=VECTOR('',#6054,1.0);
#4792=AXIS2_PLACEMENT_3D('',#6055,#6056,#6057);
#4793=CARTESIAN_POINT('',(0.00498358537053731,-0.00485169452154385,-0.00463236846487949));
#4794=AXIS2_PLACEMENT_3D('',#6058,#6059,#6060);
#4795=CARTESIAN_POINT('',(0.01,-0.00206479729427536,-0.001845471237611));
#4796=CARTESIAN_POINT('',(0.00483613381847889,-0.00493361205666436,-0.004714286));
#4797=VECTOR('',#6061,1.0);
#4798=CARTESIAN_POINT('',(0.01,-0.00206379097477019,-0.00182189771765692));
#4799=AXIS2_PLACEMENT_3D('',#6062,#6063,#6064);
#4800=CARTESIAN_POINT('',(0.0098289556375719,-0.00164718201942819,-0.00164718201942819));
#4801=AXIS2_PLACEMENT_3D('',#6065,#6066,#6067);
#4802=AXIS2_PLACEMENT_3D('',#6068,#6069,#6070);
#4803=CARTESIAN_POINT('',(0.00206479729427536,0.001845471237611,-0.01));
#4804=CARTESIAN_POINT('',(0.00485169452154385,0.00463236846487949,-0.00498358537053731));
#4805=CARTESIAN_POINT('',(0.00199710405666435,0.001777778,-0.0101218478184789));
#4806=VECTOR('',#6071,1.0);
#4807=CARTESIAN_POINT('',(0.00182189771765692,0.00206379097477019,-0.01));
#4808=AXIS2_PLACEMENT_3D('',#6072,#6073,#6074);
#4809=CARTESIAN_POINT('',(0.00162849095820493,0.00184781701486928,-0.00975208196429686));
#4810=AXIS2_PLACEMENT_3D('',#6075,#6076,#6077);
#4811=CARTESIAN_POINT('',(0.00155845194333565,0.001777778,-0.00987815218152111));
#4812=VECTOR('',#6078,1.0);
#4813=CARTESIAN_POINT('',(0.00457828972485603,0.00488557821308818,-0.00488557821308818));
#4814=AXIS2_PLACEMENT_3D('',#6079,#6080,#6081);
#4815=AXIS2_PLACEMENT_3D('',#6082,#6083,#6084);
#4816=CARTESIAN_POINT('',(0.00976822985412227,-1.16137296307995E-18,-0.00307694396307832));
#4817=CARTESIAN_POINT('',(0.00307694396307832,9.34271665754526E-20,-0.00976822985412226));
#4818=CARTESIAN_POINT('',(0.0098225869086003,-3.07263881906072E-20,-0.0030225869086003));
#4819=VECTOR('',#6085,1.0);
#4820=CARTESIAN_POINT('',(0.01,0.000231770145877734,-0.00333589267441488));
#4821=AXIS2_PLACEMENT_3D('',#6086,#6087,#6088);
#4822=CARTESIAN_POINT('',(0.01,3.07263881906071E-20,-0.00355482618279941));
#4823=AXIS2_PLACEMENT_3D('',#6089,#6090,#6091);
#4824=CARTESIAN_POINT('',(0.00355482618279941,3.07263881906072E-20,-0.01));
#4825=CARTESIAN_POINT('',(0.0101774130913997,3.07263881906071E-20,-0.00337741309139971));
#4826=VECTOR('',#6092,1.0);
#4827=CARTESIAN_POINT('',(0.00333589267441488,0.000231770145877732,-0.01));
#4828=AXIS2_PLACEMENT_3D('',#6093,#6094,#6095);
#4829=AXIS2_PLACEMENT_3D('',#6096,#6097,#6098);
#4830=CARTESIAN_POINT('',(0.00206479729427536,-0.001845471237611,-0.01));
#4831=CARTESIAN_POINT('',(0.00485169452154385,-0.00463236846487949,-0.00498358537053731));
#4832=CARTESIAN_POINT('',(0.00199710405666435,-0.001777778,-0.0101218478184789));
#4833=VECTOR('',#6099,1.0);
#4834=CARTESIAN_POINT('',(0.00206379097477019,-0.00182189771765692,-0.01));
#4835=AXIS2_PLACEMENT_3D('',#6100,#6101,#6102);
#4836=CARTESIAN_POINT('',(0.00164718201942821,-0.00164718201942819,-0.00982895563757189));
#4837=AXIS2_PLACEMENT_3D('',#6103,#6104,#6105);
#4838=CARTESIAN_POINT('',(0.00162849095820493,-0.00184781701486928,-0.00975208196429686));
#4839=AXIS2_PLACEMENT_3D('',#6106,#6107,#6108);
#4840=CARTESIAN_POINT('',(0.00155845194333565,-0.001777778,-0.00987815218152111));
#4841=VECTOR('',#6109,1.0);
#4842=CARTESIAN_POINT('',(0.00488557821308818,-0.00457828972485603,-0.00488557821308818));
#4843=AXIS2_PLACEMENT_3D('',#6110,#6111,#6112);
#4844=AXIS2_PLACEMENT_3D('',#6113,#6114,#6115);
#4845=CARTESIAN_POINT('',(2.72805729582539E-19,-0.00976822985412227,-0.00307694396307832));
#4846=CARTESIAN_POINT('',(5.25098332927967E-20,-0.00307694396307832,-0.00976822985412226));
#4847=CARTESIAN_POINT('',(-3.07263881906071E-20,-0.0098225869086003,-0.0030225869086003));
#4848=VECTOR('',#6116,1.0);
#4849=CARTESIAN_POINT('',(0.000231770145877734,-0.01,-0.00333589267441488));
#4850=AXIS2_PLACEMENT_3D('',#6117,#6118,#6119);
#4851=CARTESIAN_POINT('',(3.07263881906071E-20,-0.01,-0.00355482618279941));
#4852=AXIS2_PLACEMENT_3D('',#6120,#6121,#6122);
#4853=CARTESIAN_POINT('',(3.07263881906073E-20,-0.00355482618279941,-0.01));
#4854=CARTESIAN_POINT('',(3.07263881906072E-20,-0.0101774130913997,-0.00337741309139971));
#4855=VECTOR('',#6123,1.0);
#4856=CARTESIAN_POINT('',(0.000231770145877734,-0.00333589267441488,-0.01));
#4857=AXIS2_PLACEMENT_3D('',#6124,#6125,#6126);
#4858=AXIS2_PLACEMENT_3D('',#6127,#6128,#6129);
#4859=CARTESIAN_POINT('',(0.00964517381720059,-0.01,-0.0098225869086003));
#4860=CARTESIAN_POINT('',(0.00465614663321023,-0.00501097281600965,-0.00483355972460994));
#4861=CARTESIAN_POINT('',(0.0098225869086003,-0.0101774130913997,-0.01));
#4862=VECTOR('',#6130,1.0);
#4863=CARTESIAN_POINT('',(0.01,-0.01,-0.00969271151176785));
#4864=AXIS2_PLACEMENT_3D('',#6131,#6132,#6133);
#4865=CARTESIAN_POINT('',(0.01,-0.00964517381720059,-0.0098225869086003));
#4866=AXIS2_PLACEMENT_3D('',#6134,#6135,#6136);
#4867=CARTESIAN_POINT('',(0.00501097281600964,-0.00465614663321024,-0.00483355972460994));
#4868=CARTESIAN_POINT('',(0.0101774130913997,-0.0098225869086003,-0.01));
#4869=VECTOR('',#6137,1.0);
#4870=AXIS2_PLACEMENT_3D('',#6138,#6139,#6140);
#4871=AXIS2_PLACEMENT_3D('',#6141,#6142,#6143);
#4872=CARTESIAN_POINT('',(-0.01,-0.00964517381720059,-0.0098225869086003));
#4873=CARTESIAN_POINT('',(-0.00501097281600965,-0.00465614663321023,-0.00483355972460994));
#4874=CARTESIAN_POINT('',(-0.0101774130913997,-0.0098225869086003,-0.01));
#4875=VECTOR('',#6144,1.0);
#4876=CARTESIAN_POINT('',(-0.01,-0.01,-0.00969271151176785));
#4877=AXIS2_PLACEMENT_3D('',#6145,#6146,#6147);
#4878=CARTESIAN_POINT('',(-0.00964517381720059,-0.01,-0.0098225869086003));
#4879=AXIS2_PLACEMENT_3D('',#6148,#6149,#6150);
#4880=CARTESIAN_POINT('',(-0.00465614663321023,-0.00501097281600965,-0.00483355972460994));
#4881=CARTESIAN_POINT('',(-0.0098225869086003,-0.0101774130913997,-0.01));
#4882=VECTOR('',#6151,1.0);
#4883=AXIS2_PLACEMENT_3D('',#6152,#6153,#6154);
#4884=AXIS2_PLACEMENT_3D('',#6155,#6156,#6157);
#4885=CARTESIAN_POINT('',(0.00465614663321024,0.00501097281600965,-0.00483355972460994));
#4886=CARTESIAN_POINT('',(0.00964517381720059,0.01,-0.0098225869086003));
#4887=CARTESIAN_POINT('',(0.0045368729086003,0.00489169909139971,-0.004714286));
#4888=VECTOR('',#6158,1.0);
#4889=AXIS2_PLACEMENT_3D('',#6159,#6160,#6161);
#4890=CARTESIAN_POINT('',(0.00501097281600965,0.00465614663321024,-0.00483355972460994));
#4891=AXIS2_PLACEMENT_3D('',#6162,#6163,#6164);
#4892=CARTESIAN_POINT('',(0.01,0.00964517381720059,-0.0098225869086003));
#4893=CARTESIAN_POINT('',(0.00489169909139971,0.0045368729086003,-0.004714286));
#4894=VECTOR('',#6165,1.0);
#4895=CARTESIAN_POINT('',(0.01,0.01,-0.00969271151176785));
#4896=AXIS2_PLACEMENT_3D('',#6166,#6167,#6168);
#4897=AXIS2_PLACEMENT_3D('',#6169,#6170,#6171);
#4898=CARTESIAN_POINT('',(0.00193451396055214,0.00197369800579267,-0.01));
#4899=VECTOR('',#6172,1.0);
#4900=CARTESIAN_POINT('',(0.00206379097477019,0.00182189771765692,-0.01));
#4901=AXIS2_PLACEMENT_3D('',#6173,#6174,#6175);
#4902=CARTESIAN_POINT('',(0.00197369800579267,0.00193451396055214,-0.01));
#4903=VECTOR('',#6176,1.0);
#4904=CARTESIAN_POINT('',(0.00333589267441488,-0.000231770145877733,-0.01));
#4905=AXIS2_PLACEMENT_3D('',#6177,#6178,#6179);
#4906=CARTESIAN_POINT('',(0.00197369800579267,-0.00193451396055214,-0.01));
#4907=VECTOR('',#6180,1.0);
#4908=CARTESIAN_POINT('',(0.00182189771765692,-0.00206379097477019,-0.01));
#4909=AXIS2_PLACEMENT_3D('',#6181,#6182,#6183);
#4910=CARTESIAN_POINT('',(0.000156735960552138,-0.00339592000579267,-0.01));
#4911=VECTOR('',#6184,1.0);
#4912=CARTESIAN_POINT('',(-0.000231770145877733,-0.00333589267441488,-0.01));
#4913=AXIS2_PLACEMENT_3D('',#6185,#6186,#6187);
#4914=CARTESIAN_POINT('',(-0.00182189771765692,-0.00206379097477019,-0.01));
#4915=CARTESIAN_POINT('',(-0.000156735960552138,-0.00339592000579267,-0.01));
#4916=VECTOR('',#6188,1.0);
#4917=AXIS2_PLACEMENT_3D('',#6189,#6190,#6191);
#4918=CARTESIAN_POINT('',(-0.00333589267441488,-0.000231770145877733,-0.01));
#4919=CARTESIAN_POINT('',(-0.00197369800579267,-0.00193451396055214,-0.01));
#4920=VECTOR('',#6192,1.0);
#4921=AXIS2_PLACEMENT_3D('',#6193,#6194,#6195);
#4922=CARTESIAN_POINT('',(-0.00206379097477019,0.00182189771765692,-0.01));
#4923=CARTESIAN_POINT('',(-0.00197369800579267,0.00193451396055214,-0.01));
#4924=VECTOR('',#6196,1.0);
#4925=AXIS2_PLACEMENT_3D('',#6197,#6198,#6199);
#4926=CARTESIAN_POINT('',(-0.000231770145877734,0.00333589267441488,-0.01));
#4927=CARTESIAN_POINT('',(-0.00193451396055214,0.00197369800579267,-0.01));
#4928=VECTOR('',#6200,1.0);
#4929=AXIS2_PLACEMENT_3D('',#6201,#6202,#6203);
#4930=CARTESIAN_POINT('',(-0.00159927312270424,-0.00159927312270422,-0.01));
#4931=CARTESIAN_POINT('',(8.59583493447489E-20,-0.00287869126103121,-0.01));
#4932=CARTESIAN_POINT('',(0.000156735960552138,-0.00300407999420733,-0.01));
#4933=VECTOR('',#6204,1.0);
#4934=CARTESIAN_POINT('',(0.00159927312270424,-0.00159927312270422,-0.01));
#4935=CARTESIAN_POINT('',(-0.000156735960552138,-0.00300407999420733,-0.01));
#4936=VECTOR('',#6205,1.0);
#4937=CARTESIAN_POINT('',(0.00287869126103121,2.43945488809238E-19,-0.01));
#4938=CARTESIAN_POINT('',(0.00158185799420733,-0.00162104203944786,-0.01));
#4939=VECTOR('',#6206,1.0);
#4940=CARTESIAN_POINT('',(0.00159927312270423,0.00159927312270423,-0.01));
#4941=CARTESIAN_POINT('',(0.00158185799420733,0.00162104203944786,-0.01));
#4942=VECTOR('',#6207,1.0);
#4943=CARTESIAN_POINT('',(-2.43945488809238E-19,0.00287869126103121,-0.01));
#4944=CARTESIAN_POINT('',(0.00162104203944786,0.00158185799420733,-0.01));
#4945=VECTOR('',#6208,1.0);
#4946=CARTESIAN_POINT('',(-0.00159927312270423,0.00159927312270423,-0.01));
#4947=CARTESIAN_POINT('',(-0.00162104203944786,0.00158185799420733,-0.01));
#4948=VECTOR('',#6209,1.0);
#4949=CARTESIAN_POINT('',(-0.00287869126103121,0.0,-0.01));
#4950=CARTESIAN_POINT('',(-0.00158185799420733,0.00162104203944786,-0.01));
#4951=VECTOR('',#6210,1.0);
#4952=CARTESIAN_POINT('',(-0.00158185799420733,-0.00162104203944786,-0.01));
#4953=VECTOR('',#6211,1.0);
#4954=CARTESIAN_POINT('',(0.01,-0.01,-0.01));
#4955=CARTESIAN_POINT('',(0.00969271151176785,-0.01,-0.01));
#4956=CARTESIAN_POINT('',(0.0,-0.01,-0.01));
#4957=VECTOR('',#6212,1.0);
#4958=CARTESIAN_POINT('',(0.01,-0.00969271151176785,-0.01));
#4959=AXIS2_PLACEMENT_3D('',#6213,#6214,#6215);
#4960=CARTESIAN_POINT('',(0.01,0.0,-0.01));
#4961=VECTOR('',#6216,1.0);
#4962=CARTESIAN_POINT('',(-0.01,-0.01,-0.01));
#4963=CARTESIAN_POINT('',(-0.01,-0.00969271151176785,-0.01));
#4964=CARTESIAN_POINT('',(-0.01,0.0,-0.01));
#4965=VECTOR('',#6217,1.0);
#4966=CARTESIAN_POINT('',(-0.00969271151176785,-0.01,-0.01));
#4967=AXIS2_PLACEMENT_3D('',#6218,#6219,#6220);
#4968=CARTESIAN_POINT('',(0.0,-0.01,-0.01));
#4969=VECTOR('',#6221,1.0);
#4970=CARTESIAN_POINT('',(-0.01,0.00969271151176785,-0.01));
#4971=CARTESIAN_POINT('',(-0.01,0.01,-0.01));
#4972=CARTESIAN_POINT('',(-0.01,0.0,-0.01));
#4973=VECTOR('',#6222,1.0);
#4974=CARTESIAN_POINT('',(-0.00969271151176785,0.01,-0.01));
#4975=CARTESIAN_POINT('',(0.0,0.01,-0.01));
#4976=VECTOR('',#6223,1.0);
#4977=AXIS2_PLACEMENT_3D('',#6224,#6225,#6226);
#4978=CARTESIAN_POINT('',(0.01,0.00969271151176785,-0.01));
#4979=CARTESIAN_POINT('',(0.00969271151176785,0.01,-0.01));
#4980=AXIS2_PLACEMENT_3D('',#6227,#6228,#6229);
#4981=CARTESIAN_POINT('',(0.01,0.01,-0.01));
#4982=CARTESIAN_POINT('',(0.0,0.01,-0.01));
#4983=VECTOR('',#6230,1.0);
#4984=CARTESIAN_POINT('',(0.01,0.0,-0.01));
#4985=VECTOR('',#6231,1.0);
#4986=AXIS2_PLACEMENT_3D('',#6232,#6233,#6234);
#4987=CARTESIAN_POINT('',(0.01,0.01,0.0));
#4988=VECTOR('',#6235,1.0);
#4989=AXIS2_PLACEMENT_3D('',#6236,#6237,#6238);
#4990=CARTESIAN_POINT('',(0.00488557821308818,0.00457828972485603,-0.00488557821308818));
#4991=AXIS2_PLACEMENT_3D('',#6239,#6240,#6241);
#4992=AXIS2_PLACEMENT_3D('',#6242,#6243,#6244);
#4993=AXIS2_PLACEMENT_3D('',#6245,#6246,#6247);
#4994=CARTESIAN_POINT('',(-0.01,0.01,0.0));
#4995=VECTOR('',#6248,1.0);
#4996=AXIS2_PLACEMENT_3D('',#6249,#6250,#6251);
#4997=AXIS2_PLACEMENT_3D('',#6252,#6253,#6254);
#4998=AXIS2_PLACEMENT_3D('',#6255,#6256,#6257);
#4999=CARTESIAN_POINT('',(-0.00457828972485603,-0.00488557821308818,-0.00488557821308818));
#5000=AXIS2_PLACEMENT_3D('',#6258,#6259,#6260);
#5001=AXIS2_PLACEMENT_3D('',#6261,#6262,#6263);
#5002=AXIS2_PLACEMENT_3D('',#6264,#6265,#6266);
#5003=AXIS2_PLACEMENT_3D('',#6267,#6268,#6269);
#5004=CARTESIAN_POINT('',(-0.01,-0.01,0.0));
#5005=VECTOR('',#6270,1.0);
#5006=CARTESIAN_POINT('',(0.00457828972485603,-0.00488557821308818,-0.00488557821308818));
#5007=AXIS2_PLACEMENT_3D('',#6271,#6272,#6273);
#5008=AXIS2_PLACEMENT_3D('',#6274,#6275,#6276);
#5009=AXIS2_PLACEMENT_3D('',#6277,#6278,#6279);
#5010=AXIS2_PLACEMENT_3D('',#6280,#6281,#6282);
#5011=AXIS2_PLACEMENT_3D('',#6283,#6284,#6285);
#5012=CARTESIAN_POINT('',(0.01,-0.01,0.0));
#5013=VECTOR('',#6286,1.0);
#5014=AXIS2_PLACEMENT_3D('',#6287,#6288,#6289);
#5015=AXIS2_PLACEMENT_3D('',#6290,#6291,#6292);
#5016=AXIS2_PLACEMENT_3D('',#6293,#6294,#6295);
#5017=AXIS2_PLACEMENT_3D('',#6296,#6297,#6298);
#5018=CARTESIAN_POINT('',(-0.000231770145877733,-0.01,-0.00333589267441488));
#5019=AXIS2_PLACEMENT_3D('',#6299,#6300,#6301);
#5020=AXIS2_PLACEMENT_3D('',#6302,#6303,#6304);
#5021=AXIS2_PLACEMENT_3D('',#6305,#6306,#6307);
#5022=AXIS2_PLACEMENT_3D('',#6308,#6309,#6310);
#5023=AXIS2_PLACEMENT_3D('',#6311,#6312,#6313);
#5024=AXIS2_PLACEMENT_3D('',#6314,#6315,#6316);
#5025=AXIS2_PLACEMENT_3D('',#6317,#6318,#6319);
#5026=CARTESIAN_POINT('',(0.01,-0.000231770145877734,-0.00333589267441488));
#5027=AXIS2_PLACEMENT_3D('',#6320,#6321,#6322);
#5028=AXIS2_PLACEMENT_3D('',#6323,#6324,#6325);
#5029=CARTESIAN_POINT('',(0.00164718201942819,0.00164718201942819,-0.0098289556375719));
#5030=AXIS2_PLACEMENT_3D('',#6326,#6327,#6328);
#5031=AXIS2_PLACEMENT_3D('',#6329,#6330,#6331);
#5032=AXIS2_PLACEMENT_3D('',#6332,#6333,#6334);
#5033=AXIS2_PLACEMENT_3D('',#6335,#6336,#6337);
#5034=CARTESIAN_POINT('',(0.01,-0.01,0.01));
#5035=CARTESIAN_POINT('',(0.01,0.0,0.01));
#5036=VECTOR('',#6338,1.0);
#5037=CARTESIAN_POINT('',(0.0,-0.01,0.01));
#5038=VECTOR('',#6339,1.0);
#5039=CARTESIAN_POINT('',(0.01,0.01,0.01));
#5040=CARTESIAN_POINT('',(0.01,0.0,0.01));
#5041=VECTOR('',#6340,1.0);
#5042=CARTESIAN_POINT('',(0.0,0.01,0.01));
#5043=VECTOR('',#6341,1.0);
#5044=CARTESIAN_POINT('',(0.00182189771765692,-0.00206379097477019,0.01));
#5045=CARTESIAN_POINT('',(0.00193451396055214,-0.00197369800579267,0.01));
#5046=VECTOR('',#6342,1.0);
#5047=AXIS2_PLACEMENT_3D('',#6343,#6344,#6345);
#5048=CARTESIAN_POINT('',(0.00333589267441488,-0.000231770145877733,0.01));
#5049=CARTESIAN_POINT('',(0.00197369800579267,-0.00193451396055214,0.01));
#5050=VECTOR('',#6346,1.0);
#5051=AXIS2_PLACEMENT_3D('',#6347,#6348,#6349);
#5052=CARTESIAN_POINT('',(0.00206379097477019,0.00182189771765692,0.01));
#5053=CARTESIAN_POINT('',(0.00339592000579267,0.000156735960552138,0.01));
#5054=VECTOR('',#6350,1.0);
#5055=AXIS2_PLACEMENT_3D('',#6351,#6352,#6353);
#5056=CARTESIAN_POINT('',(0.00193451396055214,0.00197369800579267,0.01));
#5057=VECTOR('',#6354,1.0);
#5058=CARTESIAN_POINT('',(-0.000231770145877732,0.00333589267441488,0.01));
#5059=AXIS2_PLACEMENT_3D('',#6355,#6356,#6357);
#5060=CARTESIAN_POINT('',(-0.00193451396055214,0.00197369800579267,0.01));
#5061=VECTOR('',#6358,1.0);
#5062=CARTESIAN_POINT('',(-0.00206379097477019,0.00182189771765692,0.01));
#5063=AXIS2_PLACEMENT_3D('',#6359,#6360,#6361);
#5064=CARTESIAN_POINT('',(-0.00339592000579267,0.000156735960552138,0.01));
#5065=VECTOR('',#6362,1.0);
#5066=CARTESIAN_POINT('',(-0.00333589267441488,-0.000231770145877734,0.01));
#5067=AXIS2_PLACEMENT_3D('',#6363,#6364,#6365);
#5068=CARTESIAN_POINT('',(-0.00197369800579267,-0.00193451396055214,0.01));
#5069=VECTOR('',#6366,1.0);
#5070=CARTESIAN_POINT('',(-0.00182189771765692,-0.00206379097477019,0.01));
#5071=AXIS2_PLACEMENT_3D('',#6367,#6368,#6369);
#5072=CARTESIAN_POINT('',(-0.000231770145877733,-0.00333589267441488,0.01));
#5073=CARTESIAN_POINT('',(-0.00193451396055214,-0.00197369800579267,0.01));
#5074=VECTOR('',#6370,1.0);
#5075=AXIS2_PLACEMENT_3D('',#6371,#6372,#6373);
#5076=CARTESIAN_POINT('',(0.00159927312270422,0.00159927312270424,0.01));
#5077=CARTESIAN_POINT('',(0.0,0.00287869126103121,0.01));
#5078=CARTESIAN_POINT('',(0.00162104203944786,0.00158185799420733,0.01));
#5079=VECTOR('',#6374,1.0);
#5080=CARTESIAN_POINT('',(0.00287869126103121,5.77275615844536E-19,0.01));
#5081=CARTESIAN_POINT('',(0.00300407999420733,-0.000156735960552138,0.01));
#5082=VECTOR('',#6375,1.0);
#5083=CARTESIAN_POINT('',(0.00159927312270423,-0.00159927312270423,0.01));
#5084=CARTESIAN_POINT('',(0.00158185799420733,-0.00162104203944786,0.01));
#5085=VECTOR('',#6376,1.0);
#5086=CARTESIAN_POINT('',(2.43945488809238E-19,-0.00287869126103121,0.01));
#5087=CARTESIAN_POINT('',(0.00162104203944786,-0.00158185799420733,0.01));
#5088=VECTOR('',#6377,1.0);
#5089=CARTESIAN_POINT('',(-0.00159927312270423,-0.00159927312270423,0.01));
#5090=CARTESIAN_POINT('',(-0.00162104203944786,-0.00158185799420733,0.01));
#5091=VECTOR('',#6378,1.0);
#5092=CARTESIAN_POINT('',(-0.00287869126103121,4.05358917155039E-19,0.01));
#5093=CARTESIAN_POINT('',(-0.00158185799420733,-0.00162104203944786,0.01));
#5094=VECTOR('',#6379,1.0);
#5095=CARTESIAN_POINT('',(-0.00159927312270422,0.00159927312270424,0.01));
#5096=CARTESIAN_POINT('',(-0.00300407999420733,-0.000156735960552138,0.01));
#5097=VECTOR('',#6380,1.0);
#5098=CARTESIAN_POINT('',(-0.00162104203944786,0.00158185799420733,0.01));
#5099=VECTOR('',#6381,1.0);
#5100=CARTESIAN_POINT('',(-0.01,-0.01,0.01));
#5101=CARTESIAN_POINT('',(-0.01,0.0,0.01));
#5102=VECTOR('',#6382,1.0);
#5103=CARTESIAN_POINT('',(0.0,-0.01,0.01));
#5104=VECTOR('',#6383,1.0);
#5105=CARTESIAN_POINT('',(-0.01,0.01,0.01));
#5106=CARTESIAN_POINT('',(0.0,0.01,0.01));
#5107=VECTOR('',#6384,1.0);
#5108=CARTESIAN_POINT('',(-0.01,0.0,0.01));
#5109=VECTOR('',#6385,1.0);
#5110=CARTESIAN_POINT('',(0.01,-0.00182189771765692,-0.00206379097477019));
#5111=AXIS2_PLACEMENT_3D('',#6386,#6387,#6388);
#5112=AXIS2_PLACEMENT_3D('',#6389,#6390,#6391);
#5113=CARTESIAN_POINT('',(0.01,-0.00287869126103121,-8.59583493447489E-20));
#5114=CARTESIAN_POINT('',(0.01,-0.00159927312270423,-0.00159927312270423));
#5115=CARTESIAN_POINT('',(0.01,-0.00300407999420733,0.000156735960552138));
#5116=VECTOR('',#6392,1.0);
#5117=AXIS2_PLACEMENT_3D('',#6393,#6394,#6395);
#5118=CARTESIAN_POINT('',(0.01,-0.00333589267441488,-0.000231770145877734));
#5119=CARTESIAN_POINT('',(0.01,-0.00339592000579267,-0.000156735960552138));
#5120=VECTOR('',#6396,1.0);
#5121=AXIS2_PLACEMENT_3D('',#6397,#6398,#6399);
#5122=AXIS2_PLACEMENT_3D('',#6400,#6401,#6402);
#5123=CARTESIAN_POINT('',(0.00333589267441488,-0.01,-0.000231770145877733));
#5124=AXIS2_PLACEMENT_3D('',#6403,#6404,#6405);
#5125=AXIS2_PLACEMENT_3D('',#6406,#6407,#6408);
#5126=AXIS2_PLACEMENT_3D('',#6409,#6410,#6411);
#5127=CARTESIAN_POINT('',(0.01,0.00159927312270422,0.00159927312270424));
#5128=CARTESIAN_POINT('',(0.01,0.0,0.00287869126103121));
#5129=CARTESIAN_POINT('',(0.01,0.00162104203944786,0.00158185799420733));
#5130=VECTOR('',#6412,1.0);
#5131=AXIS2_PLACEMENT_3D('',#6413,#6414,#6415);
#5132=CARTESIAN_POINT('',(0.01,0.00193451396055214,0.00197369800579267));
#5133=VECTOR('',#6416,1.0);
#5134=CARTESIAN_POINT('',(0.00982895563757189,0.00164718201942819,0.00164718201942821));
#5135=AXIS2_PLACEMENT_3D('',#6417,#6418,#6419);
#5136=AXIS2_PLACEMENT_3D('',#6420,#6421,#6422);
#5137=CARTESIAN_POINT('',(0.01,-0.00159927312270422,0.00159927312270424));
#5138=CARTESIAN_POINT('',(0.01,-0.00300407999420733,-0.000156735960552138));
#5139=VECTOR('',#6423,1.0);
#5140=CARTESIAN_POINT('',(0.01,-0.00206379097477019,0.00182189771765692));
#5141=CARTESIAN_POINT('',(0.01,-0.00339592000579267,0.000156735960552138));
#5142=VECTOR('',#6424,1.0);
#5143=CARTESIAN_POINT('',(0.00982895563757189,-0.00164718201942819,0.00164718201942821));
#5144=AXIS2_PLACEMENT_3D('',#6425,#6426,#6427);
#5145=AXIS2_PLACEMENT_3D('',#6428,#6429,#6430);
#5146=AXIS2_PLACEMENT_3D('',#6431,#6432,#6433);
#5147=AXIS2_PLACEMENT_3D('',#6434,#6435,#6436);
#5148=CARTESIAN_POINT('',(0.00488557821308818,-0.00488557821308818,0.00457828972485603));
#5149=AXIS2_PLACEMENT_3D('',#6437,#6438,#6439);
#5150=AXIS2_PLACEMENT_3D('',#6440,#6441,#6442);
#5151=CARTESIAN_POINT('',(0.01,-0.00162104203944786,0.00158185799420733));
#5152=VECTOR('',#6443,1.0);
#5153=CARTESIAN_POINT('',(0.01,-0.000231770145877732,0.00333589267441488));
#5154=CARTESIAN_POINT('',(0.01,-0.00193451396055214,0.00197369800579267));
#5155=VECTOR('',#6444,1.0);
#5156=AXIS2_PLACEMENT_3D('',#6445,#6446,#6447);
#5157=CARTESIAN_POINT('',(-0.01,0.00193451396055214,0.00197369800579267));
#5158=VECTOR('',#6448,1.0);
#5159=CARTESIAN_POINT('',(-0.01,0.00206379097477019,0.00182189771765692));
#5160=AXIS2_PLACEMENT_3D('',#6449,#6450,#6451);
#5161=CARTESIAN_POINT('',(-0.01,0.00339592000579267,0.000156735960552138));
#5162=VECTOR('',#6452,1.0);
#5163=CARTESIAN_POINT('',(-0.01,0.00333589267441488,-0.000231770145877734));
#5164=AXIS2_PLACEMENT_3D('',#6453,#6454,#6455);
#5165=CARTESIAN_POINT('',(-0.01,0.00339592000579267,-0.000156735960552138));
#5166=VECTOR('',#6456,1.0);
#5167=CARTESIAN_POINT('',(-0.01,0.00182189771765692,-0.00206379097477019));
#5168=AXIS2_PLACEMENT_3D('',#6457,#6458,#6459);
#5169=CARTESIAN_POINT('',(-0.01,0.000156735960552138,-0.00339592000579267));
#5170=VECTOR('',#6460,1.0);
#5171=CARTESIAN_POINT('',(-0.01,-0.000231770145877734,-0.00333589267441488));
#5172=AXIS2_PLACEMENT_3D('',#6461,#6462,#6463);
#5173=CARTESIAN_POINT('',(-0.01,-0.00182189771765692,-0.00206379097477019));
#5174=CARTESIAN_POINT('',(-0.01,-0.00193451396055214,-0.00197369800579267));
#5175=VECTOR('',#6464,1.0);
#5176=AXIS2_PLACEMENT_3D('',#6465,#6466,#6467);
#5177=CARTESIAN_POINT('',(-0.01,-0.00333589267441488,-0.000231770145877733));
#5178=CARTESIAN_POINT('',(-0.01,-0.00197369800579267,-0.00193451396055214));
#5179=VECTOR('',#6468,1.0);
#5180=AXIS2_PLACEMENT_3D('',#6469,#6470,#6471);
#5181=CARTESIAN_POINT('',(-0.01,-0.00206379097477019,0.00182189771765692));
#5182=CARTESIAN_POINT('',(-0.01,-0.00197369800579267,0.00193451396055214));
#5183=VECTOR('',#6472,1.0);
#5184=AXIS2_PLACEMENT_3D('',#6473,#6474,#6475);
#5185=CARTESIAN_POINT('',(-0.01,-0.000231770145877732,0.00333589267441488));
#5186=CARTESIAN_POINT('',(-0.01,-0.00193451396055214,0.00197369800579267));
#5187=VECTOR('',#6476,1.0);
#5188=AXIS2_PLACEMENT_3D('',#6477,#6478,#6479);
#5189=CARTESIAN_POINT('',(-0.01,-0.00159927312270423,-0.00159927312270423));
#5190=CARTESIAN_POINT('',(-0.01,5.77275615844536E-19,-0.00287869126103121));
#5191=CARTESIAN_POINT('',(-0.01,-0.00162104203944786,-0.00158185799420733));
#5192=VECTOR('',#6480,1.0);
#5193=CARTESIAN_POINT('',(-0.01,0.00159927312270423,-0.00159927312270423));
#5194=CARTESIAN_POINT('',(-0.01,-0.000156735960552138,-0.00300407999420733));
#5195=VECTOR('',#6481,1.0);
#5196=CARTESIAN_POINT('',(-0.01,0.00287869126103121,-2.24618679038016E-20));
#5197=CARTESIAN_POINT('',(-0.01,0.00300407999420733,0.000156735960552138));
#5198=VECTOR('',#6482,1.0);
#5199=CARTESIAN_POINT('',(-0.01,0.00159927312270422,0.00159927312270424));
#5200=CARTESIAN_POINT('',(-0.01,0.00300407999420733,-0.000156735960552138));
#5201=VECTOR('',#6483,1.0);
#5202=CARTESIAN_POINT('',(-0.01,-2.43945488809238E-19,0.00287869126103121));
#5203=CARTESIAN_POINT('',(-0.01,0.00162104203944786,0.00158185799420733));
#5204=VECTOR('',#6484,1.0);
#5205=CARTESIAN_POINT('',(-0.01,-0.00159927312270423,0.00159927312270423));
#5206=CARTESIAN_POINT('',(-0.01,-0.00162104203944786,0.00158185799420733));
#5207=VECTOR('',#6485,1.0);
#5208=CARTESIAN_POINT('',(-0.01,-0.00287869126103121,0.0));
#5209=CARTESIAN_POINT('',(-0.01,-0.00158185799420733,0.00162104203944786));
#5210=VECTOR('',#6486,1.0);
#5211=CARTESIAN_POINT('',(-0.01,-0.00158185799420733,-0.00162104203944786));
#5212=VECTOR('',#6487,1.0);
#5213=CARTESIAN_POINT('',(-0.01,-0.01,0.00969271151176785));
#5214=CARTESIAN_POINT('',(-0.01,-0.01,0.0));
#5215=VECTOR('',#6488,1.0);
#5216=AXIS2_PLACEMENT_3D('',#6489,#6490,#6491);
#5217=CARTESIAN_POINT('',(-0.01,0.01,0.00969271151176785));
#5218=AXIS2_PLACEMENT_3D('',#6492,#6493,#6494);
#5219=AXIS2_PLACEMENT_3D('',#6495,#6496,#6497);
#5220=CARTESIAN_POINT('',(-0.00488557821308818,0.00488557821308818,0.00457828972485603));
#5221=AXIS2_PLACEMENT_3D('',#6498,#6499,#6500);
#5222=AXIS2_PLACEMENT_3D('',#6501,#6502,#6503);
#5223=CARTESIAN_POINT('',(-0.01,0.01,0.0));
#5224=VECTOR('',#6504,1.0);
#5225=AXIS2_PLACEMENT_3D('',#6505,#6506,#6507);
#5226=AXIS2_PLACEMENT_3D('',#6508,#6509,#6510);
#5227=AXIS2_PLACEMENT_3D('',#6511,#6512,#6513);
#5228=AXIS2_PLACEMENT_3D('',#6514,#6515,#6516);
#5229=AXIS2_PLACEMENT_3D('',#6517,#6518,#6519);
#5230=AXIS2_PLACEMENT_3D('',#6520,#6521,#6522);
#5231=AXIS2_PLACEMENT_3D('',#6523,#6524,#6525);
#5232=CARTESIAN_POINT('',(-0.00488557821308818,0.00457828972485603,-0.00488557821308818));
#5233=AXIS2_PLACEMENT_3D('',#6526,#6527,#6528);
#5234=AXIS2_PLACEMENT_3D('',#6529,#6530,#6531);
#5235=AXIS2_PLACEMENT_3D('',#6532,#6533,#6534);
#5236=AXIS2_PLACEMENT_3D('',#6535,#6536,#6537);
#5237=CARTESIAN_POINT('',(-0.00333589267441488,0.01,-0.000231770145877733));
#5238=AXIS2_PLACEMENT_3D('',#6538,#6539,#6540);
#5239=AXIS2_PLACEMENT_3D('',#6541,#6542,#6543);
#5240=CARTESIAN_POINT('',(-0.00982895563757189,0.00164718201942819,0.00164718201942821));
#5241=AXIS2_PLACEMENT_3D('',#6544,#6545,#6546);
#5242=AXIS2_PLACEMENT_3D('',#6547,#6548,#6549);
#5243=AXIS2_PLACEMENT_3D('',#6550,#6551,#6552);
#5244=CARTESIAN_POINT('',(-0.00456924416806246,0.00456924416806246,0.00456924416806245));
#5245=AXIS2_PLACEMENT_3D('',#6553,#6554,#6555);
#5246=AXIS2_PLACEMENT_3D('',#6556,#6557,#6558);
#5247=CARTESIAN_POINT('',(0.01,-0.01,0.00969271151176785));
#5248=AXIS2_PLACEMENT_3D('',#6559,#6560,#6561);
#5249=CARTESIAN_POINT('',(0.01,-0.01,0.0));
#5250=VECTOR('',#6562,1.0);
#5251=CARTESIAN_POINT('',(-0.000231770145877733,-0.01,0.00333589267441488));
#5252=CARTESIAN_POINT('',(-0.000156735960552138,-0.01,0.00339592000579267));
#5253=VECTOR('',#6563,1.0);
#5254=CARTESIAN_POINT('',(-0.00206379097477019,-0.01,0.00182189771765692));
#5255=AXIS2_PLACEMENT_3D('',#6564,#6565,#6566);
#5256=CARTESIAN_POINT('',(-0.00339592000579267,-0.01,0.000156735960552138));
#5257=VECTOR('',#6567,1.0);
#5258=CARTESIAN_POINT('',(-0.00333589267441488,-0.01,-0.000231770145877734));
#5259=AXIS2_PLACEMENT_3D('',#6568,#6569,#6570);
#5260=CARTESIAN_POINT('',(-0.00197369800579267,-0.01,-0.00193451396055214));
#5261=VECTOR('',#6571,1.0);
#5262=CARTESIAN_POINT('',(-0.00182189771765692,-0.01,-0.00206379097477019));
#5263=AXIS2_PLACEMENT_3D('',#6572,#6573,#6574);
#5264=CARTESIAN_POINT('',(-0.00193451396055214,-0.01,-0.00197369800579267));
#5265=VECTOR('',#6575,1.0);
#5266=CARTESIAN_POINT('',(0.00182189771765692,-0.01,-0.00206379097477019));
#5267=CARTESIAN_POINT('',(0.000156735960552138,-0.01,-0.00339592000579267));
#5268=VECTOR('',#6576,1.0);
#5269=AXIS2_PLACEMENT_3D('',#6577,#6578,#6579);
#5270=CARTESIAN_POINT('',(0.00197369800579267,-0.01,-0.00193451396055214));
#5271=VECTOR('',#6580,1.0);
#5272=CARTESIAN_POINT('',(0.00206379097477019,-0.01,0.00182189771765692));
#5273=CARTESIAN_POINT('',(0.00197369800579267,-0.01,0.00193451396055214));
#5274=VECTOR('',#6581,1.0);
#5275=AXIS2_PLACEMENT_3D('',#6582,#6583,#6584);
#5276=CARTESIAN_POINT('',(0.00193451396055214,-0.01,0.00197369800579267));
#5277=VECTOR('',#6585,1.0);
#5278=AXIS2_PLACEMENT_3D('',#6586,#6587,#6588);
#5279=CARTESIAN_POINT('',(0.00159927312270424,-0.01,-0.00159927312270422));
#5280=CARTESIAN_POINT('',(1.89735380184963E-19,-0.01,-0.00287869126103121));
#5281=CARTESIAN_POINT('',(-0.000156735960552138,-0.01,-0.00300407999420733));
#5282=VECTOR('',#6589,1.0);
#5283=CARTESIAN_POINT('',(-0.00159927312270423,-0.01,-0.00159927312270423));
#5284=CARTESIAN_POINT('',(-0.00162104203944786,-0.01,-0.00158185799420733));
#5285=VECTOR('',#6590,1.0);
#5286=CARTESIAN_POINT('',(-0.00287869126103121,-0.01,5.77275615844536E-19));
#5287=CARTESIAN_POINT('',(-0.00158185799420733,-0.01,-0.00162104203944786));
#5288=VECTOR('',#6591,1.0);
#5289=CARTESIAN_POINT('',(-0.00159927312270423,-0.01,0.00159927312270423));
#5290=CARTESIAN_POINT('',(-0.00300407999420733,-0.01,-0.000156735960552138));
#5291=VECTOR('',#6592,1.0);
#5292=CARTESIAN_POINT('',(-1.89735380184963E-19,-0.01,0.00287869126103121));
#5293=CARTESIAN_POINT('',(0.000156735960552138,-0.01,0.00300407999420733));
#5294=VECTOR('',#6593,1.0);
#5295=CARTESIAN_POINT('',(0.00159927312270423,-0.01,0.00159927312270423));
#5296=CARTESIAN_POINT('',(0.00162104203944786,-0.01,0.00158185799420733));
#5297=VECTOR('',#6594,1.0);
#5298=CARTESIAN_POINT('',(0.00287869126103121,-0.01,0.0));
#5299=CARTESIAN_POINT('',(0.00158185799420733,-0.01,0.00162104203944786));
#5300=VECTOR('',#6595,1.0);
#5301=CARTESIAN_POINT('',(0.00158185799420733,-0.01,-0.00162104203944786));
#5302=VECTOR('',#6596,1.0);
#5303=AXIS2_PLACEMENT_3D('',#6597,#6598,#6599);
#5304=AXIS2_PLACEMENT_3D('',#6600,#6601,#6602);
#5305=AXIS2_PLACEMENT_3D('',#6603,#6604,#6605);
#5306=AXIS2_PLACEMENT_3D('',#6606,#6607,#6608);
#5307=AXIS2_PLACEMENT_3D('',#6609,#6610,#6611);
#5308=AXIS2_PLACEMENT_3D('',#6612,#6613,#6614);
#5309=AXIS2_PLACEMENT_3D('',#6615,#6616,#6617);
#5310=AXIS2_PLACEMENT_3D('',#6618,#6619,#6620);
#5311=AXIS2_PLACEMENT_3D('',#6621,#6622,#6623);
#5312=CARTESIAN_POINT('',(-0.00164718201942819,-0.0098289556375719,0.00164718201942819));
#5313=AXIS2_PLACEMENT_3D('',#6624,#6625,#6626);
#5314=AXIS2_PLACEMENT_3D('',#6627,#6628,#6629);
#5315=AXIS2_PLACEMENT_3D('',#6630,#6631,#6632);
#5316=CARTESIAN_POINT('',(-0.00488557821308818,-0.00488557821308818,0.00457828972485603));
#5317=AXIS2_PLACEMENT_3D('',#6633,#6634,#6635);
#5318=AXIS2_PLACEMENT_3D('',#6636,#6637,#6638);
#5319=AXIS2_PLACEMENT_3D('',#6639,#6640,#6641);
#5320=AXIS2_PLACEMENT_3D('',#6642,#6643,#6644);
#5321=CARTESIAN_POINT('',(-0.00197369800579267,0.01,-0.00193451396055214));
#5322=VECTOR('',#6645,1.0);
#5323=CARTESIAN_POINT('',(-0.00206379097477019,0.01,0.00182189771765692));
#5324=CARTESIAN_POINT('',(-0.00339592000579267,0.01,0.000156735960552138));
#5325=VECTOR('',#6646,1.0);
#5326=AXIS2_PLACEMENT_3D('',#6647,#6648,#6649);
#5327=CARTESIAN_POINT('',(-0.000231770145877733,0.01,0.00333589267441488));
#5328=CARTESIAN_POINT('',(-0.000156735960552138,0.01,0.00339592000579267));
#5329=VECTOR('',#6650,1.0);
#5330=AXIS2_PLACEMENT_3D('',#6651,#6652,#6653);
#5331=CARTESIAN_POINT('',(0.000156735960552138,0.01,0.00339592000579267));
#5332=VECTOR('',#6654,1.0);
#5333=CARTESIAN_POINT('',(0.00206379097477019,0.01,0.00182189771765692));
#5334=AXIS2_PLACEMENT_3D('',#6655,#6656,#6657);
#5335=CARTESIAN_POINT('',(0.00197369800579267,0.01,0.00193451396055214));
#5336=VECTOR('',#6658,1.0);
#5337=CARTESIAN_POINT('',(0.00333589267441488,0.01,-0.000231770145877732));
#5338=AXIS2_PLACEMENT_3D('',#6659,#6660,#6661);
#5339=CARTESIAN_POINT('',(0.00197369800579267,0.01,-0.00193451396055214));
#5340=VECTOR('',#6662,1.0);
#5341=CARTESIAN_POINT('',(0.00182189771765692,0.01,-0.00206379097477019));
#5342=AXIS2_PLACEMENT_3D('',#6663,#6664,#6665);
#5343=CARTESIAN_POINT('',(0.000156735960552138,0.01,-0.00339592000579267));
#5344=VECTOR('',#6666,1.0);
#5345=CARTESIAN_POINT('',(-0.000231770145877732,0.01,-0.00333589267441488));
#5346=AXIS2_PLACEMENT_3D('',#6667,#6668,#6669);
#5347=CARTESIAN_POINT('',(-0.00182189771765692,0.01,-0.00206379097477019));
#5348=CARTESIAN_POINT('',(-0.00193451396055214,0.01,-0.00197369800579267));
#5349=VECTOR('',#6670,1.0);
#5350=AXIS2_PLACEMENT_3D('',#6671,#6672,#6673);
#5351=CARTESIAN_POINT('',(0.00159927312270423,0.01,0.00159927312270423));
#5352=CARTESIAN_POINT('',(0.00287869126103121,0.01,0.0));
#5353=CARTESIAN_POINT('',(0.00158185799420733,0.01,0.00162104203944786));
#5354=VECTOR('',#6674,1.0);
#5355=CARTESIAN_POINT('',(-2.24618679038016E-20,0.01,0.00287869126103121));
#5356=CARTESIAN_POINT('',(-0.000156735960552138,0.01,0.00300407999420733));
#5357=VECTOR('',#6675,1.0);
#5358=CARTESIAN_POINT('',(-0.00159927312270423,0.01,0.00159927312270423));
#5359=CARTESIAN_POINT('',(0.000156735960552138,0.01,0.00300407999420733));
#5360=VECTOR('',#6676,1.0);
#5361=CARTESIAN_POINT('',(-0.00287869126103121,0.01,5.77275615844536E-19));
#5362=CARTESIAN_POINT('',(-0.00300407999420733,0.01,-0.000156735960552138));
#5363=VECTOR('',#6677,1.0);
#5364=CARTESIAN_POINT('',(-0.00159927312270423,0.01,-0.00159927312270423));
#5365=CARTESIAN_POINT('',(-0.00158185799420733,0.01,-0.00162104203944786));
#5366=VECTOR('',#6678,1.0);
#5367=CARTESIAN_POINT('',(4.05358917155039E-19,0.01,-0.00287869126103121));
#5368=CARTESIAN_POINT('',(-0.00162104203944786,0.01,-0.00158185799420733));
#5369=VECTOR('',#6679,1.0);
#5370=CARTESIAN_POINT('',(0.00159927312270424,0.01,-0.00159927312270422));
#5371=CARTESIAN_POINT('',(-0.000156735960552138,0.01,-0.00300407999420733));
#5372=VECTOR('',#6680,1.0);
#5373=CARTESIAN_POINT('',(0.00158185799420733,0.01,-0.00162104203944786));
#5374=VECTOR('',#6681,1.0);
#5375=AXIS2_PLACEMENT_3D('',#6682,#6683,#6684);
#5376=CARTESIAN_POINT('',(-0.00164718201942819,0.00164718201942819,-0.0098289556375719));
#5377=AXIS2_PLACEMENT_3D('',#6685,#6686,#6687);
#5378=AXIS2_PLACEMENT_3D('',#6688,#6689,#6690);
#5379=AXIS2_PLACEMENT_3D('',#6691,#6692,#6693);
#5380=AXIS2_PLACEMENT_3D('',#6694,#6695,#6696);
#5381=AXIS2_PLACEMENT_3D('',#6697,#6698,#6699);
#5382=AXIS2_PLACEMENT_3D('',#6700,#6701,#6702);
#5383=AXIS2_PLACEMENT_3D('',#6703,#6704,#6705);
#5384=AXIS2_PLACEMENT_3D('',#6706,#6707,#6708);
#5385=CARTESIAN_POINT('',(0.01,0.00182189771765692,-0.00206379097477019));
#5386=AXIS2_PLACEMENT_3D('',#6709,#6710,#6711);
#5387=AXIS2_PLACEMENT_3D('',#6712,#6713,#6714);
#5388=CARTESIAN_POINT('',(0.01,-2.24618679038016E-20,-0.00287869126103121));
#5389=CARTESIAN_POINT('',(0.01,0.000156735960552138,-0.00300407999420733));
#5390=VECTOR('',#6715,1.0);
#5391=AXIS2_PLACEMENT_3D('',#6716,#6717,#6718);
#5392=CARTESIAN_POINT('',(0.01,-0.000156735960552138,-0.00339592000579267));
#5393=VECTOR('',#6719,1.0);
#5394=AXIS2_PLACEMENT_3D('',#6720,#6721,#6722);
#5395=AXIS2_PLACEMENT_3D('',#6723,#6724,#6725);
#5396=AXIS2_PLACEMENT_3D('',#6726,#6727,#6728);
#5397=AXIS2_PLACEMENT_3D('',#6729,#6730,#6731);
#5398=AXIS2_PLACEMENT_3D('',#6732,#6733,#6734);
#5399=CARTESIAN_POINT('',(0.01,0.00159927312270423,-0.00159927312270423));
#5400=CARTESIAN_POINT('',(0.01,-0.000156735960552138,-0.00300407999420733));
#5401=VECTOR('',#6735,1.0);
#5402=AXIS2_PLACEMENT_3D('',#6736,#6737,#6738);
#5403=CARTESIAN_POINT('',(0.01,0.000156735960552138,-0.00339592000579267));
#5404=VECTOR('',#6739,1.0);
#5405=AXIS2_PLACEMENT_3D('',#6740,#6741,#6742);
#5406=AXIS2_PLACEMENT_3D('',#6743,#6744,#6745);
#5407=AXIS2_PLACEMENT_3D('',#6746,#6747,#6748);
#5408=CARTESIAN_POINT('',(0.00164718201942819,-0.0098289556375719,0.00164718201942819));
#5409=AXIS2_PLACEMENT_3D('',#6749,#6750,#6751);
#5410=AXIS2_PLACEMENT_3D('',#6752,#6753,#6754);
#5411=AXIS2_PLACEMENT_3D('',#6755,#6756,#6757);
#5412=CARTESIAN_POINT('',(-0.0098289556375719,-0.00164718201942819,0.00164718201942819));
#5413=AXIS2_PLACEMENT_3D('',#6758,#6759,#6760);
#5414=AXIS2_PLACEMENT_3D('',#6761,#6762,#6763);
#5415=CARTESIAN_POINT('',(0.01,0.00333589267441488,-0.000231770145877734));
#5416=AXIS2_PLACEMENT_3D('',#6764,#6765,#6766);
#5417=AXIS2_PLACEMENT_3D('',#6767,#6768,#6769);
#5418=CARTESIAN_POINT('',(0.01,0.00287869126103121,-2.24618679038016E-20));
#5419=CARTESIAN_POINT('',(0.01,0.00300407999420733,0.000156735960552138));
#5420=VECTOR('',#6770,1.0);
#5421=AXIS2_PLACEMENT_3D('',#6771,#6772,#6773);
#5422=CARTESIAN_POINT('',(0.01,0.00339592000579267,-0.000156735960552138));
#5423=VECTOR('',#6774,1.0);
#5424=CARTESIAN_POINT('',(0.01,0.00300407999420733,-0.000156735960552138));
#5425=VECTOR('',#6775,1.0);
#5426=CARTESIAN_POINT('',(0.01,0.00206379097477019,0.00182189771765692));
#5427=AXIS2_PLACEMENT_3D('',#6776,#6777,#6778);
#5428=CARTESIAN_POINT('',(0.01,0.00339592000579267,0.000156735960552138));
#5429=VECTOR('',#6779,1.0);
#5430=AXIS2_PLACEMENT_3D('',#6780,#6781,#6782);
#5431=AXIS2_PLACEMENT_3D('',#6783,#6784,#6785);
#5432=AXIS2_PLACEMENT_3D('',#6786,#6787,#6788);
#5433=AXIS2_PLACEMENT_3D('',#6789,#6790,#6791);
#5434=AXIS2_PLACEMENT_3D('',#6792,#6793,#6794);
#5435=CARTESIAN_POINT('',(0.00164718201942819,0.0098289556375719,0.00164718201942819));
#5436=AXIS2_PLACEMENT_3D('',#6795,#6796,#6797);
#5437=AXIS2_PLACEMENT_3D('',#6798,#6799,#6800);
#5438=AXIS2_PLACEMENT_3D('',#6801,#6802,#6803);
#5439=AXIS2_PLACEMENT_3D('',#6804,#6805,#6806);
#5440=AXIS2_PLACEMENT_3D('',#6807,#6808,#6809);
#5441=CARTESIAN_POINT('',(0.00456924416806246,0.00456924416806246,0.00456924416806246));
#5442=AXIS2_PLACEMENT_3D('',#6810,#6811,#6812);
#5443=CARTESIAN_POINT('',(0.00488557821308819,0.00488557821308818,0.00457828972485603));
#5444=AXIS2_PLACEMENT_3D('',#6813,#6814,#6815);
#5445=AXIS2_PLACEMENT_3D('',#6816,#6817,#6818);
#5446=AXIS2_PLACEMENT_3D('',#6819,#6820,#6821);
#5447=AXIS2_PLACEMENT_3D('',#6822,#6823,#6824);
#5448=AXIS2_PLACEMENT_3D('',#6825,#6826,#6827);
#5449=AXIS2_PLACEMENT_3D('',#6828,#6829,#6830);
#5450=AXIS2_PLACEMENT_3D('',#6831,#6832,#6833);
#5451=CARTESIAN_POINT('',(-0.00164718201942819,0.00164718201942819,0.0098289556375719));
#5452=AXIS2_PLACEMENT_3D('',#6834,#6835,#6836);
#5453=AXIS2_PLACEMENT_3D('',#6837,#6838,#6839);
#5454=AXIS2_PLACEMENT_3D('',#6840,#6841,#6842);
#5455=AXIS2_PLACEMENT_3D('',#6843,#6844,#6845);
#5456=AXIS2_PLACEMENT_3D('',#6846,#6847,#6848);
#5457=AXIS2_PLACEMENT_3D('',#6849,#6850,#6851);
#5458=CARTESIAN_POINT('',(0.00164718201942819,0.00164718201942819,0.0098289556375719));
#5459=AXIS2_PLACEMENT_3D('',#6852,#6853,#6854);
#5460=AXIS2_PLACEMENT_3D('',#6855,#6856,#6857);
#5461=AXIS2_PLACEMENT_3D('',#6858,#6859,#6860);
#5462=CARTESIAN_POINT('',(-0.00164718201942819,0.0098289556375719,0.00164718201942819));
#5463=AXIS2_PLACEMENT_3D('',#6861,#6862,#6863);
#5464=AXIS2_PLACEMENT_3D('',#6864,#6865,#6866);
#5465=AXIS2_PLACEMENT_3D('',#6867,#6868,#6869);
#5466=AXIS2_PLACEMENT_3D('',#6870,#6871,#6872);
#5467=AXIS2_PLACEMENT_3D('',#6873,#6874,#6875);
#5468=AXIS2_PLACEMENT_3D('',#6876,#6877,#6878);
#5469=AXIS2_PLACEMENT_3D('',#6879,#6880,#6881);
#5470=AXIS2_PLACEMENT_3D('',#6882,#6883,#6884);
#5471=CARTESIAN_POINT('',(0.01,0.01,0.00969271151176785));
#5472=AXIS2_PLACEMENT_3D('',#6885,#6886,#6887);
#5473=AXIS2_PLACEMENT_3D('',#6888,#6889,#6890);
#5474=AXIS2_PLACEMENT_3D('',#6891,#6892,#6893);
#5475=CARTESIAN_POINT('',(0.01,0.01,0.0));
#5476=VECTOR('',#6894,1.0);
#5477=AXIS2_PLACEMENT_3D('',#6895,#6896,#6897);
#5478=AXIS2_PLACEMENT_3D('',#6898,#6899,#6900);
#5479=AXIS2_PLACEMENT_3D('',#6901,#6902,#6903);
#5480=AXIS2_PLACEMENT_3D('',#6904,#6905,#6906);
#5481=AXIS2_PLACEMENT_3D('',#6907,#6908,#6909);
#5482=AXIS2_PLACEMENT_3D('',#6910,#6911,#6912);
#5483=AXIS2_PLACEMENT_3D('',#6913,#6914,#6915);
#5484=DIRECTION('',(0.577350269189626,-0.577350269189626,0.577350269189626));
#5485=CARTESIAN_POINT('',(0.004714286,-0.004714286,0.004714286));
#5486=DIRECTION('',(0.144181781320518,0.699718376897178,-0.699718376897178));
#5487=DIRECTION('',(0.989551218449678,-0.101951915295294,0.101951915295294));
#5488=CARTESIAN_POINT('',(0.004714286,-0.004714286,0.004714286));
#5489=DIRECTION('',(0.699718376897177,-0.699718376897177,-0.144181781320522));
#5490=DIRECTION('',(-0.101951915295297,0.101951915295297,-0.989551218449678));
#5491=CARTESIAN_POINT('',(0.004714286,-0.004714286,0.004714286));
#5492=DIRECTION('',(0.699718376897177,-0.699718376897177,-0.144181781320522));
#5493=DIRECTION('',(-0.101951915295297,0.101951915295297,-0.989551218449678));
#5494=CARTESIAN_POINT('',(0.004714286,-0.004714286,0.004714286));
#5495=DIRECTION('',(-0.699718376897179,-0.144181781320511,-0.699718376897179));
#5496=DIRECTION('',(-0.101951915295289,0.989551218449679,-0.101951915295289));
#5497=DIRECTION('',(-0.577350269189626,0.577350269189626,-0.577350269189626));
#5498=CARTESIAN_POINT('',(0.01,-0.01,0.01));
#5499=DIRECTION('',(0.0,-1.0,0.0));
#5500=DIRECTION('',(0.707106781186547,0.0,0.707106781186547));
#5501=CARTESIAN_POINT('',(0.01,-0.01,0.01));
#5502=DIRECTION('',(-0.0,0.0,-1.0));
#5503=DIRECTION('',(-0.707106781186547,0.707106781186547,0.0));
#5504=CARTESIAN_POINT('',(0.01,-0.01,0.01));
#5505=DIRECTION('',(-1.0,0.0,-0.0));
#5506=DIRECTION('',(0.0,0.707106781186547,-0.707106781186547));
#5507=DIRECTION('',(0.0,-0.707106781186548,0.707106781186548));
#5508=CARTESIAN_POINT('',(0.0,0.01,0.0032));
#5509=DIRECTION('',(0.459855892933847,0.416417176151491,-0.784301787031008));
#5510=DIRECTION('',(0.738991487512232,-0.669185179875686,0.0779921561389613));
#5511=CARTESIAN_POINT('',(0.0,0.01,0.0032));
#5512=DIRECTION('',(0.0,-1.0,0.0));
#5513=DIRECTION('',(0.0,0.0,-1.0));
#5514=DIRECTION('',(-0.0,0.707106781186548,-0.707106781186548));
#5515=CARTESIAN_POINT('',(0.0,0.0032,0.01));
#5516=DIRECTION('',(-0.0,-0.0,-1.0));
#5517=DIRECTION('',(0.0,-1.0,0.0));
#5518=CARTESIAN_POINT('',(-6.50521303491303E-19,0.0032,0.01));
#5519=DIRECTION('',(-0.45985589293385,0.784301787031008,-0.416417176151486));
#5520=DIRECTION('',(-0.738991487512233,-0.0779921561389695,0.669185179875684));
#5521=DIRECTION('',(-0.436852048771625,-0.436852048771625,0.786333628282593));
#5522=CARTESIAN_POINT('',(0.004714286,0.004714286,0.004714286));
#5523=DIRECTION('',(-0.699718376897178,-0.699718376897178,0.144181781320521));
#5524=DIRECTION('',(0.101951915295296,0.101951915295296,0.989551218449678));
#5525=CARTESIAN_POINT('',(0.004714286,0.004714286,0.004714286));
#5526=DIRECTION('',(4.54607299504603E-17,0.707106781186548,-0.707106781186548));
#5527=DIRECTION('',(0.870388315706063,-0.348155267001924,-0.348155267001924));
#5528=DIRECTION('',(0.436852048771625,0.436852048771625,-0.786333628282593));
#5529=CARTESIAN_POINT('',(0.001777778,0.001777778,0.01));
#5530=DIRECTION('',(0.833108234045392,-0.128513400810812,-0.537973025511325));
#5531=DIRECTION('',(0.252005004292884,-0.777622248406731,0.576018330085254));
#5532=CARTESIAN_POINT('',(0.001777778,0.001777778,0.01));
#5533=DIRECTION('',(0.0,0.0,-1.0));
#5534=DIRECTION('',(0.707106781186548,0.707106781186547,0.0));
#5535=DIRECTION('',(0.707106781186548,0.0,-0.707106781186548));
#5536=CARTESIAN_POINT('',(0.0032,-3.89975628814174E-20,0.01));
#5537=DIRECTION('',(0.784301787031008,-0.459855892933848,-0.41641717615149));
#5538=DIRECTION('',(-0.0779921561389642,-0.738991487512233,0.669185179875684));
#5539=CARTESIAN_POINT('',(0.0032,0.0,0.01));
#5540=DIRECTION('',(-0.0,0.0,-1.0));
#5541=DIRECTION('',(-1.0,0.0,0.0));
#5542=DIRECTION('',(-0.707106781186548,-0.0,0.707106781186548));
#5543=CARTESIAN_POINT('',(0.01,0.0,0.0032));
#5544=DIRECTION('',(-1.0,-0.0,-0.0));
#5545=DIRECTION('',(0.0,0.0,-1.0));
#5546=CARTESIAN_POINT('',(0.01,0.0,0.0032));
#5547=DIRECTION('',(0.416417176151488,0.459855892933851,-0.784301787031007));
#5548=DIRECTION('',(-0.669185179875688,0.73899148751223,0.0779921561389651));
#5549=DIRECTION('',(0.436852048771625,-0.436852048771625,-0.786333628282593));
#5550=CARTESIAN_POINT('',(0.001777778,-0.001777778,0.01));
#5551=DIRECTION('',(0.833108234045393,0.128513400810814,-0.537973025511323));
#5552=DIRECTION('',(-0.252005004292881,-0.77762224840673,-0.576018330085255));
#5553=CARTESIAN_POINT('',(0.001777778,-0.001777778,0.01));
#5554=DIRECTION('',(-0.128513400810814,-0.833108234045392,-0.537973025511323));
#5555=DIRECTION('',(-0.77762224840673,-0.252005004292882,0.576018330085255));
#5556=CARTESIAN_POINT('',(0.001777778,-0.001777778,0.01));
#5557=DIRECTION('',(-0.0,0.0,-1.0));
#5558=DIRECTION('',(-0.707106781186547,0.707106781186548,0.0));
#5559=DIRECTION('',(-0.436852048771625,0.436852048771625,0.786333628282593));
#5560=CARTESIAN_POINT('',(0.004714286,-0.004714286,0.004714286));
#5561=DIRECTION('',(0.707106781186547,-1.90935065791934E-15,-0.707106781186548));
#5562=DIRECTION('',(-0.348155267001926,-0.870388315706063,-0.348155267001923));
#5563=CARTESIAN_POINT('',(0.004714286,-0.004714286,0.004714286));
#5564=DIRECTION('',(0.707106781186547,-1.90935065791934E-15,-0.707106781186548));
#5565=DIRECTION('',(-0.348155267001926,-0.870388315706063,-0.348155267001923));
#5566=CARTESIAN_POINT('',(0.004714286,-0.004714286,0.004714286));
#5567=DIRECTION('',(-3.13679036658176E-15,-0.70710678118655,-0.707106781186545));
#5568=DIRECTION('',(-0.870388315706062,-0.348155267001923,0.348155267001929));
#5569=DIRECTION('',(-0.577350269189626,-0.577350269189626,-0.577350269189626));
#5570=CARTESIAN_POINT('',(0.01,0.01,0.01));
#5571=DIRECTION('',(-1.0,-0.0,0.0));
#5572=DIRECTION('',(0.0,-0.707106781186547,-0.707106781186547));
#5573=CARTESIAN_POINT('',(0.01,0.01,0.01));
#5574=DIRECTION('',(-0.0,0.0,-1.0));
#5575=DIRECTION('',(-0.707106781186547,-0.707106781186547,0.0));
#5576=CARTESIAN_POINT('',(0.01,0.01,0.01));
#5577=DIRECTION('',(0.0,-1.0,0.0));
#5578=DIRECTION('',(0.707106781186547,0.0,0.707106781186547));
#5579=DIRECTION('',(0.577350269189626,0.577350269189626,0.577350269189626));
#5580=CARTESIAN_POINT('',(0.004714286,0.004714286,0.004714286));
#5581=DIRECTION('',(-0.699718376897178,0.144181781320521,-0.699718376897178));
#5582=DIRECTION('',(-0.101951915295296,-0.989551218449678,-0.101951915295296));
#5583=CARTESIAN_POINT('',(0.004714286,0.004714286,0.004714286));
#5584=DIRECTION('',(-0.699718376897178,-0.699718376897178,0.144181781320521));
#5585=DIRECTION('',(0.101951915295296,0.101951915295296,0.989551218449678));
#5586=CARTESIAN_POINT('',(0.004714286,0.004714286,0.004714286));
#5587=DIRECTION('',(0.144181781320518,-0.699718376897178,-0.699718376897178));
#5588=DIRECTION('',(0.989551218449678,0.101951915295294,0.101951915295294));
#5589=DIRECTION('',(0.577350269189626,-0.577350269189626,0.577350269189626));
#5590=CARTESIAN_POINT('',(-0.01,0.01,-0.01));
#5591=DIRECTION('',(0.0,-1.0,0.0));
#5592=DIRECTION('',(0.707106781186547,0.0,0.707106781186547));
#5593=CARTESIAN_POINT('',(-0.01,0.01,-0.01));
#5594=DIRECTION('',(-1.0,0.0,-0.0));
#5595=DIRECTION('',(0.0,0.707106781186547,-0.707106781186547));
#5596=DIRECTION('',(-0.577350269189626,0.577350269189626,-0.577350269189626));
#5597=CARTESIAN_POINT('',(-0.004714286,0.004714286,-0.004714286));
#5598=DIRECTION('',(0.14418178132051,0.699718376897179,-0.699718376897179));
#5599=DIRECTION('',(-0.989551218449679,0.101951915295289,-0.101951915295289));
#5600=CARTESIAN_POINT('',(-0.004714286,0.004714286,-0.004714286));
#5601=DIRECTION('',(0.14418178132051,0.699718376897179,-0.699718376897179));
#5602=DIRECTION('',(-0.989551218449679,0.101951915295289,-0.101951915295289));
#5603=CARTESIAN_POINT('',(-0.004714286,0.004714286,-0.004714286));
#5604=DIRECTION('',(-0.699718376897179,-0.144181781320507,-0.699718376897179));
#5605=DIRECTION('',(0.101951915295287,-0.98955121844968,0.101951915295287));
#5606=CARTESIAN_POINT('',(-0.004714286,0.004714286,-0.004714286));
#5607=DIRECTION('',(-0.699718376897179,-0.144181781320507,-0.699718376897179));
#5608=DIRECTION('',(0.101951915295287,-0.98955121844968,0.101951915295287));
#5609=DIRECTION('',(0.436852048771625,-0.786333628282593,0.436852048771625));
#5610=CARTESIAN_POINT('',(0.001777778,0.01,0.001777778));
#5611=DIRECTION('',(0.0,-1.0,0.0));
#5612=DIRECTION('',(0.707106781186548,0.0,0.707106781186547));
#5613=CARTESIAN_POINT('',(0.001777778,0.01,0.001777778));
#5614=DIRECTION('',(-0.833108234045391,0.537973025511326,0.128513400810811));
#5615=DIRECTION('',(0.252005004292884,0.576018330085251,-0.777622248406733));
#5616=DIRECTION('',(-0.436852048771625,0.786333628282593,-0.436852048771625));
#5617=CARTESIAN_POINT('',(0.004714286,0.004714286,0.004714286));
#5618=DIRECTION('',(-0.699718376897178,0.144181781320521,-0.699718376897178));
#5619=DIRECTION('',(-0.101951915295296,-0.989551218449678,-0.101951915295296));
#5620=DIRECTION('',(0.436852048771625,0.786333628282593,-0.436852048771625));
#5621=CARTESIAN_POINT('',(-0.004714286,0.004714286,0.004714286));
#5622=DIRECTION('',(0.699718376897178,0.144181781320518,-0.699718376897178));
#5623=DIRECTION('',(0.101951915295294,-0.989551218449678,-0.101951915295294));
#5624=CARTESIAN_POINT('',(-0.004714286,0.004714286,0.004714286));
#5625=DIRECTION('',(0.699718376897178,0.144181781320518,-0.699718376897178));
#5626=DIRECTION('',(0.101951915295294,-0.989551218449678,-0.101951915295294));
#5627=CARTESIAN_POINT('',(-0.004714286,0.004714286,0.004714286));
#5628=DIRECTION('',(-4.54607299504603E-17,0.707106781186548,-0.707106781186548));
#5629=DIRECTION('',(0.870388315706063,0.348155267001924,0.348155267001924));
#5630=DIRECTION('',(-0.436852048771625,-0.786333628282593,0.436852048771625));
#5631=CARTESIAN_POINT('',(-0.001777778,0.01,0.001777778));
#5632=DIRECTION('',(0.833108234045393,0.537973025511322,0.128513400810817));
#5633=DIRECTION('',(-0.252005004292877,0.576018330085254,-0.777622248406733));
#5634=CARTESIAN_POINT('',(-0.001777778,0.01,0.001777778));
#5635=DIRECTION('',(-0.0,-1.0,0.0));
#5636=DIRECTION('',(-0.707106781186548,0.0,0.707106781186547));
#5637=DIRECTION('',(0.436852048771625,-0.436852048771625,0.786333628282593));
#5638=CARTESIAN_POINT('',(-0.004714286,0.004714286,0.004714286));
#5639=DIRECTION('',(0.699718376897178,-0.699718376897178,0.144181781320518));
#5640=DIRECTION('',(-0.101951915295294,0.101951915295294,0.989551218449678));
#5641=DIRECTION('',(-0.436852048771625,0.436852048771625,-0.786333628282593));
#5642=CARTESIAN_POINT('',(-0.001777778,0.001777778,0.01));
#5643=DIRECTION('',(0.0,-0.0,-1.0));
#5644=DIRECTION('',(0.707106781186548,-0.707106781186547,0.0));
#5645=CARTESIAN_POINT('',(-0.001777778,0.001777778,0.01));
#5646=DIRECTION('',(-0.833108234045392,-0.128513400810812,-0.537973025511325));
#5647=DIRECTION('',(0.252005004292884,0.777622248406731,-0.576018330085254));
#5648=DIRECTION('',(-0.707106781186548,0.0,-0.707106781186548));
#5649=CARTESIAN_POINT('',(-0.0032,0.0,0.01));
#5650=DIRECTION('',(-0.0,0.0,-1.0));
#5651=DIRECTION('',(-1.0,0.0,0.0));
#5652=CARTESIAN_POINT('',(-0.0032,3.89975628814174E-20,0.01));
#5653=DIRECTION('',(-0.784301787031008,-0.459855892933847,-0.416417176151491));
#5654=DIRECTION('',(-0.0779921561389638,0.738991487512234,-0.669185179875684));
#5655=DIRECTION('',(0.707106781186548,-0.0,0.707106781186548));
#5656=CARTESIAN_POINT('',(-0.01,0.0,0.0032));
#5657=DIRECTION('',(-0.416417176151489,0.459855892933852,-0.784301787031006));
#5658=DIRECTION('',(-0.669185179875686,-0.738991487512231,-0.0779921561389673));
#5659=CARTESIAN_POINT('',(-0.01,0.0,0.0032));
#5660=DIRECTION('',(-1.0,0.0,0.0));
#5661=DIRECTION('',(0.0,0.0,1.0));
#5662=DIRECTION('',(-0.436852048771625,-0.436852048771625,-0.786333628282593));
#5663=CARTESIAN_POINT('',(-0.001777778,-0.001777778,0.01));
#5664=DIRECTION('',(-0.0,0.0,-1.0));
#5665=DIRECTION('',(-0.707106781186548,-0.707106781186547,0.0));
#5666=CARTESIAN_POINT('',(-0.001777778,-0.001777778,0.01));
#5667=DIRECTION('',(0.128513400810813,-0.833108234045392,-0.537973025511323));
#5668=DIRECTION('',(-0.777622248406731,0.252005004292882,-0.576018330085255));
#5669=CARTESIAN_POINT('',(-0.001777778,-0.001777778,0.01));
#5670=DIRECTION('',(-0.833108234045393,0.128513400810813,-0.537973025511323));
#5671=DIRECTION('',(-0.252005004292882,0.777622248406731,0.576018330085254));
#5672=DIRECTION('',(0.436852048771625,0.436852048771625,0.786333628282593));
#5673=CARTESIAN_POINT('',(-0.004714286,-0.004714286,0.004714286));
#5674=DIRECTION('',(6.36450219306444E-16,-0.707106781186547,-0.707106781186548));
#5675=DIRECTION('',(-0.870388315706064,0.348155267001923,-0.348155267001923));
#5676=CARTESIAN_POINT('',(-0.004714286,-0.004714286,0.004714286));
#5677=DIRECTION('',(-0.707106781186548,-6.36450219306444E-16,-0.707106781186547));
#5678=DIRECTION('',(-0.348155267001926,0.870388315706061,0.348155267001926));
#5679=CARTESIAN_POINT('',(-0.004714286,-0.004714286,0.004714286));
#5680=DIRECTION('',(-0.707106781186548,-6.36450219306444E-16,-0.707106781186547));
#5681=DIRECTION('',(-0.348155267001926,0.870388315706061,0.348155267001926));
#5682=CARTESIAN_POINT('',(-0.004714286,-0.004714286,0.004714286));
#5683=DIRECTION('',(-0.699718376897178,-0.699718376897178,-0.144181781320522));
#5684=DIRECTION('',(-0.101951915295297,-0.101951915295297,0.989551218449677));
#5685=DIRECTION('',(-0.786333628282593,0.436852048771625,0.436852048771625));
#5686=CARTESIAN_POINT('',(0.01,0.001777778,0.001777778));
#5687=DIRECTION('',(0.537973025511324,-0.833108234045392,0.128513400810812));
#5688=DIRECTION('',(-0.576018330085253,-0.252005004292882,0.777622248406732));
#5689=CARTESIAN_POINT('',(0.01,0.001777778,0.001777778));
#5690=DIRECTION('',(-1.0,-0.0,0.0));
#5691=DIRECTION('',(0.0,-0.707106781186547,-0.707106781186548));
#5692=DIRECTION('',(0.786333628282593,-0.436852048771625,-0.436852048771625));
#5693=CARTESIAN_POINT('',(0.004714286,0.004714286,0.004714286));
#5694=DIRECTION('',(0.144181781320518,-0.699718376897178,-0.699718376897178));
#5695=DIRECTION('',(0.989551218449678,0.101951915295294,0.101951915295294));
#5696=CARTESIAN_POINT('',(0.004714286,0.004714286,0.004714286));
#5697=DIRECTION('',(0.707106781186546,3.77324058588821E-15,-0.707106781186549));
#5698=DIRECTION('',(0.348155267001928,-0.870388315706063,0.348155267001922));
#5699=DIRECTION('',(0.436852048771625,0.786333628282593,0.436852048771625));
#5700=CARTESIAN_POINT('',(0.001777778,-0.01,0.001777778));
#5701=DIRECTION('',(-0.833108234045392,-0.537973025511324,0.128513400810812));
#5702=DIRECTION('',(-0.252005004292882,0.576018330085253,0.777622248406732));
#5703=CARTESIAN_POINT('',(0.001777778,-0.01,0.001777778));
#5704=DIRECTION('',(-0.0,-1.0,0.0));
#5705=DIRECTION('',(-0.707106781186547,0.0,-0.707106781186548));
#5706=DIRECTION('',(-0.436852048771625,-0.786333628282593,-0.436852048771625));
#5707=CARTESIAN_POINT('',(0.004714286,-0.004714286,0.004714286));
#5708=DIRECTION('',(-0.699718376897179,-0.144181781320511,-0.699718376897179));
#5709=DIRECTION('',(-0.101951915295289,0.989551218449679,-0.101951915295289));
#5710=CARTESIAN_POINT('',(0.004714286,-0.004714286,0.004714286));
#5711=DIRECTION('',(-3.13679036658176E-15,-0.70710678118655,-0.707106781186545));
#5712=DIRECTION('',(-0.870388315706062,-0.348155267001923,0.348155267001929));
#5713=DIRECTION('',(0.0,0.707106781186548,0.707106781186548));
#5714=CARTESIAN_POINT('',(0.0,-0.01,0.0032));
#5715=DIRECTION('',(0.0,-1.0,0.0));
#5716=DIRECTION('',(0.0,0.0,1.0));
#5717=CARTESIAN_POINT('',(0.0,-0.01,0.0032));
#5718=DIRECTION('',(0.459855892933848,-0.416417176151491,-0.784301787031007));
#5719=DIRECTION('',(-0.738991487512232,-0.669185179875686,-0.0779921561389629));
#5720=DIRECTION('',(-0.0,-0.707106781186548,-0.707106781186548));
#5721=CARTESIAN_POINT('',(-6.50521303491303E-19,-0.0032,0.01));
#5722=DIRECTION('',(-0.459855892933851,-0.784301787031007,-0.416417176151488));
#5723=DIRECTION('',(0.738991487512231,-0.0779921561389663,-0.669185179875686));
#5724=CARTESIAN_POINT('',(0.0,-0.0032,0.01));
#5725=DIRECTION('',(-0.0,-0.0,-1.0));
#5726=DIRECTION('',(0.0,-1.0,0.0));
#5727=DIRECTION('',(0.786333628282593,-0.436852048771625,0.436852048771625));
#5728=CARTESIAN_POINT('',(-0.01,-0.001777778,0.001777778));
#5729=DIRECTION('',(-0.537973025511324,0.833108234045392,0.128513400810812));
#5730=DIRECTION('',(0.576018330085253,0.252005004292882,0.777622248406732));
#5731=CARTESIAN_POINT('',(-0.01,-0.001777778,0.001777778));
#5732=DIRECTION('',(-1.0,0.0,-0.0));
#5733=DIRECTION('',(0.0,0.707106781186547,-0.707106781186548));
#5734=DIRECTION('',(-0.786333628282593,0.436852048771625,-0.436852048771625));
#5735=CARTESIAN_POINT('',(-0.004714286,-0.004714286,0.004714286));
#5736=DIRECTION('',(-0.144181781320511,0.699718376897179,-0.699718376897179));
#5737=DIRECTION('',(0.989551218449679,0.101951915295289,-0.101951915295289));
#5738=CARTESIAN_POINT('',(-0.004714286,-0.004714286,0.004714286));
#5739=DIRECTION('',(-0.144181781320511,0.699718376897179,-0.699718376897179));
#5740=DIRECTION('',(0.989551218449679,0.101951915295289,-0.101951915295289));
#5741=DIRECTION('',(-0.707106781186548,0.707106781186548,0.0));
#5742=CARTESIAN_POINT('',(0.01,0.0032,-3.89975628814174E-20));
#5743=DIRECTION('',(-0.41641717615149,0.784301787031008,-0.459855892933847));
#5744=DIRECTION('',(0.669185179875684,-0.0779921561389643,-0.738991487512234));
#5745=CARTESIAN_POINT('',(0.01,0.0032,0.0));
#5746=DIRECTION('',(-1.0,-0.0,0.0));
#5747=DIRECTION('',(0.0,-1.0,0.0));
#5748=DIRECTION('',(0.707106781186548,-0.707106781186548,-0.0));
#5749=CARTESIAN_POINT('',(0.0032,0.01,0.0));
#5750=DIRECTION('',(-0.0,-1.0,0.0));
#5751=DIRECTION('',(-1.0,0.0,0.0));
#5752=CARTESIAN_POINT('',(0.0032,0.01,-6.50521303491303E-19));
#5753=DIRECTION('',(0.784301787031008,-0.416417176151487,-0.459855892933851));
#5754=DIRECTION('',(-0.0779921561389695,0.669185179875685,-0.738991487512232));
#5755=DIRECTION('',(-0.436852048771625,0.786333628282593,0.436852048771625));
#5756=CARTESIAN_POINT('',(0.004714286,0.004714286,-0.004714286));
#5757=DIRECTION('',(4.31876934529373E-15,-0.707106781186548,-0.707106781186547));
#5758=DIRECTION('',(-0.870388315706062,0.348155267001923,-0.348155267001929));
#5759=CARTESIAN_POINT('',(0.004714286,0.004714286,-0.004714286));
#5760=DIRECTION('',(0.707106781186547,-0.707106781186547,0.0));
#5761=DIRECTION('',(-0.348155267001925,-0.348155267001925,-0.870388315706063));
#5762=CARTESIAN_POINT('',(0.004714286,0.004714286,-0.004714286));
#5763=DIRECTION('',(0.699718376897178,-0.144181781320518,-0.699718376897178));
#5764=DIRECTION('',(-0.101951915295294,-0.989551218449678,0.101951915295294));
#5765=DIRECTION('',(0.436852048771625,-0.786333628282593,-0.436852048771625));
#5766=CARTESIAN_POINT('',(0.001777778,0.01,-0.001777778));
#5767=DIRECTION('',(-0.0,-1.0,0.0));
#5768=DIRECTION('',(-0.707106781186548,0.0,0.707106781186547));
#5769=CARTESIAN_POINT('',(0.001777778,0.01,-0.001777778));
#5770=DIRECTION('',(-0.128513400810811,-0.537973025511326,-0.833108234045391));
#5771=DIRECTION('',(0.77762224840673,-0.576018330085254,0.252005004292886));
#5772=CARTESIAN_POINT('',(0.001777778,0.01,-0.001777778));
#5773=DIRECTION('',(0.833108234045392,-0.537973025511324,0.128513400810813));
#5774=DIRECTION('',(-0.252005004292883,-0.576018330085255,-0.77762224840673));
#5775=DIRECTION('',(0.0,0.707106781186548,0.707106781186548));
#5776=CARTESIAN_POINT('',(0.0,0.0032,-0.01));
#5777=DIRECTION('',(0.459855892933849,-0.784301787031008,-0.416417176151489));
#5778=DIRECTION('',(0.738991487512231,0.077992156138963,0.669185179875688));
#5779=CARTESIAN_POINT('',(0.0,0.0032,-0.01));
#5780=DIRECTION('',(-0.0,-0.0,-1.0));
#5781=DIRECTION('',(0.0,-1.0,0.0));
#5782=DIRECTION('',(-0.0,-0.707106781186548,-0.707106781186548));
#5783=CARTESIAN_POINT('',(0.0,0.01,-0.0032));
#5784=DIRECTION('',(0.0,-1.0,0.0));
#5785=DIRECTION('',(0.0,0.0,1.0));
#5786=CARTESIAN_POINT('',(-6.12008504993618E-19,0.01,-0.0032));
#5787=DIRECTION('',(-0.459855892933847,-0.416417176151492,-0.784301787031008));
#5788=DIRECTION('',(0.738991487512234,-0.669185179875684,-0.0779921561389616));
#5789=DIRECTION('',(0.786333628282593,-0.436852048771625,0.436852048771625));
#5790=CARTESIAN_POINT('',(0.004714286,0.004714286,-0.004714286));
#5791=DIRECTION('',(-0.144181781320518,0.699718376897178,-0.699718376897178));
#5792=DIRECTION('',(0.989551218449678,0.101951915295294,-0.101951915295294));
#5793=CARTESIAN_POINT('',(0.004714286,0.004714286,-0.004714286));
#5794=DIRECTION('',(-0.707106781186548,4.31876934529373E-15,-0.707106781186547));
#5795=DIRECTION('',(-0.348155267001923,0.870388315706062,0.348155267001929));
#5796=DIRECTION('',(-0.786333628282593,0.436852048771625,-0.436852048771625));
#5797=CARTESIAN_POINT('',(0.01,0.001777778,-0.001777778));
#5798=DIRECTION('',(-0.537973025511324,0.833108234045392,0.128513400810813));
#5799=DIRECTION('',(0.576018330085255,0.252005004292883,0.77762224840673));
#5800=CARTESIAN_POINT('',(0.01,0.001777778,-0.001777778));
#5801=DIRECTION('',(-0.537973025511323,-0.128513400810814,-0.833108234045392));
#5802=DIRECTION('',(-0.576018330085256,0.77762224840673,0.252005004292882));
#5803=CARTESIAN_POINT('',(0.01,0.001777778,-0.001777778));
#5804=DIRECTION('',(-1.0,0.0,-0.0));
#5805=DIRECTION('',(0.0,0.707106781186548,-0.707106781186547));
#5806=DIRECTION('',(-0.436852048771625,-0.786333628282593,-0.436852048771625));
#5807=CARTESIAN_POINT('',(-0.001777778,0.01,-0.001777778));
#5808=DIRECTION('',(-0.833108234045393,-0.537973025511323,0.128513400810814));
#5809=DIRECTION('',(0.252005004292881,-0.576018330085255,-0.77762224840673));
#5810=CARTESIAN_POINT('',(-0.001777778,0.01,-0.001777778));
#5811=DIRECTION('',(0.128513400810814,-0.537973025511323,-0.833108234045392));
#5812=DIRECTION('',(0.77762224840673,0.576018330085255,-0.252005004292882));
#5813=CARTESIAN_POINT('',(-0.001777778,0.01,-0.001777778));
#5814=DIRECTION('',(0.0,-1.0,0.0));
#5815=DIRECTION('',(0.707106781186547,0.0,0.707106781186548));
#5816=DIRECTION('',(0.436852048771625,0.786333628282593,0.436852048771625));
#5817=CARTESIAN_POINT('',(-0.004714286,0.004714286,-0.004714286));
#5818=DIRECTION('',(-0.70710678118655,-0.707106781186545,3.0913296366313E-15));
#5819=DIRECTION('',(0.348155267001923,-0.348155267001929,-0.870388315706062));
#5820=CARTESIAN_POINT('',(-0.004714286,0.004714286,-0.004714286));
#5821=DIRECTION('',(1.27290043861289E-15,-0.707106781186546,-0.707106781186549));
#5822=DIRECTION('',(0.870388315706062,0.348155267001928,-0.348155267001925));
#5823=DIRECTION('',(-0.436852048771625,0.436852048771625,0.786333628282593));
#5824=CARTESIAN_POINT('',(-0.001777778,0.001777778,-0.01));
#5825=DIRECTION('',(0.833108234045392,0.128513400810812,-0.537973025511324));
#5826=DIRECTION('',(0.252005004292882,0.777622248406732,0.576018330085253));
#5827=CARTESIAN_POINT('',(-0.001777778,0.001777778,-0.01));
#5828=DIRECTION('',(0.0,-0.0,-1.0));
#5829=DIRECTION('',(0.707106781186547,-0.707106781186548,0.0));
#5830=DIRECTION('',(0.436852048771625,-0.436852048771625,-0.786333628282593));
#5831=CARTESIAN_POINT('',(-0.004714286,0.004714286,-0.004714286));
#5832=DIRECTION('',(0.699718376897178,-0.699718376897178,-0.144181781320517));
#5833=DIRECTION('',(0.101951915295294,-0.101951915295294,0.989551218449678));
#5834=CARTESIAN_POINT('',(-0.004714286,0.004714286,-0.004714286));
#5835=DIRECTION('',(1.27290043861289E-15,-0.707106781186546,-0.707106781186549));
#5836=DIRECTION('',(0.870388315706062,0.348155267001928,-0.348155267001925));
#5837=DIRECTION('',(0.436852048771625,0.786333628282593,-0.436852048771625));
#5838=CARTESIAN_POINT('',(0.001777778,-0.01,-0.001777778));
#5839=DIRECTION('',(0.833108234045392,0.537973025511325,0.128513400810812));
#5840=DIRECTION('',(-0.252005004292884,0.576018330085254,-0.777622248406731));
#5841=CARTESIAN_POINT('',(0.001777778,-0.01,-0.001777778));
#5842=DIRECTION('',(-0.128513400810814,0.537973025511323,-0.833108234045393));
#5843=DIRECTION('',(0.77762224840673,0.576018330085255,0.252005004292881));
#5844=CARTESIAN_POINT('',(0.001777778,-0.01,-0.001777778));
#5845=DIRECTION('',(-0.0,-1.0,0.0));
#5846=DIRECTION('',(-0.707106781186547,0.0,0.707106781186548));
#5847=DIRECTION('',(-0.436852048771625,-0.786333628282593,0.436852048771625));
#5848=CARTESIAN_POINT('',(0.004714286,-0.004714286,-0.004714286));
#5849=DIRECTION('',(0.699718376897179,0.144181781320507,-0.699718376897179));
#5850=DIRECTION('',(-0.101951915295287,0.98955121844968,0.101951915295287));
#5851=CARTESIAN_POINT('',(0.004714286,-0.004714286,-0.004714286));
#5852=DIRECTION('',(-0.707106781186547,-0.707106781186548,-2.45487941732486E-15));
#5853=DIRECTION('',(-0.348155267001924,0.348155267001927,-0.870388315706062));
#5854=CARTESIAN_POINT('',(0.004714286,-0.004714286,-0.004714286));
#5855=DIRECTION('',(-1.27290043861289E-15,0.707106781186546,-0.707106781186549));
#5856=DIRECTION('',(-0.870388315706062,-0.348155267001928,-0.348155267001925));
#5857=DIRECTION('',(0.786333628282593,-0.436852048771625,-0.436852048771625));
#5858=CARTESIAN_POINT('',(-0.01,-0.001777778,-0.001777778));
#5859=DIRECTION('',(0.537973025511323,-0.833108234045392,0.128513400810814));
#5860=DIRECTION('',(-0.576018330085255,-0.252005004292882,0.77762224840673));
#5861=CARTESIAN_POINT('',(-0.01,-0.001777778,-0.001777778));
#5862=DIRECTION('',(0.537973025511323,0.128513400810814,-0.833108234045393));
#5863=DIRECTION('',(0.576018330085255,-0.77762224840673,0.252005004292881));
#5864=CARTESIAN_POINT('',(-0.01,-0.001777778,-0.001777778));
#5865=DIRECTION('',(-1.0,0.0,0.0));
#5866=DIRECTION('',(0.0,0.707106781186547,0.707106781186548));
#5867=DIRECTION('',(-0.786333628282593,0.436852048771625,0.436852048771625));
#5868=CARTESIAN_POINT('',(-0.004714286,-0.004714286,-0.004714286));
#5869=DIRECTION('',(0.144181781320507,-0.699718376897179,-0.699718376897179));
#5870=DIRECTION('',(0.98955121844968,0.101951915295287,0.101951915295287));
#5871=CARTESIAN_POINT('',(-0.004714286,-0.004714286,-0.004714286));
#5872=DIRECTION('',(0.707106781186545,-0.70710678118655,3.0913296366313E-15));
#5873=DIRECTION('',(0.348155267001929,0.348155267001923,-0.870388315706062));
#5874=CARTESIAN_POINT('',(-0.004714286,-0.004714286,-0.004714286));
#5875=DIRECTION('',(0.707106781186546,1.27290043861289E-15,-0.707106781186549));
#5876=DIRECTION('',(-0.348155267001928,0.870388315706062,-0.348155267001925));
#5877=DIRECTION('',(-0.436852048771625,-0.436852048771625,0.786333628282593));
#5878=CARTESIAN_POINT('',(-0.001777778,-0.001777778,-0.01));
#5879=DIRECTION('',(0.833108234045392,-0.128513400810814,-0.537973025511323));
#5880=DIRECTION('',(0.252005004292881,-0.777622248406732,0.576018330085253));
#5881=CARTESIAN_POINT('',(-0.001777778,-0.001777778,-0.01));
#5882=DIRECTION('',(-0.128513400810814,0.833108234045393,-0.537973025511323));
#5883=DIRECTION('',(0.777622248406732,-0.252005004292881,-0.576018330085254));
#5884=CARTESIAN_POINT('',(-0.001777778,-0.001777778,-0.01));
#5885=DIRECTION('',(0.0,0.0,-1.0));
#5886=DIRECTION('',(0.707106781186547,0.707106781186548,0.0));
#5887=DIRECTION('',(0.436852048771625,0.436852048771625,-0.786333628282593));
#5888=CARTESIAN_POINT('',(-0.004714286,-0.004714286,-0.004714286));
#5889=DIRECTION('',(-0.699718376897179,-0.699718376897179,0.144181781320507));
#5890=DIRECTION('',(0.101951915295287,0.101951915295287,0.98955121844968));
#5891=CARTESIAN_POINT('',(-0.004714286,-0.004714286,-0.004714286));
#5892=DIRECTION('',(0.707106781186546,1.27290043861289E-15,-0.707106781186549));
#5893=DIRECTION('',(-0.348155267001928,0.870388315706062,-0.348155267001925));
#5894=CARTESIAN_POINT('',(-0.004714286,-0.004714286,-0.004714286));
#5895=DIRECTION('',(1.22743970866243E-15,0.707106781186546,-0.707106781186549));
#5896=DIRECTION('',(-0.870388315706062,0.348155267001927,0.348155267001924));
#5897=DIRECTION('',(-0.577350269189626,-0.577350269189626,0.577350269189626));
#5898=CARTESIAN_POINT('',(-0.004714286,-0.004714286,0.004714286));
#5899=DIRECTION('',(0.699718376897178,-0.144181781320518,-0.699718376897178));
#5900=DIRECTION('',(-0.101951915295294,-0.989551218449678,0.101951915295294));
#5901=CARTESIAN_POINT('',(-0.004714286,-0.004714286,0.004714286));
#5902=DIRECTION('',(-0.699718376897178,-0.699718376897178,-0.144181781320522));
#5903=DIRECTION('',(-0.101951915295297,-0.101951915295297,0.989551218449677));
#5904=DIRECTION('',(0.577350269189626,0.577350269189626,-0.577350269189626));
#5905=CARTESIAN_POINT('',(-0.01,-0.01,0.01));
#5906=DIRECTION('',(-1.0,-0.0,0.0));
#5907=DIRECTION('',(0.0,-0.707106781186547,0.707106781186547));
#5908=CARTESIAN_POINT('',(-0.01,-0.01,0.01));
#5909=DIRECTION('',(0.0,0.0,-1.0));
#5910=DIRECTION('',(0.707106781186547,0.707106781186547,0.0));
#5911=CARTESIAN_POINT('',(-0.01,-0.01,0.01));
#5912=DIRECTION('',(0.0,-1.0,0.0));
#5913=DIRECTION('',(0.707106781186547,0.0,-0.707106781186547));
#5914=DIRECTION('',(0.436852048771625,-0.786333628282593,-0.436852048771625));
#5915=CARTESIAN_POINT('',(-0.004714286,-0.004714286,0.004714286));
#5916=DIRECTION('',(6.36450219306444E-16,-0.707106781186547,-0.707106781186548));
#5917=DIRECTION('',(-0.870388315706064,0.348155267001923,-0.348155267001923));
#5918=CARTESIAN_POINT('',(-0.004714286,-0.004714286,0.004714286));
#5919=DIRECTION('',(0.699718376897178,-0.144181781320518,-0.699718376897178));
#5920=DIRECTION('',(-0.101951915295294,-0.989551218449678,0.101951915295294));
#5921=DIRECTION('',(-0.436852048771625,0.786333628282593,0.436852048771625));
#5922=CARTESIAN_POINT('',(-0.001777778,-0.01,0.001777778));
#5923=DIRECTION('',(0.0,-1.0,0.0));
#5924=DIRECTION('',(0.707106781186548,0.0,-0.707106781186547));
#5925=CARTESIAN_POINT('',(-0.001777778,-0.01,0.001777778));
#5926=DIRECTION('',(0.833108234045393,-0.537973025511322,0.128513400810817));
#5927=DIRECTION('',(0.252005004292877,0.576018330085254,0.777622248406733));
#5928=DIRECTION('',(-0.707106781186548,0.707106781186548,0.0));
#5929=CARTESIAN_POINT('',(-0.0032,-0.01,0.0));
#5930=DIRECTION('',(-0.0,-1.0,0.0));
#5931=DIRECTION('',(-1.0,0.0,0.0));
#5932=CARTESIAN_POINT('',(-0.0032,-0.01,7.56391672759509E-20));
#5933=DIRECTION('',(-0.784301787031008,0.416417176151491,-0.459855892933847));
#5934=DIRECTION('',(0.0779921561389638,-0.669185179875684,-0.738991487512234));
#5935=DIRECTION('',(0.707106781186548,-0.707106781186548,-0.0));
#5936=CARTESIAN_POINT('',(-0.01,-0.0032,-6.50521303491303E-19));
#5937=DIRECTION('',(0.416417176151487,-0.784301787031008,-0.459855892933851));
#5938=DIRECTION('',(-0.669185179875685,0.0779921561389691,-0.738991487512232));
#5939=CARTESIAN_POINT('',(-0.01,-0.0032,0.0));
#5940=DIRECTION('',(-1.0,-0.0,0.0));
#5941=DIRECTION('',(0.0,-1.0,0.0));
#5942=DIRECTION('',(-0.436852048771625,0.786333628282593,-0.436852048771625));
#5943=CARTESIAN_POINT('',(-0.001777778,-0.01,-0.001777778));
#5944=DIRECTION('',(-0.0,-1.0,0.0));
#5945=DIRECTION('',(-0.707106781186548,0.0,-0.707106781186547));
#5946=CARTESIAN_POINT('',(-0.001777778,-0.01,-0.001777778));
#5947=DIRECTION('',(0.128513400810813,0.537973025511323,-0.833108234045393));
#5948=DIRECTION('',(0.777622248406731,-0.576018330085254,-0.252005004292882));
#5949=CARTESIAN_POINT('',(-0.001777778,-0.01,-0.001777778));
#5950=DIRECTION('',(-0.833108234045392,0.537973025511323,0.128513400810813));
#5951=DIRECTION('',(0.252005004292882,0.576018330085255,-0.777622248406731));
#5952=DIRECTION('',(0.436852048771625,-0.786333628282593,0.436852048771625));
#5953=CARTESIAN_POINT('',(-0.004714286,-0.004714286,-0.004714286));
#5954=DIRECTION('',(-0.699718376897179,0.14418178132051,-0.699718376897179));
#5955=DIRECTION('',(-0.101951915295289,-0.989551218449679,-0.101951915295289));
#5956=DIRECTION('',(-0.786333628282593,-0.436852048771625,-0.436852048771625));
#5957=CARTESIAN_POINT('',(-0.004714286,0.004714286,0.004714286));
#5958=DIRECTION('',(-0.707106781186547,0.0,-0.707106781186547));
#5959=DIRECTION('',(0.348155267001925,0.870388315706063,-0.348155267001925));
#5960=CARTESIAN_POINT('',(-0.004714286,0.004714286,0.004714286));
#5961=DIRECTION('',(-0.144181781320518,-0.699718376897178,-0.699718376897178));
#5962=DIRECTION('',(-0.989551218449678,0.101951915295294,0.101951915295294));
#5963=CARTESIAN_POINT('',(-0.004714286,0.004714286,0.004714286));
#5964=DIRECTION('',(-0.144181781320518,-0.699718376897178,-0.699718376897178));
#5965=DIRECTION('',(-0.989551218449678,0.101951915295294,0.101951915295294));
#5966=DIRECTION('',(0.786333628282593,0.436852048771625,0.436852048771625));
#5967=CARTESIAN_POINT('',(-0.01,0.001777778,0.001777778));
#5968=DIRECTION('',(-1.0,-0.0,0.0));
#5969=DIRECTION('',(0.0,-0.707106781186548,-0.707106781186547));
#5970=CARTESIAN_POINT('',(-0.01,0.001777778,0.001777778));
#5971=DIRECTION('',(-0.537973025511327,-0.83310823404539,0.128513400810811));
#5972=DIRECTION('',(0.57601833008525,-0.252005004292884,0.777622248406734));
#5973=DIRECTION('',(0.707106781186548,0.707106781186548,0.0));
#5974=CARTESIAN_POINT('',(-0.01,0.0032,0.0));
#5975=DIRECTION('',(-1.0,0.0,0.0));
#5976=DIRECTION('',(0.0,1.0,0.0));
#5977=CARTESIAN_POINT('',(-0.01,0.0032,7.56391672759509E-20));
#5978=DIRECTION('',(0.416417176151491,0.784301787031008,-0.459855892933847));
#5979=DIRECTION('',(-0.669185179875684,-0.0779921561389638,-0.738991487512234));
#5980=DIRECTION('',(-0.707106781186548,-0.707106781186548,-0.0));
#5981=CARTESIAN_POINT('',(-0.0032,0.01,-4.72193843457453E-19));
#5982=DIRECTION('',(-0.784301787031007,-0.416417176151491,-0.459855892933848));
#5983=DIRECTION('',(0.0779921561389629,0.669185179875685,-0.738991487512233));
#5984=CARTESIAN_POINT('',(-0.0032,0.01,0.0));
#5985=DIRECTION('',(-0.0,-1.0,0.0));
#5986=DIRECTION('',(-1.0,0.0,0.0));
#5987=DIRECTION('',(0.786333628282593,0.436852048771625,-0.436852048771625));
#5988=CARTESIAN_POINT('',(-0.01,0.001777778,-0.001777778));
#5989=DIRECTION('',(-1.0,0.0,-0.0));
#5990=DIRECTION('',(0.0,0.707106781186548,-0.707106781186547));
#5991=CARTESIAN_POINT('',(-0.01,0.001777778,-0.001777778));
#5992=DIRECTION('',(0.537973025511325,-0.128513400810812,-0.833108234045392));
#5993=DIRECTION('',(0.576018330085254,0.777622248406731,0.252005004292884));
#5994=CARTESIAN_POINT('',(-0.01,0.001777778,-0.001777778));
#5995=DIRECTION('',(0.537973025511325,0.833108234045392,0.128513400810812));
#5996=DIRECTION('',(-0.576018330085254,0.252005004292884,0.777622248406731));
#5997=DIRECTION('',(-0.786333628282593,-0.436852048771625,0.436852048771625));
#5998=CARTESIAN_POINT('',(-0.004714286,0.004714286,-0.004714286));
#5999=DIRECTION('',(0.707106781186546,-1.22743970866243E-15,-0.707106781186549));
#6000=DIRECTION('',(0.348155267001927,0.870388315706062,0.348155267001924));
#6001=DIRECTION('',(0.707106781186548,0.0,-0.707106781186548));
#6002=CARTESIAN_POINT('',(-0.01,0.0,-0.0032));
#6003=DIRECTION('',(-1.0,-0.0,-0.0));
#6004=DIRECTION('',(0.0,0.0,-1.0));
#6005=CARTESIAN_POINT('',(-0.01,7.56391672759509E-20,-0.0032));
#6006=DIRECTION('',(0.416417176151491,-0.459855892933847,-0.784301787031008));
#6007=DIRECTION('',(-0.669185179875684,-0.738991487512234,0.0779921561389637));
#6008=DIRECTION('',(-0.707106781186548,-0.0,0.707106781186548));
#6009=CARTESIAN_POINT('',(-0.0032,0.0,-0.01));
#6010=DIRECTION('',(0.784301787031006,0.459855892933854,-0.416417176151487));
#6011=DIRECTION('',(0.0779921561389691,-0.73899148751223,-0.669185179875688));
#6012=CARTESIAN_POINT('',(-0.0032,0.0,-0.01));
#6013=DIRECTION('',(-0.0,0.0,-1.0));
#6014=DIRECTION('',(-1.0,0.0,0.0));
#6015=DIRECTION('',(-0.577350269189626,0.577350269189626,0.577350269189626));
#6016=CARTESIAN_POINT('',(-0.004714286,0.004714286,0.004714286));
#6017=DIRECTION('',(0.699718376897178,-0.699718376897178,0.144181781320518));
#6018=DIRECTION('',(-0.101951915295294,0.101951915295294,0.989551218449678));
#6019=DIRECTION('',(0.577350269189626,-0.577350269189626,-0.577350269189626));
#6020=CARTESIAN_POINT('',(-0.01,0.01,0.01));
#6021=DIRECTION('',(-0.0,-1.0,0.0));
#6022=DIRECTION('',(-0.707106781186547,0.0,0.707106781186547));
#6023=CARTESIAN_POINT('',(-0.01,0.01,0.01));
#6024=DIRECTION('',(0.0,-0.0,-1.0));
#6025=DIRECTION('',(0.707106781186547,-0.707106781186547,0.0));
#6026=CARTESIAN_POINT('',(-0.01,0.01,0.01));
#6027=DIRECTION('',(-1.0,-0.0,0.0));
#6028=DIRECTION('',(0.0,-0.707106781186547,-0.707106781186547));
#6029=DIRECTION('',(0.786333628282593,0.436852048771625,-0.436852048771625));
#6030=CARTESIAN_POINT('',(0.004714286,-0.004714286,0.004714286));
#6031=DIRECTION('',(0.144181781320518,0.699718376897178,-0.699718376897178));
#6032=DIRECTION('',(0.989551218449678,-0.101951915295294,0.101951915295294));
#6033=DIRECTION('',(-0.786333628282593,-0.436852048771625,0.436852048771625));
#6034=CARTESIAN_POINT('',(0.01,-0.001777778,0.001777778));
#6035=DIRECTION('',(-1.0,0.0,-0.0));
#6036=DIRECTION('',(0.0,0.707106781186548,-0.707106781186547));
#6037=CARTESIAN_POINT('',(0.01,-0.001777778,0.001777778));
#6038=DIRECTION('',(0.537973025511328,0.83310823404539,0.12851340081081));
#6039=DIRECTION('',(-0.576018330085249,0.252005004292885,0.777622248406734));
#6040=DIRECTION('',(-0.707106781186548,-0.707106781186548,0.0));
#6041=CARTESIAN_POINT('',(0.01,-0.0032,0.0));
#6042=DIRECTION('',(-1.0,-0.0,0.0));
#6043=DIRECTION('',(0.0,-1.0,0.0));
#6044=CARTESIAN_POINT('',(0.01,-0.0032,3.89975628814174E-20));
#6045=DIRECTION('',(-0.416417176151491,-0.784301787031008,-0.459855892933847));
#6046=DIRECTION('',(-0.669185179875684,-0.0779921561389638,0.738991487512234));
#6047=DIRECTION('',(0.707106781186548,0.707106781186548,-0.0));
#6048=CARTESIAN_POINT('',(0.0032,-0.01,-6.50521303491303E-19));
#6049=DIRECTION('',(0.784301787031008,0.416417176151487,-0.459855892933851));
#6050=DIRECTION('',(-0.0779921561389691,-0.669185179875685,-0.738991487512232));
#6051=CARTESIAN_POINT('',(0.0032,-0.01,0.0));
#6052=DIRECTION('',(0.0,-1.0,0.0));
#6053=DIRECTION('',(1.0,0.0,0.0));
#6054=DIRECTION('',(0.786333628282593,0.436852048771625,0.436852048771625));
#6055=CARTESIAN_POINT('',(0.004714286,-0.004714286,-0.004714286));
#6056=DIRECTION('',(-0.707106781186548,-4.31876934529373E-15,-0.707106781186547));
#6057=DIRECTION('',(0.348155267001923,0.870388315706062,-0.348155267001929));
#6058=CARTESIAN_POINT('',(0.004714286,-0.004714286,-0.004714286));
#6059=DIRECTION('',(-0.144181781320521,-0.699718376897178,-0.699718376897178));
#6060=DIRECTION('',(-0.989551218449678,0.101951915295296,0.101951915295296));
#6061=DIRECTION('',(-0.786333628282593,-0.436852048771625,-0.436852048771625));
#6062=CARTESIAN_POINT('',(0.01,-0.001777778,-0.001777778));
#6063=DIRECTION('',(-1.0,0.0,0.0));
#6064=DIRECTION('',(0.0,0.707106781186548,0.707106781186547));
#6065=CARTESIAN_POINT('',(0.01,-0.001777778,-0.001777778));
#6066=DIRECTION('',(-0.537973025511323,0.128513400810814,-0.833108234045392));
#6067=DIRECTION('',(0.576018330085256,0.77762224840673,-0.252005004292882));
#6068=CARTESIAN_POINT('',(0.01,-0.001777778,-0.001777778));
#6069=DIRECTION('',(-0.537973025511324,-0.833108234045392,0.128513400810813));
#6070=DIRECTION('',(-0.576018330085255,0.252005004292883,-0.77762224840673));
#6071=DIRECTION('',(0.436852048771625,0.436852048771625,0.786333628282593));
#6072=CARTESIAN_POINT('',(0.001777778,0.001777778,-0.01));
#6073=DIRECTION('',(0.0,0.0,-1.0));
#6074=DIRECTION('',(0.707106781186548,0.707106781186547,0.0));
#6075=CARTESIAN_POINT('',(0.001777778,0.001777778,-0.01));
#6076=DIRECTION('',(-0.833108234045392,0.128513400810812,-0.537973025511324));
#6077=DIRECTION('',(0.252005004292883,-0.777622248406732,-0.576018330085252));
#6078=DIRECTION('',(-0.436852048771625,-0.436852048771625,-0.786333628282593));
#6079=CARTESIAN_POINT('',(0.004714286,0.004714286,-0.004714286));
#6080=DIRECTION('',(4.31876934529373E-15,-0.707106781186548,-0.707106781186547));
#6081=DIRECTION('',(-0.870388315706062,0.348155267001923,-0.348155267001929));
#6082=CARTESIAN_POINT('',(0.004714286,0.004714286,-0.004714286));
#6083=DIRECTION('',(-0.699718376897179,-0.699718376897179,-0.144181781320511));
#6084=DIRECTION('',(-0.101951915295289,-0.101951915295289,0.989551218449679));
#6085=DIRECTION('',(-0.707106781186548,0.0,-0.707106781186548));
#6086=CARTESIAN_POINT('',(0.01,-3.89975628814174E-20,-0.0032));
#6087=DIRECTION('',(-0.41641717615149,-0.459855892933847,-0.784301787031008));
#6088=DIRECTION('',(0.669185179875684,-0.738991487512234,0.0779921561389643));
#6089=CARTESIAN_POINT('',(0.01,0.0,-0.0032));
#6090=DIRECTION('',(-1.0,0.0,0.0));
#6091=DIRECTION('',(0.0,0.0,1.0));
#6092=DIRECTION('',(0.707106781186548,-0.0,0.707106781186548));
#6093=CARTESIAN_POINT('',(0.0032,0.0,-0.01));
#6094=DIRECTION('',(-0.0,0.0,-1.0));
#6095=DIRECTION('',(-1.0,0.0,0.0));
#6096=CARTESIAN_POINT('',(0.0032,0.0,-0.01));
#6097=DIRECTION('',(-0.784301787031007,0.459855892933852,-0.416417176151487));
#6098=DIRECTION('',(0.0779921561389663,0.73899148751223,0.669185179875688));
#6099=DIRECTION('',(0.436852048771625,-0.436852048771625,0.786333628282593));
#6100=CARTESIAN_POINT('',(0.001777778,-0.001777778,-0.01));
#6101=DIRECTION('',(0.0,-0.0,-1.0));
#6102=DIRECTION('',(0.707106781186548,-0.707106781186547,0.0));
#6103=CARTESIAN_POINT('',(0.001777778,-0.001777778,-0.01));
#6104=DIRECTION('',(0.128513400810813,0.833108234045392,-0.537973025511323));
#6105=DIRECTION('',(0.777622248406732,0.252005004292882,0.576018330085253));
#6106=CARTESIAN_POINT('',(0.001777778,-0.001777778,-0.01));
#6107=DIRECTION('',(-0.833108234045391,-0.128513400810811,-0.537973025511326));
#6108=DIRECTION('',(0.252005004292884,0.777622248406733,-0.576018330085251));
#6109=DIRECTION('',(-0.436852048771625,0.436852048771625,-0.786333628282593));
#6110=CARTESIAN_POINT('',(0.004714286,-0.004714286,-0.004714286));
#6111=DIRECTION('',(-0.707106781186548,-4.31876934529373E-15,-0.707106781186547));
#6112=DIRECTION('',(0.348155267001923,0.870388315706062,-0.348155267001929));
#6113=CARTESIAN_POINT('',(0.004714286,-0.004714286,-0.004714286));
#6114=DIRECTION('',(0.699718376897179,-0.699718376897179,0.14418178132051));
#6115=DIRECTION('',(0.101951915295289,-0.101951915295289,-0.989551218449679));
#6116=DIRECTION('',(0.0,0.707106781186548,-0.707106781186548));
#6117=CARTESIAN_POINT('',(-7.56391672759509E-20,-0.01,-0.0032));
#6118=DIRECTION('',(-0.459855892933847,0.416417176151491,-0.784301787031008));
#6119=DIRECTION('',(0.738991487512234,0.669185179875684,-0.0779921561389636));
#6120=CARTESIAN_POINT('',(0.0,-0.01,-0.0032));
#6121=DIRECTION('',(0.0,-1.0,0.0));
#6122=DIRECTION('',(0.0,0.0,1.0));
#6123=DIRECTION('',(-0.0,-0.707106781186548,0.707106781186548));
#6124=CARTESIAN_POINT('',(0.0,-0.0032,-0.01));
#6125=DIRECTION('',(0.0,0.0,-1.0));
#6126=DIRECTION('',(0.0,1.0,0.0));
#6127=CARTESIAN_POINT('',(0.0,-0.0032,-0.01));
#6128=DIRECTION('',(0.45985589293384,0.78430178703101,-0.416417176151494));
#6129=DIRECTION('',(0.738991487512233,-0.0779921561389517,0.669185179875687));
#6130=DIRECTION('',(-0.577350269189626,0.577350269189626,0.577350269189626));
#6131=CARTESIAN_POINT('',(0.01,-0.01,-0.01));
#6132=DIRECTION('',(-0.0,-1.0,0.0));
#6133=DIRECTION('',(-0.707106781186547,0.0,0.707106781186547));
#6134=CARTESIAN_POINT('',(0.01,-0.01,-0.01));
#6135=DIRECTION('',(-1.0,-0.0,0.0));
#6136=DIRECTION('',(0.0,-0.707106781186547,-0.707106781186547));
#6137=DIRECTION('',(0.577350269189626,-0.577350269189626,-0.577350269189626));
#6138=CARTESIAN_POINT('',(0.004714286,-0.004714286,-0.004714286));
#6139=DIRECTION('',(-0.144181781320521,-0.699718376897178,-0.699718376897178));
#6140=DIRECTION('',(-0.989551218449678,0.101951915295296,0.101951915295296));
#6141=CARTESIAN_POINT('',(0.004714286,-0.004714286,-0.004714286));
#6142=DIRECTION('',(0.699718376897179,0.144181781320507,-0.699718376897179));
#6143=DIRECTION('',(-0.101951915295287,0.98955121844968,0.101951915295287));
#6144=DIRECTION('',(0.577350269189626,0.577350269189626,0.577350269189626));
#6145=CARTESIAN_POINT('',(-0.01,-0.01,-0.01));
#6146=DIRECTION('',(-1.0,0.0,0.0));
#6147=DIRECTION('',(0.0,0.707106781186547,0.707106781186547));
#6148=CARTESIAN_POINT('',(-0.01,-0.01,-0.01));
#6149=DIRECTION('',(-0.0,-1.0,0.0));
#6150=DIRECTION('',(-0.707106781186547,0.0,-0.707106781186547));
#6151=DIRECTION('',(-0.577350269189626,-0.577350269189626,-0.577350269189626));
#6152=CARTESIAN_POINT('',(-0.004714286,-0.004714286,-0.004714286));
#6153=DIRECTION('',(-0.699718376897179,0.14418178132051,-0.699718376897179));
#6154=DIRECTION('',(-0.101951915295289,-0.989551218449679,-0.101951915295289));
#6155=CARTESIAN_POINT('',(-0.004714286,-0.004714286,-0.004714286));
#6156=DIRECTION('',(0.144181781320507,-0.699718376897179,-0.699718376897179));
#6157=DIRECTION('',(0.98955121844968,0.101951915295287,0.101951915295287));
#6158=DIRECTION('',(0.577350269189626,0.577350269189626,-0.577350269189626));
#6159=CARTESIAN_POINT('',(0.004714286,0.004714286,-0.004714286));
#6160=DIRECTION('',(0.699718376897178,-0.144181781320518,-0.699718376897178));
#6161=DIRECTION('',(-0.101951915295294,-0.989551218449678,0.101951915295294));
#6162=CARTESIAN_POINT('',(0.004714286,0.004714286,-0.004714286));
#6163=DIRECTION('',(-0.144181781320518,0.699718376897178,-0.699718376897178));
#6164=DIRECTION('',(0.989551218449678,0.101951915295294,-0.101951915295294));
#6165=DIRECTION('',(-0.577350269189626,-0.577350269189626,0.577350269189626));
#6166=CARTESIAN_POINT('',(0.01,0.01,-0.01));
#6167=DIRECTION('',(-1.0,0.0,-0.0));
#6168=DIRECTION('',(0.0,0.707106781186547,-0.707106781186547));
#6169=CARTESIAN_POINT('',(0.01,0.01,-0.01));
#6170=DIRECTION('',(-0.0,-1.0,0.0));
#6171=DIRECTION('',(-0.707106781186547,0.0,0.707106781186547));
#6172=DIRECTION('',(0.780868895148135,-0.624694940423028,-0.0));
#6173=CARTESIAN_POINT('',(0.001777778,0.001777778,-0.01));
#6174=DIRECTION('',(0.0,0.0,-1.0));
#6175=DIRECTION('',(0.707106781186548,0.707106781186547,0.0));
#6176=DIRECTION('',(0.624694940423028,-0.780868895148135,0.0));
#6177=CARTESIAN_POINT('',(0.0032,0.0,-0.01));
#6178=DIRECTION('',(-0.0,0.0,-1.0));
#6179=DIRECTION('',(-1.0,0.0,0.0));
#6180=DIRECTION('',(-0.624694940423028,-0.780868895148135,-0.0));
#6181=CARTESIAN_POINT('',(0.001777778,-0.001777778,-0.01));
#6182=DIRECTION('',(0.0,-0.0,-1.0));
#6183=DIRECTION('',(0.707106781186548,-0.707106781186547,0.0));
#6184=DIRECTION('',(-0.780868895148135,-0.624694940423029,-0.0));
#6185=CARTESIAN_POINT('',(0.0,-0.0032,-0.01));
#6186=DIRECTION('',(0.0,0.0,-1.0));
#6187=DIRECTION('',(0.0,1.0,0.0));
#6188=DIRECTION('',(-0.780868895148135,0.624694940423029,0.0));
#6189=CARTESIAN_POINT('',(-0.001777778,-0.001777778,-0.01));
#6190=DIRECTION('',(0.0,0.0,-1.0));
#6191=DIRECTION('',(0.707106781186547,0.707106781186548,0.0));
#6192=DIRECTION('',(-0.624694940423028,0.780868895148135,0.0));
#6193=CARTESIAN_POINT('',(-0.0032,0.0,-0.01));
#6194=DIRECTION('',(-0.0,0.0,-1.0));
#6195=DIRECTION('',(-1.0,0.0,0.0));
#6196=DIRECTION('',(0.624694940423028,0.780868895148135,-0.0));
#6197=CARTESIAN_POINT('',(-0.001777778,0.001777778,-0.01));
#6198=DIRECTION('',(0.0,-0.0,-1.0));
#6199=DIRECTION('',(0.707106781186547,-0.707106781186548,0.0));
#6200=DIRECTION('',(0.780868895148135,0.624694940423028,0.0));
#6201=CARTESIAN_POINT('',(0.0,0.0032,-0.01));
#6202=DIRECTION('',(-0.0,-0.0,-1.0));
#6203=DIRECTION('',(0.0,-1.0,0.0));
#6204=DIRECTION('',(0.780868895148135,-0.624694940423029,-0.0));
#6205=DIRECTION('',(0.780868895148135,0.624694940423029,0.0));
#6206=DIRECTION('',(0.624694940423028,0.780868895148135,0.0));
#6207=DIRECTION('',(-0.624694940423028,0.780868895148135,-0.0));
#6208=DIRECTION('',(-0.780868895148135,0.624694940423028,0.0));
#6209=DIRECTION('',(-0.780868895148135,-0.624694940423028,-0.0));
#6210=DIRECTION('',(-0.624694940423028,-0.780868895148135,0.0));
#6211=DIRECTION('',(0.624694940423028,-0.780868895148135,-0.0));
#6212=DIRECTION('',(-1.0,0.0,0.0));
#6213=CARTESIAN_POINT('',(0.01,-0.01,-0.01));
#6214=DIRECTION('',(0.0,-0.0,-1.0));
#6215=DIRECTION('',(0.707106781186547,-0.707106781186547,0.0));
#6216=DIRECTION('',(0.0,-1.0,0.0));
#6217=DIRECTION('',(0.0,1.0,0.0));
#6218=CARTESIAN_POINT('',(-0.01,-0.01,-0.01));
#6219=DIRECTION('',(-0.0,0.0,-1.0));
#6220=DIRECTION('',(-0.707106781186547,-0.707106781186547,0.0));
#6221=DIRECTION('',(-1.0,0.0,0.0));
#6222=DIRECTION('',(0.0,1.0,0.0));
#6223=DIRECTION('',(1.0,-0.0,0.0));
#6224=CARTESIAN_POINT('',(-0.01,0.01,-0.01));
#6225=DIRECTION('',(-0.0,0.0,-1.0));
#6226=DIRECTION('',(-0.707106781186547,0.707106781186547,0.0));
#6227=CARTESIAN_POINT('',(0.01,0.01,-0.01));
#6228=DIRECTION('',(0.0,0.0,-1.0));
#6229=DIRECTION('',(0.707106781186547,0.707106781186547,0.0));
#6230=DIRECTION('',(1.0,-0.0,0.0));
#6231=DIRECTION('',(0.0,-1.0,0.0));
#6232=CARTESIAN_POINT('',(0.01,0.01,-0.01));
#6233=DIRECTION('',(-0.0,-1.0,0.0));
#6234=DIRECTION('',(-0.707106781186547,0.0,0.707106781186547));
#6235=DIRECTION('',(0.0,-0.0,-1.0));
#6236=CARTESIAN_POINT('',(0.01,0.01,-0.01));
#6237=DIRECTION('',(-1.0,0.0,-0.0));
#6238=DIRECTION('',(0.0,0.707106781186547,-0.707106781186547));
#6239=CARTESIAN_POINT('',(0.004714286,0.004714286,-0.004714286));
#6240=DIRECTION('',(-0.144181781320518,0.699718376897178,-0.699718376897178));
#6241=DIRECTION('',(0.989551218449678,0.101951915295294,-0.101951915295294));
#6242=CARTESIAN_POINT('',(0.004714286,0.004714286,-0.004714286));
#6243=DIRECTION('',(-0.699718376897179,-0.699718376897179,-0.144181781320511));
#6244=DIRECTION('',(-0.101951915295289,-0.101951915295289,0.989551218449679));
#6245=CARTESIAN_POINT('',(0.004714286,0.004714286,-0.004714286));
#6246=DIRECTION('',(0.699718376897178,-0.144181781320518,-0.699718376897178));
#6247=DIRECTION('',(-0.101951915295294,-0.989551218449678,0.101951915295294));
#6248=DIRECTION('',(0.0,-0.0,-1.0));
#6249=CARTESIAN_POINT('',(-0.01,0.01,-0.01));
#6250=DIRECTION('',(0.0,-1.0,0.0));
#6251=DIRECTION('',(0.707106781186547,0.0,0.707106781186547));
#6252=CARTESIAN_POINT('',(-0.01,0.01,-0.01));
#6253=DIRECTION('',(-1.0,0.0,-0.0));
#6254=DIRECTION('',(0.0,0.707106781186547,-0.707106781186547));
#6255=CARTESIAN_POINT('',(-0.004714286,-0.004714286,-0.004714286));
#6256=DIRECTION('',(0.144181781320507,-0.699718376897179,-0.699718376897179));
#6257=DIRECTION('',(0.98955121844968,0.101951915295287,0.101951915295287));
#6258=CARTESIAN_POINT('',(-0.004714286,-0.004714286,-0.004714286));
#6259=DIRECTION('',(-0.699718376897179,-0.699718376897179,0.144181781320507));
#6260=DIRECTION('',(0.101951915295287,0.101951915295287,0.98955121844968));
#6261=CARTESIAN_POINT('',(-0.004714286,-0.004714286,-0.004714286));
#6262=DIRECTION('',(-0.699718376897179,0.14418178132051,-0.699718376897179));
#6263=DIRECTION('',(-0.101951915295289,-0.989551218449679,-0.101951915295289));
#6264=CARTESIAN_POINT('',(-0.01,-0.01,-0.01));
#6265=DIRECTION('',(-0.0,-1.0,0.0));
#6266=DIRECTION('',(-0.707106781186547,0.0,-0.707106781186547));
#6267=CARTESIAN_POINT('',(-0.01,-0.01,-0.01));
#6268=DIRECTION('',(-1.0,0.0,0.0));
#6269=DIRECTION('',(0.0,0.707106781186547,0.707106781186547));
#6270=DIRECTION('',(-0.0,0.0,1.0));
#6271=CARTESIAN_POINT('',(0.004714286,-0.004714286,-0.004714286));
#6272=DIRECTION('',(0.699718376897179,0.144181781320507,-0.699718376897179));
#6273=DIRECTION('',(-0.101951915295287,0.98955121844968,0.101951915295287));
#6274=CARTESIAN_POINT('',(0.004714286,-0.004714286,-0.004714286));
#6275=DIRECTION('',(0.699718376897179,-0.699718376897179,0.14418178132051));
#6276=DIRECTION('',(0.101951915295289,-0.101951915295289,-0.989551218449679));
#6277=CARTESIAN_POINT('',(0.004714286,-0.004714286,-0.004714286));
#6278=DIRECTION('',(-0.144181781320521,-0.699718376897178,-0.699718376897178));
#6279=DIRECTION('',(-0.989551218449678,0.101951915295296,0.101951915295296));
#6280=CARTESIAN_POINT('',(0.01,-0.01,-0.01));
#6281=DIRECTION('',(-1.0,-0.0,0.0));
#6282=DIRECTION('',(0.0,-0.707106781186547,-0.707106781186547));
#6283=CARTESIAN_POINT('',(0.01,-0.01,-0.01));
#6284=DIRECTION('',(-0.0,-1.0,0.0));
#6285=DIRECTION('',(-0.707106781186547,0.0,0.707106781186547));
#6286=DIRECTION('',(-0.0,0.0,1.0));
#6287=CARTESIAN_POINT('',(-0.00177777800000001,-0.00177777799999999,-0.01));
#6288=DIRECTION('',(0.707106781186572,-0.707106781186523,-0.0));
#6289=DIRECTION('',(-0.707106781186523,-0.707106781186572,0.0));
#6290=CARTESIAN_POINT('',(-0.001777778,-0.001777778,-0.01));
#6291=DIRECTION('',(0.833108234045392,-0.128513400810814,-0.537973025511323));
#6292=DIRECTION('',(0.252005004292881,-0.777622248406732,0.576018330085253));
#6293=CARTESIAN_POINT('',(0.0,-0.0032,-0.01));
#6294=DIRECTION('',(-0.45985589293384,0.78430178703101,-0.416417176151494));
#6295=DIRECTION('',(-0.738991487512233,-0.0779921561389519,0.669185179875687));
#6296=CARTESIAN_POINT('',(3.17482407204736E-20,-0.0032,-0.01));
#6297=DIRECTION('',(1.0,-1.54265714574149E-16,-0.0));
#6298=DIRECTION('',(-1.54265714574149E-16,-1.0,0.0));
#6299=CARTESIAN_POINT('',(0.0,-0.01,-0.0032));
#6300=DIRECTION('',(0.0,-1.0,0.0));
#6301=DIRECTION('',(0.0,0.0,1.0));
#6302=CARTESIAN_POINT('',(4.33680868994202E-19,-0.01,-0.0032));
#6303=DIRECTION('',(0.459855892933846,0.416417176151491,-0.784301787031008));
#6304=DIRECTION('',(-0.738991487512235,0.669185179875683,-0.0779921561389639));
#6305=CARTESIAN_POINT('',(0.001777778,-0.001777778,-0.01));
#6306=DIRECTION('',(-0.833108234045391,-0.128513400810811,-0.537973025511326));
#6307=DIRECTION('',(0.252005004292884,0.777622248406733,-0.576018330085251));
#6308=CARTESIAN_POINT('',(0.00177777800000001,-0.00177777799999999,-0.01));
#6309=DIRECTION('',(-0.707106781186573,-0.707106781186523,0.0));
#6310=DIRECTION('',(-0.707106781186523,0.707106781186572,0.0));
#6311=CARTESIAN_POINT('',(0.004714286,-0.004714286,-0.004714286));
#6312=DIRECTION('',(-1.27290043861289E-15,0.707106781186546,-0.707106781186549));
#6313=DIRECTION('',(-0.870388315706062,-0.348155267001928,-0.348155267001925));
#6314=CARTESIAN_POINT('',(0.0032,0.0,-0.01));
#6315=DIRECTION('',(-0.784301787031007,-0.459855892933851,-0.416417176151488));
#6316=DIRECTION('',(0.0779921561389651,-0.73899148751223,0.669185179875688));
#6317=CARTESIAN_POINT('',(0.0032,0.0,-0.01));
#6318=DIRECTION('',(-6.74866283416471E-16,-1.0,0.0));
#6319=DIRECTION('',(1.0,-6.74866283416471E-16,0.0));
#6320=CARTESIAN_POINT('',(0.01,0.0,-0.0032));
#6321=DIRECTION('',(-1.0,0.0,0.0));
#6322=DIRECTION('',(0.0,0.0,1.0));
#6323=CARTESIAN_POINT('',(0.01,7.56391672759509E-20,-0.0032));
#6324=DIRECTION('',(-0.416417176151491,0.459855892933847,-0.784301787031008));
#6325=DIRECTION('',(-0.669185179875684,-0.738991487512234,-0.0779921561389636));
#6326=CARTESIAN_POINT('',(0.001777778,0.001777778,-0.01));
#6327=DIRECTION('',(0.128513400810813,-0.833108234045392,-0.537973025511323));
#6328=DIRECTION('',(0.777622248406732,-0.252005004292882,0.576018330085253));
#6329=CARTESIAN_POINT('',(0.001777778,0.001777778,-0.01));
#6330=DIRECTION('',(0.707106781186547,-0.707106781186547,-0.0));
#6331=DIRECTION('',(-0.707106781186547,-0.707106781186547,0.0));
#6332=CARTESIAN_POINT('',(0.004714286,0.004714286,-0.004714286));
#6333=DIRECTION('',(-0.707106781186548,4.31876934529373E-15,-0.707106781186547));
#6334=DIRECTION('',(-0.348155267001923,0.870388315706062,0.348155267001929));
#6335=CARTESIAN_POINT('',(0.001777778,0.001777778,-0.01));
#6336=DIRECTION('',(-0.833108234045392,0.128513400810812,-0.537973025511324));
#6337=DIRECTION('',(0.252005004292883,-0.777622248406732,-0.576018330085252));
#6338=DIRECTION('',(0.0,-1.0,0.0));
#6339=DIRECTION('',(-1.0,0.0,0.0));
#6340=DIRECTION('',(0.0,-1.0,0.0));
#6341=DIRECTION('',(1.0,-0.0,0.0));
#6342=DIRECTION('',(-0.780868895148135,-0.624694940423028,0.0));
#6343=CARTESIAN_POINT('',(0.001777778,-0.001777778,0.01));
#6344=DIRECTION('',(-0.0,0.0,-1.0));
#6345=DIRECTION('',(-0.707106781186547,0.707106781186548,0.0));
#6346=DIRECTION('',(-0.624694940423028,-0.780868895148135,-0.0));
#6347=CARTESIAN_POINT('',(0.0032,0.0,0.01));
#6348=DIRECTION('',(-0.0,0.0,-1.0));
#6349=DIRECTION('',(-1.0,0.0,0.0));
#6350=DIRECTION('',(0.624694940423029,-0.780868895148135,-0.0));
#6351=CARTESIAN_POINT('',(0.001777778,0.001777778,0.01));
#6352=DIRECTION('',(0.0,0.0,-1.0));
#6353=DIRECTION('',(0.707106781186548,0.707106781186547,0.0));
#6354=DIRECTION('',(0.780868895148135,-0.624694940423028,-0.0));
#6355=CARTESIAN_POINT('',(0.0,0.0032,0.01));
#6356=DIRECTION('',(-0.0,-0.0,-1.0));
#6357=DIRECTION('',(0.0,-1.0,0.0));
#6358=DIRECTION('',(0.780868895148135,0.624694940423028,0.0));
#6359=CARTESIAN_POINT('',(-0.001777778,0.001777778,0.01));
#6360=DIRECTION('',(0.0,-0.0,-1.0));
#6361=DIRECTION('',(0.707106781186548,-0.707106781186547,0.0));
#6362=DIRECTION('',(0.624694940423029,0.780868895148135,0.0));
#6363=CARTESIAN_POINT('',(-0.0032,0.0,0.01));
#6364=DIRECTION('',(-0.0,0.0,-1.0));
#6365=DIRECTION('',(-1.0,0.0,0.0));
#6366=DIRECTION('',(-0.624694940423028,0.780868895148135,0.0));
#6367=CARTESIAN_POINT('',(-0.001777778,-0.001777778,0.01));
#6368=DIRECTION('',(-0.0,0.0,-1.0));
#6369=DIRECTION('',(-0.707106781186548,-0.707106781186547,0.0));
#6370=DIRECTION('',(-0.780868895148135,0.624694940423028,-0.0));
#6371=CARTESIAN_POINT('',(0.0,-0.0032,0.01));
#6372=DIRECTION('',(-0.0,-0.0,-1.0));
#6373=DIRECTION('',(0.0,-1.0,0.0));
#6374=DIRECTION('',(-0.780868895148135,0.624694940423028,0.0));
#6375=DIRECTION('',(-0.624694940423029,0.780868895148135,0.0));
#6376=DIRECTION('',(0.624694940423028,0.780868895148135,0.0));
#6377=DIRECTION('',(0.780868895148135,0.624694940423028,-0.0));
#6378=DIRECTION('',(0.780868895148135,-0.624694940423028,0.0));
#6379=DIRECTION('',(0.624694940423028,-0.780868895148135,-0.0));
#6380=DIRECTION('',(-0.624694940423029,-0.780868895148135,-0.0));
#6381=DIRECTION('',(-0.780868895148135,-0.624694940423028,-0.0));
#6382=DIRECTION('',(0.0,1.0,0.0));
#6383=DIRECTION('',(-1.0,0.0,0.0));
#6384=DIRECTION('',(1.0,-0.0,0.0));
#6385=DIRECTION('',(0.0,1.0,0.0));
#6386=CARTESIAN_POINT('',(0.01,-0.001777778,-0.001777778));
#6387=DIRECTION('',(-0.537973025511324,-0.833108234045392,0.128513400810813));
#6388=DIRECTION('',(-0.576018330085255,0.252005004292883,-0.77762224840673));
#6389=CARTESIAN_POINT('',(0.01,-0.001777778,-0.001777778));
#6390=DIRECTION('',(-1.0,0.0,0.0));
#6391=DIRECTION('',(0.0,0.707106781186548,0.707106781186547));
#6392=DIRECTION('',(0.0,0.624694940423029,-0.780868895148135));
#6393=CARTESIAN_POINT('',(0.01,-0.001777778,-0.001777778));
#6394=DIRECTION('',(0.0,0.707106781186549,-0.707106781186546));
#6395=DIRECTION('',(0.0,0.707106781186546,0.707106781186549));
#6396=DIRECTION('',(-0.0,-0.624694940423029,0.780868895148135));
#6397=CARTESIAN_POINT('',(0.01,-0.0032,0.0));
#6398=DIRECTION('',(0.41641717615149,0.784301787031008,-0.459855892933848));
#6399=DIRECTION('',(0.669185179875687,0.0779921561389619,0.738991487512231));
#6400=CARTESIAN_POINT('',(0.01,-0.0032,-3.17482407204736E-20));
#6401=DIRECTION('',(0.0,-1.54265714574149E-16,-1.0));
#6402=DIRECTION('',(0.0,-1.0,1.54265714574149E-16));
#6403=CARTESIAN_POINT('',(0.0032,-0.01,0.0));
#6404=DIRECTION('',(0.0,-1.0,0.0));
#6405=DIRECTION('',(1.0,0.0,0.0));
#6406=CARTESIAN_POINT('',(0.0032,-0.01,0.0));
#6407=DIRECTION('',(-0.784301787031006,-0.416417176151488,-0.459855892933853));
#6408=DIRECTION('',(-0.0779921561389677,-0.669185179875687,0.738991487512231));
#6409=CARTESIAN_POINT('',(0.01,-0.0032,0.0));
#6410=DIRECTION('',(-1.0,-0.0,0.0));
#6411=DIRECTION('',(0.0,-1.0,0.0));
#6412=DIRECTION('',(0.0,-0.780868895148135,0.624694940423028));
#6413=CARTESIAN_POINT('',(0.01,0.0,0.0032));
#6414=DIRECTION('',(0.0,-1.0,0.0));
#6415=DIRECTION('',(0.0,0.0,-1.0));
#6416=DIRECTION('',(-0.0,0.780868895148135,-0.624694940423028));
#6417=CARTESIAN_POINT('',(0.01,0.001777778,0.001777778));
#6418=DIRECTION('',(0.537973025511324,-0.833108234045392,0.128513400810812));
#6419=DIRECTION('',(-0.576018330085253,-0.252005004292882,0.777622248406732));
#6420=CARTESIAN_POINT('',(0.01,0.00177777799999999,0.00177777800000001));
#6421=DIRECTION('',(-0.0,0.707106781186523,-0.707106781186573));
#6422=DIRECTION('',(0.0,-0.707106781186572,-0.707106781186523));
#6423=DIRECTION('',(-0.0,-0.624694940423029,-0.780868895148135));
#6424=DIRECTION('',(0.0,0.624694940423029,0.780868895148135));
#6425=CARTESIAN_POINT('',(0.01,-0.001777778,0.001777778));
#6426=DIRECTION('',(0.537973025511322,-0.128513400810817,-0.833108234045392));
#6427=DIRECTION('',(0.576018330085254,0.777622248406733,0.252005004292877));
#6428=CARTESIAN_POINT('',(0.01,-0.00177777799999999,0.00177777800000001));
#6429=DIRECTION('',(-0.0,-0.707106781186523,-0.707106781186572));
#6430=DIRECTION('',(0.0,-0.707106781186572,0.707106781186523));
#6431=CARTESIAN_POINT('',(0.01,-0.001777778,0.001777778));
#6432=DIRECTION('',(0.537973025511328,0.83310823404539,0.12851340081081));
#6433=DIRECTION('',(-0.576018330085249,0.252005004292885,0.777622248406734));
#6434=CARTESIAN_POINT('',(0.01,-0.001777778,0.001777778));
#6435=DIRECTION('',(-1.0,0.0,-0.0));
#6436=DIRECTION('',(0.0,0.707106781186548,-0.707106781186547));
#6437=CARTESIAN_POINT('',(0.004714286,-0.004714286,0.004714286));
#6438=DIRECTION('',(0.144181781320518,0.699718376897178,-0.699718376897178));
#6439=DIRECTION('',(0.989551218449678,-0.101951915295294,0.101951915295294));
#6440=CARTESIAN_POINT('',(0.004714286,-0.004714286,0.004714286));
#6441=DIRECTION('',(-0.707106781186547,-0.707106781186548,2.45487941732486E-15));
#6442=DIRECTION('',(-0.348155267001924,0.348155267001927,0.870388315706062));
#6443=DIRECTION('',(-0.0,-0.780868895148135,-0.624694940423028));
#6444=DIRECTION('',(0.0,0.780868895148135,0.624694940423028));
#6445=CARTESIAN_POINT('',(0.01,0.0,0.0032));
#6446=DIRECTION('',(0.416417176151487,-0.459855892933852,-0.784301787031007));
#6447=DIRECTION('',(-0.669185179875688,-0.73899148751223,0.0779921561389663));
#6448=DIRECTION('',(-0.0,0.780868895148135,-0.624694940423028));
#6449=CARTESIAN_POINT('',(-0.01,0.001777778,0.001777778));
#6450=DIRECTION('',(-1.0,-0.0,0.0));
#6451=DIRECTION('',(0.0,-0.707106781186548,-0.707106781186547));
#6452=DIRECTION('',(-0.0,0.624694940423029,-0.780868895148135));
#6453=CARTESIAN_POINT('',(-0.01,0.0032,0.0));
#6454=DIRECTION('',(-1.0,0.0,0.0));
#6455=DIRECTION('',(0.0,1.0,0.0));
#6456=DIRECTION('',(0.0,-0.624694940423029,-0.780868895148135));
#6457=CARTESIAN_POINT('',(-0.01,0.001777778,-0.001777778));
#6458=DIRECTION('',(-1.0,0.0,-0.0));
#6459=DIRECTION('',(0.0,0.707106781186548,-0.707106781186547));
#6460=DIRECTION('',(-0.0,-0.780868895148135,-0.624694940423029));
#6461=CARTESIAN_POINT('',(-0.01,0.0,-0.0032));
#6462=DIRECTION('',(-1.0,-0.0,-0.0));
#6463=DIRECTION('',(0.0,0.0,-1.0));
#6464=DIRECTION('',(-0.0,-0.780868895148135,0.624694940423028));
#6465=CARTESIAN_POINT('',(-0.01,-0.001777778,-0.001777778));
#6466=DIRECTION('',(-1.0,0.0,0.0));
#6467=DIRECTION('',(0.0,0.707106781186547,0.707106781186548));
#6468=DIRECTION('',(0.0,-0.624694940423028,0.780868895148135));
#6469=CARTESIAN_POINT('',(-0.01,-0.0032,0.0));
#6470=DIRECTION('',(-1.0,-0.0,0.0));
#6471=DIRECTION('',(0.0,-1.0,0.0));
#6472=DIRECTION('',(-0.0,0.624694940423028,0.780868895148135));
#6473=CARTESIAN_POINT('',(-0.01,-0.001777778,0.001777778));
#6474=DIRECTION('',(-1.0,0.0,-0.0));
#6475=DIRECTION('',(0.0,0.707106781186547,-0.707106781186548));
#6476=DIRECTION('',(0.0,0.780868895148135,0.624694940423028));
#6477=CARTESIAN_POINT('',(-0.01,0.0,0.0032));
#6478=DIRECTION('',(-1.0,0.0,0.0));
#6479=DIRECTION('',(0.0,0.0,1.0));
#6480=DIRECTION('',(0.0,0.780868895148135,-0.624694940423028));
#6481=DIRECTION('',(0.0,0.780868895148135,0.624694940423029));
#6482=DIRECTION('',(-0.0,0.624694940423029,0.780868895148135));
#6483=DIRECTION('',(0.0,-0.624694940423029,0.780868895148135));
#6484=DIRECTION('',(0.0,-0.780868895148135,0.624694940423028));
#6485=DIRECTION('',(-0.0,-0.780868895148135,-0.624694940423028));
#6486=DIRECTION('',(0.0,-0.624694940423028,-0.780868895148135));
#6487=DIRECTION('',(-0.0,0.624694940423028,-0.780868895148135));
#6488=DIRECTION('',(-0.0,0.0,1.0));
#6489=CARTESIAN_POINT('',(-0.01,-0.01,0.01));
#6490=DIRECTION('',(0.0,-1.0,0.0));
#6491=DIRECTION('',(0.707106781186547,0.0,-0.707106781186547));
#6492=CARTESIAN_POINT('',(-0.01,0.01,0.01));
#6493=DIRECTION('',(-1.0,-0.0,0.0));
#6494=DIRECTION('',(0.0,-0.707106781186547,-0.707106781186547));
#6495=CARTESIAN_POINT('',(-0.01,0.01,0.01));
#6496=DIRECTION('',(-0.0,-1.0,0.0));
#6497=DIRECTION('',(-0.707106781186547,0.0,0.707106781186547));
#6498=CARTESIAN_POINT('',(-0.004714286,0.004714286,0.004714286));
#6499=DIRECTION('',(0.699718376897178,0.144181781320518,-0.699718376897178));
#6500=DIRECTION('',(0.101951915295294,-0.989551218449678,-0.101951915295294));
#6501=CARTESIAN_POINT('',(-0.004714286,0.004714286,0.004714286));
#6502=DIRECTION('',(-0.144181781320518,-0.699718376897178,-0.699718376897178));
#6503=DIRECTION('',(-0.989551218449678,0.101951915295294,0.101951915295294));
#6504=DIRECTION('',(0.0,-0.0,-1.0));
#6505=CARTESIAN_POINT('',(-0.0032,0.0,-0.01));
#6506=DIRECTION('',(0.784301787031006,-0.459855892933854,-0.416417176151487));
#6507=DIRECTION('',(0.0779921561389691,0.73899148751223,-0.669185179875688));
#6508=CARTESIAN_POINT('',(-0.01,-4.33680868994202E-19,-0.0032));
#6509=DIRECTION('',(0.416417176151491,0.459855892933847,-0.784301787031008));
#6510=DIRECTION('',(-0.669185179875683,0.738991487512235,0.077992156138964));
#6511=CARTESIAN_POINT('',(-0.01,-0.001777778,-0.001777778));
#6512=DIRECTION('',(-0.0,0.707106781186545,-0.70710678118655));
#6513=DIRECTION('',(0.0,-0.70710678118655,-0.707106781186545));
#6514=CARTESIAN_POINT('',(-0.01,-0.001777778,-0.001777778));
#6515=DIRECTION('',(0.537973025511323,-0.833108234045392,0.128513400810814));
#6516=DIRECTION('',(-0.576018330085255,-0.252005004292882,0.77762224840673));
#6517=CARTESIAN_POINT('',(-0.01,3.87540235659573E-19,-0.0032));
#6518=DIRECTION('',(0.0,-1.0,5.31264109747891E-16));
#6519=DIRECTION('',(0.0,5.31264109747891E-16,1.0));
#6520=CARTESIAN_POINT('',(-0.01,0.001777778,-0.001777778));
#6521=DIRECTION('',(0.537973025511325,0.833108234045392,0.128513400810812));
#6522=DIRECTION('',(-0.576018330085254,0.252005004292884,0.777622248406731));
#6523=CARTESIAN_POINT('',(-0.01,0.001777778,-0.001777778));
#6524=DIRECTION('',(0.0,-0.707106781186547,-0.707106781186548));
#6525=DIRECTION('',(0.0,0.707106781186547,-0.707106781186547));
#6526=CARTESIAN_POINT('',(-0.004714286,0.004714286,-0.004714286));
#6527=DIRECTION('',(0.14418178132051,0.699718376897179,-0.699718376897179));
#6528=DIRECTION('',(-0.989551218449679,0.101951915295289,-0.101951915295289));
#6529=CARTESIAN_POINT('',(-0.004714286,0.004714286,-0.004714286));
#6530=DIRECTION('',(0.707106781186546,-1.22743970866243E-15,-0.707106781186549));
#6531=DIRECTION('',(0.348155267001927,0.870388315706062,0.348155267001924));
#6532=CARTESIAN_POINT('',(-0.01,0.0032,0.0));
#6533=DIRECTION('',(-0.41641717615149,-0.784301787031008,-0.459855892933848));
#6534=DIRECTION('',(-0.669185179875687,-0.0779921561389619,0.738991487512231));
#6535=CARTESIAN_POINT('',(-0.01,0.0032,3.17482407204736E-20));
#6536=DIRECTION('',(-0.0,9.88091417070277E-17,-1.0));
#6537=DIRECTION('',(0.0,-1.0,-9.88091417070277E-17));
#6538=CARTESIAN_POINT('',(-0.0032,0.01,0.0));
#6539=DIRECTION('',(-0.0,-1.0,0.0));
#6540=DIRECTION('',(-1.0,0.0,0.0));
#6541=CARTESIAN_POINT('',(-0.0032,0.01,0.0));
#6542=DIRECTION('',(0.784301787031006,0.416417176151489,-0.459855892933852));
#6543=DIRECTION('',(0.0779921561389673,0.669185179875686,0.738991487512231));
#6544=CARTESIAN_POINT('',(-0.01,0.001777778,0.001777778));
#6545=DIRECTION('',(-0.537973025511322,0.128513400810817,-0.833108234045392));
#6546=DIRECTION('',(-0.576018330085254,-0.777622248406733,0.252005004292877));
#6547=CARTESIAN_POINT('',(-0.01,0.00177777799999999,0.00177777800000001));
#6548=DIRECTION('',(-0.0,0.707106781186523,-0.707106781186573));
#6549=DIRECTION('',(0.0,-0.707106781186572,-0.707106781186523));
#6550=CARTESIAN_POINT('',(-0.01,0.001777778,0.001777778));
#6551=DIRECTION('',(-0.537973025511327,-0.83310823404539,0.128513400810811));
#6552=DIRECTION('',(0.57601833008525,-0.252005004292884,0.777622248406734));
#6553=CARTESIAN_POINT('',(-0.004714286,0.004714286,0.004714286));
#6554=DIRECTION('',(-0.707106781186547,-0.707106781186547,0.0));
#6555=DIRECTION('',(-0.348155267001925,0.348155267001925,-0.870388315706063));
#6556=CARTESIAN_POINT('',(-0.004714286,0.004714286,0.004714286));
#6557=DIRECTION('',(-0.707106781186547,0.0,-0.707106781186547));
#6558=DIRECTION('',(0.348155267001925,0.870388315706063,-0.348155267001925));
#6559=CARTESIAN_POINT('',(0.01,-0.01,0.01));
#6560=DIRECTION('',(0.0,-1.0,0.0));
#6561=DIRECTION('',(0.707106781186547,0.0,0.707106781186547));
#6562=DIRECTION('',(-0.0,0.0,1.0));
#6563=DIRECTION('',(-0.780868895148135,0.0,-0.624694940423029));
#6564=CARTESIAN_POINT('',(-0.001777778,-0.01,0.001777778));
#6565=DIRECTION('',(0.0,-1.0,0.0));
#6566=DIRECTION('',(0.707106781186548,0.0,-0.707106781186547));
#6567=DIRECTION('',(-0.624694940423029,-0.0,-0.780868895148135));
#6568=CARTESIAN_POINT('',(-0.0032,-0.01,0.0));
#6569=DIRECTION('',(-0.0,-1.0,0.0));
#6570=DIRECTION('',(-1.0,0.0,0.0));
#6571=DIRECTION('',(0.624694940423028,-0.0,-0.780868895148135));
#6572=CARTESIAN_POINT('',(-0.001777778,-0.01,-0.001777778));
#6573=DIRECTION('',(-0.0,-1.0,0.0));
#6574=DIRECTION('',(-0.707106781186548,0.0,-0.707106781186547));
#6575=DIRECTION('',(0.780868895148135,0.0,-0.624694940423028));
#6576=DIRECTION('',(0.780868895148135,0.0,0.624694940423029));
#6577=CARTESIAN_POINT('',(0.001777778,-0.01,-0.001777778));
#6578=DIRECTION('',(-0.0,-1.0,0.0));
#6579=DIRECTION('',(-0.707106781186547,0.0,0.707106781186548));
#6580=DIRECTION('',(0.624694940423028,0.0,0.780868895148135));
#6581=DIRECTION('',(-0.624694940423028,-0.0,0.780868895148135));
#6582=CARTESIAN_POINT('',(0.001777778,-0.01,0.001777778));
#6583=DIRECTION('',(-0.0,-1.0,0.0));
#6584=DIRECTION('',(-0.707106781186547,0.0,-0.707106781186548));
#6585=DIRECTION('',(-0.780868895148135,0.0,0.624694940423028));
#6586=CARTESIAN_POINT('',(0.0,-0.01,0.0032));
#6587=DIRECTION('',(0.0,-1.0,0.0));
#6588=DIRECTION('',(0.0,0.0,1.0));
#6589=DIRECTION('',(-0.780868895148135,-0.0,-0.624694940423029));
#6590=DIRECTION('',(-0.780868895148135,-0.0,0.624694940423028));
#6591=DIRECTION('',(-0.624694940423028,0.0,0.780868895148135));
#6592=DIRECTION('',(0.624694940423029,0.0,0.780868895148135));
#6593=DIRECTION('',(0.780868895148135,-0.0,0.624694940423029));
#6594=DIRECTION('',(0.780868895148135,-0.0,-0.624694940423028));
#6595=DIRECTION('',(0.624694940423028,0.0,-0.780868895148135));
#6596=DIRECTION('',(-0.624694940423028,-0.0,-0.780868895148135));
#6597=CARTESIAN_POINT('',(0.00177777800000001,-0.01,-0.00177777799999999));
#6598=DIRECTION('',(-0.707106781186572,-0.0,-0.707106781186523));
#6599=DIRECTION('',(0.707106781186523,0.0,-0.707106781186572));
#6600=CARTESIAN_POINT('',(0.001777778,-0.01,-0.001777778));
#6601=DIRECTION('',(0.833108234045392,0.537973025511325,0.128513400810812));
#6602=DIRECTION('',(-0.252005004292884,0.576018330085254,-0.777622248406731));
#6603=CARTESIAN_POINT('',(-4.33680868994202E-19,-0.01,-0.0032));
#6604=DIRECTION('',(1.0,0.0,-1.94024056482236E-15));
#6605=DIRECTION('',(-1.94024056482236E-15,0.0,-1.0));
#6606=CARTESIAN_POINT('',(-0.001777778,-0.01,-0.001777778));
#6607=DIRECTION('',(-0.833108234045392,0.537973025511323,0.128513400810813));
#6608=DIRECTION('',(0.252005004292882,0.576018330085255,-0.777622248406731));
#6609=CARTESIAN_POINT('',(-0.001777778,-0.01,-0.001777778));
#6610=DIRECTION('',(0.707106781186547,0.0,-0.707106781186547));
#6611=DIRECTION('',(0.707106781186547,0.0,0.707106781186547));
#6612=CARTESIAN_POINT('',(-0.004714286,-0.004714286,-0.004714286));
#6613=DIRECTION('',(1.22743970866243E-15,0.707106781186546,-0.707106781186549));
#6614=DIRECTION('',(-0.870388315706062,0.348155267001927,0.348155267001924));
#6615=CARTESIAN_POINT('',(-0.0032,-0.01,0.0));
#6616=DIRECTION('',(0.784301787031008,-0.416417176151491,-0.459855892933847));
#6617=DIRECTION('',(0.0779921561389614,-0.669185179875686,0.738991487512232));
#6618=CARTESIAN_POINT('',(-0.0032,-0.01,3.87540235659573E-19));
#6619=DIRECTION('',(5.31264109747891E-16,0.0,-1.0));
#6620=DIRECTION('',(1.0,0.0,5.31264109747891E-16));
#6621=CARTESIAN_POINT('',(-0.01,-0.0032,0.0));
#6622=DIRECTION('',(-0.416417176151488,0.784301787031006,-0.459855892933853));
#6623=DIRECTION('',(-0.669185179875687,0.0779921561389677,0.738991487512231));
#6624=CARTESIAN_POINT('',(-0.001777778,-0.01,0.001777778));
#6625=DIRECTION('',(-0.128513400810817,-0.537973025511322,-0.833108234045392));
#6626=DIRECTION('',(0.777622248406733,-0.576018330085254,0.252005004292877));
#6627=CARTESIAN_POINT('',(-0.001777778,-0.01,0.001777778));
#6628=DIRECTION('',(-0.707106781186548,0.0,-0.707106781186547));
#6629=DIRECTION('',(-0.707106781186547,0.0,0.707106781186547));
#6630=CARTESIAN_POINT('',(-0.001777778,-0.01,0.001777778));
#6631=DIRECTION('',(0.833108234045393,-0.537973025511322,0.128513400810817));
#6632=DIRECTION('',(0.252005004292877,0.576018330085254,0.777622248406733));
#6633=CARTESIAN_POINT('',(-0.004714286,-0.004714286,0.004714286));
#6634=DIRECTION('',(0.699718376897178,-0.144181781320518,-0.699718376897178));
#6635=DIRECTION('',(-0.101951915295294,-0.989551218449678,0.101951915295294));
#6636=CARTESIAN_POINT('',(-0.004714286,-0.004714286,0.004714286));
#6637=DIRECTION('',(0.707106781186549,-0.707106781186546,3.6823191259873E-15));
#6638=DIRECTION('',(0.348155267001922,0.348155267001928,0.870388315706063));
#6639=CARTESIAN_POINT('',(-0.01,-0.01,0.01));
#6640=DIRECTION('',(-1.0,-0.0,0.0));
#6641=DIRECTION('',(0.0,-0.707106781186547,0.707106781186547));
#6642=CARTESIAN_POINT('',(-0.004714286,-0.004714286,0.004714286));
#6643=DIRECTION('',(-0.144181781320511,0.699718376897179,-0.699718376897179));
#6644=DIRECTION('',(0.989551218449679,0.101951915295289,-0.101951915295289));
#6645=DIRECTION('',(0.624694940423028,-0.0,-0.780868895148135));
#6646=DIRECTION('',(-0.624694940423029,-0.0,-0.780868895148135));
#6647=CARTESIAN_POINT('',(-0.001777778,0.01,0.001777778));
#6648=DIRECTION('',(-0.0,-1.0,0.0));
#6649=DIRECTION('',(-0.707106781186548,0.0,0.707106781186547));
#6650=DIRECTION('',(-0.780868895148135,0.0,-0.624694940423029));
#6651=CARTESIAN_POINT('',(0.0,0.01,0.0032));
#6652=DIRECTION('',(0.0,-1.0,0.0));
#6653=DIRECTION('',(0.0,0.0,-1.0));
#6654=DIRECTION('',(-0.780868895148135,-0.0,0.624694940423029));
#6655=CARTESIAN_POINT('',(0.001777778,0.01,0.001777778));
#6656=DIRECTION('',(0.0,-1.0,0.0));
#6657=DIRECTION('',(0.707106781186548,0.0,0.707106781186547));
#6658=DIRECTION('',(-0.624694940423028,-0.0,0.780868895148135));
#6659=CARTESIAN_POINT('',(0.0032,0.01,0.0));
#6660=DIRECTION('',(-0.0,-1.0,0.0));
#6661=DIRECTION('',(-1.0,0.0,0.0));
#6662=DIRECTION('',(0.624694940423028,0.0,0.780868895148135));
#6663=CARTESIAN_POINT('',(0.001777778,0.01,-0.001777778));
#6664=DIRECTION('',(-0.0,-1.0,0.0));
#6665=DIRECTION('',(-0.707106781186548,0.0,0.707106781186547));
#6666=DIRECTION('',(0.780868895148135,0.0,0.624694940423029));
#6667=CARTESIAN_POINT('',(0.0,0.01,-0.0032));
#6668=DIRECTION('',(0.0,-1.0,0.0));
#6669=DIRECTION('',(0.0,0.0,1.0));
#6670=DIRECTION('',(0.780868895148135,0.0,-0.624694940423028));
#6671=CARTESIAN_POINT('',(-0.001777778,0.01,-0.001777778));
#6672=DIRECTION('',(0.0,-1.0,0.0));
#6673=DIRECTION('',(0.707106781186547,0.0,0.707106781186548));
#6674=DIRECTION('',(0.624694940423028,0.0,-0.780868895148135));
#6675=DIRECTION('',(0.780868895148135,0.0,-0.624694940423029));
#6676=DIRECTION('',(0.780868895148135,-0.0,0.624694940423029));
#6677=DIRECTION('',(0.624694940423029,0.0,0.780868895148135));
#6678=DIRECTION('',(-0.624694940423028,0.0,0.780868895148135));
#6679=DIRECTION('',(-0.780868895148135,-0.0,0.624694940423028));
#6680=DIRECTION('',(-0.780868895148135,-0.0,-0.624694940423029));
#6681=DIRECTION('',(-0.624694940423028,-0.0,-0.780868895148135));
#6682=CARTESIAN_POINT('',(-0.0032,0.0,-0.01));
#6683=DIRECTION('',(0.0,-1.0,0.0));
#6684=DIRECTION('',(1.0,0.0,0.0));
#6685=CARTESIAN_POINT('',(-0.001777778,0.001777778,-0.01));
#6686=DIRECTION('',(-0.70710678118655,-0.707106781186545,0.0));
#6687=DIRECTION('',(-0.707106781186545,0.70710678118655,0.0));
#6688=CARTESIAN_POINT('',(-0.001777778,0.001777778,-0.01));
#6689=DIRECTION('',(-0.128513400810813,-0.833108234045393,-0.537973025511323));
#6690=DIRECTION('',(0.777622248406732,0.252005004292881,-0.576018330085253));
#6691=CARTESIAN_POINT('',(0.0,0.0032,-0.01));
#6692=DIRECTION('',(1.0,-6.74866283416471E-16,0.0));
#6693=DIRECTION('',(6.74866283416471E-16,1.0,0.0));
#6694=CARTESIAN_POINT('',(0.0,0.0032,-0.01));
#6695=DIRECTION('',(-0.459855892933849,-0.784301787031008,-0.416417176151489));
#6696=DIRECTION('',(-0.738991487512231,0.077992156138963,0.669185179875687));
#6697=CARTESIAN_POINT('',(-0.001777778,0.001777778,-0.01));
#6698=DIRECTION('',(0.833108234045392,0.128513400810812,-0.537973025511324));
#6699=DIRECTION('',(0.252005004292882,0.777622248406732,0.576018330085253));
#6700=CARTESIAN_POINT('',(-0.004714286,0.004714286,-0.004714286));
#6701=DIRECTION('',(0.699718376897178,-0.699718376897178,-0.144181781320517));
#6702=DIRECTION('',(0.101951915295294,-0.101951915295294,0.989551218449678));
#6703=CARTESIAN_POINT('',(-0.004714286,0.004714286,-0.004714286));
#6704=DIRECTION('',(-0.699718376897179,-0.144181781320507,-0.699718376897179));
#6705=DIRECTION('',(0.101951915295287,-0.98955121844968,0.101951915295287));
#6706=CARTESIAN_POINT('',(-0.001777778,0.01,-0.001777778));
#6707=DIRECTION('',(-0.833108234045393,-0.537973025511323,0.128513400810814));
#6708=DIRECTION('',(0.252005004292881,-0.576018330085255,-0.77762224840673));
#6709=CARTESIAN_POINT('',(0.01,0.001777778,-0.001777778));
#6710=DIRECTION('',(-1.0,0.0,-0.0));
#6711=DIRECTION('',(0.0,0.707106781186548,-0.707106781186547));
#6712=CARTESIAN_POINT('',(0.01,0.001777778,-0.001777778));
#6713=DIRECTION('',(-0.537973025511324,0.833108234045392,0.128513400810813));
#6714=DIRECTION('',(0.576018330085255,0.252005004292883,0.77762224840673));
#6715=DIRECTION('',(-0.0,0.780868895148135,-0.624694940423029));
#6716=CARTESIAN_POINT('',(0.01,3.17482407204736E-20,-0.0032));
#6717=DIRECTION('',(-0.0,-1.0,-9.88091417070277E-17));
#6718=DIRECTION('',(0.0,-9.88091417070277E-17,1.0));
#6719=DIRECTION('',(0.0,-0.780868895148135,0.624694940423029));
#6720=CARTESIAN_POINT('',(-0.001777778,0.01,-0.001777778));
#6721=DIRECTION('',(0.707106781186547,0.0,-0.707106781186547));
#6722=DIRECTION('',(0.707106781186547,0.0,0.707106781186547));
#6723=CARTESIAN_POINT('',(1.0842021724855E-18,0.01,-0.0032));
#6724=DIRECTION('',(0.459855892933851,-0.416417176151486,-0.784301787031008));
#6725=DIRECTION('',(-0.738991487512232,-0.669185179875685,-0.0779921561389693));
#6726=CARTESIAN_POINT('',(3.24043754218626E-19,0.01,-0.0032));
#6727=DIRECTION('',(-1.0,-0.0,3.33645826333836E-16));
#6728=DIRECTION('',(-3.33645826333836E-16,0.0,-1.0));
#6729=CARTESIAN_POINT('',(0.001777778,0.01,-0.001777778));
#6730=DIRECTION('',(0.833108234045392,-0.537973025511324,0.128513400810813));
#6731=DIRECTION('',(-0.252005004292883,-0.576018330085255,-0.77762224840673));
#6732=CARTESIAN_POINT('',(0.00177777800000001,0.01,-0.00177777799999999));
#6733=DIRECTION('',(-0.707106781186572,-0.0,-0.707106781186523));
#6734=DIRECTION('',(0.707106781186523,0.0,-0.707106781186572));
#6735=DIRECTION('',(0.0,0.780868895148135,0.624694940423029));
#6736=CARTESIAN_POINT('',(0.01,0.001777778,-0.001777778));
#6737=DIRECTION('',(0.0,-0.707106781186547,-0.707106781186548));
#6738=DIRECTION('',(0.0,0.707106781186547,-0.707106781186547));
#6739=DIRECTION('',(-0.0,-0.780868895148135,-0.624694940423029));
#6740=CARTESIAN_POINT('',(0.0032,0.01,0.0));
#6741=DIRECTION('',(-0.784301787031005,0.416417176151487,-0.459855892933856));
#6742=DIRECTION('',(0.0779921561389715,-0.669185179875687,-0.73899148751223));
#6743=CARTESIAN_POINT('',(0.0032,0.01,0.0));
#6744=DIRECTION('',(0.0,0.0,-1.0));
#6745=DIRECTION('',(-1.0,0.0,0.0));
#6746=CARTESIAN_POINT('',(0.0032,-0.01,0.0));
#6747=DIRECTION('',(0.0,0.0,-1.0));
#6748=DIRECTION('',(-1.0,0.0,0.0));
#6749=CARTESIAN_POINT('',(0.001777778,-0.01,0.001777778));
#6750=DIRECTION('',(0.70710678118655,0.0,-0.707106781186545));
#6751=DIRECTION('',(0.707106781186545,0.0,0.70710678118655));
#6752=CARTESIAN_POINT('',(0.001777778,-0.01,0.001777778));
#6753=DIRECTION('',(0.128513400810813,-0.537973025511323,-0.833108234045393));
#6754=DIRECTION('',(-0.777622248406732,-0.576018330085253,0.252005004292881));
#6755=CARTESIAN_POINT('',(-0.01,-0.0032,0.0));
#6756=DIRECTION('',(0.0,0.0,-1.0));
#6757=DIRECTION('',(0.0,1.0,0.0));
#6758=CARTESIAN_POINT('',(-0.01,-0.001777778,0.001777778));
#6759=DIRECTION('',(0.0,-0.70710678118655,-0.707106781186545));
#6760=DIRECTION('',(0.0,-0.707106781186545,0.70710678118655));
#6761=CARTESIAN_POINT('',(-0.01,-0.001777778,0.001777778));
#6762=DIRECTION('',(-0.537973025511323,-0.128513400810813,-0.833108234045393));
#6763=DIRECTION('',(-0.576018330085253,0.777622248406732,0.252005004292881));
#6764=CARTESIAN_POINT('',(0.01,0.0032,0.0));
#6765=DIRECTION('',(-1.0,-0.0,0.0));
#6766=DIRECTION('',(0.0,-1.0,0.0));
#6767=CARTESIAN_POINT('',(0.01,0.0032,0.0));
#6768=DIRECTION('',(0.416417176151491,-0.784301787031008,-0.459855892933847));
#6769=DIRECTION('',(-0.669185179875686,0.0779921561389611,-0.738991487512232));
#6770=DIRECTION('',(-0.0,0.624694940423029,0.780868895148135));
#6771=CARTESIAN_POINT('',(0.01,0.0032,3.17482407204736E-20));
#6772=DIRECTION('',(-0.0,9.88091417070277E-17,-1.0));
#6773=DIRECTION('',(0.0,-1.0,-9.88091417070277E-17));
#6774=DIRECTION('',(0.0,-0.624694940423029,-0.780868895148135));
#6775=DIRECTION('',(0.0,-0.624694940423029,0.780868895148135));
#6776=CARTESIAN_POINT('',(0.01,0.001777778,0.001777778));
#6777=DIRECTION('',(0.537973025511323,0.128513400810814,-0.833108234045393));
#6778=DIRECTION('',(0.576018330085254,-0.777622248406732,0.25200500429288));
#6779=DIRECTION('',(-0.0,0.624694940423029,-0.780868895148135));
#6780=CARTESIAN_POINT('',(4.33680868994202E-19,-0.01,0.0032));
#6781=DIRECTION('',(-1.0,0.0,1.94024056482236E-15));
#6782=DIRECTION('',(1.94024056482236E-15,0.0,1.0));
#6783=CARTESIAN_POINT('',(0.001777778,-0.01,0.001777778));
#6784=DIRECTION('',(-0.833108234045392,-0.537973025511324,0.128513400810812));
#6785=DIRECTION('',(-0.252005004292882,0.576018330085253,0.777622248406732));
#6786=CARTESIAN_POINT('',(-0.01,0.0,0.0032));
#6787=DIRECTION('',(0.0,1.0,-6.74866283416471E-16));
#6788=DIRECTION('',(0.0,6.74866283416471E-16,1.0));
#6789=CARTESIAN_POINT('',(-0.01,0.0,0.0032));
#6790=DIRECTION('',(-0.416417176151488,-0.459855892933853,-0.784301787031006));
#6791=DIRECTION('',(-0.669185179875687,0.738991487512231,-0.0779921561389677));
#6792=CARTESIAN_POINT('',(-0.01,-0.001777778,0.001777778));
#6793=DIRECTION('',(-0.537973025511324,0.833108234045392,0.128513400810812));
#6794=DIRECTION('',(0.576018330085253,0.252005004292882,0.777622248406732));
#6795=CARTESIAN_POINT('',(0.001777778,0.01,0.001777778));
#6796=DIRECTION('',(0.128513400810813,0.537973025511323,-0.833108234045392));
#6797=DIRECTION('',(0.777622248406732,-0.576018330085253,-0.252005004292882));
#6798=CARTESIAN_POINT('',(0.001777778,0.01,0.001777778));
#6799=DIRECTION('',(0.707106781186537,0.0,-0.707106781186558));
#6800=DIRECTION('',(-0.707106781186558,0.0,-0.707106781186537));
#6801=CARTESIAN_POINT('',(0.0,-0.01,0.0032));
#6802=DIRECTION('',(-0.459855892933848,-0.41641717615149,-0.784301787031008));
#6803=DIRECTION('',(0.738991487512231,-0.669185179875687,-0.0779921561389622));
#6804=CARTESIAN_POINT('',(4.33680868994202E-19,-0.0032,0.01));
#6805=DIRECTION('',(0.45985589293385,-0.784301787031008,-0.416417176151488));
#6806=DIRECTION('',(0.738991487512232,0.0779921561389676,0.669185179875685));
#6807=CARTESIAN_POINT('',(0.004714286,-0.004714286,0.004714286));
#6808=DIRECTION('',(-0.699718376897179,-0.144181781320511,-0.699718376897179));
#6809=DIRECTION('',(-0.101951915295289,0.989551218449679,-0.101951915295289));
#6810=CARTESIAN_POINT('',(0.004714286,0.004714286,0.004714286));
#6811=DIRECTION('',(0.707106781186546,3.77324058588821E-15,-0.707106781186549));
#6812=DIRECTION('',(0.348155267001928,-0.870388315706063,0.348155267001922));
#6813=CARTESIAN_POINT('',(0.004714286,0.004714286,0.004714286));
#6814=DIRECTION('',(-0.707106781186545,0.70710678118655,-3.0913296366313E-15));
#6815=DIRECTION('',(-0.348155267001929,-0.348155267001923,0.870388315706062));
#6816=CARTESIAN_POINT('',(0.004714286,0.004714286,0.004714286));
#6817=DIRECTION('',(0.144181781320518,-0.699718376897178,-0.699718376897178));
#6818=DIRECTION('',(0.989551218449678,0.101951915295294,0.101951915295294));
#6819=CARTESIAN_POINT('',(0.01,0.001777778,0.001777778));
#6820=DIRECTION('',(-1.0,-0.0,0.0));
#6821=DIRECTION('',(0.0,-0.707106781186547,-0.707106781186548));
#6822=CARTESIAN_POINT('',(-0.001777778,-0.001777778,0.01));
#6823=DIRECTION('',(-0.833108234045393,0.128513400810813,-0.537973025511323));
#6824=DIRECTION('',(-0.252005004292882,0.777622248406731,0.576018330085254));
#6825=CARTESIAN_POINT('',(-0.001777778,-0.001777778,0.01));
#6826=DIRECTION('',(0.707106781186545,-0.70710678118655,-0.0));
#6827=DIRECTION('',(-0.70710678118655,-0.707106781186545,0.0));
#6828=CARTESIAN_POINT('',(-0.0032,-4.33680868994202E-19,0.01));
#6829=DIRECTION('',(-0.784301787031008,0.459855892933847,-0.416417176151491));
#6830=DIRECTION('',(-0.0779921561389638,-0.738991487512234,-0.669185179875683));
#6831=CARTESIAN_POINT('',(-0.0032,3.24043754218626E-19,0.01));
#6832=DIRECTION('',(3.33645826333836E-16,-1.0,-0.0));
#6833=DIRECTION('',(-1.0,-3.33645826333836E-16,0.0));
#6834=CARTESIAN_POINT('',(-0.001777778,0.001777778,0.01));
#6835=DIRECTION('',(0.128513400810813,0.833108234045392,-0.537973025511324));
#6836=DIRECTION('',(-0.77762224840673,-0.252005004292883,-0.576018330085255));
#6837=CARTESIAN_POINT('',(-0.00177777799999999,0.00177777800000001,0.01));
#6838=DIRECTION('',(-0.707106781186523,-0.707106781186572,-0.0));
#6839=DIRECTION('',(-0.707106781186572,0.707106781186523,0.0));
#6840=CARTESIAN_POINT('',(-0.001777778,0.001777778,0.01));
#6841=DIRECTION('',(-0.833108234045392,-0.128513400810812,-0.537973025511325));
#6842=DIRECTION('',(0.252005004292884,0.777622248406731,-0.576018330085254));
#6843=CARTESIAN_POINT('',(-0.004714286,0.004714286,0.004714286));
#6844=DIRECTION('',(-4.54607299504603E-17,0.707106781186548,-0.707106781186548));
#6845=DIRECTION('',(0.870388315706063,0.348155267001924,0.348155267001924));
#6846=CARTESIAN_POINT('',(6.50521303491303E-19,0.0032,0.01));
#6847=DIRECTION('',(0.459855892933851,0.784301787031007,-0.416417176151487));
#6848=DIRECTION('',(-0.738991487512232,0.0779921561389677,-0.669185179875686));
#6849=CARTESIAN_POINT('',(0.0,0.0032,0.01));
#6850=DIRECTION('',(-1.0,0.0,0.0));
#6851=DIRECTION('',(0.0,-1.0,0.0));
#6852=CARTESIAN_POINT('',(0.001777778,0.001777778,0.01));
#6853=DIRECTION('',(0.833108234045392,-0.128513400810812,-0.537973025511325));
#6854=DIRECTION('',(0.252005004292884,-0.777622248406731,0.576018330085254));
#6855=CARTESIAN_POINT('',(0.00177777799999999,0.00177777800000001,0.01));
#6856=DIRECTION('',(0.707106781186523,-0.707106781186573,-0.0));
#6857=DIRECTION('',(-0.707106781186572,-0.707106781186523,0.0));
#6858=CARTESIAN_POINT('',(-0.0032,0.01,3.87540235659573E-19));
#6859=DIRECTION('',(5.31264109747891E-16,0.0,-1.0));
#6860=DIRECTION('',(1.0,0.0,5.31264109747891E-16));
#6861=CARTESIAN_POINT('',(-0.001777778,0.01,0.001777778));
#6862=DIRECTION('',(-0.707106781186548,0.0,-0.707106781186547));
#6863=DIRECTION('',(-0.707106781186547,0.0,0.707106781186547));
#6864=CARTESIAN_POINT('',(-0.001777778,0.01,0.001777778));
#6865=DIRECTION('',(-0.128513400810817,0.537973025511322,-0.833108234045392));
#6866=DIRECTION('',(-0.777622248406733,-0.576018330085254,-0.252005004292877));
#6867=CARTESIAN_POINT('',(-0.001777778,0.01,0.001777778));
#6868=DIRECTION('',(0.833108234045393,0.537973025511322,0.128513400810817));
#6869=DIRECTION('',(-0.252005004292877,0.576018330085254,-0.777622248406733));
#6870=CARTESIAN_POINT('',(3.17482407204736E-20,0.01,0.0032));
#6871=DIRECTION('',(-1.0,-0.0,9.88091417070277E-17));
#6872=DIRECTION('',(-9.88091417070277E-17,0.0,-1.0));
#6873=CARTESIAN_POINT('',(0.0,0.01,0.0032));
#6874=DIRECTION('',(-0.459855892933847,0.416417176151491,-0.784301787031008));
#6875=DIRECTION('',(-0.738991487512232,-0.669185179875687,0.0779921561389611));
#6876=CARTESIAN_POINT('',(0.001777778,0.01,0.001777778));
#6877=DIRECTION('',(-0.833108234045391,0.537973025511326,0.128513400810811));
#6878=DIRECTION('',(0.252005004292884,0.576018330085251,-0.777622248406733));
#6879=CARTESIAN_POINT('',(0.004714286,0.004714286,0.004714286));
#6880=DIRECTION('',(-0.699718376897178,0.144181781320521,-0.699718376897178));
#6881=DIRECTION('',(-0.101951915295296,-0.989551218449678,-0.101951915295296));
#6882=CARTESIAN_POINT('',(0.004714286,0.004714286,0.004714286));
#6883=DIRECTION('',(4.54607299504603E-17,0.707106781186548,-0.707106781186548));
#6884=DIRECTION('',(0.870388315706063,-0.348155267001924,-0.348155267001924));
#6885=CARTESIAN_POINT('',(0.01,0.01,0.01));
#6886=DIRECTION('',(0.0,-1.0,0.0));
#6887=DIRECTION('',(0.707106781186547,0.0,0.707106781186547));
#6888=CARTESIAN_POINT('',(0.01,0.01,0.01));
#6889=DIRECTION('',(-1.0,-0.0,0.0));
#6890=DIRECTION('',(0.0,-0.707106781186547,-0.707106781186547));
#6891=CARTESIAN_POINT('',(0.01,0.0,0.0032));
#6892=DIRECTION('',(-1.0,-0.0,-0.0));
#6893=DIRECTION('',(0.0,0.0,-1.0));
#6894=DIRECTION('',(0.0,-0.0,-1.0));
#6895=CARTESIAN_POINT('',(0.01,-0.01,0.01));
#6896=DIRECTION('',(-1.0,0.0,-0.0));
#6897=DIRECTION('',(0.0,0.707106781186547,-0.707106781186547));
#6898=CARTESIAN_POINT('',(0.001777778,-0.001777778,0.01));
#6899=DIRECTION('',(-0.707106781186547,-0.707106781186547,-0.0));
#6900=DIRECTION('',(-0.707106781186547,0.707106781186547,0.0));
#6901=CARTESIAN_POINT('',(0.001777778,-0.001777778,0.01));
#6902=DIRECTION('',(0.833108234045393,0.128513400810814,-0.537973025511323));
#6903=DIRECTION('',(-0.252005004292881,-0.77762224840673,-0.576018330085255));
#6904=CARTESIAN_POINT('',(0.0,-0.0032,0.01));
#6905=DIRECTION('',(-1.0,6.74866283416471E-16,0.0));
#6906=DIRECTION('',(-6.74866283416471E-16,-1.0,0.0));
#6907=CARTESIAN_POINT('',(0.0032,3.87540235659573E-19,0.01));
#6908=DIRECTION('',(-5.31264109747891E-16,-1.0,0.0));
#6909=DIRECTION('',(-1.0,5.31264109747891E-16,0.0));
#6910=CARTESIAN_POINT('',(0.0032,4.33680868994202E-19,0.01));
#6911=DIRECTION('',(0.784301787031008,0.459855892933846,-0.416417176151491));
#6912=DIRECTION('',(-0.0779921561389638,0.738991487512235,0.669185179875683));
#6913=CARTESIAN_POINT('',(0.001777778,0.001777778,0.01));
#6914=DIRECTION('',(-0.128513400810813,0.833108234045392,-0.537973025511324));
#6915=DIRECTION('',(-0.77762224840673,0.252005004292883,0.576018330085255));
#6916=PRESENTATION_LAYER_ASSIGNMENT('9','\X2\56FE5C42\X0\0',(#25));
ENDSEC;
END-ISO-10303-21;
