ISO-10303-21;
HEADER;
FILE_DESCRIPTION(('STEP AP214'),'1');
FILE_NAME('8.stp','2025-01-06T02:26:34',(' '),(' '),'Spatial InterOp 3D',' ',' ');
FILE_SCHEMA(('AUTOMOTIVE_DESIGN { 1 0 10303 214 1 1 1 1 }'));
ENDSEC;
DATA;
#1=MECHANICAL_DESIGN_GEOMETRIC_PRESENTATION_REPRESENTATION(' ',(#10),#6);
#2=PRODUCT_DEFINITION_CONTEXT('',#11,'design');
#3=APPLICATION_PROTOCOL_DEFINITION('INTERNATIONAL STANDARD','automotive_design',1994,#11);
#4=PRODUCT_CATEGORY_RELATIONSHIP('NONE','NONE',#12,#13);
#5=SHAPE_DEFINITION_REPRESENTATION(#14,#15);
#6= (GEOMETRIC_REPRESENTATION_CONTEXT(3)GLOBAL_UNCERTAINTY_ASSIGNED_CONTEXT((#18))GLOBAL_UNIT_ASSIGNED_CONTEXT((#20,#21,#22))REPRESENTATION_CONTEXT('NONE','WORKSPACE'));
#10=STYLED_ITEM('',(#24),#25);
#11=APPLICATION_CONTEXT(' ');
#12=PRODUCT_CATEGORY('part','NONE');
#13=PRODUCT_RELATED_PRODUCT_CATEGORY('detail',' ',(#26));
#14=PRODUCT_DEFINITION_SHAPE('NONE','NONE',#27);
#15=ADVANCED_BREP_SHAPE_REPRESENTATION('\X2\5B9E4F53\X0\222',(#25,#28),#6);
#18=UNCERTAINTY_MEASURE_WITH_UNIT(LENGTH_MEASURE(1.0E-08),#20,'','');
#20= (CONVERSION_BASED_UNIT('METRE',#31)LENGTH_UNIT()NAMED_UNIT(#34));
#21= (NAMED_UNIT(#36)PLANE_ANGLE_UNIT()SI_UNIT($,.RADIAN.));
#22= (NAMED_UNIT(#36)SOLID_ANGLE_UNIT()SI_UNIT($,.STERADIAN.));
#24=PRESENTATION_STYLE_ASSIGNMENT((#42));
#25=MANIFOLD_SOLID_BREP('\X2\5B9E4F53\X0\222',#43);
#26=PRODUCT('\X2\5B9E4F53\X0\222','','PART--DESC',(#44));
#27=PRODUCT_DEFINITION('','NONE',#45,#2);
#28=AXIS2_PLACEMENT_3D('',#46,#47,#48);
#31=LENGTH_MEASURE_WITH_UNIT(LENGTH_MEASURE(1.0),#49);
#34=DIMENSIONAL_EXPONENTS(1.0,0.0,0.0,0.0,0.0,0.0,0.0);
#36=DIMENSIONAL_EXPONENTS(0.0,0.0,0.0,0.0,0.0,0.0,0.0);
#42=SURFACE_STYLE_USAGE(.BOTH.,#50);
#43=CLOSED_SHELL('',(#51,#52,#53,#54,#55,#56,#57,#58,#59,#60,#61,#62,#63,#64,#65,#66,#67,#68,#69,#70,#71,#72,#73,#74,#75,#76,#77,#78,#79,#80,#81,#82,#83,#84,#85,#86,#87,#88,#89,#90,#91,#92,#93,#94,#95,#96,#97,#98,#99,#100,#101,#102));
#44=PRODUCT_CONTEXT('',#11,'mechanical');
#45=PRODUCT_DEFINITION_FORMATION_WITH_SPECIFIED_SOURCE(' ','NONE',#26,.NOT_KNOWN.);
#46=CARTESIAN_POINT('',(0.0,0.0,0.0));
#47=DIRECTION('',(0.0,0.0,1.0));
#48=DIRECTION('',(1.0,0.0,0.0));
#49= (NAMED_UNIT(#34)LENGTH_UNIT()SI_UNIT($,.METRE.));
#50=SURFACE_SIDE_STYLE('',(#104));
#51=ADVANCED_FACE('2:13195',(#105),#106,.T.);
#52=ADVANCED_FACE('2:13235',(#107),#108,.T.);
#53=ADVANCED_FACE('2:11488',(#109),#110,.T.);
#54=ADVANCED_FACE('2:1369',(#111),#112,.T.);
#55=ADVANCED_FACE('2:1144',(#113),#114,.T.);
#56=ADVANCED_FACE('2:1054',(#115),#116,.T.);
#57=ADVANCED_FACE('2:1099',(#117),#118,.T.);
#58=ADVANCED_FACE('2:1009',(#119),#120,.T.);
#59=ADVANCED_FACE('2:424',(#121),#122,.T.);
#60=ADVANCED_FACE('2:11448',(#123),#124,.T.);
#61=ADVANCED_FACE('2:12028',(#125),#126,.T.);
#62=ADVANCED_FACE('2:12041',(#127),#128,.T.);
#63=ADVANCED_FACE('2:13208',(#129),#130,.T.);
#64=ADVANCED_FACE('2:13248',(#131),#132,.T.);
#65=ADVANCED_FACE('2:13178',(#133,#134),#135,.F.);
#66=ADVANCED_FACE('2:13175',(#136),#137,.F.);
#67=ADVANCED_FACE('2:13298',(#138,#139),#140,.F.);
#68=ADVANCED_FACE('2:13268',(#141,#142),#143,.F.);
#69=ADVANCED_FACE('2:13248',(#144),#145,.T.);
#70=ADVANCED_FACE('2:13228',(#146),#147,.T.);
#71=ADVANCED_FACE('2:13208',(#148),#149,.T.);
#72=ADVANCED_FACE('2:13188',(#150),#151,.T.);
#73=ADVANCED_FACE('2:11971',(#152),#153,.F.);
#74=ADVANCED_FACE('2:12081',(#154,#155),#156,.T.);
#75=ADVANCED_FACE('2:13275',(#157,#158),#159,.T.);
#76=ADVANCED_FACE('2:12041',(#160),#161,.T.);
#77=ADVANCED_FACE('2:12021',(#162),#163,.T.);
#78=ADVANCED_FACE('2:11374',(#164),#165,.T.);
#79=ADVANCED_FACE('2:13285',(#166,#167),#168,.T.);
#80=ADVANCED_FACE('2:10904',(#169),#170,.T.);
#81=ADVANCED_FACE('2:11458',(#171),#172,.T.);
#82=ADVANCED_FACE('2:12028',(#173),#174,.T.);
#83=ADVANCED_FACE('2:9669',(#175),#176,.F.);
#84=ADVANCED_FACE('2:11448',(#177),#178,.T.);
#85=ADVANCED_FACE('2:9082',(#179),#180,.T.);
#86=ADVANCED_FACE('2:13255',(#181),#182,.T.);
#87=ADVANCED_FACE('2:12008',(#183),#184,.T.);
#88=ADVANCED_FACE('2:424',(#185),#186,.T.);
#89=ADVANCED_FACE('2:12048',(#187),#188,.T.);
#90=ADVANCED_FACE('2:1009',(#189),#190,.T.);
#91=ADVANCED_FACE('2:1099',(#191),#192,.T.);
#92=ADVANCED_FACE('2:1054',(#193),#194,.T.);
#93=ADVANCED_FACE('2:1144',(#195),#196,.T.);
#94=ADVANCED_FACE('2:1369',(#197),#198,.T.);
#95=ADVANCED_FACE('2:10841',(#199),#200,.T.);
#96=ADVANCED_FACE('2:11428',(#201),#202,.T.);
#97=ADVANCED_FACE('2:11488',(#203),#204,.T.);
#98=ADVANCED_FACE('2:13215',(#205),#206,.T.);
#99=ADVANCED_FACE('2:13235',(#207),#208,.T.);
#100=ADVANCED_FACE('2:10827',(#209),#210,.T.);
#101=ADVANCED_FACE('2:13195',(#211),#212,.T.);
#102=ADVANCED_FACE('2:11481',(#213),#214,.T.);
#104=SURFACE_STYLE_FILL_AREA(#215);
#105=FACE_OUTER_BOUND('',#216,.T.);
#106=CYLINDRICAL_SURFACE('',#217,0.000313800000000001);
#107=FACE_OUTER_BOUND('',#218,.T.);
#108=CYLINDRICAL_SURFACE('',#219,0.000313800000000001);
#109=FACE_OUTER_BOUND('',#220,.T.);
#110=CYLINDRICAL_SURFACE('',#221,0.000313800000000001);
#111=FACE_OUTER_BOUND('',#222,.T.);
#112=CYLINDRICAL_SURFACE('',#223,0.0003138);
#113=FACE_OUTER_BOUND('',#224,.T.);
#114=CYLINDRICAL_SURFACE('',#225,0.0003138);
#115=FACE_OUTER_BOUND('',#226,.T.);
#116=CYLINDRICAL_SURFACE('',#227,0.0003138);
#117=FACE_OUTER_BOUND('',#228,.T.);
#118=CYLINDRICAL_SURFACE('',#229,0.0003138);
#119=FACE_OUTER_BOUND('',#230,.T.);
#120=CYLINDRICAL_SURFACE('',#231,0.0003138);
#121=FACE_OUTER_BOUND('',#232,.T.);
#122=CYLINDRICAL_SURFACE('',#233,0.0003138);
#123=FACE_OUTER_BOUND('',#234,.T.);
#124=CYLINDRICAL_SURFACE('',#235,0.0003138);
#125=FACE_OUTER_BOUND('',#236,.T.);
#126=CYLINDRICAL_SURFACE('',#237,0.000313800000000001);
#127=FACE_OUTER_BOUND('',#238,.T.);
#128=CYLINDRICAL_SURFACE('',#239,0.000313800000000001);
#129=FACE_OUTER_BOUND('',#240,.T.);
#130=CYLINDRICAL_SURFACE('',#241,0.0003138);
#131=FACE_OUTER_BOUND('',#242,.T.);
#132=CYLINDRICAL_SURFACE('',#243,0.000313800000000001);
#133=FACE_BOUND('',#244,.T.);
#134=FACE_OUTER_BOUND('',#245,.T.);
#135=PLANE('',#246);
#136=FACE_OUTER_BOUND('',#247,.T.);
#137=PLANE('',#248);
#138=FACE_BOUND('',#249,.T.);
#139=FACE_OUTER_BOUND('',#250,.T.);
#140=PLANE('',#251);
#141=FACE_OUTER_BOUND('',#252,.T.);
#142=FACE_BOUND('',#253,.T.);
#143=PLANE('',#254);
#144=FACE_OUTER_BOUND('',#255,.T.);
#145=CYLINDRICAL_SURFACE('',#256,0.000313800000000001);
#146=FACE_OUTER_BOUND('',#257,.T.);
#147=CYLINDRICAL_SURFACE('',#258,0.000313799999999999);
#148=FACE_OUTER_BOUND('',#259,.T.);
#149=CYLINDRICAL_SURFACE('',#260,0.0003138);
#150=FACE_OUTER_BOUND('',#261,.T.);
#151=CYLINDRICAL_SURFACE('',#262,0.000313799999999999);
#152=FACE_OUTER_BOUND('',#263,.T.);
#153=PLANE('',#264);
#154=FACE_BOUND('',#265,.T.);
#155=FACE_OUTER_BOUND('',#266,.T.);
#156=PLANE('',#267);
#157=FACE_OUTER_BOUND('',#268,.T.);
#158=FACE_BOUND('',#269,.T.);
#159=PLANE('',#270);
#160=FACE_OUTER_BOUND('',#271,.T.);
#161=CYLINDRICAL_SURFACE('',#272,0.000313800000000001);
#162=FACE_OUTER_BOUND('',#273,.T.);
#163=CYLINDRICAL_SURFACE('',#274,0.000313799999999999);
#164=FACE_OUTER_BOUND('',#275,.T.);
#165=PLANE('',#276);
#166=FACE_OUTER_BOUND('',#277,.T.);
#167=FACE_BOUND('',#278,.T.);
#168=PLANE('',#279);
#169=FACE_OUTER_BOUND('',#280,.T.);
#170=CYLINDRICAL_SURFACE('',#281,0.000313799999999999);
#171=FACE_OUTER_BOUND('',#282,.T.);
#172=CYLINDRICAL_SURFACE('',#283,0.000313799999999999);
#173=FACE_OUTER_BOUND('',#284,.T.);
#174=CYLINDRICAL_SURFACE('',#285,0.000313800000000001);
#175=FACE_OUTER_BOUND('',#286,.T.);
#176=PLANE('',#287);
#177=FACE_OUTER_BOUND('',#288,.T.);
#178=CYLINDRICAL_SURFACE('',#289,0.0003138);
#179=FACE_OUTER_BOUND('',#290,.T.);
#180=PLANE('',#291);
#181=FACE_OUTER_BOUND('',#292,.T.);
#182=CYLINDRICAL_SURFACE('',#293,0.000313799999999999);
#183=FACE_OUTER_BOUND('',#294,.T.);
#184=CYLINDRICAL_SURFACE('',#295,0.000313799999999999);
#185=FACE_OUTER_BOUND('',#296,.T.);
#186=CYLINDRICAL_SURFACE('',#297,0.0003138);
#187=FACE_OUTER_BOUND('',#298,.T.);
#188=CYLINDRICAL_SURFACE('',#299,0.000313799999999999);
#189=FACE_OUTER_BOUND('',#300,.T.);
#190=CYLINDRICAL_SURFACE('',#301,0.0003138);
#191=FACE_OUTER_BOUND('',#302,.T.);
#192=CYLINDRICAL_SURFACE('',#303,0.0003138);
#193=FACE_OUTER_BOUND('',#304,.T.);
#194=CYLINDRICAL_SURFACE('',#305,0.0003138);
#195=FACE_OUTER_BOUND('',#306,.T.);
#196=CYLINDRICAL_SURFACE('',#307,0.0003138);
#197=FACE_OUTER_BOUND('',#308,.T.);
#198=CYLINDRICAL_SURFACE('',#309,0.0003138);
#199=FACE_OUTER_BOUND('',#310,.T.);
#200=CYLINDRICAL_SURFACE('',#311,0.000313799999999999);
#201=FACE_OUTER_BOUND('',#312,.T.);
#202=CYLINDRICAL_SURFACE('',#313,0.000313799999999999);
#203=FACE_OUTER_BOUND('',#314,.T.);
#204=CYLINDRICAL_SURFACE('',#315,0.000313800000000001);
#205=FACE_OUTER_BOUND('',#316,.T.);
#206=CYLINDRICAL_SURFACE('',#317,0.000313799999999999);
#207=FACE_OUTER_BOUND('',#318,.T.);
#208=CYLINDRICAL_SURFACE('',#319,0.000313800000000001);
#209=FACE_OUTER_BOUND('',#320,.T.);
#210=PLANE('',#321);
#211=FACE_OUTER_BOUND('',#322,.T.);
#212=CYLINDRICAL_SURFACE('',#323,0.000313800000000001);
#213=FACE_OUTER_BOUND('',#324,.T.);
#214=CYLINDRICAL_SURFACE('',#325,0.000313799999999999);
#215=FILL_AREA_STYLE('',(#326));
#216=EDGE_LOOP('',(#327,#328,#329,#330,#331,#332,#333,#334,#335,#336));
#217=AXIS2_PLACEMENT_3D('',#337,#338,#339);
#218=EDGE_LOOP('',(#340,#341,#342,#343,#344,#345,#346,#347,#348,#349));
#219=AXIS2_PLACEMENT_3D('',#350,#351,#352);
#220=EDGE_LOOP('',(#353,#354,#355,#356,#357,#358,#359,#360,#361,#362));
#221=AXIS2_PLACEMENT_3D('',#363,#364,#365);
#222=EDGE_LOOP('',(#366,#367,#368,#369,#370));
#223=AXIS2_PLACEMENT_3D('',#371,#372,#373);
#224=EDGE_LOOP('',(#374,#375,#376,#377,#378,#379,#380));
#225=AXIS2_PLACEMENT_3D('',#381,#382,#383);
#226=EDGE_LOOP('',(#384,#385,#386,#387,#388,#389,#390));
#227=AXIS2_PLACEMENT_3D('',#391,#392,#393);
#228=EDGE_LOOP('',(#394,#395,#396,#397,#398,#399,#400));
#229=AXIS2_PLACEMENT_3D('',#401,#402,#403);
#230=EDGE_LOOP('',(#404,#405,#406,#407,#408,#409,#410));
#231=AXIS2_PLACEMENT_3D('',#411,#412,#413);
#232=EDGE_LOOP('',(#414,#415,#416,#417,#418));
#233=AXIS2_PLACEMENT_3D('',#419,#420,#421);
#234=EDGE_LOOP('',(#422,#423,#424,#425,#426,#427,#428,#429,#430,#431));
#235=AXIS2_PLACEMENT_3D('',#432,#433,#434);
#236=EDGE_LOOP('',(#435,#436,#437,#438,#439,#440,#441,#442,#443,#444));
#237=AXIS2_PLACEMENT_3D('',#445,#446,#447);
#238=EDGE_LOOP('',(#448,#449,#450,#451,#452,#453,#454,#455,#456,#457));
#239=AXIS2_PLACEMENT_3D('',#458,#459,#460);
#240=EDGE_LOOP('',(#461,#462,#463,#464,#465,#466,#467,#468,#469,#470));
#241=AXIS2_PLACEMENT_3D('',#471,#472,#473);
#242=EDGE_LOOP('',(#474,#475,#476,#477,#478,#479,#480,#481,#482,#483));
#243=AXIS2_PLACEMENT_3D('',#484,#485,#486);
#244=EDGE_LOOP('',(#487,#488,#489,#490,#491,#492,#493,#494));
#245=EDGE_LOOP('',(#495,#496,#497,#498));
#246=AXIS2_PLACEMENT_3D('',#499,#500,#501);
#247=EDGE_LOOP('',(#502,#503));
#248=AXIS2_PLACEMENT_3D('',#504,#505,#506);
#249=EDGE_LOOP('',(#507,#508,#509,#510,#511,#512,#513,#514));
#250=EDGE_LOOP('',(#515,#516,#517,#518));
#251=AXIS2_PLACEMENT_3D('',#519,#520,#521);
#252=EDGE_LOOP('',(#522,#523,#524,#525));
#253=EDGE_LOOP('',(#526,#527,#528,#529,#530,#531,#532,#533));
#254=AXIS2_PLACEMENT_3D('',#534,#535,#536);
#255=EDGE_LOOP('',(#537,#538,#539,#540,#541,#542,#543,#544,#545,#546));
#256=AXIS2_PLACEMENT_3D('',#547,#548,#549);
#257=EDGE_LOOP('',(#550,#551,#552,#553));
#258=AXIS2_PLACEMENT_3D('',#554,#555,#556);
#259=EDGE_LOOP('',(#557,#558,#559,#560,#561,#562,#563,#564,#565,#566));
#260=AXIS2_PLACEMENT_3D('',#567,#568,#569);
#261=EDGE_LOOP('',(#570,#571,#572,#573,#574,#575));
#262=AXIS2_PLACEMENT_3D('',#576,#577,#578);
#263=EDGE_LOOP('',(#579,#580));
#264=AXIS2_PLACEMENT_3D('',#581,#582,#583);
#265=EDGE_LOOP('',(#584,#585,#586,#587,#588,#589,#590,#591));
#266=EDGE_LOOP('',(#592,#593,#594,#595));
#267=AXIS2_PLACEMENT_3D('',#596,#597,#598);
#268=EDGE_LOOP('',(#599,#600,#601,#602));
#269=EDGE_LOOP('',(#603,#604,#605,#606,#607,#608,#609,#610));
#270=AXIS2_PLACEMENT_3D('',#611,#612,#613);
#271=EDGE_LOOP('',(#614,#615,#616,#617,#618,#619,#620,#621,#622,#623));
#272=AXIS2_PLACEMENT_3D('',#624,#625,#626);
#273=EDGE_LOOP('',(#627,#628,#629,#630,#631,#632));
#274=AXIS2_PLACEMENT_3D('',#633,#634,#635);
#275=EDGE_LOOP('',(#636,#637));
#276=AXIS2_PLACEMENT_3D('',#638,#639,#640);
#277=EDGE_LOOP('',(#641,#642,#643,#644));
#278=EDGE_LOOP('',(#645,#646,#647,#648,#649,#650,#651,#652));
#279=AXIS2_PLACEMENT_3D('',#653,#654,#655);
#280=EDGE_LOOP('',(#656,#657,#658,#659));
#281=AXIS2_PLACEMENT_3D('',#660,#661,#662);
#282=EDGE_LOOP('',(#663,#664,#665,#666,#667,#668));
#283=AXIS2_PLACEMENT_3D('',#669,#670,#671);
#284=EDGE_LOOP('',(#672,#673,#674,#675,#676,#677,#678,#679,#680,#681));
#285=AXIS2_PLACEMENT_3D('',#682,#683,#684);
#286=EDGE_LOOP('',(#685,#686));
#287=AXIS2_PLACEMENT_3D('',#687,#688,#689);
#288=EDGE_LOOP('',(#690,#691,#692,#693,#694,#695,#696,#697,#698,#699));
#289=AXIS2_PLACEMENT_3D('',#700,#701,#702);
#290=EDGE_LOOP('',(#703,#704));
#291=AXIS2_PLACEMENT_3D('',#705,#706,#707);
#292=EDGE_LOOP('',(#708,#709,#710,#711,#712,#713));
#293=AXIS2_PLACEMENT_3D('',#714,#715,#716);
#294=EDGE_LOOP('',(#717,#718,#719,#720,#721,#722));
#295=AXIS2_PLACEMENT_3D('',#723,#724,#725);
#296=EDGE_LOOP('',(#726,#727,#728,#729,#730));
#297=AXIS2_PLACEMENT_3D('',#731,#732,#733);
#298=EDGE_LOOP('',(#734,#735,#736,#737,#738,#739));
#299=AXIS2_PLACEMENT_3D('',#740,#741,#742);
#300=EDGE_LOOP('',(#743,#744,#745,#746,#747,#748,#749));
#301=AXIS2_PLACEMENT_3D('',#750,#751,#752);
#302=EDGE_LOOP('',(#753,#754,#755,#756,#757,#758,#759));
#303=AXIS2_PLACEMENT_3D('',#760,#761,#762);
#304=EDGE_LOOP('',(#763,#764,#765,#766,#767,#768,#769));
#305=AXIS2_PLACEMENT_3D('',#770,#771,#772);
#306=EDGE_LOOP('',(#773,#774,#775,#776,#777,#778,#779));
#307=AXIS2_PLACEMENT_3D('',#780,#781,#782);
#308=EDGE_LOOP('',(#783,#784,#785,#786,#787));
#309=AXIS2_PLACEMENT_3D('',#788,#789,#790);
#310=EDGE_LOOP('',(#791,#792,#793,#794));
#311=AXIS2_PLACEMENT_3D('',#795,#796,#797);
#312=EDGE_LOOP('',(#798,#799,#800,#801,#802,#803));
#313=AXIS2_PLACEMENT_3D('',#804,#805,#806);
#314=EDGE_LOOP('',(#807,#808,#809,#810,#811,#812,#813,#814,#815,#816));
#315=AXIS2_PLACEMENT_3D('',#817,#818,#819);
#316=EDGE_LOOP('',(#820,#821,#822,#823));
#317=AXIS2_PLACEMENT_3D('',#824,#825,#826);
#318=EDGE_LOOP('',(#827,#828,#829,#830,#831,#832,#833,#834,#835,#836));
#319=AXIS2_PLACEMENT_3D('',#837,#838,#839);
#320=EDGE_LOOP('',(#840,#841));
#321=AXIS2_PLACEMENT_3D('',#842,#843,#844);
#322=EDGE_LOOP('',(#845,#846,#847,#848,#849,#850,#851,#852,#853,#854));
#323=AXIS2_PLACEMENT_3D('',#855,#856,#857);
#324=EDGE_LOOP('',(#858,#859,#860,#861,#862,#863));
#325=AXIS2_PLACEMENT_3D('',#864,#865,#866);
#326=FILL_AREA_STYLE_COLOUR('',#867);
#327=ORIENTED_EDGE('',*,*,#868,.F.);
#328=ORIENTED_EDGE('',*,*,#869,.T.);
#329=ORIENTED_EDGE('',*,*,#870,.T.);
#330=ORIENTED_EDGE('',*,*,#871,.T.);
#331=ORIENTED_EDGE('',*,*,#872,.F.);
#332=ORIENTED_EDGE('',*,*,#873,.F.);
#333=ORIENTED_EDGE('',*,*,#874,.F.);
#334=ORIENTED_EDGE('',*,*,#875,.T.);
#335=ORIENTED_EDGE('',*,*,#876,.T.);
#336=ORIENTED_EDGE('',*,*,#877,.F.);
#337=CARTESIAN_POINT('',(-0.01,0.01,0.01));
#338=DIRECTION('',(0.577350269189626,-0.577350269189626,-0.577350269189626));
#339=DIRECTION('',(0.707106781186548,0.707106781186548,0.0));
#340=ORIENTED_EDGE('',*,*,#878,.F.);
#341=ORIENTED_EDGE('',*,*,#879,.F.);
#342=ORIENTED_EDGE('',*,*,#880,.T.);
#343=ORIENTED_EDGE('',*,*,#881,.T.);
#344=ORIENTED_EDGE('',*,*,#882,.F.);
#345=ORIENTED_EDGE('',*,*,#883,.F.);
#346=ORIENTED_EDGE('',*,*,#884,.F.);
#347=ORIENTED_EDGE('',*,*,#885,.T.);
#348=ORIENTED_EDGE('',*,*,#886,.T.);
#349=ORIENTED_EDGE('',*,*,#887,.T.);
#350=CARTESIAN_POINT('',(-0.01,0.01,-0.01));
#351=DIRECTION('',(0.577350269189626,-0.577350269189626,0.577350269189626));
#352=DIRECTION('',(0.707106781186548,0.707106781186548,0.0));
#353=ORIENTED_EDGE('',*,*,#888,.F.);
#354=ORIENTED_EDGE('',*,*,#889,.T.);
#355=ORIENTED_EDGE('',*,*,#890,.T.);
#356=ORIENTED_EDGE('',*,*,#891,.T.);
#357=ORIENTED_EDGE('',*,*,#892,.F.);
#358=ORIENTED_EDGE('',*,*,#893,.F.);
#359=ORIENTED_EDGE('',*,*,#876,.F.);
#360=ORIENTED_EDGE('',*,*,#894,.T.);
#361=ORIENTED_EDGE('',*,*,#895,.F.);
#362=ORIENTED_EDGE('',*,*,#896,.F.);
#363=CARTESIAN_POINT('',(0.01,0.01,0.01));
#364=DIRECTION('',(-0.577350269189626,-0.577350269189626,-0.577350269189626));
#365=DIRECTION('',(0.707106781186548,-0.707106781186548,0.0));
#366=ORIENTED_EDGE('',*,*,#897,.F.);
#367=ORIENTED_EDGE('',*,*,#898,.T.);
#368=ORIENTED_EDGE('',*,*,#899,.F.);
#369=ORIENTED_EDGE('',*,*,#894,.F.);
#370=ORIENTED_EDGE('',*,*,#875,.F.);
#371=CARTESIAN_POINT('',(0.0,0.0,0.01));
#372=DIRECTION('',(0.0,0.0,-1.0));
#373=DIRECTION('',(-1.0,0.0,0.0));
#374=ORIENTED_EDGE('',*,*,#900,.F.);
#375=ORIENTED_EDGE('',*,*,#901,.T.);
#376=ORIENTED_EDGE('',*,*,#877,.T.);
#377=ORIENTED_EDGE('',*,*,#893,.T.);
#378=ORIENTED_EDGE('',*,*,#902,.T.);
#379=ORIENTED_EDGE('',*,*,#903,.F.);
#380=ORIENTED_EDGE('',*,*,#904,.T.);
#381=CARTESIAN_POINT('',(0.0,0.0,0.0));
#382=DIRECTION('',(0.0,1.0,0.0));
#383=DIRECTION('',(-1.0,0.0,0.0));
#384=ORIENTED_EDGE('',*,*,#905,.F.);
#385=ORIENTED_EDGE('',*,*,#906,.T.);
#386=ORIENTED_EDGE('',*,*,#907,.T.);
#387=ORIENTED_EDGE('',*,*,#873,.T.);
#388=ORIENTED_EDGE('',*,*,#908,.T.);
#389=ORIENTED_EDGE('',*,*,#909,.F.);
#390=ORIENTED_EDGE('',*,*,#910,.T.);
#391=CARTESIAN_POINT('',(0.0,0.0,0.0));
#392=DIRECTION('',(-1.0,0.0,0.0));
#393=DIRECTION('',(0.0,-1.0,0.0));
#394=ORIENTED_EDGE('',*,*,#911,.F.);
#395=ORIENTED_EDGE('',*,*,#912,.T.);
#396=ORIENTED_EDGE('',*,*,#896,.T.);
#397=ORIENTED_EDGE('',*,*,#913,.T.);
#398=ORIENTED_EDGE('',*,*,#914,.T.);
#399=ORIENTED_EDGE('',*,*,#915,.F.);
#400=ORIENTED_EDGE('',*,*,#916,.T.);
#401=CARTESIAN_POINT('',(0.0,0.0,0.0));
#402=DIRECTION('',(1.0,0.0,0.0));
#403=DIRECTION('',(0.0,1.0,0.0));
#404=ORIENTED_EDGE('',*,*,#917,.F.);
#405=ORIENTED_EDGE('',*,*,#918,.T.);
#406=ORIENTED_EDGE('',*,*,#919,.F.);
#407=ORIENTED_EDGE('',*,*,#920,.T.);
#408=ORIENTED_EDGE('',*,*,#921,.T.);
#409=ORIENTED_EDGE('',*,*,#922,.T.);
#410=ORIENTED_EDGE('',*,*,#923,.T.);
#411=CARTESIAN_POINT('',(0.0,-0.01,0.0));
#412=DIRECTION('',(0.0,1.0,0.0));
#413=DIRECTION('',(-1.0,0.0,0.0));
#414=ORIENTED_EDGE('',*,*,#924,.F.);
#415=ORIENTED_EDGE('',*,*,#925,.T.);
#416=ORIENTED_EDGE('',*,*,#926,.F.);
#417=ORIENTED_EDGE('',*,*,#927,.T.);
#418=ORIENTED_EDGE('',*,*,#928,.T.);
#419=CARTESIAN_POINT('',(0.0,0.0,-0.01));
#420=DIRECTION('',(0.0,0.0,1.0));
#421=DIRECTION('',(1.0,0.0,0.0));
#422=ORIENTED_EDGE('',*,*,#929,.F.);
#423=ORIENTED_EDGE('',*,*,#913,.F.);
#424=ORIENTED_EDGE('',*,*,#895,.T.);
#425=ORIENTED_EDGE('',*,*,#930,.T.);
#426=ORIENTED_EDGE('',*,*,#931,.F.);
#427=ORIENTED_EDGE('',*,*,#921,.F.);
#428=ORIENTED_EDGE('',*,*,#932,.F.);
#429=ORIENTED_EDGE('',*,*,#933,.T.);
#430=ORIENTED_EDGE('',*,*,#934,.T.);
#431=ORIENTED_EDGE('',*,*,#935,.T.);
#432=CARTESIAN_POINT('',(0.0,0.0,0.0));
#433=DIRECTION('',(0.577350269189626,-0.577350269189626,0.577350269189626));
#434=DIRECTION('',(0.707106781186547,0.707106781186547,0.0));
#435=ORIENTED_EDGE('',*,*,#936,.F.);
#436=ORIENTED_EDGE('',*,*,#937,.F.);
#437=ORIENTED_EDGE('',*,*,#938,.T.);
#438=ORIENTED_EDGE('',*,*,#939,.T.);
#439=ORIENTED_EDGE('',*,*,#940,.T.);
#440=ORIENTED_EDGE('',*,*,#941,.F.);
#441=ORIENTED_EDGE('',*,*,#942,.F.);
#442=ORIENTED_EDGE('',*,*,#943,.T.);
#443=ORIENTED_EDGE('',*,*,#944,.T.);
#444=ORIENTED_EDGE('',*,*,#945,.T.);
#445=CARTESIAN_POINT('',(0.01,0.01,-0.01));
#446=DIRECTION('',(-0.577350269189626,-0.577350269189626,0.577350269189626));
#447=DIRECTION('',(0.707106781186548,-0.707106781186548,0.0));
#448=ORIENTED_EDGE('',*,*,#946,.F.);
#449=ORIENTED_EDGE('',*,*,#947,.F.);
#450=ORIENTED_EDGE('',*,*,#948,.F.);
#451=ORIENTED_EDGE('',*,*,#949,.T.);
#452=ORIENTED_EDGE('',*,*,#950,.T.);
#453=ORIENTED_EDGE('',*,*,#951,.F.);
#454=ORIENTED_EDGE('',*,*,#952,.F.);
#455=ORIENTED_EDGE('',*,*,#953,.T.);
#456=ORIENTED_EDGE('',*,*,#954,.T.);
#457=ORIENTED_EDGE('',*,*,#955,.T.);
#458=CARTESIAN_POINT('',(0.01,-0.01,-0.01));
#459=DIRECTION('',(-0.577350269189626,0.577350269189626,0.577350269189626));
#460=DIRECTION('',(-0.707106781186548,-0.707106781186548,0.0));
#461=ORIENTED_EDGE('',*,*,#956,.F.);
#462=ORIENTED_EDGE('',*,*,#922,.F.);
#463=ORIENTED_EDGE('',*,*,#931,.T.);
#464=ORIENTED_EDGE('',*,*,#957,.T.);
#465=ORIENTED_EDGE('',*,*,#874,.T.);
#466=ORIENTED_EDGE('',*,*,#907,.F.);
#467=ORIENTED_EDGE('',*,*,#958,.F.);
#468=ORIENTED_EDGE('',*,*,#959,.T.);
#469=ORIENTED_EDGE('',*,*,#960,.T.);
#470=ORIENTED_EDGE('',*,*,#961,.T.);
#471=CARTESIAN_POINT('',(0.0,0.0,0.0));
#472=DIRECTION('',(-0.577350269189626,-0.577350269189626,0.577350269189626));
#473=DIRECTION('',(0.707106781186547,-0.707106781186547,0.0));
#474=ORIENTED_EDGE('',*,*,#962,.F.);
#475=ORIENTED_EDGE('',*,*,#963,.F.);
#476=ORIENTED_EDGE('',*,*,#964,.F.);
#477=ORIENTED_EDGE('',*,*,#965,.T.);
#478=ORIENTED_EDGE('',*,*,#966,.F.);
#479=ORIENTED_EDGE('',*,*,#967,.F.);
#480=ORIENTED_EDGE('',*,*,#968,.F.);
#481=ORIENTED_EDGE('',*,*,#969,.T.);
#482=ORIENTED_EDGE('',*,*,#970,.T.);
#483=ORIENTED_EDGE('',*,*,#971,.T.);
#484=CARTESIAN_POINT('',(-0.01,-0.01,-0.01));
#485=DIRECTION('',(0.577350269189626,0.577350269189626,0.577350269189626));
#486=DIRECTION('',(-0.707106781186548,0.707106781186548,0.0));
#487=ORIENTED_EDGE('',*,*,#972,.T.);
#488=ORIENTED_EDGE('',*,*,#973,.T.);
#489=ORIENTED_EDGE('',*,*,#974,.T.);
#490=ORIENTED_EDGE('',*,*,#964,.T.);
#491=ORIENTED_EDGE('',*,*,#975,.T.);
#492=ORIENTED_EDGE('',*,*,#882,.T.);
#493=ORIENTED_EDGE('',*,*,#976,.T.);
#494=ORIENTED_EDGE('',*,*,#977,.T.);
#495=ORIENTED_EDGE('',*,*,#978,.T.);
#496=ORIENTED_EDGE('',*,*,#979,.T.);
#497=ORIENTED_EDGE('',*,*,#980,.T.);
#498=ORIENTED_EDGE('',*,*,#981,.T.);
#499=CARTESIAN_POINT('',(-0.01,0.0,0.0));
#500=DIRECTION('',(1.0,0.0,0.0));
#501=DIRECTION('',(0.0,1.0,0.0));
#502=ORIENTED_EDGE('',*,*,#982,.F.);
#503=ORIENTED_EDGE('',*,*,#910,.F.);
#504=CARTESIAN_POINT('',(-0.01,0.0,0.0));
#505=DIRECTION('',(1.0,0.0,0.0));
#506=DIRECTION('',(0.0,1.0,0.0));
#507=ORIENTED_EDGE('',*,*,#983,.T.);
#508=ORIENTED_EDGE('',*,*,#984,.T.);
#509=ORIENTED_EDGE('',*,*,#985,.T.);
#510=ORIENTED_EDGE('',*,*,#986,.T.);
#511=ORIENTED_EDGE('',*,*,#948,.T.);
#512=ORIENTED_EDGE('',*,*,#987,.T.);
#513=ORIENTED_EDGE('',*,*,#966,.T.);
#514=ORIENTED_EDGE('',*,*,#988,.T.);
#515=ORIENTED_EDGE('',*,*,#979,.F.);
#516=ORIENTED_EDGE('',*,*,#989,.F.);
#517=ORIENTED_EDGE('',*,*,#990,.T.);
#518=ORIENTED_EDGE('',*,*,#991,.T.);
#519=CARTESIAN_POINT('',(0.0,-0.01,0.0));
#520=DIRECTION('',(0.0,1.0,-0.0));
#521=DIRECTION('',(-1.0,0.0,0.0));
#522=ORIENTED_EDGE('',*,*,#978,.F.);
#523=ORIENTED_EDGE('',*,*,#992,.T.);
#524=ORIENTED_EDGE('',*,*,#993,.T.);
#525=ORIENTED_EDGE('',*,*,#989,.T.);
#526=ORIENTED_EDGE('',*,*,#994,.T.);
#527=ORIENTED_EDGE('',*,*,#995,.T.);
#528=ORIENTED_EDGE('',*,*,#996,.T.);
#529=ORIENTED_EDGE('',*,*,#997,.T.);
#530=ORIENTED_EDGE('',*,*,#998,.T.);
#531=ORIENTED_EDGE('',*,*,#999,.T.);
#532=ORIENTED_EDGE('',*,*,#1000,.T.);
#533=ORIENTED_EDGE('',*,*,#1001,.T.);
#534=CARTESIAN_POINT('',(0.0,0.0,-0.01));
#535=DIRECTION('',(0.0,0.0,1.0));
#536=DIRECTION('',(1.0,0.0,0.0));
#537=ORIENTED_EDGE('',*,*,#962,.T.);
#538=ORIENTED_EDGE('',*,*,#1002,.T.);
#539=ORIENTED_EDGE('',*,*,#1003,.T.);
#540=ORIENTED_EDGE('',*,*,#1004,.F.);
#541=ORIENTED_EDGE('',*,*,#1005,.T.);
#542=ORIENTED_EDGE('',*,*,#1006,.T.);
#543=ORIENTED_EDGE('',*,*,#968,.T.);
#544=ORIENTED_EDGE('',*,*,#1007,.F.);
#545=ORIENTED_EDGE('',*,*,#995,.F.);
#546=ORIENTED_EDGE('',*,*,#1008,.F.);
#547=CARTESIAN_POINT('',(-0.01,-0.01,-0.01));
#548=DIRECTION('',(0.577350269189626,0.577350269189626,0.577350269189626));
#549=DIRECTION('',(-0.707106781186548,0.707106781186548,0.0));
#550=ORIENTED_EDGE('',*,*,#974,.F.);
#551=ORIENTED_EDGE('',*,*,#1009,.T.);
#552=ORIENTED_EDGE('',*,*,#988,.F.);
#553=ORIENTED_EDGE('',*,*,#965,.F.);
#554=CARTESIAN_POINT('',(-0.01,-0.01,-0.01));
#555=DIRECTION('',(0.0,0.0,1.0));
#556=DIRECTION('',(1.0,0.0,0.0));
#557=ORIENTED_EDGE('',*,*,#956,.T.);
#558=ORIENTED_EDGE('',*,*,#1010,.T.);
#559=ORIENTED_EDGE('',*,*,#983,.F.);
#560=ORIENTED_EDGE('',*,*,#1009,.F.);
#561=ORIENTED_EDGE('',*,*,#973,.F.);
#562=ORIENTED_EDGE('',*,*,#1011,.T.);
#563=ORIENTED_EDGE('',*,*,#958,.T.);
#564=ORIENTED_EDGE('',*,*,#906,.F.);
#565=ORIENTED_EDGE('',*,*,#970,.F.);
#566=ORIENTED_EDGE('',*,*,#923,.F.);
#567=CARTESIAN_POINT('',(0.0,0.0,0.0));
#568=DIRECTION('',(-0.577350269189626,-0.577350269189626,0.577350269189626));
#569=DIRECTION('',(0.707106781186547,-0.707106781186547,0.0));
#570=ORIENTED_EDGE('',*,*,#972,.F.);
#571=ORIENTED_EDGE('',*,*,#1012,.F.);
#572=ORIENTED_EDGE('',*,*,#871,.F.);
#573=ORIENTED_EDGE('',*,*,#1013,.T.);
#574=ORIENTED_EDGE('',*,*,#959,.F.);
#575=ORIENTED_EDGE('',*,*,#1011,.F.);
#576=CARTESIAN_POINT('',(-0.01,0.01,0.01));
#577=DIRECTION('',(0.0,-1.0,0.0));
#578=DIRECTION('',(1.0,0.0,0.0));
#579=ORIENTED_EDGE('',*,*,#925,.F.);
#580=ORIENTED_EDGE('',*,*,#1014,.F.);
#581=CARTESIAN_POINT('',(0.0,0.0,-0.01));
#582=DIRECTION('',(0.0,0.0,1.0));
#583=DIRECTION('',(1.0,0.0,0.0));
#584=ORIENTED_EDGE('',*,*,#1015,.F.);
#585=ORIENTED_EDGE('',*,*,#938,.F.);
#586=ORIENTED_EDGE('',*,*,#1016,.F.);
#587=ORIENTED_EDGE('',*,*,#950,.F.);
#588=ORIENTED_EDGE('',*,*,#1017,.F.);
#589=ORIENTED_EDGE('',*,*,#1018,.F.);
#590=ORIENTED_EDGE('',*,*,#1019,.F.);
#591=ORIENTED_EDGE('',*,*,#1020,.F.);
#592=ORIENTED_EDGE('',*,*,#993,.F.);
#593=ORIENTED_EDGE('',*,*,#1021,.F.);
#594=ORIENTED_EDGE('',*,*,#1022,.T.);
#595=ORIENTED_EDGE('',*,*,#990,.F.);
#596=CARTESIAN_POINT('',(0.01,0.0,0.0));
#597=DIRECTION('',(1.0,0.0,0.0));
#598=DIRECTION('',(0.0,1.0,0.0));
#599=ORIENTED_EDGE('',*,*,#981,.F.);
#600=ORIENTED_EDGE('',*,*,#1023,.T.);
#601=ORIENTED_EDGE('',*,*,#1021,.T.);
#602=ORIENTED_EDGE('',*,*,#992,.F.);
#603=ORIENTED_EDGE('',*,*,#1024,.F.);
#604=ORIENTED_EDGE('',*,*,#880,.F.);
#605=ORIENTED_EDGE('',*,*,#1025,.F.);
#606=ORIENTED_EDGE('',*,*,#940,.F.);
#607=ORIENTED_EDGE('',*,*,#1026,.F.);
#608=ORIENTED_EDGE('',*,*,#1027,.F.);
#609=ORIENTED_EDGE('',*,*,#1028,.F.);
#610=ORIENTED_EDGE('',*,*,#1029,.F.);
#611=CARTESIAN_POINT('',(0.0,0.01,0.0));
#612=DIRECTION('',(0.0,1.0,-0.0));
#613=DIRECTION('',(-1.0,0.0,0.0));
#614=ORIENTED_EDGE('',*,*,#946,.T.);
#615=ORIENTED_EDGE('',*,*,#1030,.T.);
#616=ORIENTED_EDGE('',*,*,#1005,.F.);
#617=ORIENTED_EDGE('',*,*,#1031,.F.);
#618=ORIENTED_EDGE('',*,*,#1032,.T.);
#619=ORIENTED_EDGE('',*,*,#1033,.T.);
#620=ORIENTED_EDGE('',*,*,#952,.T.);
#621=ORIENTED_EDGE('',*,*,#1034,.F.);
#622=ORIENTED_EDGE('',*,*,#997,.F.);
#623=ORIENTED_EDGE('',*,*,#1035,.F.);
#624=CARTESIAN_POINT('',(0.01,-0.01,-0.01));
#625=DIRECTION('',(-0.577350269189626,0.577350269189626,0.577350269189626));
#626=DIRECTION('',(-0.707106781186548,-0.707106781186548,0.0));
#627=ORIENTED_EDGE('',*,*,#996,.F.);
#628=ORIENTED_EDGE('',*,*,#1007,.T.);
#629=ORIENTED_EDGE('',*,*,#967,.T.);
#630=ORIENTED_EDGE('',*,*,#987,.F.);
#631=ORIENTED_EDGE('',*,*,#947,.T.);
#632=ORIENTED_EDGE('',*,*,#1035,.T.);
#633=CARTESIAN_POINT('',(-0.01,-0.01,-0.01));
#634=DIRECTION('',(1.0,0.0,0.0));
#635=DIRECTION('',(0.0,1.0,0.0));
#636=ORIENTED_EDGE('',*,*,#898,.F.);
#637=ORIENTED_EDGE('',*,*,#1036,.F.);
#638=CARTESIAN_POINT('',(0.0,0.0,0.01));
#639=DIRECTION('',(0.0,0.0,1.0));
#640=DIRECTION('',(1.0,0.0,0.0));
#641=ORIENTED_EDGE('',*,*,#980,.F.);
#642=ORIENTED_EDGE('',*,*,#991,.F.);
#643=ORIENTED_EDGE('',*,*,#1022,.F.);
#644=ORIENTED_EDGE('',*,*,#1023,.F.);
#645=ORIENTED_EDGE('',*,*,#1037,.F.);
#646=ORIENTED_EDGE('',*,*,#960,.F.);
#647=ORIENTED_EDGE('',*,*,#1013,.F.);
#648=ORIENTED_EDGE('',*,*,#870,.F.);
#649=ORIENTED_EDGE('',*,*,#1038,.F.);
#650=ORIENTED_EDGE('',*,*,#890,.F.);
#651=ORIENTED_EDGE('',*,*,#1039,.F.);
#652=ORIENTED_EDGE('',*,*,#934,.F.);
#653=CARTESIAN_POINT('',(0.0,0.0,0.01));
#654=DIRECTION('',(0.0,0.0,1.0));
#655=DIRECTION('',(1.0,0.0,0.0));
#656=ORIENTED_EDGE('',*,*,#1017,.T.);
#657=ORIENTED_EDGE('',*,*,#949,.F.);
#658=ORIENTED_EDGE('',*,*,#986,.F.);
#659=ORIENTED_EDGE('',*,*,#1040,.T.);
#660=CARTESIAN_POINT('',(0.01,-0.01,-0.01));
#661=DIRECTION('',(0.0,0.0,1.0));
#662=DIRECTION('',(1.0,0.0,0.0));
#663=ORIENTED_EDGE('',*,*,#1039,.T.);
#664=ORIENTED_EDGE('',*,*,#889,.F.);
#665=ORIENTED_EDGE('',*,*,#1041,.F.);
#666=ORIENTED_EDGE('',*,*,#1019,.T.);
#667=ORIENTED_EDGE('',*,*,#1042,.F.);
#668=ORIENTED_EDGE('',*,*,#935,.F.);
#669=CARTESIAN_POINT('',(0.01,0.01,0.01));
#670=DIRECTION('',(0.0,-1.0,0.0));
#671=DIRECTION('',(1.0,0.0,0.0));
#672=ORIENTED_EDGE('',*,*,#936,.T.);
#673=ORIENTED_EDGE('',*,*,#1043,.T.);
#674=ORIENTED_EDGE('',*,*,#1032,.F.);
#675=ORIENTED_EDGE('',*,*,#928,.F.);
#676=ORIENTED_EDGE('',*,*,#1044,.F.);
#677=ORIENTED_EDGE('',*,*,#1045,.T.);
#678=ORIENTED_EDGE('',*,*,#942,.T.);
#679=ORIENTED_EDGE('',*,*,#1046,.F.);
#680=ORIENTED_EDGE('',*,*,#999,.F.);
#681=ORIENTED_EDGE('',*,*,#1047,.F.);
#682=CARTESIAN_POINT('',(0.01,0.01,-0.01));
#683=DIRECTION('',(-0.577350269189626,-0.577350269189626,0.577350269189626));
#684=DIRECTION('',(0.707106781186548,-0.707106781186548,0.0));
#685=ORIENTED_EDGE('',*,*,#918,.F.);
#686=ORIENTED_EDGE('',*,*,#1048,.F.);
#687=CARTESIAN_POINT('',(0.0,-0.01,0.0));
#688=DIRECTION('',(0.0,1.0,-0.0));
#689=DIRECTION('',(-1.0,0.0,0.0));
#690=ORIENTED_EDGE('',*,*,#929,.T.);
#691=ORIENTED_EDGE('',*,*,#1042,.T.);
#692=ORIENTED_EDGE('',*,*,#1018,.T.);
#693=ORIENTED_EDGE('',*,*,#1040,.F.);
#694=ORIENTED_EDGE('',*,*,#985,.F.);
#695=ORIENTED_EDGE('',*,*,#1049,.T.);
#696=ORIENTED_EDGE('',*,*,#932,.T.);
#697=ORIENTED_EDGE('',*,*,#920,.F.);
#698=ORIENTED_EDGE('',*,*,#954,.F.);
#699=ORIENTED_EDGE('',*,*,#914,.F.);
#700=CARTESIAN_POINT('',(0.0,0.0,0.0));
#701=DIRECTION('',(0.577350269189626,-0.577350269189626,0.577350269189626));
#702=DIRECTION('',(0.707106781186547,0.707106781186547,0.0));
#703=ORIENTED_EDGE('',*,*,#1050,.F.);
#704=ORIENTED_EDGE('',*,*,#904,.F.);
#705=CARTESIAN_POINT('',(0.0,0.01,0.0));
#706=DIRECTION('',(0.0,1.0,-0.0));
#707=DIRECTION('',(-1.0,0.0,0.0));
#708=ORIENTED_EDGE('',*,*,#975,.F.);
#709=ORIENTED_EDGE('',*,*,#963,.T.);
#710=ORIENTED_EDGE('',*,*,#1008,.T.);
#711=ORIENTED_EDGE('',*,*,#994,.F.);
#712=ORIENTED_EDGE('',*,*,#1051,.T.);
#713=ORIENTED_EDGE('',*,*,#883,.T.);
#714=CARTESIAN_POINT('',(-0.01,-0.01,-0.01));
#715=DIRECTION('',(0.0,1.0,0.0));
#716=DIRECTION('',(-1.0,0.0,0.0));
#717=ORIENTED_EDGE('',*,*,#1000,.F.);
#718=ORIENTED_EDGE('',*,*,#1046,.T.);
#719=ORIENTED_EDGE('',*,*,#941,.T.);
#720=ORIENTED_EDGE('',*,*,#1025,.T.);
#721=ORIENTED_EDGE('',*,*,#879,.T.);
#722=ORIENTED_EDGE('',*,*,#1052,.T.);
#723=CARTESIAN_POINT('',(-0.01,0.01,-0.01));
#724=DIRECTION('',(1.0,0.0,0.0));
#725=DIRECTION('',(0.0,1.0,0.0));
#726=ORIENTED_EDGE('',*,*,#924,.T.);
#727=ORIENTED_EDGE('',*,*,#1031,.T.);
#728=ORIENTED_EDGE('',*,*,#1004,.T.);
#729=ORIENTED_EDGE('',*,*,#926,.T.);
#730=ORIENTED_EDGE('',*,*,#1014,.T.);
#731=CARTESIAN_POINT('',(0.0,0.0,-0.01));
#732=DIRECTION('',(0.0,0.0,1.0));
#733=DIRECTION('',(1.0,0.0,0.0));
#734=ORIENTED_EDGE('',*,*,#998,.F.);
#735=ORIENTED_EDGE('',*,*,#1034,.T.);
#736=ORIENTED_EDGE('',*,*,#951,.T.);
#737=ORIENTED_EDGE('',*,*,#1016,.T.);
#738=ORIENTED_EDGE('',*,*,#937,.T.);
#739=ORIENTED_EDGE('',*,*,#1047,.T.);
#740=CARTESIAN_POINT('',(0.01,-0.01,-0.01));
#741=DIRECTION('',(0.0,1.0,0.0));
#742=DIRECTION('',(-1.0,0.0,0.0));
#743=ORIENTED_EDGE('',*,*,#917,.T.);
#744=ORIENTED_EDGE('',*,*,#969,.F.);
#745=ORIENTED_EDGE('',*,*,#1006,.F.);
#746=ORIENTED_EDGE('',*,*,#1030,.F.);
#747=ORIENTED_EDGE('',*,*,#955,.F.);
#748=ORIENTED_EDGE('',*,*,#919,.T.);
#749=ORIENTED_EDGE('',*,*,#1048,.T.);
#750=CARTESIAN_POINT('',(0.0,-0.01,0.0));
#751=DIRECTION('',(0.0,1.0,0.0));
#752=DIRECTION('',(-1.0,0.0,0.0));
#753=ORIENTED_EDGE('',*,*,#911,.T.);
#754=ORIENTED_EDGE('',*,*,#1053,.T.);
#755=ORIENTED_EDGE('',*,*,#915,.T.);
#756=ORIENTED_EDGE('',*,*,#953,.F.);
#757=ORIENTED_EDGE('',*,*,#1033,.F.);
#758=ORIENTED_EDGE('',*,*,#1043,.F.);
#759=ORIENTED_EDGE('',*,*,#945,.F.);
#760=CARTESIAN_POINT('',(0.0,0.0,0.0));
#761=DIRECTION('',(1.0,0.0,0.0));
#762=DIRECTION('',(0.0,1.0,0.0));
#763=ORIENTED_EDGE('',*,*,#905,.T.);
#764=ORIENTED_EDGE('',*,*,#982,.T.);
#765=ORIENTED_EDGE('',*,*,#909,.T.);
#766=ORIENTED_EDGE('',*,*,#885,.F.);
#767=ORIENTED_EDGE('',*,*,#1054,.F.);
#768=ORIENTED_EDGE('',*,*,#1002,.F.);
#769=ORIENTED_EDGE('',*,*,#971,.F.);
#770=CARTESIAN_POINT('',(0.0,0.0,0.0));
#771=DIRECTION('',(-1.0,0.0,0.0));
#772=DIRECTION('',(0.0,-1.0,0.0));
#773=ORIENTED_EDGE('',*,*,#900,.T.);
#774=ORIENTED_EDGE('',*,*,#1050,.T.);
#775=ORIENTED_EDGE('',*,*,#903,.T.);
#776=ORIENTED_EDGE('',*,*,#943,.F.);
#777=ORIENTED_EDGE('',*,*,#1045,.F.);
#778=ORIENTED_EDGE('',*,*,#1055,.F.);
#779=ORIENTED_EDGE('',*,*,#887,.F.);
#780=CARTESIAN_POINT('',(0.0,0.0,0.0));
#781=DIRECTION('',(0.0,1.0,0.0));
#782=DIRECTION('',(-1.0,0.0,0.0));
#783=ORIENTED_EDGE('',*,*,#897,.T.);
#784=ORIENTED_EDGE('',*,*,#957,.F.);
#785=ORIENTED_EDGE('',*,*,#930,.F.);
#786=ORIENTED_EDGE('',*,*,#899,.T.);
#787=ORIENTED_EDGE('',*,*,#1036,.T.);
#788=CARTESIAN_POINT('',(0.0,0.0,0.01));
#789=DIRECTION('',(0.0,0.0,-1.0));
#790=DIRECTION('',(-1.0,0.0,0.0));
#791=ORIENTED_EDGE('',*,*,#1015,.T.);
#792=ORIENTED_EDGE('',*,*,#1056,.T.);
#793=ORIENTED_EDGE('',*,*,#1026,.T.);
#794=ORIENTED_EDGE('',*,*,#939,.F.);
#795=CARTESIAN_POINT('',(0.01,0.01,0.01));
#796=DIRECTION('',(0.0,0.0,-1.0));
#797=DIRECTION('',(-1.0,0.0,0.0));
#798=ORIENTED_EDGE('',*,*,#1037,.T.);
#799=ORIENTED_EDGE('',*,*,#933,.F.);
#800=ORIENTED_EDGE('',*,*,#1049,.F.);
#801=ORIENTED_EDGE('',*,*,#984,.F.);
#802=ORIENTED_EDGE('',*,*,#1010,.F.);
#803=ORIENTED_EDGE('',*,*,#961,.F.);
#804=CARTESIAN_POINT('',(-0.01,-0.01,0.01));
#805=DIRECTION('',(1.0,0.0,0.0));
#806=DIRECTION('',(0.0,1.0,0.0));
#807=ORIENTED_EDGE('',*,*,#888,.T.);
#808=ORIENTED_EDGE('',*,*,#912,.F.);
#809=ORIENTED_EDGE('',*,*,#944,.F.);
#810=ORIENTED_EDGE('',*,*,#902,.F.);
#811=ORIENTED_EDGE('',*,*,#892,.T.);
#812=ORIENTED_EDGE('',*,*,#1057,.T.);
#813=ORIENTED_EDGE('',*,*,#1027,.T.);
#814=ORIENTED_EDGE('',*,*,#1056,.F.);
#815=ORIENTED_EDGE('',*,*,#1020,.T.);
#816=ORIENTED_EDGE('',*,*,#1041,.T.);
#817=CARTESIAN_POINT('',(0.01,0.01,0.01));
#818=DIRECTION('',(-0.577350269189626,-0.577350269189626,-0.577350269189626));
#819=DIRECTION('',(0.707106781186548,-0.707106781186548,0.0));
#820=ORIENTED_EDGE('',*,*,#976,.F.);
#821=ORIENTED_EDGE('',*,*,#881,.F.);
#822=ORIENTED_EDGE('',*,*,#1024,.T.);
#823=ORIENTED_EDGE('',*,*,#1058,.T.);
#824=CARTESIAN_POINT('',(-0.01,0.01,0.01));
#825=DIRECTION('',(0.0,0.0,-1.0));
#826=DIRECTION('',(-1.0,0.0,0.0));
#827=ORIENTED_EDGE('',*,*,#878,.T.);
#828=ORIENTED_EDGE('',*,*,#1055,.T.);
#829=ORIENTED_EDGE('',*,*,#1044,.T.);
#830=ORIENTED_EDGE('',*,*,#927,.F.);
#831=ORIENTED_EDGE('',*,*,#1003,.F.);
#832=ORIENTED_EDGE('',*,*,#1054,.T.);
#833=ORIENTED_EDGE('',*,*,#884,.T.);
#834=ORIENTED_EDGE('',*,*,#1051,.F.);
#835=ORIENTED_EDGE('',*,*,#1001,.F.);
#836=ORIENTED_EDGE('',*,*,#1052,.F.);
#837=CARTESIAN_POINT('',(-0.01,0.01,-0.01));
#838=DIRECTION('',(0.577350269189626,-0.577350269189626,0.577350269189626));
#839=DIRECTION('',(0.707106781186548,0.707106781186548,0.0));
#840=ORIENTED_EDGE('',*,*,#1053,.F.);
#841=ORIENTED_EDGE('',*,*,#916,.F.);
#842=CARTESIAN_POINT('',(0.01,0.0,0.0));
#843=DIRECTION('',(1.0,0.0,0.0));
#844=DIRECTION('',(0.0,1.0,0.0));
#845=ORIENTED_EDGE('',*,*,#868,.T.);
#846=ORIENTED_EDGE('',*,*,#901,.F.);
#847=ORIENTED_EDGE('',*,*,#886,.F.);
#848=ORIENTED_EDGE('',*,*,#908,.F.);
#849=ORIENTED_EDGE('',*,*,#872,.T.);
#850=ORIENTED_EDGE('',*,*,#1012,.T.);
#851=ORIENTED_EDGE('',*,*,#977,.F.);
#852=ORIENTED_EDGE('',*,*,#1058,.F.);
#853=ORIENTED_EDGE('',*,*,#1029,.T.);
#854=ORIENTED_EDGE('',*,*,#1059,.T.);
#855=CARTESIAN_POINT('',(-0.01,0.01,0.01));
#856=DIRECTION('',(0.577350269189626,-0.577350269189626,-0.577350269189626));
#857=DIRECTION('',(0.707106781186548,0.707106781186548,0.0));
#858=ORIENTED_EDGE('',*,*,#1038,.T.);
#859=ORIENTED_EDGE('',*,*,#869,.F.);
#860=ORIENTED_EDGE('',*,*,#1059,.F.);
#861=ORIENTED_EDGE('',*,*,#1028,.T.);
#862=ORIENTED_EDGE('',*,*,#1057,.F.);
#863=ORIENTED_EDGE('',*,*,#891,.F.);
#864=CARTESIAN_POINT('',(-0.01,0.01,0.01));
#865=DIRECTION('',(1.0,0.0,0.0));
#866=DIRECTION('',(0.0,1.0,0.0));
#867=COLOUR_RGB('',0.560784339904785,0.686274528503418,0.560784339904785);
#868=EDGE_CURVE('',#1060,#1061,#1062,.T.);
#869=EDGE_CURVE('2:11665',#1060,#1063,#1064,.T.);
#870=EDGE_CURVE('2:11572',#1063,#1065,#1066,.T.);
#871=EDGE_CURVE('2:13392',#1065,#1067,#1068,.T.);
#872=EDGE_CURVE('',#1069,#1067,#1070,.T.);
#873=EDGE_CURVE('2:4007',#1071,#1069,#1072,.T.);
#874=EDGE_CURVE('2:4676',#1073,#1071,#1074,.T.);
#875=EDGE_CURVE('2:4460',#1073,#1075,#1076,.T.);
#876=EDGE_CURVE('2:4682',#1075,#1077,#1078,.T.);
#877=EDGE_CURVE('2:3914',#1061,#1077,#1079,.T.);
#878=EDGE_CURVE('',#1080,#1081,#1082,.T.);
#879=EDGE_CURVE('2:12195',#1083,#1080,#1084,.T.);
#880=EDGE_CURVE('2:9226',#1083,#1085,#1086,.T.);
#881=EDGE_CURVE('2:13432',#1085,#1087,#1088,.T.);
#882=EDGE_CURVE('2:13337',#1089,#1087,#1090,.T.);
#883=EDGE_CURVE('2:13452',#1091,#1089,#1092,.T.);
#884=EDGE_CURVE('',#1093,#1091,#1094,.T.);
#885=EDGE_CURVE('2:3134',#1093,#1095,#1096,.T.);
#886=EDGE_CURVE('2:3974',#1095,#1097,#1098,.T.);
#887=EDGE_CURVE('2:4091',#1097,#1081,#1099,.T.);
#888=EDGE_CURVE('',#1100,#1101,#1102,.T.);
#889=EDGE_CURVE('2:11655',#1100,#1103,#1104,.T.);
#890=EDGE_CURVE('2:11575',#1103,#1105,#1106,.T.);
#891=EDGE_CURVE('2:11678',#1105,#1107,#1108,.T.);
#892=EDGE_CURVE('',#1109,#1107,#1110,.T.);
#893=EDGE_CURVE('2:4160',#1077,#1109,#1111,.T.);
#894=EDGE_CURVE('2:4406',#1075,#1112,#1113,.T.);
#895=EDGE_CURVE('2:4178',#1114,#1112,#1115,.T.);
#896=EDGE_CURVE('2:4232',#1101,#1114,#1116,.T.);
#897=EDGE_CURVE('',#1117,#1073,#1118,.T.);
#898=EDGE_CURVE('2:11581',#1117,#1119,#1120,.T.);
#899=EDGE_CURVE('',#1112,#1119,#1121,.T.);
#900=EDGE_CURVE('',#1097,#1122,#1123,.T.);
#901=EDGE_CURVE('2:3914',#1097,#1061,#1124,.T.);
#902=EDGE_CURVE('2:4160',#1109,#1125,#1126,.T.);
#903=EDGE_CURVE('',#1127,#1125,#1128,.T.);
#904=EDGE_CURVE('2:9271',#1127,#1122,#1129,.T.);
#905=EDGE_CURVE('',#1130,#1131,#1132,.T.);
#906=EDGE_CURVE('2:3545',#1130,#1133,#1134,.T.);
#907=EDGE_CURVE('2:3545',#1133,#1071,#1135,.T.);
#908=EDGE_CURVE('2:4007',#1069,#1095,#1136,.T.);
#909=EDGE_CURVE('',#1137,#1095,#1138,.T.);
#910=EDGE_CURVE('2:1063',#1137,#1131,#1139,.T.);
#911=EDGE_CURVE('',#1140,#1141,#1142,.T.);
#912=EDGE_CURVE('2:4232',#1140,#1101,#1143,.T.);
#913=EDGE_CURVE('2:4358',#1114,#1144,#1145,.T.);
#914=EDGE_CURVE('2:4358',#1144,#1146,#1147,.T.);
#915=EDGE_CURVE('',#1148,#1146,#1149,.T.);
#916=EDGE_CURVE('2:11024',#1148,#1141,#1150,.T.);
#917=EDGE_CURVE('',#1151,#1152,#1153,.T.);
#918=EDGE_CURVE('2:1021',#1151,#1154,#1155,.T.);
#919=EDGE_CURVE('',#1156,#1154,#1157,.T.);
#920=EDGE_CURVE('2:3707',#1156,#1158,#1159,.T.);
#921=EDGE_CURVE('2:3707',#1158,#1160,#1161,.T.);
#922=EDGE_CURVE('2:3863',#1160,#1162,#1163,.T.);
#923=EDGE_CURVE('2:3863',#1162,#1152,#1164,.T.);
#924=EDGE_CURVE('',#1165,#1166,#1167,.T.);
#925=EDGE_CURVE('2:436',#1165,#1168,#1169,.T.);
#926=EDGE_CURVE('',#1170,#1168,#1171,.T.);
#927=EDGE_CURVE('2:2762',#1170,#1172,#1173,.T.);
#928=EDGE_CURVE('2:2894',#1172,#1166,#1174,.T.);
#929=EDGE_CURVE('',#1144,#1175,#1176,.T.);
#930=EDGE_CURVE('2:4445',#1112,#1177,#1178,.T.);
#931=EDGE_CURVE('2:3671',#1160,#1177,#1179,.T.);
#932=EDGE_CURVE('',#1180,#1158,#1181,.T.);
#933=EDGE_CURVE('2:11615',#1180,#1182,#1183,.T.);
#934=EDGE_CURVE('2:11563',#1182,#1184,#1185,.T.);
#935=EDGE_CURVE('2:11638',#1184,#1175,#1186,.T.);
#936=EDGE_CURVE('',#1187,#1188,#1189,.T.);
#937=EDGE_CURVE('2:12235',#1190,#1187,#1191,.T.);
#938=EDGE_CURVE('2:10991',#1190,#1192,#1193,.T.);
#939=EDGE_CURVE('2:11031',#1192,#1194,#1195,.T.);
#940=EDGE_CURVE('2:9238',#1194,#1196,#1197,.T.);
#941=EDGE_CURVE('2:12218',#1198,#1196,#1199,.T.);
#942=EDGE_CURVE('',#1200,#1198,#1201,.T.);
#943=EDGE_CURVE('2:3356',#1200,#1125,#1202,.T.);
#944=EDGE_CURVE('2:4262',#1125,#1140,#1203,.T.);
#945=EDGE_CURVE('2:4355',#1140,#1188,#1204,.T.);
#946=EDGE_CURVE('',#1205,#1206,#1207,.T.);
#947=EDGE_CURVE('2:12225',#1208,#1205,#1209,.T.);
#948=EDGE_CURVE('2:9776',#1210,#1208,#1211,.T.);
#949=EDGE_CURVE('2:11088',#1210,#1212,#1213,.T.);
#950=EDGE_CURVE('2:11003',#1212,#1214,#1215,.T.);
#951=EDGE_CURVE('2:12248',#1216,#1214,#1217,.T.);
#952=EDGE_CURVE('',#1218,#1216,#1219,.T.);
#953=EDGE_CURVE('2:3245',#1218,#1146,#1220,.T.);
#954=EDGE_CURVE('2:3752',#1146,#1156,#1221,.T.);
#955=EDGE_CURVE('2:3857',#1156,#1206,#1222,.T.);
#956=EDGE_CURVE('',#1162,#1223,#1224,.T.);
#957=EDGE_CURVE('2:4532',#1177,#1073,#1225,.T.);
#958=EDGE_CURVE('',#1226,#1133,#1227,.T.);
#959=EDGE_CURVE('2:13405',#1226,#1228,#1229,.T.);
#960=EDGE_CURVE('2:11560',#1228,#1230,#1231,.T.);
#961=EDGE_CURVE('2:11608',#1230,#1223,#1232,.T.);
#962=EDGE_CURVE('',#1233,#1234,#1235,.T.);
#963=EDGE_CURVE('2:13465',#1236,#1233,#1237,.T.);
#964=EDGE_CURVE('2:13322',#1238,#1236,#1239,.T.);
#965=EDGE_CURVE('2:13445',#1238,#1240,#1241,.T.);
#966=EDGE_CURVE('2:9779',#1242,#1240,#1243,.T.);
#967=EDGE_CURVE('2:12208',#1244,#1242,#1245,.T.);
#968=EDGE_CURVE('',#1246,#1244,#1247,.T.);
#969=EDGE_CURVE('2:3032',#1246,#1152,#1248,.T.);
#970=EDGE_CURVE('2:3563',#1152,#1130,#1249,.T.);
#971=EDGE_CURVE('2:3629',#1130,#1234,#1250,.T.);
#972=EDGE_CURVE('2:13340',#1251,#1252,#1253,.T.);
#973=EDGE_CURVE('2:13346',#1252,#1254,#1255,.T.);
#974=EDGE_CURVE('2:13331',#1254,#1238,#1256,.T.);
#975=EDGE_CURVE('2:13328',#1236,#1089,#1257,.T.);
#976=EDGE_CURVE('2:13334',#1087,#1258,#1259,.T.);
#977=EDGE_CURVE('2:13349',#1258,#1251,#1260,.T.);
#978=EDGE_CURVE('2:13316',#1261,#1262,#1263,.T.);
#979=EDGE_CURVE('2:13343',#1262,#1264,#1265,.T.);
#980=EDGE_CURVE('2:13325',#1264,#1266,#1267,.T.);
#981=EDGE_CURVE('2:13319',#1266,#1261,#1268,.T.);
#982=EDGE_CURVE('2:1063',#1131,#1137,#1269,.T.);
#983=EDGE_CURVE('2:9788',#1270,#1271,#1272,.T.);
#984=EDGE_CURVE('2:9803',#1271,#1273,#1274,.T.);
#985=EDGE_CURVE('2:9797',#1273,#1275,#1276,.T.);
#986=EDGE_CURVE('2:9785',#1275,#1210,#1277,.T.);
#987=EDGE_CURVE('2:9770',#1208,#1242,#1278,.T.);
#988=EDGE_CURVE('2:9791',#1240,#1270,#1279,.T.);
#989=EDGE_CURVE('2:13482',#1280,#1262,#1281,.T.);
#990=EDGE_CURVE('2:12268',#1280,#1282,#1283,.T.);
#991=EDGE_CURVE('2:13502',#1282,#1264,#1284,.T.);
#992=EDGE_CURVE('2:13475',#1261,#1285,#1286,.T.);
#993=EDGE_CURVE('2:12132',#1285,#1280,#1287,.T.);
#994=EDGE_CURVE('2:12114',#1288,#1289,#1290,.T.);
#995=EDGE_CURVE('2:12123',#1289,#1291,#1292,.T.);
#996=EDGE_CURVE('2:12105',#1291,#1293,#1294,.T.);
#997=EDGE_CURVE('2:12099',#1293,#1295,#1296,.T.);
#998=EDGE_CURVE('2:12120',#1295,#1297,#1298,.T.);
#999=EDGE_CURVE('2:12102',#1297,#1299,#1300,.T.);
#1000=EDGE_CURVE('2:12117',#1299,#1301,#1302,.T.);
#1001=EDGE_CURVE('2:12126',#1301,#1288,#1303,.T.);
#1002=EDGE_CURVE('2:3629',#1234,#1304,#1305,.T.);
#1003=EDGE_CURVE('2:3209',#1304,#1170,#1306,.T.);
#1004=EDGE_CURVE('2:2669',#1307,#1170,#1308,.T.);
#1005=EDGE_CURVE('2:2630',#1307,#1309,#1310,.T.);
#1006=EDGE_CURVE('2:3032',#1309,#1246,#1311,.T.);
#1007=EDGE_CURVE('2:12208',#1291,#1244,#1312,.T.);
#1008=EDGE_CURVE('2:13465',#1233,#1289,#1313,.T.);
#1009=EDGE_CURVE('2:13425',#1254,#1270,#1314,.T.);
#1010=EDGE_CURVE('2:11608',#1223,#1271,#1315,.T.);
#1011=EDGE_CURVE('2:13405',#1252,#1226,#1316,.T.);
#1012=EDGE_CURVE('2:13392',#1067,#1251,#1317,.T.);
#1013=EDGE_CURVE('2:11566',#1065,#1228,#1318,.T.);
#1014=EDGE_CURVE('2:436',#1168,#1165,#1319,.T.);
#1015=EDGE_CURVE('2:10988',#1192,#1320,#1321,.T.);
#1016=EDGE_CURVE('2:10997',#1214,#1190,#1322,.T.);
#1017=EDGE_CURVE('2:11009',#1323,#1212,#1324,.T.);
#1018=EDGE_CURVE('2:11006',#1325,#1323,#1326,.T.);
#1019=EDGE_CURVE('2:11000',#1327,#1325,#1328,.T.);
#1020=EDGE_CURVE('2:10994',#1320,#1327,#1329,.T.);
#1021=EDGE_CURVE('2:12255',#1330,#1285,#1331,.T.);
#1022=EDGE_CURVE('2:11554',#1330,#1282,#1332,.T.);
#1023=EDGE_CURVE('2:13495',#1266,#1330,#1333,.T.);
#1024=EDGE_CURVE('2:9223',#1085,#1334,#1335,.T.);
#1025=EDGE_CURVE('2:9232',#1196,#1083,#1336,.T.);
#1026=EDGE_CURVE('2:9244',#1337,#1194,#1338,.T.);
#1027=EDGE_CURVE('2:9241',#1339,#1337,#1340,.T.);
#1028=EDGE_CURVE('2:9235',#1341,#1339,#1342,.T.);
#1029=EDGE_CURVE('2:9229',#1334,#1341,#1343,.T.);
#1030=EDGE_CURVE('2:3857',#1206,#1309,#1344,.T.);
#1031=EDGE_CURVE('2:2933',#1166,#1307,#1345,.T.);
#1032=EDGE_CURVE('2:2888',#1166,#1346,#1347,.T.);
#1033=EDGE_CURVE('2:3245',#1346,#1218,#1348,.T.);
#1034=EDGE_CURVE('2:12248',#1295,#1216,#1349,.T.);
#1035=EDGE_CURVE('2:12225',#1205,#1293,#1350,.T.);
#1036=EDGE_CURVE('2:11581',#1119,#1117,#1351,.T.);
#1037=EDGE_CURVE('2:11557',#1230,#1182,#1352,.T.);
#1038=EDGE_CURVE('2:11578',#1105,#1063,#1353,.T.);
#1039=EDGE_CURVE('2:11569',#1184,#1103,#1354,.T.);
#1040=EDGE_CURVE('2:11098',#1275,#1323,#1355,.T.);
#1041=EDGE_CURVE('2:11655',#1327,#1100,#1356,.T.);
#1042=EDGE_CURVE('2:11638',#1175,#1325,#1357,.T.);
#1043=EDGE_CURVE('2:4355',#1188,#1346,#1358,.T.);
#1044=EDGE_CURVE('2:3467',#1359,#1172,#1360,.T.);
#1045=EDGE_CURVE('2:3356',#1359,#1200,#1361,.T.);
#1046=EDGE_CURVE('2:12218',#1299,#1198,#1362,.T.);
#1047=EDGE_CURVE('2:12235',#1187,#1297,#1363,.T.);
#1048=EDGE_CURVE('2:1021',#1154,#1151,#1364,.T.);
#1049=EDGE_CURVE('2:11615',#1273,#1180,#1365,.T.);
#1050=EDGE_CURVE('2:9271',#1122,#1127,#1366,.T.);
#1051=EDGE_CURVE('2:13452',#1288,#1091,#1367,.T.);
#1052=EDGE_CURVE('2:12195',#1080,#1301,#1368,.T.);
#1053=EDGE_CURVE('2:11024',#1141,#1148,#1369,.T.);
#1054=EDGE_CURVE('2:3134',#1304,#1093,#1370,.T.);
#1055=EDGE_CURVE('2:4091',#1081,#1359,#1371,.T.);
#1056=EDGE_CURVE('2:11041',#1320,#1337,#1372,.T.);
#1057=EDGE_CURVE('2:11678',#1107,#1339,#1373,.T.);
#1058=EDGE_CURVE('2:13412',#1334,#1258,#1374,.T.);
#1059=EDGE_CURVE('2:11665',#1341,#1060,#1375,.T.);
#1060=VERTEX_POINT('',#1376);
#1061=VERTEX_POINT('',#1377);
#1062=LINE('',#1378,#1379);
#1063=VERTEX_POINT('',#1380);
#1064=ELLIPSE('',#1381,0.000682617847059147,0.000313799999999999);
#1065=VERTEX_POINT('',#1382);
#1066=ELLIPSE('',#1383,0.000543517543415115,0.000313800000000001);
#1067=VERTEX_POINT('',#1384);
#1068=ELLIPSE('',#1385,0.000682617847059147,0.000313799999999999);
#1069=VERTEX_POINT('',#1386);
#1070=LINE('',#1387,#1388);
#1071=VERTEX_POINT('',#1389);
#1072=ELLIPSE('',#1390,0.000682617847059139,0.000313800000000001);
#1073=VERTEX_POINT('',#1391);
#1074=ELLIPSE('',#1392,0.000543517543415116,0.000313800000000001);
#1075=VERTEX_POINT('',#1393);
#1076=ELLIPSE('',#1394,0.000682617847059144,0.0003138);
#1077=VERTEX_POINT('',#1395);
#1078=ELLIPSE('',#1396,0.00054351754341511,0.000313800000000001);
#1079=ELLIPSE('',#1397,0.000682617847059139,0.000313800000000001);
#1080=VERTEX_POINT('',#1398);
#1081=VERTEX_POINT('',#1399);
#1082=LINE('',#1400,#1401);
#1083=VERTEX_POINT('',#1402);
#1084=ELLIPSE('',#1403,0.000682617847059146,0.000313800000000001);
#1085=VERTEX_POINT('',#1404);
#1086=ELLIPSE('',#1405,0.000543517543415115,0.000313800000000001);
#1087=VERTEX_POINT('',#1406);
#1088=ELLIPSE('',#1407,0.000682617847059147,0.000313799999999999);
#1089=VERTEX_POINT('',#1408);
#1090=ELLIPSE('',#1409,0.000543517543415115,0.000313800000000001);
#1091=VERTEX_POINT('',#1410);
#1092=ELLIPSE('',#1411,0.000682617847059146,0.000313800000000001);
#1093=VERTEX_POINT('',#1412);
#1094=LINE('',#1413,#1414);
#1095=VERTEX_POINT('',#1415);
#1096=ELLIPSE('',#1416,0.000682617847059145,0.0003138);
#1097=VERTEX_POINT('',#1417);
#1098=ELLIPSE('',#1418,0.00054351754341511,0.000313800000000001);
#1099=ELLIPSE('',#1419,0.000682617847059145,0.0003138);
#1100=VERTEX_POINT('',#1420);
#1101=VERTEX_POINT('',#1421);
#1102=LINE('',#1422,#1423);
#1103=VERTEX_POINT('',#1424);
#1104=ELLIPSE('',#1425,0.000682617847059147,0.000313799999999999);
#1105=VERTEX_POINT('',#1426);
#1106=ELLIPSE('',#1427,0.000543517543415115,0.000313800000000001);
#1107=VERTEX_POINT('',#1428);
#1108=ELLIPSE('',#1429,0.000682617847059147,0.000313799999999999);
#1109=VERTEX_POINT('',#1430);
#1110=LINE('',#1431,#1432);
#1111=ELLIPSE('',#1433,0.000682617847059139,0.000313800000000001);
#1112=VERTEX_POINT('',#1434);
#1113=ELLIPSE('',#1435,0.000682617847059144,0.0003138);
#1114=VERTEX_POINT('',#1436);
#1115=ELLIPSE('',#1437,0.000543517543415116,0.000313800000000001);
#1116=ELLIPSE('',#1438,0.000682617847059139,0.000313800000000001);
#1117=VERTEX_POINT('',#1439);
#1118=LINE('',#1440,#1441);
#1119=VERTEX_POINT('',#1442);
#1120=CIRCLE('',#1443,0.0003138);
#1121=LINE('',#1444,#1445);
#1122=VERTEX_POINT('',#1446);
#1123=LINE('',#1447,#1448);
#1124=ELLIPSE('',#1449,0.000682617847059139,0.000313800000000001);
#1125=VERTEX_POINT('',#1450);
#1126=ELLIPSE('',#1451,0.000682617847059139,0.000313800000000001);
#1127=VERTEX_POINT('',#1452);
#1128=LINE('',#1453,#1454);
#1129=CIRCLE('',#1455,0.0003138);
#1130=VERTEX_POINT('',#1456);
#1131=VERTEX_POINT('',#1457);
#1132=LINE('',#1458,#1459);
#1133=VERTEX_POINT('',#1460);
#1134=ELLIPSE('',#1461,0.000682617847059145,0.0003138);
#1135=ELLIPSE('',#1462,0.000682617847059145,0.0003138);
#1136=ELLIPSE('',#1463,0.000682617847059139,0.000313800000000001);
#1137=VERTEX_POINT('',#1464);
#1138=LINE('',#1465,#1466);
#1139=CIRCLE('',#1467,0.0003138);
#1140=VERTEX_POINT('',#1468);
#1141=VERTEX_POINT('',#1469);
#1142=LINE('',#1470,#1471);
#1143=ELLIPSE('',#1472,0.000682617847059139,0.000313800000000001);
#1144=VERTEX_POINT('',#1473);
#1145=ELLIPSE('',#1474,0.000682617847059146,0.0003138);
#1146=VERTEX_POINT('',#1475);
#1147=ELLIPSE('',#1476,0.000682617847059146,0.0003138);
#1148=VERTEX_POINT('',#1477);
#1149=LINE('',#1478,#1479);
#1150=CIRCLE('',#1480,0.0003138);
#1151=VERTEX_POINT('',#1481);
#1152=VERTEX_POINT('',#1482);
#1153=LINE('',#1483,#1484);
#1154=VERTEX_POINT('',#1485);
#1155=CIRCLE('',#1486,0.0003138);
#1156=VERTEX_POINT('',#1487);
#1157=LINE('',#1488,#1489);
#1158=VERTEX_POINT('',#1490);
#1159=ELLIPSE('',#1491,0.000682617847059145,0.0003138);
#1160=VERTEX_POINT('',#1492);
#1161=ELLIPSE('',#1493,0.000682617847059145,0.0003138);
#1162=VERTEX_POINT('',#1494);
#1163=ELLIPSE('',#1495,0.000682617847059145,0.0003138);
#1164=ELLIPSE('',#1496,0.000682617847059145,0.0003138);
#1165=VERTEX_POINT('',#1497);
#1166=VERTEX_POINT('',#1498);
#1167=LINE('',#1499,#1500);
#1168=VERTEX_POINT('',#1501);
#1169=CIRCLE('',#1502,0.0003138);
#1170=VERTEX_POINT('',#1503);
#1171=LINE('',#1504,#1505);
#1172=VERTEX_POINT('',#1506);
#1173=ELLIPSE('',#1507,0.000682617847059153,0.000313800000000001);
#1174=ELLIPSE('',#1508,0.000682617847059153,0.000313800000000001);
#1175=VERTEX_POINT('',#1509);
#1176=LINE('',#1510,#1511);
#1177=VERTEX_POINT('',#1512);
#1178=ELLIPSE('',#1513,0.000682617847059145,0.0003138);
#1179=ELLIPSE('',#1514,0.000543517543415114,0.0003138);
#1180=VERTEX_POINT('',#1515);
#1181=LINE('',#1516,#1517);
#1182=VERTEX_POINT('',#1518);
#1183=ELLIPSE('',#1519,0.000682617847059147,0.000313799999999999);
#1184=VERTEX_POINT('',#1520);
#1185=ELLIPSE('',#1521,0.000543517543415114,0.0003138);
#1186=ELLIPSE('',#1522,0.000682617847059147,0.000313799999999999);
#1187=VERTEX_POINT('',#1523);
#1188=VERTEX_POINT('',#1524);
#1189=LINE('',#1525,#1526);
#1190=VERTEX_POINT('',#1527);
#1191=ELLIPSE('',#1528,0.000682617847059146,0.000313800000000001);
#1192=VERTEX_POINT('',#1529);
#1193=ELLIPSE('',#1530,0.000543517543415115,0.000313800000000001);
#1194=VERTEX_POINT('',#1531);
#1195=ELLIPSE('',#1532,0.000682617847059147,0.000313799999999999);
#1196=VERTEX_POINT('',#1533);
#1197=ELLIPSE('',#1534,0.000543517543415115,0.000313800000000001);
#1198=VERTEX_POINT('',#1535);
#1199=ELLIPSE('',#1536,0.000682617847059146,0.000313800000000001);
#1200=VERTEX_POINT('',#1537);
#1201=LINE('',#1538,#1539);
#1202=ELLIPSE('',#1540,0.000682617847059145,0.0003138);
#1203=ELLIPSE('',#1541,0.00054351754341511,0.000313800000000001);
#1204=ELLIPSE('',#1542,0.000682617847059145,0.0003138);
#1205=VERTEX_POINT('',#1543);
#1206=VERTEX_POINT('',#1544);
#1207=LINE('',#1545,#1546);
#1208=VERTEX_POINT('',#1547);
#1209=ELLIPSE('',#1548,0.000682617847059146,0.000313800000000001);
#1210=VERTEX_POINT('',#1549);
#1211=ELLIPSE('',#1550,0.000543517543415115,0.000313800000000001);
#1212=VERTEX_POINT('',#1551);
#1213=ELLIPSE('',#1552,0.000682617847059147,0.000313799999999999);
#1214=VERTEX_POINT('',#1553);
#1215=ELLIPSE('',#1554,0.000543517543415115,0.000313800000000001);
#1216=VERTEX_POINT('',#1555);
#1217=ELLIPSE('',#1556,0.000682617847059146,0.000313800000000001);
#1218=VERTEX_POINT('',#1557);
#1219=LINE('',#1558,#1559);
#1220=ELLIPSE('',#1560,0.000682617847059145,0.0003138);
#1221=ELLIPSE('',#1561,0.000543517543415117,0.0003138);
#1222=ELLIPSE('',#1562,0.000682617847059144,0.0003138);
#1223=VERTEX_POINT('',#1563);
#1224=LINE('',#1564,#1565);
#1225=ELLIPSE('',#1566,0.000682617847059145,0.0003138);
#1226=VERTEX_POINT('',#1567);
#1227=LINE('',#1568,#1569);
#1228=VERTEX_POINT('',#1570);
#1229=ELLIPSE('',#1571,0.000682617847059147,0.000313799999999999);
#1230=VERTEX_POINT('',#1572);
#1231=ELLIPSE('',#1573,0.000543517543415114,0.0003138);
#1232=ELLIPSE('',#1574,0.000682617847059144,0.000313799999999999);
#1233=VERTEX_POINT('',#1575);
#1234=VERTEX_POINT('',#1576);
#1235=LINE('',#1577,#1578);
#1236=VERTEX_POINT('',#1579);
#1237=ELLIPSE('',#1580,0.000682617847059146,0.000313800000000001);
#1238=VERTEX_POINT('',#1581);
#1239=ELLIPSE('',#1582,0.000543517543415115,0.000313800000000001);
#1240=VERTEX_POINT('',#1583);
#1241=ELLIPSE('',#1584,0.000682617847059147,0.000313799999999999);
#1242=VERTEX_POINT('',#1585);
#1243=ELLIPSE('',#1586,0.000543517543415115,0.000313800000000001);
#1244=VERTEX_POINT('',#1587);
#1245=ELLIPSE('',#1588,0.000682617847059146,0.000313800000000001);
#1246=VERTEX_POINT('',#1589);
#1247=LINE('',#1590,#1591);
#1248=ELLIPSE('',#1592,0.000682617847059144,0.0003138);
#1249=ELLIPSE('',#1593,0.000543517543415117,0.0003138);
#1250=ELLIPSE('',#1594,0.000682617847059145,0.0003138);
#1251=VERTEX_POINT('',#1595);
#1252=VERTEX_POINT('',#1596);
#1253=LINE('',#1597,#1598);
#1254=VERTEX_POINT('',#1599);
#1255=ELLIPSE('',#1600,0.000543517543415114,0.0003138);
#1256=LINE('',#1601,#1602);
#1257=LINE('',#1603,#1604);
#1258=VERTEX_POINT('',#1605);
#1259=LINE('',#1606,#1607);
#1260=ELLIPSE('',#1608,0.000543517543415115,0.000313800000000001);
#1261=VERTEX_POINT('',#1609);
#1262=VERTEX_POINT('',#1610);
#1263=LINE('',#1611,#1612);
#1264=VERTEX_POINT('',#1613);
#1265=LINE('',#1614,#1615);
#1266=VERTEX_POINT('',#1616);
#1267=LINE('',#1617,#1618);
#1268=LINE('',#1619,#1620);
#1269=CIRCLE('',#1621,0.0003138);
#1270=VERTEX_POINT('',#1622);
#1271=VERTEX_POINT('',#1623);
#1272=ELLIPSE('',#1624,0.000543517543415114,0.0003138);
#1273=VERTEX_POINT('',#1625);
#1274=LINE('',#1626,#1627);
#1275=VERTEX_POINT('',#1628);
#1276=ELLIPSE('',#1629,0.000543517543415114,0.0003138);
#1277=LINE('',#1630,#1631);
#1278=LINE('',#1632,#1633);
#1279=LINE('',#1634,#1635);
#1280=VERTEX_POINT('',#1636);
#1281=LINE('',#1637,#1638);
#1282=VERTEX_POINT('',#1639);
#1283=LINE('',#1640,#1641);
#1284=LINE('',#1642,#1643);
#1285=VERTEX_POINT('',#1644);
#1286=LINE('',#1645,#1646);
#1287=LINE('',#1647,#1648);
#1288=VERTEX_POINT('',#1649);
#1289=VERTEX_POINT('',#1650);
#1290=LINE('',#1651,#1652);
#1291=VERTEX_POINT('',#1653);
#1292=ELLIPSE('',#1654,0.000543517543415115,0.000313800000000001);
#1293=VERTEX_POINT('',#1655);
#1294=LINE('',#1656,#1657);
#1295=VERTEX_POINT('',#1658);
#1296=ELLIPSE('',#1659,0.000543517543415115,0.000313800000000001);
#1297=VERTEX_POINT('',#1660);
#1298=LINE('',#1661,#1662);
#1299=VERTEX_POINT('',#1663);
#1300=ELLIPSE('',#1664,0.000543517543415115,0.000313800000000001);
#1301=VERTEX_POINT('',#1665);
#1302=LINE('',#1666,#1667);
#1303=ELLIPSE('',#1668,0.000543517543415115,0.000313800000000001);
#1304=VERTEX_POINT('',#1669);
#1305=ELLIPSE('',#1670,0.000682617847059145,0.0003138);
#1306=ELLIPSE('',#1671,0.00054351754341511,0.000313800000000001);
#1307=VERTEX_POINT('',#1672);
#1308=ELLIPSE('',#1673,0.000682617847059153,0.000313800000000001);
#1309=VERTEX_POINT('',#1674);
#1310=ELLIPSE('',#1675,0.00054351754341511,0.000313800000000001);
#1311=ELLIPSE('',#1676,0.000682617847059144,0.0003138);
#1312=ELLIPSE('',#1677,0.000682617847059146,0.000313800000000001);
#1313=ELLIPSE('',#1678,0.000682617847059146,0.000313800000000001);
#1314=ELLIPSE('',#1679,0.00068261784705915,0.0003138);
#1315=ELLIPSE('',#1680,0.000682617847059144,0.000313799999999999);
#1316=ELLIPSE('',#1681,0.000682617847059147,0.000313799999999999);
#1317=ELLIPSE('',#1682,0.000682617847059147,0.000313799999999999);
#1318=LINE('',#1683,#1684);
#1319=CIRCLE('',#1685,0.0003138);
#1320=VERTEX_POINT('',#1686);
#1321=LINE('',#1687,#1688);
#1322=LINE('',#1689,#1690);
#1323=VERTEX_POINT('',#1691);
#1324=LINE('',#1692,#1693);
#1325=VERTEX_POINT('',#1694);
#1326=ELLIPSE('',#1695,0.000543517543415114,0.0003138);
#1327=VERTEX_POINT('',#1696);
#1328=LINE('',#1697,#1698);
#1329=ELLIPSE('',#1699,0.000543517543415115,0.000313800000000001);
#1330=VERTEX_POINT('',#1700);
#1331=LINE('',#1701,#1702);
#1332=LINE('',#1703,#1704);
#1333=LINE('',#1705,#1706);
#1334=VERTEX_POINT('',#1707);
#1335=LINE('',#1708,#1709);
#1336=LINE('',#1710,#1711);
#1337=VERTEX_POINT('',#1712);
#1338=LINE('',#1713,#1714);
#1339=VERTEX_POINT('',#1715);
#1340=ELLIPSE('',#1716,0.000543517543415115,0.000313800000000001);
#1341=VERTEX_POINT('',#1717);
#1342=LINE('',#1718,#1719);
#1343=ELLIPSE('',#1720,0.000543517543415115,0.000313800000000001);
#1344=ELLIPSE('',#1721,0.000682617847059144,0.0003138);
#1345=ELLIPSE('',#1722,0.000682617847059153,0.000313800000000001);
#1346=VERTEX_POINT('',#1723);
#1347=ELLIPSE('',#1724,0.00054351754341511,0.000313800000000001);
#1348=ELLIPSE('',#1725,0.000682617847059145,0.0003138);
#1349=ELLIPSE('',#1726,0.000682617847059146,0.000313800000000001);
#1350=ELLIPSE('',#1727,0.000682617847059146,0.000313800000000001);
#1351=CIRCLE('',#1728,0.0003138);
#1352=LINE('',#1729,#1730);
#1353=LINE('',#1731,#1732);
#1354=LINE('',#1733,#1734);
#1355=ELLIPSE('',#1735,0.00068261784705915,0.0003138);
#1356=ELLIPSE('',#1736,0.000682617847059147,0.000313799999999999);
#1357=ELLIPSE('',#1737,0.000682617847059147,0.000313799999999999);
#1358=ELLIPSE('',#1738,0.000682617847059145,0.0003138);
#1359=VERTEX_POINT('',#1739);
#1360=ELLIPSE('',#1740,0.00054351754341511,0.000313800000000001);
#1361=ELLIPSE('',#1741,0.000682617847059145,0.0003138);
#1362=ELLIPSE('',#1742,0.000682617847059146,0.000313800000000001);
#1363=ELLIPSE('',#1743,0.000682617847059146,0.000313800000000001);
#1364=CIRCLE('',#1744,0.0003138);
#1365=ELLIPSE('',#1745,0.000682617847059147,0.000313799999999999);
#1366=CIRCLE('',#1746,0.0003138);
#1367=ELLIPSE('',#1747,0.000682617847059146,0.000313800000000001);
#1368=ELLIPSE('',#1748,0.000682617847059146,0.000313800000000001);
#1369=CIRCLE('',#1749,0.0003138);
#1370=ELLIPSE('',#1750,0.000682617847059145,0.0003138);
#1371=ELLIPSE('',#1751,0.000682617847059145,0.0003138);
#1372=ELLIPSE('',#1752,0.000682617847059144,0.000313800000000001);
#1373=ELLIPSE('',#1753,0.000682617847059147,0.000313799999999999);
#1374=ELLIPSE('',#1754,0.000682617847059144,0.000313800000000001);
#1375=ELLIPSE('',#1755,0.000682617847059147,0.000313799999999999);
#1376=CARTESIAN_POINT('',(-0.00947500236777415,0.00991878258364683,0.00969689247571049));
#1377=CARTESIAN_POINT('',(-8.12174163531718E-05,0.00052499763222585,0.000303107524289511));
#1378=CARTESIAN_POINT('',(-0.00977810989206366,0.0102218901079363,0.01));
#1379=VECTOR('',#1756,1.0);
#1380=CARTESIAN_POINT('',(-0.00957134122829244,0.0096862,0.01));
#1381=AXIS2_PLACEMENT_3D('',#1757,#1758,#1759);
#1382=CARTESIAN_POINT('',(-0.0096862,0.00957134122829244,0.01));
#1383=AXIS2_PLACEMENT_3D('',#1760,#1761,#1762);
#1384=CARTESIAN_POINT('',(-0.00991878258364683,0.00947500236777415,0.00969689247571049));
#1385=AXIS2_PLACEMENT_3D('',#1763,#1764,#1765);
#1386=CARTESIAN_POINT('',(-0.00052499763222585,8.12174163531718E-05,0.000303107524289511));
#1387=CARTESIAN_POINT('',(-0.0102218901079363,0.00977810989206366,0.01));
#1388=VECTOR('',#1766,1.0);
#1389=CARTESIAN_POINT('',(-0.000428658771707557,-2.17883322412169E-19,0.0003138));
#1390=AXIS2_PLACEMENT_3D('',#1767,#1768,#1769);
#1391=CARTESIAN_POINT('',(-0.0003138,-1.17301353899126E-18,0.000428658771707557));
#1392=AXIS2_PLACEMENT_3D('',#1770,#1771,#1772);
#1393=CARTESIAN_POINT('',(-5.04397694262719E-18,0.0003138,0.000428658771707551));
#1394=AXIS2_PLACEMENT_3D('',#1773,#1774,#1775);
#1395=CARTESIAN_POINT('',(5.0839441896173E-20,0.000428658771707557,0.000313800000000002));
#1396=AXIS2_PLACEMENT_3D('',#1776,#1777,#1778);
#1397=AXIS2_PLACEMENT_3D('',#1779,#1780,#1781);
#1398=CARTESIAN_POINT('',(-0.00947500236777415,0.00991878258364683,-0.00969689247571049));
#1399=CARTESIAN_POINT('',(-8.12174163531716E-05,0.000524997632225851,-0.000303107524289509));
#1400=CARTESIAN_POINT('',(-0.00977810989206366,0.0102218901079363,-0.01));
#1401=VECTOR('',#1782,1.0);
#1402=CARTESIAN_POINT('',(-0.00957134122829244,0.01,-0.0096862));
#1403=AXIS2_PLACEMENT_3D('',#1783,#1784,#1785);
#1404=CARTESIAN_POINT('',(-0.0096862,0.01,-0.00957134122829245));
#1405=AXIS2_PLACEMENT_3D('',#1786,#1787,#1788);
#1406=CARTESIAN_POINT('',(-0.01,0.0096862,-0.00957134122829245));
#1407=AXIS2_PLACEMENT_3D('',#1789,#1790,#1791);
#1408=CARTESIAN_POINT('',(-0.01,0.00957134122829244,-0.0096862));
#1409=AXIS2_PLACEMENT_3D('',#1792,#1793,#1794);
#1410=CARTESIAN_POINT('',(-0.00991878258364683,0.00947500236777415,-0.00969689247571049));
#1411=AXIS2_PLACEMENT_3D('',#1795,#1796,#1797);
#1412=CARTESIAN_POINT('',(-0.000524997632225851,8.12174163531713E-05,-0.00030310752428951));
#1413=CARTESIAN_POINT('',(-0.0102218901079363,0.00977810989206366,-0.01));
#1414=VECTOR('',#1798,1.0);
#1415=CARTESIAN_POINT('',(-0.000428658771707558,0.0003138,7.85439021393185E-19));
#1416=AXIS2_PLACEMENT_3D('',#1799,#1800,#1801);
#1417=CARTESIAN_POINT('',(-0.0003138,0.000428658771707558,7.39444844464755E-19));
#1418=AXIS2_PLACEMENT_3D('',#1802,#1803,#1804);
#1419=AXIS2_PLACEMENT_3D('',#1805,#1806,#1807);
#1420=CARTESIAN_POINT('',(0.00991878258364683,0.00947500236777415,0.00969689247571049));
#1421=CARTESIAN_POINT('',(0.000524997632225851,8.1217416353172E-05,0.000303107524289511));
#1422=CARTESIAN_POINT('',(0.0102218901079363,0.00977810989206366,0.01));
#1423=VECTOR('',#1808,1.0);
#1424=CARTESIAN_POINT('',(0.0096862,0.00957134122829244,0.01));
#1425=AXIS2_PLACEMENT_3D('',#1809,#1810,#1811);
#1426=CARTESIAN_POINT('',(0.00957134122829245,0.0096862,0.01));
#1427=AXIS2_PLACEMENT_3D('',#1812,#1813,#1814);
#1428=CARTESIAN_POINT('',(0.00947500236777415,0.00991878258364683,0.00969689247571049));
#1429=AXIS2_PLACEMENT_3D('',#1815,#1816,#1817);
#1430=CARTESIAN_POINT('',(8.1217416353172E-05,0.00052499763222585,0.000303107524289511));
#1431=CARTESIAN_POINT('',(0.00977810989206366,0.0102218901079363,0.01));
#1432=VECTOR('',#1818,1.0);
#1433=AXIS2_PLACEMENT_3D('',#1819,#1820,#1821);
#1434=CARTESIAN_POINT('',(0.0003138,-1.17301353899126E-18,0.000428658771707557));
#1435=AXIS2_PLACEMENT_3D('',#1822,#1823,#1824);
#1436=CARTESIAN_POINT('',(0.000428658771707558,-5.01131641547991E-19,0.0003138));
#1437=AXIS2_PLACEMENT_3D('',#1825,#1826,#1827);
#1438=AXIS2_PLACEMENT_3D('',#1828,#1829,#1830);
#1439=CARTESIAN_POINT('',(-0.0003138,0.0,0.01));
#1440=CARTESIAN_POINT('',(-0.0003138,-3.84294165572439E-20,0.01));
#1441=VECTOR('',#1831,1.0);
#1442=CARTESIAN_POINT('',(0.0003138,3.84294165572439E-20,0.01));
#1443=AXIS2_PLACEMENT_3D('',#1832,#1833,#1834);
#1444=CARTESIAN_POINT('',(0.0003138,3.84294165572439E-20,0.01));
#1445=VECTOR('',#1835,1.0);
#1446=CARTESIAN_POINT('',(-0.0003138,0.01,0.0));
#1447=CARTESIAN_POINT('',(-0.0003138,0.00521432938585378,-3.84294165572439E-20));
#1448=VECTOR('',#1836,1.0);
#1449=AXIS2_PLACEMENT_3D('',#1837,#1838,#1839);
#1450=CARTESIAN_POINT('',(0.0003138,0.000428658771707558,7.78362994173426E-19));
#1451=AXIS2_PLACEMENT_3D('',#1840,#1841,#1842);
#1452=CARTESIAN_POINT('',(0.0003138,0.01,3.84294165572439E-20));
#1453=CARTESIAN_POINT('',(0.0003138,0.00521432938585378,3.84294165572439E-20));
#1454=VECTOR('',#1843,1.0);
#1455=AXIS2_PLACEMENT_3D('',#1844,#1845,#1846);
#1456=CARTESIAN_POINT('',(-0.000428658771707558,-0.0003138,8.17281143882097E-19));
#1457=CARTESIAN_POINT('',(-0.01,-0.0003138,0.0));
#1458=CARTESIAN_POINT('',(-0.00521432938585378,-0.0003138,-3.84294165572439E-20));
#1459=VECTOR('',#1847,1.0);
#1460=CARTESIAN_POINT('',(-0.000524997632225849,-8.12174163531712E-05,0.00030310752428951));
#1461=AXIS2_PLACEMENT_3D('',#1848,#1849,#1850);
#1462=AXIS2_PLACEMENT_3D('',#1851,#1852,#1853);
#1463=AXIS2_PLACEMENT_3D('',#1854,#1855,#1856);
#1464=CARTESIAN_POINT('',(-0.01,0.0003138,3.8429416557244E-20));
#1465=CARTESIAN_POINT('',(-0.00521432938585378,0.0003138,3.8429416557244E-20));
#1466=VECTOR('',#1857,1.0);
#1467=AXIS2_PLACEMENT_3D('',#1858,#1859,#1860);
#1468=CARTESIAN_POINT('',(0.000428658771707558,0.0003138,7.67748953343789E-19));
#1469=CARTESIAN_POINT('',(0.01,0.0003138,0.0));
#1470=CARTESIAN_POINT('',(0.00521432938585378,0.0003138,-3.8429416557244E-20));
#1471=VECTOR('',#1861,1.0);
#1472=AXIS2_PLACEMENT_3D('',#1862,#1863,#1864);
#1473=CARTESIAN_POINT('',(0.000524997632225849,-8.12174163531713E-05,0.00030310752428951));
#1474=AXIS2_PLACEMENT_3D('',#1865,#1866,#1867);
#1475=CARTESIAN_POINT('',(0.000428658771707558,-0.0003138,7.25292790025237E-19));
#1476=AXIS2_PLACEMENT_3D('',#1868,#1869,#1870);
#1477=CARTESIAN_POINT('',(0.01,-0.0003138,3.84294165572439E-20));
#1478=CARTESIAN_POINT('',(0.00521432938585378,-0.0003138,3.84294165572439E-20));
#1479=VECTOR('',#1871,1.0);
#1480=AXIS2_PLACEMENT_3D('',#1872,#1873,#1874);
#1481=CARTESIAN_POINT('',(-0.0003138,-0.01,0.0));
#1482=CARTESIAN_POINT('',(-0.0003138,-0.000428658771707557,1.7690068049396E-19));
#1483=CARTESIAN_POINT('',(-0.0003138,-0.01,-3.84294165572439E-20));
#1484=VECTOR('',#1875,1.0);
#1485=CARTESIAN_POINT('',(0.0003138,-0.01,3.84294165572439E-20));
#1486=AXIS2_PLACEMENT_3D('',#1876,#1877,#1878);
#1487=CARTESIAN_POINT('',(0.0003138,-0.000428658771707557,2.6888903435082E-19));
#1488=CARTESIAN_POINT('',(0.0003138,-0.01,3.84294165572439E-20));
#1489=VECTOR('',#1879,1.0);
#1490=CARTESIAN_POINT('',(8.12174163531711E-05,-0.000524997632225848,0.000303107524289509));
#1491=AXIS2_PLACEMENT_3D('',#1880,#1881,#1882);
#1492=CARTESIAN_POINT('',(-4.3576664482434E-20,-0.000428658771707557,0.0003138));
#1493=AXIS2_PLACEMENT_3D('',#1883,#1884,#1885);
#1494=CARTESIAN_POINT('',(-8.1217416353171E-05,-0.000524997632225849,0.00030310752428951));
#1495=AXIS2_PLACEMENT_3D('',#1886,#1887,#1888);
#1496=AXIS2_PLACEMENT_3D('',#1889,#1890,#1891);
#1497=CARTESIAN_POINT('',(0.0003138,0.0,-0.01));
#1498=CARTESIAN_POINT('',(0.000313800000000007,4.10408172450752E-19,-0.000428658771707555));
#1499=CARTESIAN_POINT('',(0.0003138,-3.84294165572439E-20,-0.01));
#1500=VECTOR('',#1892,1.0);
#1501=CARTESIAN_POINT('',(-0.0003138,3.84294165572439E-20,-0.01));
#1502=AXIS2_PLACEMENT_3D('',#1893,#1894,#1895);
#1503=CARTESIAN_POINT('',(-0.000313800000000007,8.79446083823041E-20,-0.000428658771707556));
#1504=CARTESIAN_POINT('',(-0.0003138,3.84294165572439E-20,-0.01));
#1505=VECTOR('',#1896,1.0);
#1506=CARTESIAN_POINT('',(-5.71639954484976E-19,0.000313800000000007,-0.000428658771707557));
#1507=AXIS2_PLACEMENT_3D('',#1897,#1898,#1899);
#1508=AXIS2_PLACEMENT_3D('',#1900,#1901,#1902);
#1509=CARTESIAN_POINT('',(0.00991878258364683,-0.00947500236777415,0.00969689247571049));
#1510=CARTESIAN_POINT('',(0.000221890107936339,0.000221890107936339,-4.35484981409218E-20));
#1511=VECTOR('',#1903,1.0);
#1512=CARTESIAN_POINT('',(0.0,-0.0003138,0.000428658771707557));
#1513=AXIS2_PLACEMENT_3D('',#1904,#1905,#1906);
#1514=AXIS2_PLACEMENT_3D('',#1907,#1908,#1909);
#1515=CARTESIAN_POINT('',(0.00947500236777415,-0.00991878258364683,0.00969689247571049));
#1516=CARTESIAN_POINT('',(-0.000221890107936339,-0.000221890107936339,4.35484981409218E-20));
#1517=VECTOR('',#1910,1.0);
#1518=CARTESIAN_POINT('',(0.00957134122829245,-0.0096862,0.01));
#1519=AXIS2_PLACEMENT_3D('',#1911,#1912,#1913);
#1520=CARTESIAN_POINT('',(0.0096862,-0.00957134122829245,0.01));
#1521=AXIS2_PLACEMENT_3D('',#1914,#1915,#1916);
#1522=AXIS2_PLACEMENT_3D('',#1917,#1918,#1919);
#1523=CARTESIAN_POINT('',(0.00991878258364683,0.00947500236777415,-0.00969689247571049));
#1524=CARTESIAN_POINT('',(0.000524997632225851,8.12174163531708E-05,-0.00030310752428951));
#1525=CARTESIAN_POINT('',(0.0102218901079363,0.00977810989206366,-0.01));
#1526=VECTOR('',#1920,1.0);
#1527=CARTESIAN_POINT('',(0.01,0.00957134122829244,-0.0096862));
#1528=AXIS2_PLACEMENT_3D('',#1921,#1922,#1923);
#1529=CARTESIAN_POINT('',(0.01,0.0096862,-0.00957134122829245));
#1530=AXIS2_PLACEMENT_3D('',#1924,#1925,#1926);
#1531=CARTESIAN_POINT('',(0.0096862,0.01,-0.00957134122829245));
#1532=AXIS2_PLACEMENT_3D('',#1927,#1928,#1929);
#1533=CARTESIAN_POINT('',(0.00957134122829244,0.01,-0.0096862));
#1534=AXIS2_PLACEMENT_3D('',#1930,#1931,#1932);
#1535=CARTESIAN_POINT('',(0.00947500236777415,0.00991878258364683,-0.00969689247571049));
#1536=AXIS2_PLACEMENT_3D('',#1933,#1934,#1935);
#1537=CARTESIAN_POINT('',(8.12174163531708E-05,0.000524997632225851,-0.00030310752428951));
#1538=CARTESIAN_POINT('',(0.00977810989206366,0.0102218901079363,-0.01));
#1539=VECTOR('',#1936,1.0);
#1540=AXIS2_PLACEMENT_3D('',#1937,#1938,#1939);
#1541=AXIS2_PLACEMENT_3D('',#1940,#1941,#1942);
#1542=AXIS2_PLACEMENT_3D('',#1943,#1944,#1945);
#1543=CARTESIAN_POINT('',(0.00947500236777415,-0.00991878258364683,-0.00969689247571049));
#1544=CARTESIAN_POINT('',(8.12174163531717E-05,-0.00052499763222585,-0.000303107524289509));
#1545=CARTESIAN_POINT('',(0.00977810989206366,-0.0102218901079363,-0.01));
#1546=VECTOR('',#1946,1.0);
#1547=CARTESIAN_POINT('',(0.00957134122829244,-0.01,-0.0096862));
#1548=AXIS2_PLACEMENT_3D('',#1947,#1948,#1949);
#1549=CARTESIAN_POINT('',(0.0096862,-0.01,-0.00957134122829244));
#1550=AXIS2_PLACEMENT_3D('',#1950,#1951,#1952);
#1551=CARTESIAN_POINT('',(0.01,-0.0096862,-0.00957134122829244));
#1552=AXIS2_PLACEMENT_3D('',#1953,#1954,#1955);
#1553=CARTESIAN_POINT('',(0.01,-0.00957134122829244,-0.0096862));
#1554=AXIS2_PLACEMENT_3D('',#1956,#1957,#1958);
#1555=CARTESIAN_POINT('',(0.00991878258364683,-0.00947500236777415,-0.00969689247571049));
#1556=AXIS2_PLACEMENT_3D('',#1959,#1960,#1961);
#1557=CARTESIAN_POINT('',(0.00052499763222585,-8.12174163531705E-05,-0.00030310752428951));
#1558=CARTESIAN_POINT('',(0.0102218901079363,-0.00977810989206366,-0.01));
#1559=VECTOR('',#1962,1.0);
#1560=AXIS2_PLACEMENT_3D('',#1963,#1964,#1965);
#1561=AXIS2_PLACEMENT_3D('',#1966,#1967,#1968);
#1562=AXIS2_PLACEMENT_3D('',#1969,#1970,#1971);
#1563=CARTESIAN_POINT('',(-0.00947500236777415,-0.00991878258364683,0.00969689247571049));
#1564=CARTESIAN_POINT('',(0.000221890107936339,-0.000221890107936339,-4.35484981409218E-20));
#1565=VECTOR('',#1972,1.0);
#1566=AXIS2_PLACEMENT_3D('',#1973,#1974,#1975);
#1567=CARTESIAN_POINT('',(-0.00991878258364683,-0.00947500236777415,0.00969689247571049));
#1568=CARTESIAN_POINT('',(-0.000221890107936339,0.000221890107936339,4.35484981409218E-20));
#1569=VECTOR('',#1976,1.0);
#1570=CARTESIAN_POINT('',(-0.0096862,-0.00957134122829245,0.01));
#1571=AXIS2_PLACEMENT_3D('',#1977,#1978,#1979);
#1572=CARTESIAN_POINT('',(-0.00957134122829244,-0.0096862,0.01));
#1573=AXIS2_PLACEMENT_3D('',#1980,#1981,#1982);
#1574=AXIS2_PLACEMENT_3D('',#1983,#1984,#1985);
#1575=CARTESIAN_POINT('',(-0.00991878258364683,-0.00947500236777415,-0.00969689247571049));
#1576=CARTESIAN_POINT('',(-0.00052499763222585,-8.12174163531705E-05,-0.000303107524289509));
#1577=CARTESIAN_POINT('',(-0.0102218901079363,-0.00977810989206366,-0.01));
#1578=VECTOR('',#1986,1.0);
#1579=CARTESIAN_POINT('',(-0.01,-0.00957134122829244,-0.0096862));
#1580=AXIS2_PLACEMENT_3D('',#1987,#1988,#1989);
#1581=CARTESIAN_POINT('',(-0.01,-0.0096862,-0.00957134122829244));
#1582=AXIS2_PLACEMENT_3D('',#1990,#1991,#1992);
#1583=CARTESIAN_POINT('',(-0.0096862,-0.01,-0.00957134122829244));
#1584=AXIS2_PLACEMENT_3D('',#1993,#1994,#1995);
#1585=CARTESIAN_POINT('',(-0.00957134122829244,-0.01,-0.0096862));
#1586=AXIS2_PLACEMENT_3D('',#1996,#1997,#1998);
#1587=CARTESIAN_POINT('',(-0.00947500236777415,-0.00991878258364683,-0.00969689247571049));
#1588=AXIS2_PLACEMENT_3D('',#1999,#2000,#2001);
#1589=CARTESIAN_POINT('',(-8.12174163531712E-05,-0.000524997632225849,-0.00030310752428951));
#1590=CARTESIAN_POINT('',(-0.00977810989206366,-0.0102218901079363,-0.01));
#1591=VECTOR('',#2002,1.0);
#1592=AXIS2_PLACEMENT_3D('',#2003,#2004,#2005);
#1593=AXIS2_PLACEMENT_3D('',#2006,#2007,#2008);
#1594=AXIS2_PLACEMENT_3D('',#2009,#2010,#2011);
#1595=CARTESIAN_POINT('',(-0.01,0.00957134122829244,0.0096862));
#1596=CARTESIAN_POINT('',(-0.01,-0.00957134122829245,0.0096862));
#1597=CARTESIAN_POINT('',(-0.01,0.01,0.0096862));
#1598=VECTOR('',#2012,1.0);
#1599=CARTESIAN_POINT('',(-0.01,-0.0096862,0.00957134122829244));
#1600=AXIS2_PLACEMENT_3D('',#2013,#2014,#2015);
#1601=CARTESIAN_POINT('',(-0.01,-0.0096862,-0.01));
#1602=VECTOR('',#2016,1.0);
#1603=CARTESIAN_POINT('',(-0.01,-0.01,-0.0096862));
#1604=VECTOR('',#2017,1.0);
#1605=CARTESIAN_POINT('',(-0.01,0.0096862,0.00957134122829244));
#1606=CARTESIAN_POINT('',(-0.01,0.0096862,0.01));
#1607=VECTOR('',#2018,1.0);
#1608=AXIS2_PLACEMENT_3D('',#2019,#2020,#2021);
#1609=CARTESIAN_POINT('',(-0.01,0.01,-0.01));
#1610=CARTESIAN_POINT('',(-0.01,-0.01,-0.01));
#1611=CARTESIAN_POINT('',(-0.01,0.0,-0.01));
#1612=VECTOR('',#2022,1.0);
#1613=CARTESIAN_POINT('',(-0.01,-0.01,0.01));
#1614=CARTESIAN_POINT('',(-0.01,-0.01,0.0));
#1615=VECTOR('',#2023,1.0);
#1616=CARTESIAN_POINT('',(-0.01,0.01,0.01));
#1617=CARTESIAN_POINT('',(-0.01,0.0,0.01));
#1618=VECTOR('',#2024,1.0);
#1619=CARTESIAN_POINT('',(-0.01,0.01,0.0));
#1620=VECTOR('',#2025,1.0);
#1621=AXIS2_PLACEMENT_3D('',#2026,#2027,#2028);
#1622=CARTESIAN_POINT('',(-0.0096862,-0.01,0.00957134122829244));
#1623=CARTESIAN_POINT('',(-0.00957134122829244,-0.01,0.0096862));
#1624=AXIS2_PLACEMENT_3D('',#2029,#2030,#2031);
#1625=CARTESIAN_POINT('',(0.00957134122829245,-0.01,0.0096862));
#1626=CARTESIAN_POINT('',(-0.01,-0.01,0.0096862));
#1627=VECTOR('',#2032,1.0);
#1628=CARTESIAN_POINT('',(0.0096862,-0.01,0.00957134122829244));
#1629=AXIS2_PLACEMENT_3D('',#2033,#2034,#2035);
#1630=CARTESIAN_POINT('',(0.0096862,-0.01,-0.01));
#1631=VECTOR('',#2036,1.0);
#1632=CARTESIAN_POINT('',(-0.01,-0.01,-0.0096862));
#1633=VECTOR('',#2037,1.0);
#1634=CARTESIAN_POINT('',(-0.0096862,-0.01,-0.01));
#1635=VECTOR('',#2038,1.0);
#1636=CARTESIAN_POINT('',(0.01,-0.01,-0.01));
#1637=CARTESIAN_POINT('',(0.0,-0.01,-0.01));
#1638=VECTOR('',#2039,1.0);
#1639=CARTESIAN_POINT('',(0.01,-0.01,0.01));
#1640=CARTESIAN_POINT('',(0.01,-0.01,0.0));
#1641=VECTOR('',#2040,1.0);
#1642=CARTESIAN_POINT('',(0.0,-0.01,0.01));
#1643=VECTOR('',#2041,1.0);
#1644=CARTESIAN_POINT('',(0.01,0.01,-0.01));
#1645=CARTESIAN_POINT('',(0.0,0.01,-0.01));
#1646=VECTOR('',#2042,1.0);
#1647=CARTESIAN_POINT('',(0.01,0.0,-0.01));
#1648=VECTOR('',#2043,1.0);
#1649=CARTESIAN_POINT('',(-0.0096862,0.00957134122829244,-0.01));
#1650=CARTESIAN_POINT('',(-0.0096862,-0.00957134122829244,-0.01));
#1651=CARTESIAN_POINT('',(-0.0096862,-0.01,-0.01));
#1652=VECTOR('',#2044,1.0);
#1653=CARTESIAN_POINT('',(-0.00957134122829244,-0.0096862,-0.01));
#1654=AXIS2_PLACEMENT_3D('',#2045,#2046,#2047);
#1655=CARTESIAN_POINT('',(0.00957134122829244,-0.0096862,-0.01));
#1656=CARTESIAN_POINT('',(-0.01,-0.0096862,-0.01));
#1657=VECTOR('',#2048,1.0);
#1658=CARTESIAN_POINT('',(0.0096862,-0.00957134122829244,-0.01));
#1659=AXIS2_PLACEMENT_3D('',#2049,#2050,#2051);
#1660=CARTESIAN_POINT('',(0.0096862,0.00957134122829244,-0.01));
#1661=CARTESIAN_POINT('',(0.0096862,-0.01,-0.01));
#1662=VECTOR('',#2052,1.0);
#1663=CARTESIAN_POINT('',(0.00957134122829244,0.0096862,-0.01));
#1664=AXIS2_PLACEMENT_3D('',#2053,#2054,#2055);
#1665=CARTESIAN_POINT('',(-0.00957134122829244,0.0096862,-0.01));
#1666=CARTESIAN_POINT('',(-0.01,0.0096862,-0.01));
#1667=VECTOR('',#2056,1.0);
#1668=AXIS2_PLACEMENT_3D('',#2057,#2058,#2059);
#1669=CARTESIAN_POINT('',(-0.000428658771707552,-5.04397694262719E-18,-0.0003138));
#1670=AXIS2_PLACEMENT_3D('',#2060,#2061,#2062);
#1671=AXIS2_PLACEMENT_3D('',#2063,#2064,#2065);
#1672=CARTESIAN_POINT('',(2.30227711504268E-19,-0.000313800000000007,-0.000428658771707556));
#1673=AXIS2_PLACEMENT_3D('',#2066,#2067,#2068);
#1674=CARTESIAN_POINT('',(-5.0439769426272E-18,-0.000428658771707552,-0.0003138));
#1675=AXIS2_PLACEMENT_3D('',#2069,#2070,#2071);
#1676=AXIS2_PLACEMENT_3D('',#2072,#2073,#2074);
#1677=AXIS2_PLACEMENT_3D('',#2075,#2076,#2077);
#1678=AXIS2_PLACEMENT_3D('',#2078,#2079,#2080);
#1679=AXIS2_PLACEMENT_3D('',#2081,#2082,#2083);
#1680=AXIS2_PLACEMENT_3D('',#2084,#2085,#2086);
#1681=AXIS2_PLACEMENT_3D('',#2087,#2088,#2089);
#1682=AXIS2_PLACEMENT_3D('',#2090,#2091,#2092);
#1683=CARTESIAN_POINT('',(-0.0096862,0.01,0.01));
#1684=VECTOR('',#2093,1.0);
#1685=AXIS2_PLACEMENT_3D('',#2094,#2095,#2096);
#1686=CARTESIAN_POINT('',(0.01,0.0096862,0.00957134122829244));
#1687=CARTESIAN_POINT('',(0.01,0.0096862,0.01));
#1688=VECTOR('',#2097,1.0);
#1689=CARTESIAN_POINT('',(0.01,-0.01,-0.0096862));
#1690=VECTOR('',#2098,1.0);
#1691=CARTESIAN_POINT('',(0.01,-0.0096862,0.00957134122829244));
#1692=CARTESIAN_POINT('',(0.01,-0.0096862,-0.01));
#1693=VECTOR('',#2099,1.0);
#1694=CARTESIAN_POINT('',(0.01,-0.00957134122829245,0.0096862));
#1695=AXIS2_PLACEMENT_3D('',#2100,#2101,#2102);
#1696=CARTESIAN_POINT('',(0.01,0.00957134122829244,0.0096862));
#1697=CARTESIAN_POINT('',(0.01,0.01,0.0096862));
#1698=VECTOR('',#2103,1.0);
#1699=AXIS2_PLACEMENT_3D('',#2104,#2105,#2106);
#1700=CARTESIAN_POINT('',(0.01,0.01,0.01));
#1701=CARTESIAN_POINT('',(0.01,0.01,0.0));
#1702=VECTOR('',#2107,1.0);
#1703=CARTESIAN_POINT('',(0.01,0.0,0.01));
#1704=VECTOR('',#2108,1.0);
#1705=CARTESIAN_POINT('',(0.0,0.01,0.01));
#1706=VECTOR('',#2109,1.0);
#1707=CARTESIAN_POINT('',(-0.0096862,0.01,0.00957134122829244));
#1708=CARTESIAN_POINT('',(-0.0096862,0.01,0.01));
#1709=VECTOR('',#2110,1.0);
#1710=CARTESIAN_POINT('',(-0.01,0.01,-0.0096862));
#1711=VECTOR('',#2111,1.0);
#1712=CARTESIAN_POINT('',(0.0096862,0.01,0.00957134122829244));
#1713=CARTESIAN_POINT('',(0.0096862,0.01,0.01));
#1714=VECTOR('',#2112,1.0);
#1715=CARTESIAN_POINT('',(0.00957134122829245,0.01,0.0096862));
#1716=AXIS2_PLACEMENT_3D('',#2113,#2114,#2115);
#1717=CARTESIAN_POINT('',(-0.00957134122829244,0.01,0.0096862));
#1718=CARTESIAN_POINT('',(-0.01,0.01,0.0096862));
#1719=VECTOR('',#2116,1.0);
#1720=AXIS2_PLACEMENT_3D('',#2117,#2118,#2119);
#1721=AXIS2_PLACEMENT_3D('',#2120,#2121,#2122);
#1722=AXIS2_PLACEMENT_3D('',#2123,#2124,#2125);
#1723=CARTESIAN_POINT('',(0.000428658771707551,-5.04397694262719E-18,-0.0003138));
#1724=AXIS2_PLACEMENT_3D('',#2126,#2127,#2128);
#1725=AXIS2_PLACEMENT_3D('',#2129,#2130,#2131);
#1726=AXIS2_PLACEMENT_3D('',#2132,#2133,#2134);
#1727=AXIS2_PLACEMENT_3D('',#2135,#2136,#2137);
#1728=AXIS2_PLACEMENT_3D('',#2138,#2139,#2140);
#1729=CARTESIAN_POINT('',(-0.01,-0.0096862,0.01));
#1730=VECTOR('',#2141,1.0);
#1731=CARTESIAN_POINT('',(-0.01,0.0096862,0.01));
#1732=VECTOR('',#2142,1.0);
#1733=CARTESIAN_POINT('',(0.0096862,0.01,0.01));
#1734=VECTOR('',#2143,1.0);
#1735=AXIS2_PLACEMENT_3D('',#2144,#2145,#2146);
#1736=AXIS2_PLACEMENT_3D('',#2147,#2148,#2149);
#1737=AXIS2_PLACEMENT_3D('',#2150,#2151,#2152);
#1738=AXIS2_PLACEMENT_3D('',#2153,#2154,#2155);
#1739=CARTESIAN_POINT('',(-5.04397694262719E-18,0.000428658771707552,-0.0003138));
#1740=AXIS2_PLACEMENT_3D('',#2156,#2157,#2158);
#1741=AXIS2_PLACEMENT_3D('',#2159,#2160,#2161);
#1742=AXIS2_PLACEMENT_3D('',#2162,#2163,#2164);
#1743=AXIS2_PLACEMENT_3D('',#2165,#2166,#2167);
#1744=AXIS2_PLACEMENT_3D('',#2168,#2169,#2170);
#1745=AXIS2_PLACEMENT_3D('',#2171,#2172,#2173);
#1746=AXIS2_PLACEMENT_3D('',#2174,#2175,#2176);
#1747=AXIS2_PLACEMENT_3D('',#2177,#2178,#2179);
#1748=AXIS2_PLACEMENT_3D('',#2180,#2181,#2182);
#1749=AXIS2_PLACEMENT_3D('',#2183,#2184,#2185);
#1750=AXIS2_PLACEMENT_3D('',#2186,#2187,#2188);
#1751=AXIS2_PLACEMENT_3D('',#2189,#2190,#2191);
#1752=AXIS2_PLACEMENT_3D('',#2192,#2193,#2194);
#1753=AXIS2_PLACEMENT_3D('',#2195,#2196,#2197);
#1754=AXIS2_PLACEMENT_3D('',#2198,#2199,#2200);
#1755=AXIS2_PLACEMENT_3D('',#2201,#2202,#2203);
#1756=DIRECTION('',(0.577350269189626,-0.577350269189626,-0.577350269189626));
#1757=CARTESIAN_POINT('',(-0.01,0.01,0.01));
#1758=DIRECTION('',(-0.459700843380981,-0.627963030199555,-0.627963030199555));
#1759=DIRECTION('',(-0.888073833977116,0.325057583671867,0.325057583671867));
#1760=CARTESIAN_POINT('',(-0.01,0.01,0.01));
#1761=DIRECTION('',(0.0,-0.0,-1.0));
#1762=DIRECTION('',(0.707106781186548,-0.707106781186548,0.0));
#1763=CARTESIAN_POINT('',(-0.01,0.01,0.01));
#1764=DIRECTION('',(0.627963030199555,0.459700843380981,-0.627963030199555));
#1765=DIRECTION('',(0.325057583671867,-0.888073833977116,-0.325057583671867));
#1766=DIRECTION('',(-0.577350269189626,0.577350269189626,0.577350269189626));
#1767=CARTESIAN_POINT('',(-5.20417042793042E-18,5.20417042793042E-18,5.20417042793042E-18));
#1768=DIRECTION('',(-0.459700843380978,-0.627963030199556,-0.627963030199556));
#1769=DIRECTION('',(0.888073833977118,-0.325057583671864,-0.325057583671864));
#1770=CARTESIAN_POINT('',(1.73472347597681E-18,-1.73472347597681E-18,-1.73472347597681E-18));
#1771=DIRECTION('',(-7.75790394802187E-16,-1.0,7.75790394802186E-16));
#1772=DIRECTION('',(0.707106781186548,-1.09713329788803E-15,-0.707106781186547));
#1773=CARTESIAN_POINT('',(0.0,0.0,1.73472347597681E-18));
#1774=DIRECTION('',(-0.627963030199554,0.627963030199554,-0.459700843380984));
#1775=DIRECTION('',(-0.325057583671869,0.325057583671869,0.888073833977115));
#1776=CARTESIAN_POINT('',(-1.73472347597681E-18,-1.73472347597681E-18,-1.73472347597681E-18));
#1777=DIRECTION('',(-1.0,-4.51368956975814E-15,-4.51368956975814E-15));
#1778=DIRECTION('',(6.38332100589395E-15,-0.707106781186548,-0.707106781186547));
#1779=CARTESIAN_POINT('',(-5.20417042793042E-18,5.20417042793042E-18,5.20417042793042E-18));
#1780=DIRECTION('',(0.627963030199556,0.459700843380978,-0.627963030199556));
#1781=DIRECTION('',(-0.325057583671864,0.888073833977118,0.325057583671864));
#1782=DIRECTION('',(0.577350269189626,-0.577350269189626,0.577350269189626));
#1783=CARTESIAN_POINT('',(-0.01,0.01,-0.01));
#1784=DIRECTION('',(0.459700843380982,0.627963030199555,-0.627963030199555));
#1785=DIRECTION('',(0.888073833977116,-0.325057583671867,0.325057583671868));
#1786=CARTESIAN_POINT('',(-0.01,0.01,-0.01));
#1787=DIRECTION('',(0.0,-1.0,0.0));
#1788=DIRECTION('',(0.707106781186548,0.0,0.707106781186547));
#1789=CARTESIAN_POINT('',(-0.01,0.01,-0.01));
#1790=DIRECTION('',(0.627963030199555,-0.627963030199555,-0.459700843380981));
#1791=DIRECTION('',(-0.325057583671867,0.325057583671867,-0.888073833977116));
#1792=CARTESIAN_POINT('',(-0.01,0.01,-0.01));
#1793=DIRECTION('',(-1.0,0.0,-0.0));
#1794=DIRECTION('',(0.0,0.707106781186548,-0.707106781186547));
#1795=CARTESIAN_POINT('',(-0.01,0.01,-0.01));
#1796=DIRECTION('',(-0.627963030199555,-0.459700843380982,-0.627963030199555));
#1797=DIRECTION('',(-0.325057583671867,0.888073833977116,-0.325057583671868));
#1798=DIRECTION('',(-0.577350269189626,0.577350269189626,-0.577350269189626));
#1799=CARTESIAN_POINT('',(-2.60208521396521E-18,0.0,0.0));
#1800=DIRECTION('',(0.459700843380983,0.627963030199554,-0.627963030199554));
#1801=DIRECTION('',(0.888073833977115,-0.325057583671868,0.325057583671868));
#1802=CARTESIAN_POINT('',(0.0,0.0,0.0));
#1803=DIRECTION('',(4.51368956975814E-15,-4.51368956975814E-15,-1.0));
#1804=DIRECTION('',(0.707106781186547,-0.707106781186547,6.38332100589395E-15));
#1805=CARTESIAN_POINT('',(0.0,2.60208521396521E-18,0.0));
#1806=DIRECTION('',(-0.627963030199554,-0.459700843380983,-0.627963030199554));
#1807=DIRECTION('',(-0.325057583671868,0.888073833977115,-0.325057583671868));
#1808=DIRECTION('',(-0.577350269189626,-0.577350269189626,-0.577350269189626));
#1809=CARTESIAN_POINT('',(0.01,0.01,0.01));
#1810=DIRECTION('',(-0.627963030199555,0.459700843380981,-0.627963030199555));
#1811=DIRECTION('',(0.325057583671867,0.888073833977116,0.325057583671867));
#1812=CARTESIAN_POINT('',(0.01,0.01,0.01));
#1813=DIRECTION('',(-0.0,0.0,-1.0));
#1814=DIRECTION('',(-0.707106781186548,-0.707106781186548,0.0));
#1815=CARTESIAN_POINT('',(0.01,0.01,0.01));
#1816=DIRECTION('',(0.459700843380981,-0.627963030199555,-0.627963030199555));
#1817=DIRECTION('',(0.888073833977116,0.325057583671867,0.325057583671867));
#1818=DIRECTION('',(0.577350269189626,0.577350269189626,0.577350269189626));
#1819=CARTESIAN_POINT('',(5.20417042793042E-18,5.20417042793042E-18,5.20417042793042E-18));
#1820=DIRECTION('',(-0.627963030199556,0.459700843380978,-0.627963030199556));
#1821=DIRECTION('',(-0.325057583671864,-0.888073833977118,-0.325057583671864));
#1822=CARTESIAN_POINT('',(0.0,0.0,1.73472347597681E-18));
#1823=DIRECTION('',(0.627963030199554,0.627963030199554,-0.459700843380984));
#1824=DIRECTION('',(-0.325057583671869,-0.325057583671869,-0.888073833977115));
#1825=CARTESIAN_POINT('',(-1.73472347597681E-18,-1.73472347597681E-18,-1.73472347597681E-18));
#1826=DIRECTION('',(7.75790394802187E-16,-1.0,7.75790394802186E-16));
#1827=DIRECTION('',(0.707106781186548,1.09713329788803E-15,0.707106781186547));
#1828=CARTESIAN_POINT('',(5.20417042793042E-18,5.20417042793042E-18,5.20417042793042E-18));
#1829=DIRECTION('',(0.459700843380978,-0.627963030199556,-0.627963030199556));
#1830=DIRECTION('',(0.888073833977118,0.325057583671864,0.325057583671864));
#1831=DIRECTION('',(0.0,0.0,-1.0));
#1832=CARTESIAN_POINT('',(0.0,0.0,0.01));
#1833=DIRECTION('',(0.0,0.0,-1.0));
#1834=DIRECTION('',(-1.0,0.0,0.0));
#1835=DIRECTION('',(-0.0,-0.0,1.0));
#1836=DIRECTION('',(0.0,1.0,0.0));
#1837=CARTESIAN_POINT('',(-5.20417042793042E-18,5.20417042793042E-18,5.20417042793042E-18));
#1838=DIRECTION('',(0.627963030199556,0.459700843380978,-0.627963030199556));
#1839=DIRECTION('',(-0.325057583671864,0.888073833977118,0.325057583671864));
#1840=CARTESIAN_POINT('',(5.20417042793042E-18,5.20417042793042E-18,5.20417042793042E-18));
#1841=DIRECTION('',(-0.627963030199556,0.459700843380978,-0.627963030199556));
#1842=DIRECTION('',(-0.325057583671864,-0.888073833977118,-0.325057583671864));
#1843=DIRECTION('',(-0.0,-1.0,-0.0));
#1844=CARTESIAN_POINT('',(0.0,0.01,0.0));
#1845=DIRECTION('',(-0.0,-1.0,-0.0));
#1846=DIRECTION('',(-1.0,0.0,0.0));
#1847=DIRECTION('',(-1.0,0.0,0.0));
#1848=CARTESIAN_POINT('',(0.0,0.0,0.0));
#1849=DIRECTION('',(-0.459700843380983,0.627963030199554,-0.627963030199554));
#1850=DIRECTION('',(0.888073833977115,0.325057583671868,-0.325057583671868));
#1851=CARTESIAN_POINT('',(0.0,0.0,0.0));
#1852=DIRECTION('',(-0.459700843380983,0.627963030199554,-0.627963030199554));
#1853=DIRECTION('',(0.888073833977115,0.325057583671868,-0.325057583671868));
#1854=CARTESIAN_POINT('',(-5.20417042793042E-18,5.20417042793042E-18,5.20417042793042E-18));
#1855=DIRECTION('',(-0.459700843380978,-0.627963030199556,-0.627963030199556));
#1856=DIRECTION('',(0.888073833977118,-0.325057583671864,-0.325057583671864));
#1857=DIRECTION('',(1.0,-0.0,-0.0));
#1858=CARTESIAN_POINT('',(-0.01,0.0,0.0));
#1859=DIRECTION('',(1.0,0.0,0.0));
#1860=DIRECTION('',(0.0,-1.0,0.0));
#1861=DIRECTION('',(1.0,0.0,0.0));
#1862=CARTESIAN_POINT('',(5.20417042793042E-18,5.20417042793042E-18,5.20417042793042E-18));
#1863=DIRECTION('',(0.459700843380978,-0.627963030199556,-0.627963030199556));
#1864=DIRECTION('',(0.888073833977118,0.325057583671864,0.325057583671864));
#1865=CARTESIAN_POINT('',(0.0,0.0,0.0));
#1866=DIRECTION('',(0.459700843380983,0.627963030199554,-0.627963030199554));
#1867=DIRECTION('',(0.888073833977115,-0.325057583671868,0.325057583671868));
#1868=CARTESIAN_POINT('',(0.0,0.0,0.0));
#1869=DIRECTION('',(0.459700843380983,0.627963030199554,-0.627963030199554));
#1870=DIRECTION('',(0.888073833977115,-0.325057583671868,0.325057583671868));
#1871=DIRECTION('',(-1.0,-0.0,-0.0));
#1872=CARTESIAN_POINT('',(0.01,0.0,0.0));
#1873=DIRECTION('',(-1.0,0.0,0.0));
#1874=DIRECTION('',(0.0,1.0,0.0));
#1875=DIRECTION('',(0.0,1.0,0.0));
#1876=CARTESIAN_POINT('',(0.0,-0.01,0.0));
#1877=DIRECTION('',(0.0,1.0,0.0));
#1878=DIRECTION('',(-1.0,0.0,0.0));
#1879=DIRECTION('',(-0.0,-1.0,-0.0));
#1880=CARTESIAN_POINT('',(0.0,0.0,0.0));
#1881=DIRECTION('',(-0.627963030199554,-0.459700843380983,-0.627963030199554));
#1882=DIRECTION('',(-0.325057583671868,0.888073833977115,-0.325057583671868));
#1883=CARTESIAN_POINT('',(0.0,0.0,0.0));
#1884=DIRECTION('',(-0.627963030199554,-0.459700843380983,-0.627963030199554));
#1885=DIRECTION('',(-0.325057583671868,0.888073833977115,-0.325057583671868));
#1886=CARTESIAN_POINT('',(0.0,0.0,0.0));
#1887=DIRECTION('',(0.627963030199554,-0.459700843380983,-0.627963030199554));
#1888=DIRECTION('',(-0.325057583671868,-0.888073833977115,0.325057583671868));
#1889=CARTESIAN_POINT('',(0.0,0.0,0.0));
#1890=DIRECTION('',(0.627963030199554,-0.459700843380983,-0.627963030199554));
#1891=DIRECTION('',(-0.325057583671868,-0.888073833977115,0.325057583671868));
#1892=DIRECTION('',(0.0,0.0,1.0));
#1893=CARTESIAN_POINT('',(0.0,0.0,-0.01));
#1894=DIRECTION('',(0.0,0.0,1.0));
#1895=DIRECTION('',(1.0,0.0,0.0));
#1896=DIRECTION('',(-0.0,-0.0,-1.0));
#1897=CARTESIAN_POINT('',(-3.46944695195361E-18,3.46944695195361E-18,-3.46944695195361E-18));
#1898=DIRECTION('',(0.627963030199553,-0.627963030199553,-0.459700843380987));
#1899=DIRECTION('',(0.325057583671871,-0.325057583671871,0.888073833977113));
#1900=CARTESIAN_POINT('',(3.46944695195361E-18,3.46944695195361E-18,-3.46944695195361E-18));
#1901=DIRECTION('',(-0.627963030199553,-0.627963030199553,-0.459700843380987));
#1902=DIRECTION('',(-0.325057583671871,-0.325057583671871,0.888073833977113));
#1903=DIRECTION('',(0.577350269189626,-0.577350269189626,0.577350269189626));
#1904=CARTESIAN_POINT('',(0.0,0.0,0.0));
#1905=DIRECTION('',(0.627963030199554,-0.627963030199554,-0.459700843380983));
#1906=DIRECTION('',(-0.325057583671868,0.325057583671868,-0.888073833977115));
#1907=CARTESIAN_POINT('',(0.0,0.0,0.0));
#1908=DIRECTION('',(-1.0,0.0,-0.0));
#1909=DIRECTION('',(0.0,0.707106781186547,-0.707106781186547));
#1910=DIRECTION('',(-0.577350269189626,0.577350269189626,-0.577350269189626));
#1911=CARTESIAN_POINT('',(0.01,-0.01,0.01));
#1912=DIRECTION('',(0.459700843380981,0.627963030199555,-0.627963030199555));
#1913=DIRECTION('',(-0.888073833977116,0.325057583671867,-0.325057583671867));
#1914=CARTESIAN_POINT('',(0.01,-0.01,0.01));
#1915=DIRECTION('',(-0.0,0.0,-1.0));
#1916=DIRECTION('',(-0.707106781186547,0.707106781186547,0.0));
#1917=CARTESIAN_POINT('',(0.01,-0.01,0.01));
#1918=DIRECTION('',(-0.627963030199555,-0.459700843380981,-0.627963030199555));
#1919=DIRECTION('',(0.325057583671867,-0.888073833977116,0.325057583671867));
#1920=DIRECTION('',(-0.577350269189626,-0.577350269189626,0.577350269189626));
#1921=CARTESIAN_POINT('',(0.01,0.01,-0.01));
#1922=DIRECTION('',(0.627963030199555,-0.459700843380982,-0.627963030199555));
#1923=DIRECTION('',(-0.325057583671867,-0.888073833977116,0.325057583671868));
#1924=CARTESIAN_POINT('',(0.01,0.01,-0.01));
#1925=DIRECTION('',(-1.0,-0.0,0.0));
#1926=DIRECTION('',(0.0,-0.707106781186548,0.707106781186547));
#1927=CARTESIAN_POINT('',(0.01,0.01,-0.01));
#1928=DIRECTION('',(-0.627963030199555,-0.627963030199555,-0.459700843380981));
#1929=DIRECTION('',(-0.325057583671867,-0.325057583671867,0.888073833977116));
#1930=CARTESIAN_POINT('',(0.01,0.01,-0.01));
#1931=DIRECTION('',(0.0,-1.0,0.0));
#1932=DIRECTION('',(0.707106781186548,0.0,-0.707106781186547));
#1933=CARTESIAN_POINT('',(0.01,0.01,-0.01));
#1934=DIRECTION('',(-0.459700843380982,0.627963030199555,-0.627963030199555));
#1935=DIRECTION('',(0.888073833977116,0.325057583671867,-0.325057583671868));
#1936=DIRECTION('',(0.577350269189626,0.577350269189626,-0.577350269189626));
#1937=CARTESIAN_POINT('',(0.0,2.60208521396521E-18,0.0));
#1938=DIRECTION('',(0.627963030199554,-0.459700843380983,-0.627963030199554));
#1939=DIRECTION('',(-0.325057583671868,-0.888073833977115,0.325057583671868));
#1940=CARTESIAN_POINT('',(0.0,0.0,0.0));
#1941=DIRECTION('',(-4.51368956975814E-15,-4.51368956975814E-15,-1.0));
#1942=DIRECTION('',(-0.707106781186547,-0.707106781186547,6.38332100589395E-15));
#1943=CARTESIAN_POINT('',(2.60208521396521E-18,0.0,0.0));
#1944=DIRECTION('',(-0.459700843380983,0.627963030199554,-0.627963030199554));
#1945=DIRECTION('',(0.888073833977115,0.325057583671868,-0.325057583671868));
#1946=DIRECTION('',(-0.577350269189626,0.577350269189626,0.577350269189626));
#1947=CARTESIAN_POINT('',(0.01,-0.01,-0.01));
#1948=DIRECTION('',(-0.459700843380982,-0.627963030199555,-0.627963030199555));
#1949=DIRECTION('',(-0.888073833977116,0.325057583671867,0.325057583671868));
#1950=CARTESIAN_POINT('',(0.01,-0.01,-0.01));
#1951=DIRECTION('',(-0.0,-1.0,0.0));
#1952=DIRECTION('',(-0.707106781186548,0.0,0.707106781186547));
#1953=CARTESIAN_POINT('',(0.01,-0.01,-0.01));
#1954=DIRECTION('',(-0.627963030199555,0.627963030199555,-0.459700843380981));
#1955=DIRECTION('',(0.325057583671867,-0.325057583671867,-0.888073833977116));
#1956=CARTESIAN_POINT('',(0.01,-0.01,-0.01));
#1957=DIRECTION('',(-1.0,-0.0,0.0));
#1958=DIRECTION('',(0.0,-0.707106781186548,-0.707106781186547));
#1959=CARTESIAN_POINT('',(0.01,-0.01,-0.01));
#1960=DIRECTION('',(0.627963030199555,0.459700843380982,-0.627963030199555));
#1961=DIRECTION('',(0.325057583671867,-0.888073833977116,-0.325057583671868));
#1962=DIRECTION('',(0.577350269189626,-0.577350269189626,-0.577350269189626));
#1963=CARTESIAN_POINT('',(2.60208521396521E-18,0.0,0.0));
#1964=DIRECTION('',(-0.459700843380983,-0.627963030199554,-0.627963030199554));
#1965=DIRECTION('',(-0.888073833977115,0.325057583671868,0.325057583671868));
#1966=CARTESIAN_POINT('',(5.63367974526435E-19,-5.63367974526435E-19,5.63367974526435E-19));
#1967=DIRECTION('',(2.989776628418E-15,-2.989776628418E-15,-1.0));
#1968=DIRECTION('',(-0.707106781186548,0.707106781186548,-4.22818265637484E-15));
#1969=CARTESIAN_POINT('',(0.0,-1.73472347597681E-18,0.0));
#1970=DIRECTION('',(0.627963030199554,0.459700843380984,-0.627963030199554));
#1971=DIRECTION('',(-0.325057583671869,0.888073833977115,0.325057583671869));
#1972=DIRECTION('',(-0.577350269189626,-0.577350269189626,0.577350269189626));
#1973=CARTESIAN_POINT('',(0.0,0.0,0.0));
#1974=DIRECTION('',(-0.627963030199554,-0.627963030199554,-0.459700843380983));
#1975=DIRECTION('',(-0.325057583671868,-0.325057583671868,0.888073833977115));
#1976=DIRECTION('',(0.577350269189626,0.577350269189626,-0.577350269189626));
#1977=CARTESIAN_POINT('',(-0.01,-0.01,0.01));
#1978=DIRECTION('',(0.627963030199555,-0.459700843380981,-0.627963030199555));
#1979=DIRECTION('',(0.325057583671867,0.888073833977116,-0.325057583671867));
#1980=CARTESIAN_POINT('',(-0.01,-0.01,0.01));
#1981=DIRECTION('',(0.0,0.0,-1.0));
#1982=DIRECTION('',(0.707106781186547,0.707106781186547,0.0));
#1983=CARTESIAN_POINT('',(-0.01,-0.01,0.01));
#1984=DIRECTION('',(-0.459700843380983,0.627963030199554,-0.627963030199554));
#1985=DIRECTION('',(0.888073833977115,0.325057583671868,-0.325057583671868));
#1986=DIRECTION('',(0.577350269189626,0.577350269189626,0.577350269189626));
#1987=CARTESIAN_POINT('',(-0.01,-0.01,-0.01));
#1988=DIRECTION('',(-0.627963030199555,0.459700843380982,-0.627963030199555));
#1989=DIRECTION('',(0.325057583671867,0.888073833977116,0.325057583671868));
#1990=CARTESIAN_POINT('',(-0.01,-0.01,-0.01));
#1991=DIRECTION('',(-1.0,0.0,0.0));
#1992=DIRECTION('',(0.0,0.707106781186548,0.707106781186547));
#1993=CARTESIAN_POINT('',(-0.01,-0.01,-0.01));
#1994=DIRECTION('',(0.627963030199555,0.627963030199555,-0.459700843380981));
#1995=DIRECTION('',(0.325057583671867,0.325057583671867,0.888073833977116));
#1996=CARTESIAN_POINT('',(-0.01,-0.01,-0.01));
#1997=DIRECTION('',(-0.0,-1.0,0.0));
#1998=DIRECTION('',(-0.707106781186548,0.0,-0.707106781186547));
#1999=CARTESIAN_POINT('',(-0.01,-0.01,-0.01));
#2000=DIRECTION('',(0.459700843380982,-0.627963030199555,-0.627963030199555));
#2001=DIRECTION('',(-0.888073833977116,-0.325057583671867,-0.325057583671868));
#2002=DIRECTION('',(-0.577350269189626,-0.577350269189626,-0.577350269189626));
#2003=CARTESIAN_POINT('',(0.0,-1.73472347597681E-18,0.0));
#2004=DIRECTION('',(-0.627963030199554,0.459700843380984,-0.627963030199554));
#2005=DIRECTION('',(-0.325057583671869,-0.888073833977115,-0.325057583671869));
#2006=CARTESIAN_POINT('',(-5.63367974526435E-19,-5.63367974526435E-19,5.63367974526435E-19));
#2007=DIRECTION('',(-2.989776628418E-15,-2.989776628418E-15,-1.0));
#2008=DIRECTION('',(0.707106781186548,0.707106781186548,-4.22818265637484E-15));
#2009=CARTESIAN_POINT('',(-2.60208521396521E-18,0.0,0.0));
#2010=DIRECTION('',(0.459700843380983,-0.627963030199554,-0.627963030199554));
#2011=DIRECTION('',(-0.888073833977115,-0.325057583671868,-0.325057583671868));
#2012=DIRECTION('',(0.0,-1.0,0.0));
#2013=CARTESIAN_POINT('',(-0.01,-0.01,0.01));
#2014=DIRECTION('',(-1.0,-0.0,0.0));
#2015=DIRECTION('',(0.0,-0.707106781186547,0.707106781186547));
#2016=DIRECTION('',(-0.0,-0.0,-1.0));
#2017=DIRECTION('',(0.0,1.0,0.0));
#2018=DIRECTION('',(-0.0,-0.0,1.0));
#2019=CARTESIAN_POINT('',(-0.01,0.01,0.01));
#2020=DIRECTION('',(-1.0,0.0,0.0));
#2021=DIRECTION('',(0.0,0.707106781186548,0.707106781186547));
#2022=DIRECTION('',(0.0,-1.0,0.0));
#2023=DIRECTION('',(-0.0,0.0,1.0));
#2024=DIRECTION('',(0.0,1.0,0.0));
#2025=DIRECTION('',(0.0,-0.0,-1.0));
#2026=CARTESIAN_POINT('',(-0.01,0.0,0.0));
#2027=DIRECTION('',(1.0,0.0,0.0));
#2028=DIRECTION('',(0.0,-1.0,0.0));
#2029=CARTESIAN_POINT('',(-0.01,-0.01,0.01));
#2030=DIRECTION('',(0.0,-1.0,0.0));
#2031=DIRECTION('',(0.707106781186547,0.0,-0.707106781186547));
#2032=DIRECTION('',(1.0,0.0,0.0));
#2033=CARTESIAN_POINT('',(0.01,-0.01,0.01));
#2034=DIRECTION('',(0.0,-1.0,0.0));
#2035=DIRECTION('',(0.707106781186547,0.0,0.707106781186547));
#2036=DIRECTION('',(-0.0,-0.0,-1.0));
#2037=DIRECTION('',(-1.0,-0.0,-0.0));
#2038=DIRECTION('',(0.0,0.0,1.0));
#2039=DIRECTION('',(-1.0,0.0,0.0));
#2040=DIRECTION('',(-0.0,0.0,1.0));
#2041=DIRECTION('',(-1.0,0.0,0.0));
#2042=DIRECTION('',(1.0,-0.0,0.0));
#2043=DIRECTION('',(0.0,-1.0,0.0));
#2044=DIRECTION('',(-0.0,-1.0,-0.0));
#2045=CARTESIAN_POINT('',(-0.01,-0.01,-0.01));
#2046=DIRECTION('',(-0.0,0.0,-1.0));
#2047=DIRECTION('',(-0.707106781186548,-0.707106781186548,0.0));
#2048=DIRECTION('',(1.0,0.0,0.0));
#2049=CARTESIAN_POINT('',(0.01,-0.01,-0.01));
#2050=DIRECTION('',(0.0,-0.0,-1.0));
#2051=DIRECTION('',(0.707106781186548,-0.707106781186548,0.0));
#2052=DIRECTION('',(0.0,1.0,0.0));
#2053=CARTESIAN_POINT('',(0.01,0.01,-0.01));
#2054=DIRECTION('',(0.0,0.0,-1.0));
#2055=DIRECTION('',(0.707106781186548,0.707106781186548,0.0));
#2056=DIRECTION('',(-1.0,-0.0,-0.0));
#2057=CARTESIAN_POINT('',(-0.01,0.01,-0.01));
#2058=DIRECTION('',(-0.0,0.0,-1.0));
#2059=DIRECTION('',(-0.707106781186548,0.707106781186548,0.0));
#2060=CARTESIAN_POINT('',(-2.60208521396521E-18,0.0,0.0));
#2061=DIRECTION('',(0.459700843380983,-0.627963030199554,-0.627963030199554));
#2062=DIRECTION('',(-0.888073833977115,-0.325057583671868,-0.325057583671868));
#2063=CARTESIAN_POINT('',(1.73472347597681E-18,-1.73472347597681E-18,1.73472347597681E-18));
#2064=DIRECTION('',(4.51368956975814E-15,-1.0,4.51368956975814E-15));
#2065=DIRECTION('',(0.707106781186548,6.38332100589395E-15,0.707106781186547));
#2066=CARTESIAN_POINT('',(-3.46944695195361E-18,-3.46944695195361E-18,-3.46944695195361E-18));
#2067=DIRECTION('',(0.627963030199553,0.627963030199553,-0.459700843380987));
#2068=DIRECTION('',(0.325057583671871,0.325057583671871,0.888073833977113));
#2069=CARTESIAN_POINT('',(-1.73472347597681E-18,1.73472347597681E-18,1.73472347597681E-18));
#2070=DIRECTION('',(-1.0,4.51368956975814E-15,4.51368956975814E-15));
#2071=DIRECTION('',(-6.38332100589395E-15,-0.707106781186548,-0.707106781186547));
#2072=CARTESIAN_POINT('',(0.0,-1.73472347597681E-18,0.0));
#2073=DIRECTION('',(-0.627963030199554,0.459700843380984,-0.627963030199554));
#2074=DIRECTION('',(-0.325057583671869,-0.888073833977115,-0.325057583671869));
#2075=CARTESIAN_POINT('',(-0.01,-0.01,-0.01));
#2076=DIRECTION('',(0.459700843380982,-0.627963030199555,-0.627963030199555));
#2077=DIRECTION('',(-0.888073833977116,-0.325057583671867,-0.325057583671868));
#2078=CARTESIAN_POINT('',(-0.01,-0.01,-0.01));
#2079=DIRECTION('',(-0.627963030199555,0.459700843380982,-0.627963030199555));
#2080=DIRECTION('',(0.325057583671867,0.888073833977116,0.325057583671868));
#2081=CARTESIAN_POINT('',(-0.01,-0.01,0.01));
#2082=DIRECTION('',(-0.627963030199553,-0.627963030199553,-0.459700843380986));
#2083=DIRECTION('',(-0.32505758367187,-0.32505758367187,0.888073833977114));
#2084=CARTESIAN_POINT('',(-0.01,-0.01,0.01));
#2085=DIRECTION('',(-0.459700843380983,0.627963030199554,-0.627963030199554));
#2086=DIRECTION('',(0.888073833977115,0.325057583671868,-0.325057583671868));
#2087=CARTESIAN_POINT('',(-0.01,-0.01,0.01));
#2088=DIRECTION('',(0.627963030199555,-0.459700843380981,-0.627963030199555));
#2089=DIRECTION('',(0.325057583671867,0.888073833977116,-0.325057583671867));
#2090=CARTESIAN_POINT('',(-0.01,0.01,0.01));
#2091=DIRECTION('',(0.627963030199555,0.459700843380981,-0.627963030199555));
#2092=DIRECTION('',(0.325057583671867,-0.888073833977116,-0.325057583671867));
#2093=DIRECTION('',(0.0,-1.0,0.0));
#2094=CARTESIAN_POINT('',(0.0,0.0,-0.01));
#2095=DIRECTION('',(0.0,0.0,1.0));
#2096=DIRECTION('',(1.0,0.0,0.0));
#2097=DIRECTION('',(-0.0,-0.0,1.0));
#2098=DIRECTION('',(0.0,1.0,0.0));
#2099=DIRECTION('',(-0.0,-0.0,-1.0));
#2100=CARTESIAN_POINT('',(0.01,-0.01,0.01));
#2101=DIRECTION('',(-1.0,0.0,-0.0));
#2102=DIRECTION('',(0.0,0.707106781186547,-0.707106781186547));
#2103=DIRECTION('',(0.0,-1.0,0.0));
#2104=CARTESIAN_POINT('',(0.01,0.01,0.01));
#2105=DIRECTION('',(-1.0,-0.0,0.0));
#2106=DIRECTION('',(0.0,-0.707106781186548,-0.707106781186547));
#2107=DIRECTION('',(0.0,-0.0,-1.0));
#2108=DIRECTION('',(0.0,-1.0,0.0));
#2109=DIRECTION('',(1.0,-0.0,0.0));
#2110=DIRECTION('',(-0.0,-0.0,1.0));
#2111=DIRECTION('',(-1.0,-0.0,-0.0));
#2112=DIRECTION('',(0.0,0.0,-1.0));
#2113=CARTESIAN_POINT('',(0.01,0.01,0.01));
#2114=DIRECTION('',(0.0,-1.0,0.0));
#2115=DIRECTION('',(0.707106781186548,0.0,0.707106781186547));
#2116=DIRECTION('',(1.0,0.0,0.0));
#2117=CARTESIAN_POINT('',(-0.01,0.01,0.01));
#2118=DIRECTION('',(0.0,-1.0,0.0));
#2119=DIRECTION('',(0.707106781186548,0.0,-0.707106781186547));
#2120=CARTESIAN_POINT('',(0.0,-1.73472347597681E-18,0.0));
#2121=DIRECTION('',(0.627963030199554,0.459700843380984,-0.627963030199554));
#2122=DIRECTION('',(-0.325057583671869,0.888073833977115,0.325057583671869));
#2123=CARTESIAN_POINT('',(3.46944695195361E-18,-3.46944695195361E-18,-3.46944695195361E-18));
#2124=DIRECTION('',(-0.627963030199553,0.627963030199553,-0.459700843380987));
#2125=DIRECTION('',(-0.325057583671871,0.325057583671871,0.888073833977113));
#2126=CARTESIAN_POINT('',(-1.73472347597681E-18,-1.73472347597681E-18,1.73472347597681E-18));
#2127=DIRECTION('',(-4.51368956975814E-15,-1.0,4.51368956975814E-15));
#2128=DIRECTION('',(0.707106781186548,-6.38332100589395E-15,-0.707106781186547));
#2129=CARTESIAN_POINT('',(2.60208521396521E-18,0.0,0.0));
#2130=DIRECTION('',(-0.459700843380983,-0.627963030199554,-0.627963030199554));
#2131=DIRECTION('',(-0.888073833977115,0.325057583671868,0.325057583671868));
#2132=CARTESIAN_POINT('',(0.01,-0.01,-0.01));
#2133=DIRECTION('',(0.627963030199555,0.459700843380982,-0.627963030199555));
#2134=DIRECTION('',(0.325057583671867,-0.888073833977116,-0.325057583671868));
#2135=CARTESIAN_POINT('',(0.01,-0.01,-0.01));
#2136=DIRECTION('',(-0.459700843380982,-0.627963030199555,-0.627963030199555));
#2137=DIRECTION('',(-0.888073833977116,0.325057583671867,0.325057583671868));
#2138=CARTESIAN_POINT('',(0.0,0.0,0.01));
#2139=DIRECTION('',(0.0,0.0,-1.0));
#2140=DIRECTION('',(-1.0,0.0,0.0));
#2141=DIRECTION('',(1.0,0.0,0.0));
#2142=DIRECTION('',(-1.0,-0.0,-0.0));
#2143=DIRECTION('',(-0.0,1.0,-0.0));
#2144=CARTESIAN_POINT('',(0.01,-0.01,0.01));
#2145=DIRECTION('',(0.627963030199553,-0.627963030199553,-0.459700843380986));
#2146=DIRECTION('',(0.32505758367187,-0.32505758367187,0.888073833977114));
#2147=CARTESIAN_POINT('',(0.01,0.01,0.01));
#2148=DIRECTION('',(-0.627963030199555,0.459700843380981,-0.627963030199555));
#2149=DIRECTION('',(0.325057583671867,0.888073833977116,0.325057583671867));
#2150=CARTESIAN_POINT('',(0.01,-0.01,0.01));
#2151=DIRECTION('',(-0.627963030199555,-0.459700843380981,-0.627963030199555));
#2152=DIRECTION('',(0.325057583671867,-0.888073833977116,0.325057583671867));
#2153=CARTESIAN_POINT('',(2.60208521396521E-18,0.0,0.0));
#2154=DIRECTION('',(-0.459700843380983,0.627963030199554,-0.627963030199554));
#2155=DIRECTION('',(0.888073833977115,0.325057583671868,-0.325057583671868));
#2156=CARTESIAN_POINT('',(-1.73472347597681E-18,-1.73472347597681E-18,1.73472347597681E-18));
#2157=DIRECTION('',(-1.0,-4.51368956975814E-15,4.51368956975814E-15));
#2158=DIRECTION('',(6.38332100589395E-15,-0.707106781186548,0.707106781186547));
#2159=CARTESIAN_POINT('',(0.0,2.60208521396521E-18,0.0));
#2160=DIRECTION('',(0.627963030199554,-0.459700843380983,-0.627963030199554));
#2161=DIRECTION('',(-0.325057583671868,-0.888073833977115,0.325057583671868));
#2162=CARTESIAN_POINT('',(0.01,0.01,-0.01));
#2163=DIRECTION('',(-0.459700843380982,0.627963030199555,-0.627963030199555));
#2164=DIRECTION('',(0.888073833977116,0.325057583671867,-0.325057583671868));
#2165=CARTESIAN_POINT('',(0.01,0.01,-0.01));
#2166=DIRECTION('',(0.627963030199555,-0.459700843380982,-0.627963030199555));
#2167=DIRECTION('',(-0.325057583671867,-0.888073833977116,0.325057583671868));
#2168=CARTESIAN_POINT('',(0.0,-0.01,0.0));
#2169=DIRECTION('',(0.0,1.0,0.0));
#2170=DIRECTION('',(-1.0,0.0,0.0));
#2171=CARTESIAN_POINT('',(0.01,-0.01,0.01));
#2172=DIRECTION('',(0.459700843380981,0.627963030199555,-0.627963030199555));
#2173=DIRECTION('',(-0.888073833977116,0.325057583671867,-0.325057583671867));
#2174=CARTESIAN_POINT('',(0.0,0.01,0.0));
#2175=DIRECTION('',(-0.0,-1.0,-0.0));
#2176=DIRECTION('',(-1.0,0.0,0.0));
#2177=CARTESIAN_POINT('',(-0.01,0.01,-0.01));
#2178=DIRECTION('',(-0.627963030199555,-0.459700843380982,-0.627963030199555));
#2179=DIRECTION('',(-0.325057583671867,0.888073833977116,-0.325057583671868));
#2180=CARTESIAN_POINT('',(-0.01,0.01,-0.01));
#2181=DIRECTION('',(0.459700843380982,0.627963030199555,-0.627963030199555));
#2182=DIRECTION('',(0.888073833977116,-0.325057583671867,0.325057583671868));
#2183=CARTESIAN_POINT('',(0.01,0.0,0.0));
#2184=DIRECTION('',(-1.0,0.0,0.0));
#2185=DIRECTION('',(0.0,1.0,0.0));
#2186=CARTESIAN_POINT('',(-2.60208521396521E-18,0.0,0.0));
#2187=DIRECTION('',(0.459700843380983,0.627963030199554,-0.627963030199554));
#2188=DIRECTION('',(0.888073833977115,-0.325057583671868,0.325057583671868));
#2189=CARTESIAN_POINT('',(0.0,2.60208521396521E-18,0.0));
#2190=DIRECTION('',(-0.627963030199554,-0.459700843380983,-0.627963030199554));
#2191=DIRECTION('',(-0.325057583671868,0.888073833977115,-0.325057583671868));
#2192=CARTESIAN_POINT('',(0.01,0.01,0.01));
#2193=DIRECTION('',(0.627963030199555,0.627963030199555,-0.459700843380981));
#2194=DIRECTION('',(0.325057583671867,0.325057583671867,0.888073833977116));
#2195=CARTESIAN_POINT('',(0.01,0.01,0.01));
#2196=DIRECTION('',(0.459700843380981,-0.627963030199555,-0.627963030199555));
#2197=DIRECTION('',(0.888073833977116,0.325057583671867,0.325057583671867));
#2198=CARTESIAN_POINT('',(-0.01,0.01,0.01));
#2199=DIRECTION('',(-0.627963030199555,0.627963030199555,-0.459700843380981));
#2200=DIRECTION('',(-0.325057583671867,0.325057583671867,0.888073833977116));
#2201=CARTESIAN_POINT('',(-0.01,0.01,0.01));
#2202=DIRECTION('',(-0.459700843380981,-0.627963030199555,-0.627963030199555));
#2203=DIRECTION('',(-0.888073833977116,0.325057583671867,0.325057583671867));
#2204=PRESENTATION_LAYER_ASSIGNMENT('9','\X2\56FE5C42\X0\0',(#25));
ENDSEC;
END-ISO-10303-21;
