ISO-10303-21;
HEADER;
FILE_DESCRIPTION(('STEP AP214'),'1');
FILE_NAME('41.stp','2025-01-06T02:34:26',(' '),(' '),'Spatial InterOp 3D',' ',' ');
FILE_SCHEMA(('AUTOMOTIVE_DESIGN { 1 0 10303 214 1 1 1 1 }'));
ENDSEC;
DATA;
#1=MECHANICAL_DESIGN_GEOMETRIC_PRESENTATION_REPRESENTATION(' ',(#10),#6);
#2=PRODUCT_DEFINITION_CONTEXT('',#11,'design');
#3=APPLICATION_PROTOCOL_DEFINITION('INTERNATIONAL STANDARD','automotive_design',1994,#11);
#4=PRODUCT_CATEGORY_RELATIONSHIP('NONE','NONE',#12,#13);
#5=SHAPE_DEFINITION_REPRESENTATION(#14,#15);
#6= (GEOMETRIC_REPRESENTATION_CONTEXT(3)GLOBAL_UNCERTAINTY_ASSIGNED_CONTEXT((#18))GLOBAL_UNIT_ASSIGNED_CONTEXT((#20,#21,#22))REPRESENTATION_CONTEXT('NONE','WORKSPACE'));
#10=STYLED_ITEM('',(#24),#25);
#11=APPLICATION_CONTEXT(' ');
#12=PRODUCT_CATEGORY('part','NONE');
#13=PRODUCT_RELATED_PRODUCT_CATEGORY('detail',' ',(#26));
#14=PRODUCT_DEFINITION_SHAPE('NONE','NONE',#27);
#15=ADVANCED_BREP_SHAPE_REPRESENTATION('\X2\5B9E4F53\X0\112',(#25,#28),#6);
#18=UNCERTAINTY_MEASURE_WITH_UNIT(LENGTH_MEASURE(1.0E-08),#20,'','');
#20= (CONVERSION_BASED_UNIT('METRE',#31)LENGTH_UNIT()NAMED_UNIT(#34));
#21= (NAMED_UNIT(#36)PLANE_ANGLE_UNIT()SI_UNIT($,.RADIAN.));
#22= (NAMED_UNIT(#36)SOLID_ANGLE_UNIT()SI_UNIT($,.STERADIAN.));
#24=PRESENTATION_STYLE_ASSIGNMENT((#42));
#25=MANIFOLD_SOLID_BREP('\X2\5B9E4F53\X0\112',#43);
#26=PRODUCT('\X2\5B9E4F53\X0\112','','PART--DESC',(#44));
#27=PRODUCT_DEFINITION('','NONE',#45,#2);
#28=AXIS2_PLACEMENT_3D('',#46,#47,#48);
#31=LENGTH_MEASURE_WITH_UNIT(LENGTH_MEASURE(1.0),#49);
#34=DIMENSIONAL_EXPONENTS(1.0,0.0,0.0,0.0,0.0,0.0,0.0);
#36=DIMENSIONAL_EXPONENTS(0.0,0.0,0.0,0.0,0.0,0.0,0.0);
#42=SURFACE_STYLE_USAGE(.BOTH.,#50);
#43=CLOSED_SHELL('',(#51,#52,#53,#54,#55,#56,#57,#58,#59,#60,#61,#62,#63,#64,#65,#66,#67,#68,#69,#70,#71,#72,#73,#74,#75,#76,#77,#78,#79,#80,#81,#82,#83,#84,#85,#86,#87,#88,#89,#90,#91,#92,#93,#94,#95,#96,#97,#98,#99,#100,#101,#102,#103,#104));
#44=PRODUCT_CONTEXT('',#11,'mechanical');
#45=PRODUCT_DEFINITION_FORMATION_WITH_SPECIFIED_SOURCE(' ','NONE',#26,.NOT_KNOWN.);
#46=CARTESIAN_POINT('',(0.0,0.0,0.0));
#47=DIRECTION('',(0.0,0.0,1.0));
#48=DIRECTION('',(1.0,0.0,0.0));
#49= (NAMED_UNIT(#34)LENGTH_UNIT()SI_UNIT($,.METRE.));
#50=SURFACE_SIDE_STYLE('',(#106));
#51=ADVANCED_FACE('3:18091',(#107),#108,.T.);
#52=ADVANCED_FACE('3:18061',(#109),#110,.T.);
#53=ADVANCED_FACE('3:16878',(#111),#112,.T.);
#54=ADVANCED_FACE('3:12578',(#113),#114,.T.);
#55=ADVANCED_FACE('3:12515',(#115),#116,.T.);
#56=ADVANCED_FACE('3:16925',(#117),#118,.T.);
#57=ADVANCED_FACE('3:13348',(#119),#120,.T.);
#58=ADVANCED_FACE('3:10546',(#121),#122,.T.);
#59=ADVANCED_FACE('3:10486',(#123),#124,.T.);
#60=ADVANCED_FACE('3:13341',(#125),#126,.T.);
#61=ADVANCED_FACE('3:11942',(#127),#128,.T.);
#62=ADVANCED_FACE('3:12005',(#129),#130,.T.);
#63=ADVANCED_FACE('3:12005',(#131),#132,.T.);
#64=ADVANCED_FACE('3:11995',(#133),#134,.T.);
#65=ADVANCED_FACE('3:11955',(#135),#136,.T.);
#66=ADVANCED_FACE('3:8706',(#137),#138,.T.);
#67=ADVANCED_FACE('3:8656',(#139),#140,.T.);
#68=ADVANCED_FACE('3:8636',(#141,#142),#143,.T.);
#69=ADVANCED_FACE('3:16885',(#144),#145,.T.);
#70=ADVANCED_FACE('3:8693',(#146,#147),#148,.F.);
#71=ADVANCED_FACE('3:12012',(#149),#150,.T.);
#72=ADVANCED_FACE('3:8683',(#151),#152,.T.);
#73=ADVANCED_FACE('3:11942',(#153),#154,.T.);
#74=ADVANCED_FACE('3:11962',(#155),#156,.T.);
#75=ADVANCED_FACE('3:8643',(#157),#158,.T.);
#76=ADVANCED_FACE('3:18048',(#159),#160,.T.);
#77=ADVANCED_FACE('3:11935',(#161,#162),#163,.T.);
#78=ADVANCED_FACE('3:13341',(#164),#165,.T.);
#79=ADVANCED_FACE('3:9489',(#166),#167,.T.);
#80=ADVANCED_FACE('3:10486',(#168),#169,.T.);
#81=ADVANCED_FACE('3:10546',(#170),#171,.T.);
#82=ADVANCED_FACE('3:18078',(#172),#173,.T.);
#83=ADVANCED_FACE('3:13348',(#174),#175,.T.);
#84=ADVANCED_FACE('3:9426',(#176),#177,.T.);
#85=ADVANCED_FACE('3:13281',(#178,#179),#180,.T.);
#86=ADVANCED_FACE('3:9439',(#181),#182,.T.);
#87=ADVANCED_FACE('3:16925',(#183),#184,.T.);
#88=ADVANCED_FACE('3:9506',(#185),#186,.T.);
#89=ADVANCED_FACE('3:12515',(#187),#188,.T.);
#90=ADVANCED_FACE('3:16905',(#189),#190,.T.);
#91=ADVANCED_FACE('3:12578',(#191),#192,.T.);
#92=ADVANCED_FACE('3:12495',(#193,#194),#195,.F.);
#93=ADVANCED_FACE('3:11285',(#196),#197,.T.);
#94=ADVANCED_FACE('3:11325',(#198),#199,.T.);
#95=ADVANCED_FACE('3:11258',(#200),#201,.T.);
#96=ADVANCED_FACE('3:11298',(#202),#203,.T.);
#97=ADVANCED_FACE('3:11245',(#204,#205),#206,.F.);
#98=ADVANCED_FACE('3:16878',(#207),#208,.T.);
#99=ADVANCED_FACE('3:16898',(#209),#210,.T.);
#100=ADVANCED_FACE('3:16918',(#211),#212,.T.);
#101=ADVANCED_FACE('3:18041',(#213),#214,.T.);
#102=ADVANCED_FACE('3:18061',(#215),#216,.T.);
#103=ADVANCED_FACE('3:18071',(#217),#218,.T.);
#104=ADVANCED_FACE('3:18091',(#219),#220,.T.);
#106=SURFACE_STYLE_FILL_AREA(#221);
#107=FACE_OUTER_BOUND('',#222,.T.);
#108=CYLINDRICAL_SURFACE('',#223,0.000387399999999999);
#109=FACE_OUTER_BOUND('',#224,.T.);
#110=CYLINDRICAL_SURFACE('',#225,0.000387399999999999);
#111=FACE_OUTER_BOUND('',#226,.T.);
#112=CYLINDRICAL_SURFACE('',#227,0.000387399999999999);
#113=FACE_OUTER_BOUND('',#228,.T.);
#114=CYLINDRICAL_SURFACE('',#229,0.000387399999999999);
#115=FACE_OUTER_BOUND('',#230,.T.);
#116=CYLINDRICAL_SURFACE('',#231,0.000387399999999999);
#117=FACE_OUTER_BOUND('',#232,.T.);
#118=CYLINDRICAL_SURFACE('',#233,0.000387399999999999);
#119=FACE_OUTER_BOUND('',#234,.T.);
#120=CYLINDRICAL_SURFACE('',#235,0.000387399999999999);
#121=FACE_OUTER_BOUND('',#236,.T.);
#122=CYLINDRICAL_SURFACE('',#237,0.000387399999999999);
#123=FACE_OUTER_BOUND('',#238,.T.);
#124=CYLINDRICAL_SURFACE('',#239,0.000387399999999999);
#125=FACE_OUTER_BOUND('',#240,.T.);
#126=CYLINDRICAL_SURFACE('',#241,0.000387399999999999);
#127=FACE_OUTER_BOUND('',#242,.T.);
#128=CYLINDRICAL_SURFACE('',#243,0.000387399999999999);
#129=FACE_OUTER_BOUND('',#244,.T.);
#130=CYLINDRICAL_SURFACE('',#245,0.000387399999999999);
#131=FACE_OUTER_BOUND('',#246,.T.);
#132=CYLINDRICAL_SURFACE('',#247,0.000387399999999999);
#133=FACE_OUTER_BOUND('',#248,.T.);
#134=CYLINDRICAL_SURFACE('',#249,0.0003874);
#135=FACE_OUTER_BOUND('',#250,.T.);
#136=CYLINDRICAL_SURFACE('',#251,0.0003874);
#137=FACE_OUTER_BOUND('',#252,.T.);
#138=CYLINDRICAL_SURFACE('',#253,0.0003874);
#139=FACE_OUTER_BOUND('',#254,.T.);
#140=CYLINDRICAL_SURFACE('',#255,0.0003874);
#141=FACE_OUTER_BOUND('',#256,.T.);
#142=FACE_BOUND('',#257,.T.);
#143=PLANE('',#258);
#144=FACE_OUTER_BOUND('',#259,.T.);
#145=CYLINDRICAL_SURFACE('',#260,0.0003874);
#146=FACE_BOUND('',#261,.T.);
#147=FACE_OUTER_BOUND('',#262,.T.);
#148=PLANE('',#263);
#149=FACE_OUTER_BOUND('',#264,.T.);
#150=CYLINDRICAL_SURFACE('',#265,0.0003874);
#151=FACE_OUTER_BOUND('',#266,.T.);
#152=CYLINDRICAL_SURFACE('',#267,0.0003874);
#153=FACE_OUTER_BOUND('',#268,.T.);
#154=CYLINDRICAL_SURFACE('',#269,0.000387399999999999);
#155=FACE_OUTER_BOUND('',#270,.T.);
#156=CYLINDRICAL_SURFACE('',#271,0.0003874);
#157=FACE_OUTER_BOUND('',#272,.T.);
#158=CYLINDRICAL_SURFACE('',#273,0.0003874);
#159=FACE_OUTER_BOUND('',#274,.T.);
#160=CYLINDRICAL_SURFACE('',#275,0.0003874);
#161=FACE_OUTER_BOUND('',#276,.T.);
#162=FACE_BOUND('',#277,.T.);
#163=PLANE('',#278);
#164=FACE_OUTER_BOUND('',#279,.T.);
#165=CYLINDRICAL_SURFACE('',#280,0.000387399999999999);
#166=FACE_OUTER_BOUND('',#281,.T.);
#167=CYLINDRICAL_SURFACE('',#282,0.0003874);
#168=FACE_OUTER_BOUND('',#283,.T.);
#169=CYLINDRICAL_SURFACE('',#284,0.000387399999999999);
#170=FACE_OUTER_BOUND('',#285,.T.);
#171=CYLINDRICAL_SURFACE('',#286,0.000387399999999999);
#172=FACE_OUTER_BOUND('',#287,.T.);
#173=CYLINDRICAL_SURFACE('',#288,0.0003874);
#174=FACE_OUTER_BOUND('',#289,.T.);
#175=CYLINDRICAL_SURFACE('',#290,0.000387399999999999);
#176=FACE_OUTER_BOUND('',#291,.T.);
#177=CYLINDRICAL_SURFACE('',#292,0.0003874);
#178=FACE_BOUND('',#293,.T.);
#179=FACE_OUTER_BOUND('',#294,.T.);
#180=PLANE('',#295);
#181=FACE_OUTER_BOUND('',#296,.T.);
#182=CYLINDRICAL_SURFACE('',#297,0.0003874);
#183=FACE_OUTER_BOUND('',#298,.T.);
#184=CYLINDRICAL_SURFACE('',#299,0.000387399999999999);
#185=FACE_OUTER_BOUND('',#300,.T.);
#186=CYLINDRICAL_SURFACE('',#301,0.0003874);
#187=FACE_OUTER_BOUND('',#302,.T.);
#188=CYLINDRICAL_SURFACE('',#303,0.000387399999999999);
#189=FACE_OUTER_BOUND('',#304,.T.);
#190=CYLINDRICAL_SURFACE('',#305,0.0003874);
#191=FACE_OUTER_BOUND('',#306,.T.);
#192=CYLINDRICAL_SURFACE('',#307,0.000387399999999999);
#193=FACE_OUTER_BOUND('',#308,.T.);
#194=FACE_BOUND('',#309,.T.);
#195=PLANE('',#310);
#196=FACE_OUTER_BOUND('',#311,.T.);
#197=CYLINDRICAL_SURFACE('',#312,0.0003874);
#198=FACE_OUTER_BOUND('',#313,.T.);
#199=CYLINDRICAL_SURFACE('',#314,0.0003874);
#200=FACE_OUTER_BOUND('',#315,.T.);
#201=CYLINDRICAL_SURFACE('',#316,0.0003874);
#202=FACE_OUTER_BOUND('',#317,.T.);
#203=CYLINDRICAL_SURFACE('',#318,0.0003874);
#204=FACE_OUTER_BOUND('',#319,.T.);
#205=FACE_BOUND('',#320,.T.);
#206=PLANE('',#321);
#207=FACE_OUTER_BOUND('',#322,.T.);
#208=CYLINDRICAL_SURFACE('',#323,0.000387399999999999);
#209=FACE_OUTER_BOUND('',#324,.T.);
#210=CYLINDRICAL_SURFACE('',#325,0.0003874);
#211=FACE_OUTER_BOUND('',#326,.T.);
#212=CYLINDRICAL_SURFACE('',#327,0.0003874);
#213=FACE_OUTER_BOUND('',#328,.T.);
#214=CYLINDRICAL_SURFACE('',#329,0.0003874);
#215=FACE_OUTER_BOUND('',#330,.T.);
#216=CYLINDRICAL_SURFACE('',#331,0.000387399999999999);
#217=FACE_OUTER_BOUND('',#332,.T.);
#218=CYLINDRICAL_SURFACE('',#333,0.0003874);
#219=FACE_OUTER_BOUND('',#334,.T.);
#220=CYLINDRICAL_SURFACE('',#335,0.000387399999999999);
#221=FILL_AREA_STYLE('',(#336));
#222=EDGE_LOOP('',(#337,#338,#339,#340,#341,#342));
#223=AXIS2_PLACEMENT_3D('',#343,#344,#345);
#224=EDGE_LOOP('',(#346,#347,#348,#349,#350,#351));
#225=AXIS2_PLACEMENT_3D('',#352,#353,#354);
#226=EDGE_LOOP('',(#355,#356,#357,#358,#359,#360));
#227=AXIS2_PLACEMENT_3D('',#361,#362,#363);
#228=EDGE_LOOP('',(#364,#365,#366,#367,#368,#369));
#229=AXIS2_PLACEMENT_3D('',#370,#371,#372);
#230=EDGE_LOOP('',(#373,#374,#375,#376,#377,#378));
#231=AXIS2_PLACEMENT_3D('',#379,#380,#381);
#232=EDGE_LOOP('',(#382,#383,#384,#385,#386,#387));
#233=AXIS2_PLACEMENT_3D('',#388,#389,#390);
#234=EDGE_LOOP('',(#391,#392,#393,#394,#395,#396));
#235=AXIS2_PLACEMENT_3D('',#397,#398,#399);
#236=EDGE_LOOP('',(#400,#401,#402,#403,#404,#405));
#237=AXIS2_PLACEMENT_3D('',#406,#407,#408);
#238=EDGE_LOOP('',(#409,#410,#411,#412,#413,#414));
#239=AXIS2_PLACEMENT_3D('',#415,#416,#417);
#240=EDGE_LOOP('',(#418,#419,#420,#421,#422,#423));
#241=AXIS2_PLACEMENT_3D('',#424,#425,#426);
#242=EDGE_LOOP('',(#427,#428,#429,#430,#431,#432));
#243=AXIS2_PLACEMENT_3D('',#433,#434,#435);
#244=EDGE_LOOP('',(#436,#437,#438,#439,#440,#441));
#245=AXIS2_PLACEMENT_3D('',#442,#443,#444);
#246=EDGE_LOOP('',(#445,#446,#447,#448,#449,#450));
#247=AXIS2_PLACEMENT_3D('',#451,#452,#453);
#248=EDGE_LOOP('',(#454,#455,#456,#457,#458,#459));
#249=AXIS2_PLACEMENT_3D('',#460,#461,#462);
#250=EDGE_LOOP('',(#463,#464,#465,#466,#467,#468));
#251=AXIS2_PLACEMENT_3D('',#469,#470,#471);
#252=EDGE_LOOP('',(#472,#473,#474,#475,#476,#477));
#253=AXIS2_PLACEMENT_3D('',#478,#479,#480);
#254=EDGE_LOOP('',(#481,#482,#483,#484,#485,#486));
#255=AXIS2_PLACEMENT_3D('',#487,#488,#489);
#256=EDGE_LOOP('',(#490,#491,#492,#493,#494,#495,#496,#497,#498,#499,#500,#501));
#257=EDGE_LOOP('',(#502,#503,#504,#505));
#258=AXIS2_PLACEMENT_3D('',#506,#507,#508);
#259=EDGE_LOOP('',(#509,#510,#511,#512,#513,#514));
#260=AXIS2_PLACEMENT_3D('',#515,#516,#517);
#261=EDGE_LOOP('',(#518,#519,#520,#521));
#262=EDGE_LOOP('',(#522,#523,#524,#525,#526,#527,#528,#529,#530,#531,#532,#533));
#263=AXIS2_PLACEMENT_3D('',#534,#535,#536);
#264=EDGE_LOOP('',(#537,#538,#539,#540,#541,#542));
#265=AXIS2_PLACEMENT_3D('',#543,#544,#545);
#266=EDGE_LOOP('',(#546,#547,#548,#549,#550,#551));
#267=AXIS2_PLACEMENT_3D('',#552,#553,#554);
#268=EDGE_LOOP('',(#555,#556,#557,#558,#559,#560));
#269=AXIS2_PLACEMENT_3D('',#561,#562,#563);
#270=EDGE_LOOP('',(#564,#565,#566,#567,#568,#569));
#271=AXIS2_PLACEMENT_3D('',#570,#571,#572);
#272=EDGE_LOOP('',(#573,#574,#575,#576,#577,#578));
#273=AXIS2_PLACEMENT_3D('',#579,#580,#581);
#274=EDGE_LOOP('',(#582,#583,#584,#585,#586,#587));
#275=AXIS2_PLACEMENT_3D('',#588,#589,#590);
#276=EDGE_LOOP('',(#591,#592,#593,#594,#595,#596,#597,#598,#599,#600,#601,#602));
#277=EDGE_LOOP('',(#603,#604,#605,#606));
#278=AXIS2_PLACEMENT_3D('',#607,#608,#609);
#279=EDGE_LOOP('',(#610,#611,#612,#613,#614,#615));
#280=AXIS2_PLACEMENT_3D('',#616,#617,#618);
#281=EDGE_LOOP('',(#619,#620,#621,#622,#623,#624));
#282=AXIS2_PLACEMENT_3D('',#625,#626,#627);
#283=EDGE_LOOP('',(#628,#629,#630,#631,#632,#633));
#284=AXIS2_PLACEMENT_3D('',#634,#635,#636);
#285=EDGE_LOOP('',(#637,#638,#639,#640,#641,#642));
#286=AXIS2_PLACEMENT_3D('',#643,#644,#645);
#287=EDGE_LOOP('',(#646,#647,#648,#649,#650,#651));
#288=AXIS2_PLACEMENT_3D('',#652,#653,#654);
#289=EDGE_LOOP('',(#655,#656,#657,#658,#659,#660));
#290=AXIS2_PLACEMENT_3D('',#661,#662,#663);
#291=EDGE_LOOP('',(#664,#665,#666,#667,#668,#669));
#292=AXIS2_PLACEMENT_3D('',#670,#671,#672);
#293=EDGE_LOOP('',(#673,#674,#675,#676));
#294=EDGE_LOOP('',(#677,#678,#679,#680,#681,#682,#683,#684,#685,#686,#687,#688));
#295=AXIS2_PLACEMENT_3D('',#689,#690,#691);
#296=EDGE_LOOP('',(#692,#693,#694,#695,#696,#697));
#297=AXIS2_PLACEMENT_3D('',#698,#699,#700);
#298=EDGE_LOOP('',(#701,#702,#703,#704,#705,#706));
#299=AXIS2_PLACEMENT_3D('',#707,#708,#709);
#300=EDGE_LOOP('',(#710,#711,#712,#713,#714,#715));
#301=AXIS2_PLACEMENT_3D('',#716,#717,#718);
#302=EDGE_LOOP('',(#719,#720,#721,#722,#723,#724));
#303=AXIS2_PLACEMENT_3D('',#725,#726,#727);
#304=EDGE_LOOP('',(#728,#729,#730,#731,#732,#733));
#305=AXIS2_PLACEMENT_3D('',#734,#735,#736);
#306=EDGE_LOOP('',(#737,#738,#739,#740,#741,#742));
#307=AXIS2_PLACEMENT_3D('',#743,#744,#745);
#308=EDGE_LOOP('',(#746,#747,#748,#749,#750,#751,#752,#753,#754,#755,#756,#757));
#309=EDGE_LOOP('',(#758,#759,#760,#761));
#310=AXIS2_PLACEMENT_3D('',#762,#763,#764);
#311=EDGE_LOOP('',(#765,#766,#767,#768,#769,#770));
#312=AXIS2_PLACEMENT_3D('',#771,#772,#773);
#313=EDGE_LOOP('',(#774,#775,#776,#777,#778,#779));
#314=AXIS2_PLACEMENT_3D('',#780,#781,#782);
#315=EDGE_LOOP('',(#783,#784,#785,#786,#787,#788));
#316=AXIS2_PLACEMENT_3D('',#789,#790,#791);
#317=EDGE_LOOP('',(#792,#793,#794,#795,#796,#797));
#318=AXIS2_PLACEMENT_3D('',#798,#799,#800);
#319=EDGE_LOOP('',(#801,#802,#803,#804,#805,#806,#807,#808,#809,#810,#811,#812));
#320=EDGE_LOOP('',(#813,#814,#815,#816));
#321=AXIS2_PLACEMENT_3D('',#817,#818,#819);
#322=EDGE_LOOP('',(#820,#821,#822,#823,#824,#825));
#323=AXIS2_PLACEMENT_3D('',#826,#827,#828);
#324=EDGE_LOOP('',(#829,#830,#831,#832,#833,#834));
#325=AXIS2_PLACEMENT_3D('',#835,#836,#837);
#326=EDGE_LOOP('',(#838,#839,#840,#841,#842,#843));
#327=AXIS2_PLACEMENT_3D('',#844,#845,#846);
#328=EDGE_LOOP('',(#847,#848,#849,#850,#851,#852));
#329=AXIS2_PLACEMENT_3D('',#853,#854,#855);
#330=EDGE_LOOP('',(#856,#857,#858,#859,#860,#861));
#331=AXIS2_PLACEMENT_3D('',#862,#863,#864);
#332=EDGE_LOOP('',(#865,#866,#867,#868,#869,#870));
#333=AXIS2_PLACEMENT_3D('',#871,#872,#873);
#334=EDGE_LOOP('',(#874,#875,#876,#877,#878,#879));
#335=AXIS2_PLACEMENT_3D('',#880,#881,#882);
#336=FILL_AREA_STYLE_COLOUR('',#883);
#337=ORIENTED_EDGE('',*,*,#884,.F.);
#338=ORIENTED_EDGE('',*,*,#885,.F.);
#339=ORIENTED_EDGE('',*,*,#886,.F.);
#340=ORIENTED_EDGE('',*,*,#887,.F.);
#341=ORIENTED_EDGE('',*,*,#888,.T.);
#342=ORIENTED_EDGE('',*,*,#889,.T.);
#343=CARTESIAN_POINT('',(-0.01,0.0,0.005));
#344=DIRECTION('',(0.707106781186547,0.0,0.707106781186547));
#345=DIRECTION('',(0.707106781186548,0.0,-0.707106781186548));
#346=ORIENTED_EDGE('',*,*,#890,.F.);
#347=ORIENTED_EDGE('',*,*,#891,.T.);
#348=ORIENTED_EDGE('',*,*,#892,.F.);
#349=ORIENTED_EDGE('',*,*,#893,.F.);
#350=ORIENTED_EDGE('',*,*,#894,.T.);
#351=ORIENTED_EDGE('',*,*,#895,.T.);
#352=CARTESIAN_POINT('',(0.01,0.0,0.005));
#353=DIRECTION('',(-0.707106781186547,0.0,0.707106781186547));
#354=DIRECTION('',(0.707106781186548,0.0,0.707106781186548));
#355=ORIENTED_EDGE('',*,*,#896,.F.);
#356=ORIENTED_EDGE('',*,*,#897,.F.);
#357=ORIENTED_EDGE('',*,*,#898,.F.);
#358=ORIENTED_EDGE('',*,*,#899,.F.);
#359=ORIENTED_EDGE('',*,*,#900,.T.);
#360=ORIENTED_EDGE('',*,*,#901,.T.);
#361=CARTESIAN_POINT('',(0.005,0.0,-0.01));
#362=DIRECTION('',(0.707106781186547,0.0,0.707106781186547));
#363=DIRECTION('',(0.707106781186548,0.0,-0.707106781186548));
#364=ORIENTED_EDGE('',*,*,#902,.F.);
#365=ORIENTED_EDGE('',*,*,#903,.F.);
#366=ORIENTED_EDGE('',*,*,#904,.F.);
#367=ORIENTED_EDGE('',*,*,#905,.F.);
#368=ORIENTED_EDGE('',*,*,#906,.T.);
#369=ORIENTED_EDGE('',*,*,#907,.F.);
#370=CARTESIAN_POINT('',(0.0,-0.005,-0.01));
#371=DIRECTION('',(0.0,-0.707106781186547,0.707106781186547));
#372=DIRECTION('',(0.0,-0.707106781186548,-0.707106781186548));
#373=ORIENTED_EDGE('',*,*,#908,.F.);
#374=ORIENTED_EDGE('',*,*,#909,.T.);
#375=ORIENTED_EDGE('',*,*,#910,.T.);
#376=ORIENTED_EDGE('',*,*,#911,.F.);
#377=ORIENTED_EDGE('',*,*,#912,.F.);
#378=ORIENTED_EDGE('',*,*,#913,.F.);
#379=CARTESIAN_POINT('',(0.0,0.01,-0.005));
#380=DIRECTION('',(0.0,-0.707106781186547,-0.707106781186547));
#381=DIRECTION('',(0.0,0.707106781186548,-0.707106781186548));
#382=ORIENTED_EDGE('',*,*,#914,.F.);
#383=ORIENTED_EDGE('',*,*,#915,.F.);
#384=ORIENTED_EDGE('',*,*,#916,.F.);
#385=ORIENTED_EDGE('',*,*,#917,.F.);
#386=ORIENTED_EDGE('',*,*,#918,.F.);
#387=ORIENTED_EDGE('',*,*,#919,.T.);
#388=CARTESIAN_POINT('',(-0.005,0.0,-0.01));
#389=DIRECTION('',(-0.707106781186547,0.0,0.707106781186547));
#390=DIRECTION('',(0.707106781186548,0.0,0.707106781186548));
#391=ORIENTED_EDGE('',*,*,#920,.F.);
#392=ORIENTED_EDGE('',*,*,#921,.F.);
#393=ORIENTED_EDGE('',*,*,#922,.F.);
#394=ORIENTED_EDGE('',*,*,#923,.F.);
#395=ORIENTED_EDGE('',*,*,#924,.T.);
#396=ORIENTED_EDGE('',*,*,#925,.T.);
#397=CARTESIAN_POINT('',(0.0,-0.01,0.005));
#398=DIRECTION('',(0.0,0.707106781186547,0.707106781186547));
#399=DIRECTION('',(0.0,-0.707106781186548,0.707106781186548));
#400=ORIENTED_EDGE('',*,*,#926,.F.);
#401=ORIENTED_EDGE('',*,*,#927,.F.);
#402=ORIENTED_EDGE('',*,*,#928,.T.);
#403=ORIENTED_EDGE('',*,*,#929,.F.);
#404=ORIENTED_EDGE('',*,*,#930,.T.);
#405=ORIENTED_EDGE('',*,*,#931,.T.);
#406=CARTESIAN_POINT('',(-0.01,0.005,0.0));
#407=DIRECTION('',(0.707106781186547,0.707106781186547,0.0));
#408=DIRECTION('',(-0.707106781186548,0.707106781186548,0.0));
#409=ORIENTED_EDGE('',*,*,#932,.F.);
#410=ORIENTED_EDGE('',*,*,#933,.F.);
#411=ORIENTED_EDGE('',*,*,#934,.T.);
#412=ORIENTED_EDGE('',*,*,#935,.F.);
#413=ORIENTED_EDGE('',*,*,#936,.T.);
#414=ORIENTED_EDGE('',*,*,#937,.F.);
#415=CARTESIAN_POINT('',(-0.005,-0.01,0.0));
#416=DIRECTION('',(-0.707106781186547,0.707106781186547,0.0));
#417=DIRECTION('',(-0.707106781186548,-0.707106781186548,0.0));
#418=ORIENTED_EDGE('',*,*,#938,.F.);
#419=ORIENTED_EDGE('',*,*,#939,.T.);
#420=ORIENTED_EDGE('',*,*,#940,.T.);
#421=ORIENTED_EDGE('',*,*,#941,.F.);
#422=ORIENTED_EDGE('',*,*,#942,.F.);
#423=ORIENTED_EDGE('',*,*,#943,.T.);
#424=CARTESIAN_POINT('',(0.0,0.005,0.01));
#425=DIRECTION('',(0.0,0.707106781186547,-0.707106781186547));
#426=DIRECTION('',(0.0,0.707106781186548,0.707106781186548));
#427=ORIENTED_EDGE('',*,*,#944,.F.);
#428=ORIENTED_EDGE('',*,*,#945,.T.);
#429=ORIENTED_EDGE('',*,*,#946,.T.);
#430=ORIENTED_EDGE('',*,*,#947,.F.);
#431=ORIENTED_EDGE('',*,*,#948,.T.);
#432=ORIENTED_EDGE('',*,*,#949,.T.);
#433=CARTESIAN_POINT('',(0.005,0.01,0.0));
#434=DIRECTION('',(0.707106781186547,-0.707106781186547,0.0));
#435=DIRECTION('',(0.707106781186548,0.707106781186548,0.0));
#436=ORIENTED_EDGE('',*,*,#950,.F.);
#437=ORIENTED_EDGE('',*,*,#951,.T.);
#438=ORIENTED_EDGE('',*,*,#952,.F.);
#439=ORIENTED_EDGE('',*,*,#953,.F.);
#440=ORIENTED_EDGE('',*,*,#954,.T.);
#441=ORIENTED_EDGE('',*,*,#955,.T.);
#442=CARTESIAN_POINT('',(0.005,-0.01,0.0));
#443=DIRECTION('',(0.707106781186547,0.707106781186547,0.0));
#444=DIRECTION('',(-0.707106781186548,0.707106781186548,0.0));
#445=ORIENTED_EDGE('',*,*,#950,.T.);
#446=ORIENTED_EDGE('',*,*,#956,.F.);
#447=ORIENTED_EDGE('',*,*,#957,.T.);
#448=ORIENTED_EDGE('',*,*,#953,.T.);
#449=ORIENTED_EDGE('',*,*,#958,.F.);
#450=ORIENTED_EDGE('',*,*,#959,.F.);
#451=CARTESIAN_POINT('',(0.005,-0.01,0.0));
#452=DIRECTION('',(0.707106781186547,0.707106781186547,0.0));
#453=DIRECTION('',(-0.707106781186548,0.707106781186548,0.0));
#454=ORIENTED_EDGE('',*,*,#960,.T.);
#455=ORIENTED_EDGE('',*,*,#961,.F.);
#456=ORIENTED_EDGE('',*,*,#955,.F.);
#457=ORIENTED_EDGE('',*,*,#962,.T.);
#458=ORIENTED_EDGE('',*,*,#963,.T.);
#459=ORIENTED_EDGE('',*,*,#964,.T.);
#460=CARTESIAN_POINT('',(0.01,9.58308385427109E-21,0.005));
#461=DIRECTION('',(0.0,-0.707106781186547,-0.707106781186548));
#462=DIRECTION('',(0.0,0.707106781186548,-0.707106781186547));
#463=ORIENTED_EDGE('',*,*,#965,.T.);
#464=ORIENTED_EDGE('',*,*,#964,.F.);
#465=ORIENTED_EDGE('',*,*,#892,.T.);
#466=ORIENTED_EDGE('',*,*,#966,.T.);
#467=ORIENTED_EDGE('',*,*,#948,.F.);
#468=ORIENTED_EDGE('',*,*,#967,.F.);
#469=CARTESIAN_POINT('',(0.01,9.58308385427109E-21,0.005));
#470=DIRECTION('',(0.0,0.707106781186547,-0.707106781186548));
#471=DIRECTION('',(0.0,0.707106781186548,0.707106781186547));
#472=ORIENTED_EDGE('',*,*,#968,.F.);
#473=ORIENTED_EDGE('',*,*,#906,.F.);
#474=ORIENTED_EDGE('',*,*,#969,.F.);
#475=ORIENTED_EDGE('',*,*,#970,.F.);
#476=ORIENTED_EDGE('',*,*,#971,.T.);
#477=ORIENTED_EDGE('',*,*,#959,.T.);
#478=CARTESIAN_POINT('',(0.005,-0.01,9.58308385427109E-21));
#479=DIRECTION('',(-0.707106781186548,0.0,-0.707106781186547));
#480=DIRECTION('',(-0.707106781186547,0.0,0.707106781186548));
#481=ORIENTED_EDGE('',*,*,#972,.T.);
#482=ORIENTED_EDGE('',*,*,#973,.T.);
#483=ORIENTED_EDGE('',*,*,#974,.T.);
#484=ORIENTED_EDGE('',*,*,#975,.F.);
#485=ORIENTED_EDGE('',*,*,#910,.F.);
#486=ORIENTED_EDGE('',*,*,#976,.T.);
#487=CARTESIAN_POINT('',(9.58308385427109E-21,0.01,-0.005));
#488=DIRECTION('',(0.707106781186547,0.0,0.707106781186548));
#489=DIRECTION('',(0.707106781186548,0.0,-0.707106781186547));
#490=ORIENTED_EDGE('',*,*,#977,.F.);
#491=ORIENTED_EDGE('',*,*,#978,.F.);
#492=ORIENTED_EDGE('',*,*,#931,.F.);
#493=ORIENTED_EDGE('',*,*,#979,.F.);
#494=ORIENTED_EDGE('',*,*,#980,.F.);
#495=ORIENTED_EDGE('',*,*,#943,.F.);
#496=ORIENTED_EDGE('',*,*,#981,.F.);
#497=ORIENTED_EDGE('',*,*,#945,.F.);
#498=ORIENTED_EDGE('',*,*,#982,.F.);
#499=ORIENTED_EDGE('',*,*,#976,.F.);
#500=ORIENTED_EDGE('',*,*,#909,.F.);
#501=ORIENTED_EDGE('',*,*,#983,.F.);
#502=ORIENTED_EDGE('',*,*,#984,.F.);
#503=ORIENTED_EDGE('',*,*,#985,.F.);
#504=ORIENTED_EDGE('',*,*,#974,.F.);
#505=ORIENTED_EDGE('',*,*,#986,.F.);
#506=CARTESIAN_POINT('',(0.0,0.01,0.0));
#507=DIRECTION('',(0.0,1.0,-0.0));
#508=DIRECTION('',(-1.0,0.0,0.0));
#509=ORIENTED_EDGE('',*,*,#987,.F.);
#510=ORIENTED_EDGE('',*,*,#912,.T.);
#511=ORIENTED_EDGE('',*,*,#988,.F.);
#512=ORIENTED_EDGE('',*,*,#989,.F.);
#513=ORIENTED_EDGE('',*,*,#990,.F.);
#514=ORIENTED_EDGE('',*,*,#898,.T.);
#515=CARTESIAN_POINT('',(0.005,-9.58308385427109E-21,-0.01));
#516=DIRECTION('',(-0.707106781186548,0.707106781186547,0.0));
#517=DIRECTION('',(-0.707106781186547,-0.707106781186548,0.0));
#518=ORIENTED_EDGE('',*,*,#991,.T.);
#519=ORIENTED_EDGE('',*,*,#992,.T.);
#520=ORIENTED_EDGE('',*,*,#993,.T.);
#521=ORIENTED_EDGE('',*,*,#970,.T.);
#522=ORIENTED_EDGE('',*,*,#968,.T.);
#523=ORIENTED_EDGE('',*,*,#958,.T.);
#524=ORIENTED_EDGE('',*,*,#952,.T.);
#525=ORIENTED_EDGE('',*,*,#994,.T.);
#526=ORIENTED_EDGE('',*,*,#921,.T.);
#527=ORIENTED_EDGE('',*,*,#995,.T.);
#528=ORIENTED_EDGE('',*,*,#996,.T.);
#529=ORIENTED_EDGE('',*,*,#933,.T.);
#530=ORIENTED_EDGE('',*,*,#997,.T.);
#531=ORIENTED_EDGE('',*,*,#998,.T.);
#532=ORIENTED_EDGE('',*,*,#999,.T.);
#533=ORIENTED_EDGE('',*,*,#907,.T.);
#534=CARTESIAN_POINT('',(0.0,-0.01,0.0));
#535=DIRECTION('',(0.0,1.0,-0.0));
#536=DIRECTION('',(-1.0,0.0,0.0));
#537=ORIENTED_EDGE('',*,*,#1000,.T.);
#538=ORIENTED_EDGE('',*,*,#1001,.T.);
#539=ORIENTED_EDGE('',*,*,#1002,.F.);
#540=ORIENTED_EDGE('',*,*,#1003,.T.);
#541=ORIENTED_EDGE('',*,*,#956,.T.);
#542=ORIENTED_EDGE('',*,*,#961,.T.);
#543=CARTESIAN_POINT('',(0.01,-0.005,9.58308385427109E-21));
#544=DIRECTION('',(0.0,0.707106781186548,-0.707106781186547));
#545=DIRECTION('',(0.0,0.707106781186547,0.707106781186548));
#546=ORIENTED_EDGE('',*,*,#951,.F.);
#547=ORIENTED_EDGE('',*,*,#971,.F.);
#548=ORIENTED_EDGE('',*,*,#993,.F.);
#549=ORIENTED_EDGE('',*,*,#1004,.F.);
#550=ORIENTED_EDGE('',*,*,#922,.T.);
#551=ORIENTED_EDGE('',*,*,#994,.F.);
#552=CARTESIAN_POINT('',(-9.58308385427109E-21,-0.01,0.005));
#553=DIRECTION('',(0.707106781186547,0.0,-0.707106781186548));
#554=DIRECTION('',(-0.707106781186548,0.0,-0.707106781186547));
#555=ORIENTED_EDGE('',*,*,#944,.T.);
#556=ORIENTED_EDGE('',*,*,#1005,.T.);
#557=ORIENTED_EDGE('',*,*,#1006,.F.);
#558=ORIENTED_EDGE('',*,*,#947,.T.);
#559=ORIENTED_EDGE('',*,*,#972,.F.);
#560=ORIENTED_EDGE('',*,*,#982,.T.);
#561=CARTESIAN_POINT('',(0.005,0.01,0.0));
#562=DIRECTION('',(0.707106781186547,-0.707106781186547,0.0));
#563=DIRECTION('',(0.707106781186548,0.707106781186548,0.0));
#564=ORIENTED_EDGE('',*,*,#1007,.T.);
#565=ORIENTED_EDGE('',*,*,#967,.T.);
#566=ORIENTED_EDGE('',*,*,#1006,.T.);
#567=ORIENTED_EDGE('',*,*,#1008,.T.);
#568=ORIENTED_EDGE('',*,*,#900,.F.);
#569=ORIENTED_EDGE('',*,*,#1001,.F.);
#570=CARTESIAN_POINT('',(0.01,0.005,-9.58308385427109E-21));
#571=DIRECTION('',(0.0,-0.707106781186548,-0.707106781186547));
#572=DIRECTION('',(0.0,0.707106781186547,-0.707106781186548));
#573=ORIENTED_EDGE('',*,*,#981,.T.);
#574=ORIENTED_EDGE('',*,*,#942,.T.);
#575=ORIENTED_EDGE('',*,*,#1009,.F.);
#576=ORIENTED_EDGE('',*,*,#986,.T.);
#577=ORIENTED_EDGE('',*,*,#973,.F.);
#578=ORIENTED_EDGE('',*,*,#946,.F.);
#579=CARTESIAN_POINT('',(0.005,0.01,9.58308385427109E-21));
#580=DIRECTION('',(-0.707106781186548,0.0,0.707106781186547));
#581=DIRECTION('',(0.707106781186547,0.0,0.707106781186548));
#582=ORIENTED_EDGE('',*,*,#1010,.T.);
#583=ORIENTED_EDGE('',*,*,#894,.F.);
#584=ORIENTED_EDGE('',*,*,#1011,.F.);
#585=ORIENTED_EDGE('',*,*,#1012,.T.);
#586=ORIENTED_EDGE('',*,*,#1013,.F.);
#587=ORIENTED_EDGE('',*,*,#940,.F.);
#588=CARTESIAN_POINT('',(9.58308385427109E-21,0.005,0.01));
#589=DIRECTION('',(0.707106781186547,-0.707106781186548,0.0));
#590=DIRECTION('',(0.707106781186548,0.707106781186547,0.0));
#591=ORIENTED_EDGE('',*,*,#949,.F.);
#592=ORIENTED_EDGE('',*,*,#966,.F.);
#593=ORIENTED_EDGE('',*,*,#891,.F.);
#594=ORIENTED_EDGE('',*,*,#1014,.F.);
#595=ORIENTED_EDGE('',*,*,#962,.F.);
#596=ORIENTED_EDGE('',*,*,#954,.F.);
#597=ORIENTED_EDGE('',*,*,#957,.F.);
#598=ORIENTED_EDGE('',*,*,#1003,.F.);
#599=ORIENTED_EDGE('',*,*,#1015,.F.);
#600=ORIENTED_EDGE('',*,*,#901,.F.);
#601=ORIENTED_EDGE('',*,*,#1008,.F.);
#602=ORIENTED_EDGE('',*,*,#1005,.F.);
#603=ORIENTED_EDGE('',*,*,#1000,.F.);
#604=ORIENTED_EDGE('',*,*,#960,.F.);
#605=ORIENTED_EDGE('',*,*,#965,.F.);
#606=ORIENTED_EDGE('',*,*,#1007,.F.);
#607=CARTESIAN_POINT('',(0.01,0.0,0.0));
#608=DIRECTION('',(1.0,0.0,0.0));
#609=DIRECTION('',(0.0,1.0,0.0));
#610=ORIENTED_EDGE('',*,*,#938,.T.);
#611=ORIENTED_EDGE('',*,*,#980,.T.);
#612=ORIENTED_EDGE('',*,*,#1016,.F.);
#613=ORIENTED_EDGE('',*,*,#941,.T.);
#614=ORIENTED_EDGE('',*,*,#1017,.T.);
#615=ORIENTED_EDGE('',*,*,#1018,.T.);
#616=CARTESIAN_POINT('',(0.0,0.005,0.01));
#617=DIRECTION('',(0.0,0.707106781186547,-0.707106781186547));
#618=DIRECTION('',(0.0,0.707106781186548,0.707106781186548));
#619=ORIENTED_EDGE('',*,*,#979,.T.);
#620=ORIENTED_EDGE('',*,*,#930,.F.);
#621=ORIENTED_EDGE('',*,*,#1019,.F.);
#622=ORIENTED_EDGE('',*,*,#984,.T.);
#623=ORIENTED_EDGE('',*,*,#1009,.T.);
#624=ORIENTED_EDGE('',*,*,#1016,.T.);
#625=CARTESIAN_POINT('',(-9.58308385427109E-21,0.01,0.005));
#626=DIRECTION('',(-0.707106781186547,0.0,-0.707106781186548));
#627=DIRECTION('',(-0.707106781186548,0.0,0.707106781186547));
#628=ORIENTED_EDGE('',*,*,#932,.T.);
#629=ORIENTED_EDGE('',*,*,#1020,.F.);
#630=ORIENTED_EDGE('',*,*,#1021,.F.);
#631=ORIENTED_EDGE('',*,*,#935,.T.);
#632=ORIENTED_EDGE('',*,*,#1022,.F.);
#633=ORIENTED_EDGE('',*,*,#997,.F.);
#634=CARTESIAN_POINT('',(-0.005,-0.01,0.0));
#635=DIRECTION('',(-0.707106781186547,0.707106781186547,0.0));
#636=DIRECTION('',(-0.707106781186548,-0.707106781186548,0.0));
#637=ORIENTED_EDGE('',*,*,#926,.T.);
#638=ORIENTED_EDGE('',*,*,#978,.T.);
#639=ORIENTED_EDGE('',*,*,#1023,.F.);
#640=ORIENTED_EDGE('',*,*,#929,.T.);
#641=ORIENTED_EDGE('',*,*,#1024,.F.);
#642=ORIENTED_EDGE('',*,*,#1025,.F.);
#643=CARTESIAN_POINT('',(-0.01,0.005,0.0));
#644=DIRECTION('',(0.707106781186547,0.707106781186547,0.0));
#645=DIRECTION('',(-0.707106781186548,0.707106781186548,0.0));
#646=ORIENTED_EDGE('',*,*,#1026,.T.);
#647=ORIENTED_EDGE('',*,*,#1027,.F.);
#648=ORIENTED_EDGE('',*,*,#1028,.T.);
#649=ORIENTED_EDGE('',*,*,#1029,.T.);
#650=ORIENTED_EDGE('',*,*,#1030,.T.);
#651=ORIENTED_EDGE('',*,*,#1031,.F.);
#652=CARTESIAN_POINT('',(-9.58308385427109E-21,-0.005,0.01));
#653=DIRECTION('',(-0.707106781186547,0.707106781186548,0.0));
#654=DIRECTION('',(-0.707106781186548,-0.707106781186547,0.0));
#655=ORIENTED_EDGE('',*,*,#920,.T.);
#656=ORIENTED_EDGE('',*,*,#1032,.T.);
#657=ORIENTED_EDGE('',*,*,#1031,.T.);
#658=ORIENTED_EDGE('',*,*,#923,.T.);
#659=ORIENTED_EDGE('',*,*,#1033,.F.);
#660=ORIENTED_EDGE('',*,*,#995,.F.);
#661=CARTESIAN_POINT('',(0.0,-0.01,0.005));
#662=DIRECTION('',(0.0,0.707106781186547,0.707106781186547));
#663=DIRECTION('',(0.0,-0.707106781186548,0.707106781186548));
#664=ORIENTED_EDGE('',*,*,#934,.F.);
#665=ORIENTED_EDGE('',*,*,#996,.F.);
#666=ORIENTED_EDGE('',*,*,#1033,.T.);
#667=ORIENTED_EDGE('',*,*,#1004,.T.);
#668=ORIENTED_EDGE('',*,*,#992,.F.);
#669=ORIENTED_EDGE('',*,*,#1034,.F.);
#670=CARTESIAN_POINT('',(-0.005,-0.01,-9.58308385427109E-21));
#671=DIRECTION('',(0.707106781186548,0.0,0.707106781186547));
#672=DIRECTION('',(0.707106781186547,0.0,-0.707106781186548));
#673=ORIENTED_EDGE('',*,*,#1035,.F.);
#674=ORIENTED_EDGE('',*,*,#1029,.F.);
#675=ORIENTED_EDGE('',*,*,#1036,.F.);
#676=ORIENTED_EDGE('',*,*,#1012,.F.);
#677=ORIENTED_EDGE('',*,*,#1037,.F.);
#678=ORIENTED_EDGE('',*,*,#1038,.F.);
#679=ORIENTED_EDGE('',*,*,#895,.F.);
#680=ORIENTED_EDGE('',*,*,#1010,.F.);
#681=ORIENTED_EDGE('',*,*,#939,.F.);
#682=ORIENTED_EDGE('',*,*,#1018,.F.);
#683=ORIENTED_EDGE('',*,*,#1039,.F.);
#684=ORIENTED_EDGE('',*,*,#888,.F.);
#685=ORIENTED_EDGE('',*,*,#1040,.F.);
#686=ORIENTED_EDGE('',*,*,#1026,.F.);
#687=ORIENTED_EDGE('',*,*,#1032,.F.);
#688=ORIENTED_EDGE('',*,*,#925,.F.);
#689=CARTESIAN_POINT('',(0.0,0.0,0.01));
#690=DIRECTION('',(0.0,0.0,1.0));
#691=DIRECTION('',(1.0,0.0,0.0));
#692=ORIENTED_EDGE('',*,*,#998,.F.);
#693=ORIENTED_EDGE('',*,*,#1022,.T.);
#694=ORIENTED_EDGE('',*,*,#1034,.T.);
#695=ORIENTED_EDGE('',*,*,#991,.F.);
#696=ORIENTED_EDGE('',*,*,#969,.T.);
#697=ORIENTED_EDGE('',*,*,#1041,.F.);
#698=CARTESIAN_POINT('',(-0.005,-0.01,-9.58308385427109E-21));
#699=DIRECTION('',(0.707106781186548,0.0,-0.707106781186547));
#700=DIRECTION('',(-0.707106781186547,0.0,-0.707106781186548));
#701=ORIENTED_EDGE('',*,*,#914,.T.);
#702=ORIENTED_EDGE('',*,*,#1042,.T.);
#703=ORIENTED_EDGE('',*,*,#1043,.F.);
#704=ORIENTED_EDGE('',*,*,#917,.T.);
#705=ORIENTED_EDGE('',*,*,#1044,.F.);
#706=ORIENTED_EDGE('',*,*,#1045,.F.);
#707=CARTESIAN_POINT('',(-0.005,0.0,-0.01));
#708=DIRECTION('',(-0.707106781186547,0.0,0.707106781186547));
#709=DIRECTION('',(0.707106781186548,0.0,0.707106781186548));
#710=ORIENTED_EDGE('',*,*,#1023,.T.);
#711=ORIENTED_EDGE('',*,*,#977,.T.);
#712=ORIENTED_EDGE('',*,*,#1046,.F.);
#713=ORIENTED_EDGE('',*,*,#975,.T.);
#714=ORIENTED_EDGE('',*,*,#985,.T.);
#715=ORIENTED_EDGE('',*,*,#1019,.T.);
#716=CARTESIAN_POINT('',(9.58308385427109E-21,0.01,-0.005));
#717=DIRECTION('',(-0.707106781186547,0.0,0.707106781186548));
#718=DIRECTION('',(0.707106781186548,0.0,0.707106781186547));
#719=ORIENTED_EDGE('',*,*,#908,.T.);
#720=ORIENTED_EDGE('',*,*,#1047,.F.);
#721=ORIENTED_EDGE('',*,*,#1048,.F.);
#722=ORIENTED_EDGE('',*,*,#911,.T.);
#723=ORIENTED_EDGE('',*,*,#1046,.T.);
#724=ORIENTED_EDGE('',*,*,#983,.T.);
#725=CARTESIAN_POINT('',(0.0,0.01,-0.005));
#726=DIRECTION('',(0.0,-0.707106781186547,-0.707106781186547));
#727=DIRECTION('',(0.0,0.707106781186548,-0.707106781186548));
#728=ORIENTED_EDGE('',*,*,#1049,.F.);
#729=ORIENTED_EDGE('',*,*,#915,.T.);
#730=ORIENTED_EDGE('',*,*,#1050,.F.);
#731=ORIENTED_EDGE('',*,*,#1051,.F.);
#732=ORIENTED_EDGE('',*,*,#988,.T.);
#733=ORIENTED_EDGE('',*,*,#1048,.T.);
#734=CARTESIAN_POINT('',(-0.005,9.58308385427109E-21,-0.01));
#735=DIRECTION('',(0.707106781186548,0.707106781186547,0.0));
#736=DIRECTION('',(-0.707106781186547,0.707106781186548,0.0));
#737=ORIENTED_EDGE('',*,*,#902,.T.);
#738=ORIENTED_EDGE('',*,*,#999,.F.);
#739=ORIENTED_EDGE('',*,*,#1041,.T.);
#740=ORIENTED_EDGE('',*,*,#905,.T.);
#741=ORIENTED_EDGE('',*,*,#1052,.F.);
#742=ORIENTED_EDGE('',*,*,#1053,.F.);
#743=CARTESIAN_POINT('',(0.0,-0.005,-0.01));
#744=DIRECTION('',(0.0,-0.707106781186547,0.707106781186547));
#745=DIRECTION('',(0.0,-0.707106781186548,-0.707106781186548));
#746=ORIENTED_EDGE('',*,*,#987,.T.);
#747=ORIENTED_EDGE('',*,*,#897,.T.);
#748=ORIENTED_EDGE('',*,*,#1054,.T.);
#749=ORIENTED_EDGE('',*,*,#1055,.T.);
#750=ORIENTED_EDGE('',*,*,#903,.T.);
#751=ORIENTED_EDGE('',*,*,#1053,.T.);
#752=ORIENTED_EDGE('',*,*,#1056,.T.);
#753=ORIENTED_EDGE('',*,*,#1044,.T.);
#754=ORIENTED_EDGE('',*,*,#916,.T.);
#755=ORIENTED_EDGE('',*,*,#1049,.T.);
#756=ORIENTED_EDGE('',*,*,#1047,.T.);
#757=ORIENTED_EDGE('',*,*,#913,.T.);
#758=ORIENTED_EDGE('',*,*,#989,.T.);
#759=ORIENTED_EDGE('',*,*,#1051,.T.);
#760=ORIENTED_EDGE('',*,*,#1057,.T.);
#761=ORIENTED_EDGE('',*,*,#1058,.T.);
#762=CARTESIAN_POINT('',(0.0,0.0,-0.01));
#763=DIRECTION('',(0.0,0.0,1.0));
#764=DIRECTION('',(1.0,0.0,0.0));
#765=ORIENTED_EDGE('',*,*,#1059,.F.);
#766=ORIENTED_EDGE('',*,*,#1060,.T.);
#767=ORIENTED_EDGE('',*,*,#1061,.T.);
#768=ORIENTED_EDGE('',*,*,#1062,.F.);
#769=ORIENTED_EDGE('',*,*,#936,.F.);
#770=ORIENTED_EDGE('',*,*,#1063,.F.);
#771=CARTESIAN_POINT('',(-0.01,9.58308385427109E-21,0.005));
#772=DIRECTION('',(0.0,-0.707106781186547,-0.707106781186548));
#773=DIRECTION('',(0.0,0.707106781186548,-0.707106781186547));
#774=ORIENTED_EDGE('',*,*,#1064,.F.);
#775=ORIENTED_EDGE('',*,*,#1063,.T.);
#776=ORIENTED_EDGE('',*,*,#1021,.T.);
#777=ORIENTED_EDGE('',*,*,#1065,.F.);
#778=ORIENTED_EDGE('',*,*,#1042,.F.);
#779=ORIENTED_EDGE('',*,*,#1066,.T.);
#780=CARTESIAN_POINT('',(-0.01,-0.005,9.58308385427109E-21));
#781=DIRECTION('',(0.0,0.707106781186548,-0.707106781186547));
#782=DIRECTION('',(0.0,0.707106781186547,0.707106781186548));
#783=ORIENTED_EDGE('',*,*,#1067,.F.);
#784=ORIENTED_EDGE('',*,*,#1068,.F.);
#785=ORIENTED_EDGE('',*,*,#928,.F.);
#786=ORIENTED_EDGE('',*,*,#1069,.F.);
#787=ORIENTED_EDGE('',*,*,#885,.T.);
#788=ORIENTED_EDGE('',*,*,#1060,.F.);
#789=CARTESIAN_POINT('',(-0.01,9.58308385427109E-21,0.005));
#790=DIRECTION('',(0.0,0.707106781186547,-0.707106781186548));
#791=DIRECTION('',(0.0,0.707106781186548,0.707106781186547));
#792=ORIENTED_EDGE('',*,*,#1070,.F.);
#793=ORIENTED_EDGE('',*,*,#1066,.F.);
#794=ORIENTED_EDGE('',*,*,#919,.F.);
#795=ORIENTED_EDGE('',*,*,#1071,.F.);
#796=ORIENTED_EDGE('',*,*,#1024,.T.);
#797=ORIENTED_EDGE('',*,*,#1068,.T.);
#798=CARTESIAN_POINT('',(-0.01,0.005,-9.58308385427109E-21));
#799=DIRECTION('',(0.0,-0.707106781186548,-0.707106781186547));
#800=DIRECTION('',(0.0,0.707106781186547,-0.707106781186548));
#801=ORIENTED_EDGE('',*,*,#1069,.T.);
#802=ORIENTED_EDGE('',*,*,#927,.T.);
#803=ORIENTED_EDGE('',*,*,#1025,.T.);
#804=ORIENTED_EDGE('',*,*,#1071,.T.);
#805=ORIENTED_EDGE('',*,*,#918,.T.);
#806=ORIENTED_EDGE('',*,*,#1043,.T.);
#807=ORIENTED_EDGE('',*,*,#1065,.T.);
#808=ORIENTED_EDGE('',*,*,#1020,.T.);
#809=ORIENTED_EDGE('',*,*,#937,.T.);
#810=ORIENTED_EDGE('',*,*,#1062,.T.);
#811=ORIENTED_EDGE('',*,*,#1072,.T.);
#812=ORIENTED_EDGE('',*,*,#886,.T.);
#813=ORIENTED_EDGE('',*,*,#1070,.T.);
#814=ORIENTED_EDGE('',*,*,#1067,.T.);
#815=ORIENTED_EDGE('',*,*,#1059,.T.);
#816=ORIENTED_EDGE('',*,*,#1064,.T.);
#817=CARTESIAN_POINT('',(-0.01,0.0,0.0));
#818=DIRECTION('',(1.0,0.0,0.0));
#819=DIRECTION('',(0.0,1.0,0.0));
#820=ORIENTED_EDGE('',*,*,#896,.T.);
#821=ORIENTED_EDGE('',*,*,#1015,.T.);
#822=ORIENTED_EDGE('',*,*,#1002,.T.);
#823=ORIENTED_EDGE('',*,*,#899,.T.);
#824=ORIENTED_EDGE('',*,*,#1073,.F.);
#825=ORIENTED_EDGE('',*,*,#1054,.F.);
#826=CARTESIAN_POINT('',(0.005,0.0,-0.01));
#827=DIRECTION('',(0.707106781186547,0.0,0.707106781186547));
#828=DIRECTION('',(0.707106781186548,0.0,-0.707106781186548));
#829=ORIENTED_EDGE('',*,*,#1055,.F.);
#830=ORIENTED_EDGE('',*,*,#1073,.T.);
#831=ORIENTED_EDGE('',*,*,#990,.T.);
#832=ORIENTED_EDGE('',*,*,#1058,.F.);
#833=ORIENTED_EDGE('',*,*,#1074,.F.);
#834=ORIENTED_EDGE('',*,*,#904,.T.);
#835=CARTESIAN_POINT('',(-9.58308385427109E-21,-0.005,-0.01));
#836=DIRECTION('',(0.707106781186547,0.707106781186548,0.0));
#837=DIRECTION('',(-0.707106781186548,0.707106781186547,0.0));
#838=ORIENTED_EDGE('',*,*,#1056,.F.);
#839=ORIENTED_EDGE('',*,*,#1052,.T.);
#840=ORIENTED_EDGE('',*,*,#1074,.T.);
#841=ORIENTED_EDGE('',*,*,#1057,.F.);
#842=ORIENTED_EDGE('',*,*,#1050,.T.);
#843=ORIENTED_EDGE('',*,*,#1045,.T.);
#844=CARTESIAN_POINT('',(-9.58308385427109E-21,-0.005,-0.01));
#845=DIRECTION('',(-0.707106781186547,0.707106781186548,0.0));
#846=DIRECTION('',(-0.707106781186548,-0.707106781186547,0.0));
#847=ORIENTED_EDGE('',*,*,#1037,.T.);
#848=ORIENTED_EDGE('',*,*,#924,.F.);
#849=ORIENTED_EDGE('',*,*,#1030,.F.);
#850=ORIENTED_EDGE('',*,*,#1035,.T.);
#851=ORIENTED_EDGE('',*,*,#1011,.T.);
#852=ORIENTED_EDGE('',*,*,#1075,.F.);
#853=CARTESIAN_POINT('',(-9.58308385427109E-21,-0.005,0.01));
#854=DIRECTION('',(0.707106781186547,0.707106781186548,0.0));
#855=DIRECTION('',(-0.707106781186548,0.707106781186547,0.0));
#856=ORIENTED_EDGE('',*,*,#890,.T.);
#857=ORIENTED_EDGE('',*,*,#1038,.T.);
#858=ORIENTED_EDGE('',*,*,#1075,.T.);
#859=ORIENTED_EDGE('',*,*,#893,.T.);
#860=ORIENTED_EDGE('',*,*,#963,.F.);
#861=ORIENTED_EDGE('',*,*,#1014,.T.);
#862=CARTESIAN_POINT('',(0.01,0.0,0.005));
#863=DIRECTION('',(-0.707106781186547,0.0,0.707106781186547));
#864=DIRECTION('',(0.707106781186548,0.0,0.707106781186548));
#865=ORIENTED_EDGE('',*,*,#1039,.T.);
#866=ORIENTED_EDGE('',*,*,#1017,.F.);
#867=ORIENTED_EDGE('',*,*,#1013,.T.);
#868=ORIENTED_EDGE('',*,*,#1036,.T.);
#869=ORIENTED_EDGE('',*,*,#1028,.F.);
#870=ORIENTED_EDGE('',*,*,#889,.F.);
#871=CARTESIAN_POINT('',(9.58308385427109E-21,0.005,0.01));
#872=DIRECTION('',(-0.707106781186547,-0.707106781186548,0.0));
#873=DIRECTION('',(0.707106781186548,-0.707106781186547,0.0));
#874=ORIENTED_EDGE('',*,*,#884,.T.);
#875=ORIENTED_EDGE('',*,*,#1027,.T.);
#876=ORIENTED_EDGE('',*,*,#1040,.T.);
#877=ORIENTED_EDGE('',*,*,#887,.T.);
#878=ORIENTED_EDGE('',*,*,#1072,.F.);
#879=ORIENTED_EDGE('',*,*,#1061,.F.);
#880=CARTESIAN_POINT('',(-0.01,0.0,0.005));
#881=DIRECTION('',(0.707106781186547,0.0,0.707106781186547));
#882=DIRECTION('',(0.707106781186548,0.0,-0.707106781186548));
#883=COLOUR_RGB('',0.560784339904785,0.686274528503418,0.560784339904785);
#884=EDGE_CURVE('',#1076,#1077,#1078,.T.);
#885=EDGE_CURVE('3:11422',#1079,#1076,#1080,.T.);
#886=EDGE_CURVE('3:11376',#1081,#1079,#1082,.T.);
#887=EDGE_CURVE('',#1083,#1081,#1084,.T.);
#888=EDGE_CURVE('3:18132',#1083,#1085,#1086,.T.);
#889=EDGE_CURVE('3:18177',#1085,#1077,#1087,.T.);
#890=EDGE_CURVE('',#1088,#1089,#1090,.T.);
#891=EDGE_CURVE('3:12078',#1088,#1091,#1092,.T.);
#892=EDGE_CURVE('3:12126',#1093,#1091,#1094,.T.);
#893=EDGE_CURVE('',#1095,#1093,#1096,.T.);
#894=EDGE_CURVE('3:18164',#1095,#1097,#1098,.T.);
#895=EDGE_CURVE('3:18129',#1097,#1089,#1099,.T.);
#896=EDGE_CURVE('',#1100,#1101,#1102,.T.);
#897=EDGE_CURVE('3:16953',#1103,#1100,#1104,.T.);
#898=EDGE_CURVE('3:16981',#1105,#1103,#1106,.T.);
#899=EDGE_CURVE('',#1107,#1105,#1108,.T.);
#900=EDGE_CURVE('3:12136',#1107,#1109,#1110,.T.);
#901=EDGE_CURVE('3:12081',#1109,#1101,#1111,.T.);
#902=EDGE_CURVE('',#1112,#1113,#1114,.T.);
#903=EDGE_CURVE('3:12602',#1115,#1112,#1116,.T.);
#904=EDGE_CURVE('3:12719',#1117,#1115,#1118,.T.);
#905=EDGE_CURVE('',#1119,#1117,#1120,.T.);
#906=EDGE_CURVE('3:7588',#1119,#1121,#1122,.T.);
#907=EDGE_CURVE('3:7495',#1113,#1121,#1123,.T.);
#908=EDGE_CURVE('',#1124,#1125,#1126,.T.);
#909=EDGE_CURVE('3:6986',#1124,#1127,#1128,.T.);
#910=EDGE_CURVE('3:7050',#1127,#1129,#1130,.T.);
#911=EDGE_CURVE('',#1131,#1129,#1132,.T.);
#912=EDGE_CURVE('3:12672',#1133,#1131,#1134,.T.);
#913=EDGE_CURVE('3:12617',#1125,#1133,#1135,.T.);
#914=EDGE_CURVE('',#1136,#1137,#1138,.T.);
#915=EDGE_CURVE('3:17004',#1139,#1136,#1140,.T.);
#916=EDGE_CURVE('3:16950',#1141,#1139,#1142,.T.);
#917=EDGE_CURVE('',#1143,#1141,#1144,.T.);
#918=EDGE_CURVE('3:11346',#1145,#1143,#1146,.T.);
#919=EDGE_CURVE('3:11472',#1145,#1137,#1147,.T.);
#920=EDGE_CURVE('',#1148,#1149,#1150,.T.);
#921=EDGE_CURVE('3:7528',#1151,#1148,#1152,.T.);
#922=EDGE_CURVE('3:7598',#1153,#1151,#1154,.T.);
#923=EDGE_CURVE('',#1155,#1153,#1156,.T.);
#924=EDGE_CURVE('3:13522',#1155,#1157,#1158,.T.);
#925=EDGE_CURVE('3:18138',#1157,#1149,#1159,.T.);
#926=EDGE_CURVE('',#1160,#1161,#1162,.T.);
#927=EDGE_CURVE('3:11379',#1163,#1160,#1164,.T.);
#928=EDGE_CURVE('3:11432',#1163,#1165,#1166,.T.);
#929=EDGE_CURVE('',#1167,#1165,#1168,.T.);
#930=EDGE_CURVE('3:9702',#1167,#1169,#1170,.T.);
#931=EDGE_CURVE('3:6983',#1169,#1161,#1171,.T.);
#932=EDGE_CURVE('',#1172,#1173,#1174,.T.);
#933=EDGE_CURVE('3:7504',#1175,#1172,#1176,.T.);
#934=EDGE_CURVE('3:9645',#1175,#1177,#1178,.T.);
#935=EDGE_CURVE('',#1179,#1177,#1180,.T.);
#936=EDGE_CURVE('3:11459',#1179,#1181,#1182,.T.);
#937=EDGE_CURVE('3:11355',#1173,#1181,#1183,.T.);
#938=EDGE_CURVE('',#1184,#1185,#1186,.T.);
#939=EDGE_CURVE('3:18135',#1184,#1187,#1188,.T.);
#940=EDGE_CURVE('3:13515',#1187,#1189,#1190,.T.);
#941=EDGE_CURVE('',#1191,#1189,#1192,.T.);
#942=EDGE_CURVE('3:7080',#1193,#1191,#1194,.T.);
#943=EDGE_CURVE('3:6995',#1193,#1185,#1195,.T.);
#944=EDGE_CURVE('',#1196,#1197,#1198,.T.);
#945=EDGE_CURVE('3:6998',#1196,#1199,#1200,.T.);
#946=EDGE_CURVE('3:8869',#1199,#1201,#1202,.T.);
#947=EDGE_CURVE('',#1203,#1201,#1204,.T.);
#948=EDGE_CURVE('3:12106',#1203,#1205,#1206,.T.);
#949=EDGE_CURVE('3:12069',#1205,#1197,#1207,.T.);
#950=EDGE_CURVE('',#1208,#1209,#1210,.T.);
#951=EDGE_CURVE('3:8892',#1208,#1211,#1212,.T.);
#952=EDGE_CURVE('3:7507',#1213,#1211,#1214,.T.);
#953=EDGE_CURVE('',#1215,#1213,#1216,.T.);
#954=EDGE_CURVE('3:12090',#1215,#1217,#1218,.T.);
#955=EDGE_CURVE('3:12169',#1217,#1209,#1219,.T.);
#956=EDGE_CURVE('3:12179',#1220,#1209,#1221,.T.);
#957=EDGE_CURVE('3:12090',#1220,#1215,#1222,.T.);
#958=EDGE_CURVE('3:7507',#1223,#1213,#1224,.T.);
#959=EDGE_CURVE('3:8902',#1208,#1223,#1225,.T.);
#960=EDGE_CURVE('3:12096',#1226,#1227,#1228,.T.);
#961=EDGE_CURVE('3:12186',#1209,#1227,#1229,.T.);
#962=EDGE_CURVE('3:12084',#1217,#1230,#1231,.T.);
#963=EDGE_CURVE('3:12149',#1230,#1093,#1232,.T.);
#964=EDGE_CURVE('3:12206',#1093,#1226,#1233,.T.);
#965=EDGE_CURVE('3:12102',#1234,#1226,#1235,.T.);
#966=EDGE_CURVE('3:12072',#1091,#1205,#1236,.T.);
#967=EDGE_CURVE('3:12219',#1234,#1203,#1237,.T.);
#968=EDGE_CURVE('3:8922',#1121,#1223,#1238,.T.);
#969=EDGE_CURVE('3:7651',#1239,#1119,#1240,.T.);
#970=EDGE_CURVE('3:7510',#1241,#1239,#1242,.T.);
#971=EDGE_CURVE('3:7671',#1241,#1208,#1243,.T.);
#972=EDGE_CURVE('3:8879',#1244,#1201,#1245,.T.);
#973=EDGE_CURVE('3:7107',#1201,#1246,#1247,.T.);
#974=EDGE_CURVE('3:7010',#1246,#1248,#1249,.T.);
#975=EDGE_CURVE('3:7127',#1129,#1248,#1250,.T.);
#976=EDGE_CURVE('3:8862',#1127,#1244,#1251,.T.);
#977=EDGE_CURVE('3:9735',#1252,#1253,#1254,.T.);
#978=EDGE_CURVE('3:6983',#1161,#1252,#1255,.T.);
#979=EDGE_CURVE('3:9712',#1256,#1169,#1257,.T.);
#980=EDGE_CURVE('3:6995',#1185,#1256,#1258,.T.);
#981=EDGE_CURVE('3:8849',#1199,#1193,#1259,.T.);
#982=EDGE_CURVE('3:6998',#1244,#1196,#1260,.T.);
#983=EDGE_CURVE('3:6986',#1253,#1124,#1261,.T.);
#984=EDGE_CURVE('3:7007',#1262,#1263,#1264,.T.);
#985=EDGE_CURVE('3:7013',#1248,#1262,#1265,.T.);
#986=EDGE_CURVE('3:7004',#1263,#1246,#1266,.T.);
#987=EDGE_CURVE('3:12608',#1133,#1103,#1267,.T.);
#988=EDGE_CURVE('3:12762',#1268,#1131,#1269,.T.);
#989=EDGE_CURVE('3:12605',#1270,#1268,#1271,.T.);
#990=EDGE_CURVE('3:12749',#1105,#1270,#1272,.T.);
#991=EDGE_CURVE('3:7501',#1239,#1273,#1274,.T.);
#992=EDGE_CURVE('3:7522',#1273,#1275,#1276,.T.);
#993=EDGE_CURVE('3:7516',#1275,#1241,#1277,.T.);
#994=EDGE_CURVE('3:8909',#1211,#1151,#1278,.T.);
#995=EDGE_CURVE('3:7528',#1148,#1279,#1280,.T.);
#996=EDGE_CURVE('3:9662',#1279,#1175,#1281,.T.);
#997=EDGE_CURVE('3:7504',#1172,#1282,#1283,.T.);
#998=EDGE_CURVE('3:9675',#1282,#1284,#1285,.T.);
#999=EDGE_CURVE('3:7495',#1284,#1113,#1286,.T.);
#1000=EDGE_CURVE('3:12093',#1227,#1287,#1288,.T.);
#1001=EDGE_CURVE('3:12199',#1287,#1107,#1289,.T.);
#1002=EDGE_CURVE('3:12159',#1290,#1107,#1291,.T.);
#1003=EDGE_CURVE('3:12087',#1290,#1220,#1292,.T.);
#1004=EDGE_CURVE('3:7678',#1153,#1275,#1293,.T.);
#1005=EDGE_CURVE('3:12069',#1197,#1294,#1295,.T.);
#1006=EDGE_CURVE('3:12116',#1203,#1294,#1296,.T.);
#1007=EDGE_CURVE('3:12099',#1287,#1234,#1297,.T.);
#1008=EDGE_CURVE('3:12075',#1294,#1109,#1298,.T.);
#1009=EDGE_CURVE('3:7100',#1263,#1191,#1299,.T.);
#1010=EDGE_CURVE('3:13430',#1187,#1097,#1300,.T.);
#1011=EDGE_CURVE('3:13465',#1301,#1095,#1302,.T.);
#1012=EDGE_CURVE('3:18150',#1301,#1303,#1304,.T.);
#1013=EDGE_CURVE('3:13482',#1189,#1303,#1305,.T.);
#1014=EDGE_CURVE('3:12078',#1230,#1088,#1306,.T.);
#1015=EDGE_CURVE('3:12081',#1101,#1290,#1307,.T.);
#1016=EDGE_CURVE('3:7057',#1191,#1256,#1308,.T.);
#1017=EDGE_CURVE('3:13532',#1189,#1309,#1310,.T.);
#1018=EDGE_CURVE('3:18135',#1309,#1184,#1311,.T.);
#1019=EDGE_CURVE('3:7120',#1262,#1167,#1312,.T.);
#1020=EDGE_CURVE('3:11355',#1313,#1173,#1314,.T.);
#1021=EDGE_CURVE('3:11479',#1179,#1313,#1315,.T.);
#1022=EDGE_CURVE('3:9655',#1282,#1177,#1316,.T.);
#1023=EDGE_CURVE('3:9722',#1167,#1252,#1317,.T.);
#1024=EDGE_CURVE('3:11452',#1318,#1165,#1319,.T.);
#1025=EDGE_CURVE('3:11379',#1160,#1318,#1320,.T.);
#1026=EDGE_CURVE('3:13445',#1321,#1322,#1323,.T.);
#1027=EDGE_CURVE('3:18184',#1077,#1322,#1324,.T.);
#1028=EDGE_CURVE('3:13472',#1077,#1325,#1326,.T.);
#1029=EDGE_CURVE('3:18141',#1325,#1327,#1328,.T.);
#1030=EDGE_CURVE('3:13455',#1327,#1155,#1329,.T.);
#1031=EDGE_CURVE('3:13545',#1321,#1155,#1330,.T.);
#1032=EDGE_CURVE('3:18138',#1149,#1321,#1331,.T.);
#1033=EDGE_CURVE('3:7621',#1279,#1153,#1332,.T.);
#1034=EDGE_CURVE('3:7658',#1177,#1273,#1333,.T.);
#1035=EDGE_CURVE('3:18147',#1327,#1301,#1334,.T.);
#1036=EDGE_CURVE('3:18144',#1303,#1325,#1335,.T.);
#1037=EDGE_CURVE('3:13433',#1336,#1157,#1337,.T.);
#1038=EDGE_CURVE('3:18129',#1089,#1336,#1338,.T.);
#1039=EDGE_CURVE('3:13442',#1085,#1309,#1339,.T.);
#1040=EDGE_CURVE('3:18132',#1322,#1083,#1340,.T.);
#1041=EDGE_CURVE('3:7611',#1284,#1119,#1341,.T.);
#1042=EDGE_CURVE('3:11489',#1137,#1342,#1343,.T.);
#1043=EDGE_CURVE('3:11346',#1143,#1342,#1344,.T.);
#1044=EDGE_CURVE('3:16950',#1345,#1141,#1346,.T.);
#1045=EDGE_CURVE('3:17011',#1136,#1345,#1347,.T.);
#1046=EDGE_CURVE('3:7027',#1129,#1253,#1348,.T.);
#1047=EDGE_CURVE('3:12617',#1349,#1125,#1350,.T.);
#1048=EDGE_CURVE('3:12689',#1131,#1349,#1351,.T.);
#1049=EDGE_CURVE('3:12623',#1139,#1349,#1352,.T.);
#1050=EDGE_CURVE('3:12782',#1353,#1136,#1354,.T.);
#1051=EDGE_CURVE('3:12626',#1268,#1353,#1355,.T.);
#1052=EDGE_CURVE('3:12742',#1356,#1117,#1357,.T.);
#1053=EDGE_CURVE('3:12602',#1112,#1356,#1358,.T.);
#1054=EDGE_CURVE('3:16953',#1100,#1359,#1360,.T.);
#1055=EDGE_CURVE('3:12614',#1359,#1115,#1361,.T.);
#1056=EDGE_CURVE('3:12596',#1356,#1345,#1362,.T.);
#1057=EDGE_CURVE('3:12599',#1353,#1363,#1364,.T.);
#1058=EDGE_CURVE('3:12611',#1363,#1270,#1365,.T.);
#1059=EDGE_CURVE('3:11364',#1366,#1367,#1368,.T.);
#1060=EDGE_CURVE('3:11532',#1366,#1076,#1369,.T.);
#1061=EDGE_CURVE('3:11439',#1076,#1370,#1371,.T.);
#1062=EDGE_CURVE('3:11367',#1181,#1370,#1372,.T.);
#1063=EDGE_CURVE('3:11522',#1367,#1179,#1373,.T.);
#1064=EDGE_CURVE('3:11358',#1367,#1374,#1375,.T.);
#1065=EDGE_CURVE('3:11361',#1342,#1313,#1376,.T.);
#1066=EDGE_CURVE('3:11499',#1137,#1374,#1377,.T.);
#1067=EDGE_CURVE('3:11373',#1378,#1366,#1379,.T.);
#1068=EDGE_CURVE('3:11509',#1165,#1378,#1380,.T.);
#1069=EDGE_CURVE('3:11370',#1079,#1163,#1381,.T.);
#1070=EDGE_CURVE('3:11352',#1374,#1378,#1382,.T.);
#1071=EDGE_CURVE('3:11349',#1318,#1145,#1383,.T.);
#1072=EDGE_CURVE('3:11376',#1370,#1081,#1384,.T.);
#1073=EDGE_CURVE('3:16994',#1359,#1105,#1385,.T.);
#1074=EDGE_CURVE('3:12769',#1117,#1363,#1386,.T.);
#1075=EDGE_CURVE('3:18157',#1336,#1095,#1387,.T.);
#1076=VERTEX_POINT('',#1388);
#1077=VERTEX_POINT('',#1389);
#1078=LINE('',#1390,#1391);
#1079=VERTEX_POINT('',#1392);
#1080=ELLIPSE('',#1393,0.000447330988568122,0.000387399999999999);
#1081=VERTEX_POINT('',#1394);
#1082=ELLIPSE('',#1395,0.000547866334063336,0.000387399999999999);
#1083=VERTEX_POINT('',#1396);
#1084=LINE('',#1397,#1398);
#1085=VERTEX_POINT('',#1399);
#1086=ELLIPSE('',#1400,0.000547866334063336,0.000387399999999999);
#1087=ELLIPSE('',#1401,0.000447330988568121,0.0003874);
#1088=VERTEX_POINT('',#1402);
#1089=VERTEX_POINT('',#1403);
#1090=LINE('',#1404,#1405);
#1091=VERTEX_POINT('',#1406);
#1092=ELLIPSE('',#1407,0.000547866334063336,0.000387399999999999);
#1093=VERTEX_POINT('',#1408);
#1094=ELLIPSE('',#1409,0.000447330988568122,0.000387399999999999);
#1095=VERTEX_POINT('',#1410);
#1096=LINE('',#1411,#1412);
#1097=VERTEX_POINT('',#1413);
#1098=ELLIPSE('',#1414,0.000447330988568122,0.0003874);
#1099=ELLIPSE('',#1415,0.000547866334063336,0.000387399999999999);
#1100=VERTEX_POINT('',#1416);
#1101=VERTEX_POINT('',#1417);
#1102=LINE('',#1418,#1419);
#1103=VERTEX_POINT('',#1420);
#1104=ELLIPSE('',#1421,0.000547866334063336,0.000387399999999999);
#1105=VERTEX_POINT('',#1422);
#1106=ELLIPSE('',#1423,0.000447330988568122,0.000387399999999999);
#1107=VERTEX_POINT('',#1424);
#1108=LINE('',#1425,#1426);
#1109=VERTEX_POINT('',#1427);
#1110=ELLIPSE('',#1428,0.000447330988568122,0.0003874);
#1111=ELLIPSE('',#1429,0.000547866334063336,0.000387399999999999);
#1112=VERTEX_POINT('',#1430);
#1113=VERTEX_POINT('',#1431);
#1114=LINE('',#1432,#1433);
#1115=VERTEX_POINT('',#1434);
#1116=ELLIPSE('',#1435,0.000547866334063336,0.000387399999999999);
#1117=VERTEX_POINT('',#1436);
#1118=ELLIPSE('',#1437,0.000447330988568122,0.000387399999999999);
#1119=VERTEX_POINT('',#1438);
#1120=LINE('',#1439,#1440);
#1121=VERTEX_POINT('',#1441);
#1122=ELLIPSE('',#1442,0.000447330988568122,0.0003874);
#1123=ELLIPSE('',#1443,0.000547866334063336,0.000387399999999999);
#1124=VERTEX_POINT('',#1444);
#1125=VERTEX_POINT('',#1445);
#1126=LINE('',#1446,#1447);
#1127=VERTEX_POINT('',#1448);
#1128=ELLIPSE('',#1449,0.000547866334063336,0.000387399999999999);
#1129=VERTEX_POINT('',#1450);
#1130=ELLIPSE('',#1451,0.000447330988568122,0.0003874);
#1131=VERTEX_POINT('',#1452);
#1132=LINE('',#1453,#1454);
#1133=VERTEX_POINT('',#1455);
#1134=ELLIPSE('',#1456,0.000447330988568122,0.0003874);
#1135=ELLIPSE('',#1457,0.000547866334063336,0.000387399999999999);
#1136=VERTEX_POINT('',#1458);
#1137=VERTEX_POINT('',#1459);
#1138=LINE('',#1460,#1461);
#1139=VERTEX_POINT('',#1462);
#1140=ELLIPSE('',#1463,0.000447330988568122,0.000387399999999999);
#1141=VERTEX_POINT('',#1464);
#1142=ELLIPSE('',#1465,0.000547866334063336,0.000387399999999999);
#1143=VERTEX_POINT('',#1466);
#1144=LINE('',#1467,#1468);
#1145=VERTEX_POINT('',#1469);
#1146=ELLIPSE('',#1470,0.000547866334063336,0.000387399999999999);
#1147=ELLIPSE('',#1471,0.000447330988568121,0.0003874);
#1148=VERTEX_POINT('',#1472);
#1149=VERTEX_POINT('',#1473);
#1150=LINE('',#1474,#1475);
#1151=VERTEX_POINT('',#1476);
#1152=ELLIPSE('',#1477,0.000547866334063336,0.000387399999999999);
#1153=VERTEX_POINT('',#1478);
#1154=ELLIPSE('',#1479,0.000447330988568122,0.000387399999999999);
#1155=VERTEX_POINT('',#1480);
#1156=LINE('',#1481,#1482);
#1157=VERTEX_POINT('',#1483);
#1158=ELLIPSE('',#1484,0.000447330988568122,0.0003874);
#1159=ELLIPSE('',#1485,0.000547866334063336,0.000387399999999999);
#1160=VERTEX_POINT('',#1486);
#1161=VERTEX_POINT('',#1487);
#1162=LINE('',#1488,#1489);
#1163=VERTEX_POINT('',#1490);
#1164=ELLIPSE('',#1491,0.000547866334063336,0.000387399999999999);
#1165=VERTEX_POINT('',#1492);
#1166=ELLIPSE('',#1493,0.000447330988568123,0.0003874);
#1167=VERTEX_POINT('',#1494);
#1168=LINE('',#1495,#1496);
#1169=VERTEX_POINT('',#1497);
#1170=ELLIPSE('',#1498,0.000447330988568122,0.0003874);
#1171=ELLIPSE('',#1499,0.000547866334063336,0.000387399999999999);
#1172=VERTEX_POINT('',#1500);
#1173=VERTEX_POINT('',#1501);
#1174=LINE('',#1502,#1503);
#1175=VERTEX_POINT('',#1504);
#1176=ELLIPSE('',#1505,0.000547866334063336,0.000387399999999999);
#1177=VERTEX_POINT('',#1506);
#1178=ELLIPSE('',#1507,0.000447330988568122,0.0003874);
#1179=VERTEX_POINT('',#1508);
#1180=LINE('',#1509,#1510);
#1181=VERTEX_POINT('',#1511);
#1182=ELLIPSE('',#1512,0.000447330988568122,0.0003874);
#1183=ELLIPSE('',#1513,0.000547866334063336,0.000387399999999999);
#1184=VERTEX_POINT('',#1514);
#1185=VERTEX_POINT('',#1515);
#1186=LINE('',#1516,#1517);
#1187=VERTEX_POINT('',#1518);
#1188=ELLIPSE('',#1519,0.000547866334063336,0.000387399999999999);
#1189=VERTEX_POINT('',#1520);
#1190=ELLIPSE('',#1521,0.000447330988568122,0.0003874);
#1191=VERTEX_POINT('',#1522);
#1192=LINE('',#1523,#1524);
#1193=VERTEX_POINT('',#1525);
#1194=ELLIPSE('',#1526,0.000447330988568122,0.0003874);
#1195=ELLIPSE('',#1527,0.000547866334063336,0.000387399999999999);
#1196=VERTEX_POINT('',#1528);
#1197=VERTEX_POINT('',#1529);
#1198=LINE('',#1530,#1531);
#1199=VERTEX_POINT('',#1532);
#1200=ELLIPSE('',#1533,0.000547866334063336,0.000387399999999999);
#1201=VERTEX_POINT('',#1534);
#1202=ELLIPSE('',#1535,0.000447330988568122,0.0003874);
#1203=VERTEX_POINT('',#1536);
#1204=LINE('',#1537,#1538);
#1205=VERTEX_POINT('',#1539);
#1206=ELLIPSE('',#1540,0.000447330988568122,0.0003874);
#1207=ELLIPSE('',#1541,0.000547866334063336,0.000387399999999999);
#1208=VERTEX_POINT('',#1542);
#1209=VERTEX_POINT('',#1543);
#1210=LINE('',#1544,#1545);
#1211=VERTEX_POINT('',#1546);
#1212=ELLIPSE('',#1547,0.000447330988568122,0.0003874);
#1213=VERTEX_POINT('',#1548);
#1214=ELLIPSE('',#1549,0.000547866334063336,0.000387399999999999);
#1215=VERTEX_POINT('',#1550);
#1216=LINE('',#1551,#1552);
#1217=VERTEX_POINT('',#1553);
#1218=ELLIPSE('',#1554,0.000547866334063336,0.000387399999999999);
#1219=ELLIPSE('',#1555,0.000447330988568121,0.0003874);
#1220=VERTEX_POINT('',#1556);
#1221=ELLIPSE('',#1557,0.000447330988568123,0.000387399999999999);
#1222=ELLIPSE('',#1558,0.000547866334063336,0.000387399999999999);
#1223=VERTEX_POINT('',#1559);
#1224=ELLIPSE('',#1560,0.000547866334063336,0.000387399999999999);
#1225=ELLIPSE('',#1561,0.000447330988568122,0.000387399999999999);
#1226=VERTEX_POINT('',#1562);
#1227=VERTEX_POINT('',#1563);
#1228=LINE('',#1564,#1565);
#1229=ELLIPSE('',#1566,0.000547866334063337,0.0003874);
#1230=VERTEX_POINT('',#1567);
#1231=LINE('',#1568,#1569);
#1232=ELLIPSE('',#1570,0.000447330988568121,0.000387399999999999);
#1233=ELLIPSE('',#1571,0.000547866334063337,0.0003874);
#1234=VERTEX_POINT('',#1572);
#1235=LINE('',#1573,#1574);
#1236=LINE('',#1575,#1576);
#1237=ELLIPSE('',#1577,0.000547866334063337,0.0003874);
#1238=LINE('',#1578,#1579);
#1239=VERTEX_POINT('',#1580);
#1240=ELLIPSE('',#1581,0.000547866334063336,0.0003874);
#1241=VERTEX_POINT('',#1582);
#1242=LINE('',#1583,#1584);
#1243=ELLIPSE('',#1585,0.000547866334063337,0.0003874);
#1244=VERTEX_POINT('',#1586);
#1245=ELLIPSE('',#1587,0.000447330988568122,0.000387399999999999);
#1246=VERTEX_POINT('',#1588);
#1247=ELLIPSE('',#1589,0.000547866334063337,0.0003874);
#1248=VERTEX_POINT('',#1590);
#1249=LINE('',#1591,#1592);
#1250=ELLIPSE('',#1593,0.000547866334063337,0.0003874);
#1251=LINE('',#1594,#1595);
#1252=VERTEX_POINT('',#1596);
#1253=VERTEX_POINT('',#1597);
#1254=LINE('',#1598,#1599);
#1255=ELLIPSE('',#1600,0.000547866334063336,0.000387399999999999);
#1256=VERTEX_POINT('',#1601);
#1257=LINE('',#1602,#1603);
#1258=ELLIPSE('',#1604,0.000547866334063336,0.000387399999999999);
#1259=LINE('',#1605,#1606);
#1260=ELLIPSE('',#1607,0.000547866334063336,0.000387399999999999);
#1261=ELLIPSE('',#1608,0.000547866334063336,0.000387399999999999);
#1262=VERTEX_POINT('',#1609);
#1263=VERTEX_POINT('',#1610);
#1264=LINE('',#1611,#1612);
#1265=LINE('',#1613,#1614);
#1266=LINE('',#1615,#1616);
#1267=LINE('',#1617,#1618);
#1268=VERTEX_POINT('',#1619);
#1269=ELLIPSE('',#1620,0.000547866334063336,0.0003874);
#1270=VERTEX_POINT('',#1621);
#1271=LINE('',#1622,#1623);
#1272=ELLIPSE('',#1624,0.000547866334063337,0.0003874);
#1273=VERTEX_POINT('',#1625);
#1274=LINE('',#1626,#1627);
#1275=VERTEX_POINT('',#1628);
#1276=LINE('',#1629,#1630);
#1277=LINE('',#1631,#1632);
#1278=LINE('',#1633,#1634);
#1279=VERTEX_POINT('',#1635);
#1280=ELLIPSE('',#1636,0.000547866334063336,0.000387399999999999);
#1281=LINE('',#1637,#1638);
#1282=VERTEX_POINT('',#1639);
#1283=ELLIPSE('',#1640,0.000547866334063336,0.000387399999999999);
#1284=VERTEX_POINT('',#1641);
#1285=LINE('',#1642,#1643);
#1286=ELLIPSE('',#1644,0.000547866334063336,0.000387399999999999);
#1287=VERTEX_POINT('',#1645);
#1288=LINE('',#1646,#1647);
#1289=ELLIPSE('',#1648,0.000547866334063336,0.0003874);
#1290=VERTEX_POINT('',#1649);
#1291=ELLIPSE('',#1650,0.000447330988568122,0.0003874);
#1292=LINE('',#1651,#1652);
#1293=ELLIPSE('',#1653,0.000547866334063337,0.0003874);
#1294=VERTEX_POINT('',#1654);
#1295=ELLIPSE('',#1655,0.000547866334063336,0.000387399999999999);
#1296=ELLIPSE('',#1656,0.000447330988568122,0.000387399999999999);
#1297=LINE('',#1657,#1658);
#1298=LINE('',#1659,#1660);
#1299=ELLIPSE('',#1661,0.000547866334063337,0.0003874);
#1300=LINE('',#1662,#1663);
#1301=VERTEX_POINT('',#1664);
#1302=ELLIPSE('',#1665,0.000547866334063336,0.0003874);
#1303=VERTEX_POINT('',#1666);
#1304=LINE('',#1667,#1668);
#1305=ELLIPSE('',#1669,0.000547866334063337,0.0003874);
#1306=ELLIPSE('',#1670,0.000547866334063336,0.000387399999999999);
#1307=ELLIPSE('',#1671,0.000547866334063336,0.000387399999999999);
#1308=ELLIPSE('',#1672,0.000447330988568122,0.000387399999999999);
#1309=VERTEX_POINT('',#1673);
#1310=ELLIPSE('',#1674,0.000447330988568122,0.0003874);
#1311=ELLIPSE('',#1675,0.000547866334063336,0.000387399999999999);
#1312=ELLIPSE('',#1676,0.000547866334063336,0.0003874);
#1313=VERTEX_POINT('',#1677);
#1314=ELLIPSE('',#1678,0.000547866334063336,0.000387399999999999);
#1315=ELLIPSE('',#1679,0.000447330988568122,0.000387399999999999);
#1316=ELLIPSE('',#1680,0.000447330988568121,0.000387399999999999);
#1317=ELLIPSE('',#1681,0.000447330988568122,0.0003874);
#1318=VERTEX_POINT('',#1682);
#1319=ELLIPSE('',#1683,0.000447330988568121,0.000387399999999999);
#1320=ELLIPSE('',#1684,0.000547866334063336,0.000387399999999999);
#1321=VERTEX_POINT('',#1685);
#1322=VERTEX_POINT('',#1686);
#1323=LINE('',#1687,#1688);
#1324=ELLIPSE('',#1689,0.000447330988568121,0.0003874);
#1325=VERTEX_POINT('',#1690);
#1326=ELLIPSE('',#1691,0.000547866334063336,0.0003874);
#1327=VERTEX_POINT('',#1692);
#1328=LINE('',#1693,#1694);
#1329=ELLIPSE('',#1695,0.000547866334063337,0.0003874);
#1330=ELLIPSE('',#1696,0.000447330988568122,0.0003874);
#1331=ELLIPSE('',#1697,0.000547866334063336,0.000387399999999999);
#1332=ELLIPSE('',#1698,0.000447330988568122,0.000387399999999999);
#1333=ELLIPSE('',#1699,0.000547866334063337,0.0003874);
#1334=LINE('',#1700,#1701);
#1335=LINE('',#1702,#1703);
#1336=VERTEX_POINT('',#1704);
#1337=LINE('',#1705,#1706);
#1338=ELLIPSE('',#1707,0.000547866334063336,0.000387399999999999);
#1339=LINE('',#1708,#1709);
#1340=ELLIPSE('',#1710,0.000547866334063336,0.000387399999999999);
#1341=ELLIPSE('',#1711,0.000447330988568122,0.0003874);
#1342=VERTEX_POINT('',#1712);
#1343=ELLIPSE('',#1713,0.000447330988568121,0.0003874);
#1344=ELLIPSE('',#1714,0.000547866334063336,0.000387399999999999);
#1345=VERTEX_POINT('',#1715);
#1346=ELLIPSE('',#1716,0.000547866334063336,0.000387399999999999);
#1347=ELLIPSE('',#1717,0.000447330988568122,0.000387399999999999);
#1348=ELLIPSE('',#1718,0.000447330988568122,0.0003874);
#1349=VERTEX_POINT('',#1719);
#1350=ELLIPSE('',#1720,0.000547866334063336,0.000387399999999999);
#1351=ELLIPSE('',#1721,0.000447330988568122,0.0003874);
#1352=LINE('',#1722,#1723);
#1353=VERTEX_POINT('',#1724);
#1354=ELLIPSE('',#1725,0.000547866334063337,0.0003874);
#1355=LINE('',#1726,#1727);
#1356=VERTEX_POINT('',#1728);
#1357=ELLIPSE('',#1729,0.000447330988568121,0.000387399999999999);
#1358=ELLIPSE('',#1730,0.000547866334063336,0.000387399999999999);
#1359=VERTEX_POINT('',#1731);
#1360=ELLIPSE('',#1732,0.000547866334063336,0.000387399999999999);
#1361=LINE('',#1733,#1734);
#1362=LINE('',#1735,#1736);
#1363=VERTEX_POINT('',#1737);
#1364=LINE('',#1738,#1739);
#1365=LINE('',#1740,#1741);
#1366=VERTEX_POINT('',#1742);
#1367=VERTEX_POINT('',#1743);
#1368=LINE('',#1744,#1745);
#1369=ELLIPSE('',#1746,0.000547866334063337,0.0003874);
#1370=VERTEX_POINT('',#1747);
#1371=ELLIPSE('',#1748,0.000447330988568122,0.000387399999999999);
#1372=LINE('',#1749,#1750);
#1373=ELLIPSE('',#1751,0.000547866334063337,0.0003874);
#1374=VERTEX_POINT('',#1752);
#1375=LINE('',#1753,#1754);
#1376=LINE('',#1755,#1756);
#1377=ELLIPSE('',#1757,0.000547866334063336,0.0003874);
#1378=VERTEX_POINT('',#1758);
#1379=LINE('',#1759,#1760);
#1380=ELLIPSE('',#1761,0.000547866334063337,0.0003874);
#1381=LINE('',#1762,#1763);
#1382=LINE('',#1764,#1765);
#1383=LINE('',#1766,#1767);
#1384=ELLIPSE('',#1768,0.000547866334063336,0.000387399999999999);
#1385=ELLIPSE('',#1769,0.000447330988568122,0.000387399999999999);
#1386=ELLIPSE('',#1770,0.000547866334063337,0.0003874);
#1387=ELLIPSE('',#1771,0.000447330988568122,0.0003874);
#1388=CARTESIAN_POINT('',(-0.00963475577729111,9.58308385427109E-21,0.00481737788864555));
#1389=CARTESIAN_POINT('',(-0.00481737788864556,9.61569950126439E-19,0.00963475577729111));
#1390=CARTESIAN_POINT('',(-0.00972606683296833,-4.74428169989683E-20,0.00472606683296833));
#1391=VECTOR('',#1772,1.0);
#1392=CARTESIAN_POINT('',(-0.01,0.00036524422270889,0.00518262211135445));
#1393=AXIS2_PLACEMENT_3D('',#1773,#1774,#1775);
#1394=CARTESIAN_POINT('',(-0.01,4.74428169989683E-20,0.00554786633406333));
#1395=AXIS2_PLACEMENT_3D('',#1776,#1777,#1778);
#1396=CARTESIAN_POINT('',(-0.00554786633406333,4.74428169989683E-20,0.01));
#1397=CARTESIAN_POINT('',(-0.0102739331670317,4.74428169989683E-20,0.00527393316703167));
#1398=VECTOR('',#1779,1.0);
#1399=CARTESIAN_POINT('',(-0.00518262211135445,0.00036524422270889,0.01));
#1400=AXIS2_PLACEMENT_3D('',#1780,#1781,#1782);
#1401=AXIS2_PLACEMENT_3D('',#1783,#1784,#1785);
#1402=CARTESIAN_POINT('',(0.01,-4.74428169989683E-20,0.00554786633406334));
#1403=CARTESIAN_POINT('',(0.00554786633406334,-4.74428169989682E-20,0.01));
#1404=CARTESIAN_POINT('',(0.0102739331670317,-4.74428169989683E-20,0.00527393316703167));
#1405=VECTOR('',#1786,1.0);
#1406=CARTESIAN_POINT('',(0.01,0.00036524422270889,0.00518262211135445));
#1407=AXIS2_PLACEMENT_3D('',#1787,#1788,#1789);
#1408=CARTESIAN_POINT('',(0.00963475577729111,9.58308385427109E-21,0.00481737788864556));
#1409=AXIS2_PLACEMENT_3D('',#1790,#1791,#1792);
#1410=CARTESIAN_POINT('',(0.00481737788864555,3.1526883610703E-19,0.00963475577729111));
#1411=CARTESIAN_POINT('',(0.00972606683296833,4.74428169989683E-20,0.00472606683296833));
#1412=VECTOR('',#1793,1.0);
#1413=CARTESIAN_POINT('',(0.00518262211135445,0.00036524422270889,0.01));
#1414=AXIS2_PLACEMENT_3D('',#1794,#1795,#1796);
#1415=AXIS2_PLACEMENT_3D('',#1797,#1798,#1799);
#1416=CARTESIAN_POINT('',(0.00554786633406334,-4.74428169989682E-20,-0.01));
#1417=CARTESIAN_POINT('',(0.01,-4.74428169989683E-20,-0.00554786633406334));
#1418=CARTESIAN_POINT('',(0.00527393316703167,-4.74428169989683E-20,-0.0102739331670317));
#1419=VECTOR('',#1800,1.0);
#1420=CARTESIAN_POINT('',(0.00518262211135445,0.000365244222708891,-0.01));
#1421=AXIS2_PLACEMENT_3D('',#1801,#1802,#1803);
#1422=CARTESIAN_POINT('',(0.00481737788864556,-9.58308385427109E-21,-0.00963475577729111));
#1423=AXIS2_PLACEMENT_3D('',#1804,#1805,#1806);
#1424=CARTESIAN_POINT('',(0.00963475577729099,-3.46716902508731E-16,-0.00481737788864567));
#1425=CARTESIAN_POINT('',(0.00472606683296833,4.74428169989683E-20,-0.00972606683296834));
#1426=VECTOR('',#1807,1.0);
#1427=CARTESIAN_POINT('',(0.01,0.00036524422270889,-0.00518262211135445));
#1428=AXIS2_PLACEMENT_3D('',#1808,#1809,#1810);
#1429=AXIS2_PLACEMENT_3D('',#1811,#1812,#1813);
#1430=CARTESIAN_POINT('',(-4.74428169989684E-20,-0.00554786633406334,-0.01));
#1431=CARTESIAN_POINT('',(-4.74428169989683E-20,-0.01,-0.00554786633406334));
#1432=CARTESIAN_POINT('',(-4.74428169989683E-20,-0.00527393316703167,-0.0102739331670317));
#1433=VECTOR('',#1814,1.0);
#1434=CARTESIAN_POINT('',(0.000365244222708891,-0.00518262211135445,-0.01));
#1435=AXIS2_PLACEMENT_3D('',#1815,#1816,#1817);
#1436=CARTESIAN_POINT('',(-9.58308385427109E-21,-0.00481737788864556,-0.00963475577729111));
#1437=AXIS2_PLACEMENT_3D('',#1818,#1819,#1820);
#1438=CARTESIAN_POINT('',(4.57139812355192E-19,-0.00963475577729111,-0.00481737788864555));
#1439=CARTESIAN_POINT('',(4.74428169989684E-20,-0.00472606683296833,-0.00972606683296833));
#1440=VECTOR('',#1821,1.0);
#1441=CARTESIAN_POINT('',(0.000365244222708891,-0.01,-0.00518262211135445));
#1442=AXIS2_PLACEMENT_3D('',#1822,#1823,#1824);
#1443=AXIS2_PLACEMENT_3D('',#1825,#1826,#1827);
#1444=CARTESIAN_POINT('',(-4.74428169989683E-20,0.01,-0.00554786633406334));
#1445=CARTESIAN_POINT('',(-4.74428169989684E-20,0.00554786633406334,-0.01));
#1446=CARTESIAN_POINT('',(-4.74428169989683E-20,0.0102739331670317,-0.00527393316703167));
#1447=VECTOR('',#1828,1.0);
#1448=CARTESIAN_POINT('',(0.000365244222708891,0.01,-0.00518262211135445));
#1449=AXIS2_PLACEMENT_3D('',#1829,#1830,#1831);
#1450=CARTESIAN_POINT('',(7.72408648462222E-19,0.00963475577729111,-0.00481737788864555));
#1451=AXIS2_PLACEMENT_3D('',#1832,#1833,#1834);
#1452=CARTESIAN_POINT('',(-1.15648231731787E-18,0.00481737788864556,-0.00963475577729111));
#1453=CARTESIAN_POINT('',(4.74428169989683E-20,0.00972606683296833,-0.00472606683296833));
#1454=VECTOR('',#1835,1.0);
#1455=CARTESIAN_POINT('',(0.000365244222708891,0.00518262211135445,-0.01));
#1456=AXIS2_PLACEMENT_3D('',#1836,#1837,#1838);
#1457=AXIS2_PLACEMENT_3D('',#1839,#1840,#1841);
#1458=CARTESIAN_POINT('',(-0.00481737788864555,9.58308385427109E-21,-0.00963475577729111));
#1459=CARTESIAN_POINT('',(-0.00963475577729111,-1.26107534442812E-19,-0.00481737788864556));
#1460=CARTESIAN_POINT('',(-0.00472606683296833,-4.74428169989683E-20,-0.00972606683296833));
#1461=VECTOR('',#1842,1.0);
#1462=CARTESIAN_POINT('',(-0.00518262211135445,0.000365244222708891,-0.01));
#1463=AXIS2_PLACEMENT_3D('',#1843,#1844,#1845);
#1464=CARTESIAN_POINT('',(-0.00554786633406334,4.74428169989683E-20,-0.01));
#1465=AXIS2_PLACEMENT_3D('',#1846,#1847,#1848);
#1466=CARTESIAN_POINT('',(-0.01,4.74428169989683E-20,-0.00554786633406333));
#1467=CARTESIAN_POINT('',(-0.00527393316703167,4.74428169989683E-20,-0.0102739331670317));
#1468=VECTOR('',#1849,1.0);
#1469=CARTESIAN_POINT('',(-0.01,0.00036524422270889,-0.00518262211135445));
#1470=AXIS2_PLACEMENT_3D('',#1850,#1851,#1852);
#1471=AXIS2_PLACEMENT_3D('',#1853,#1854,#1855);
#1472=CARTESIAN_POINT('',(-4.74428169989684E-20,-0.01,0.00554786633406334));
#1473=CARTESIAN_POINT('',(-4.74428169989683E-20,-0.00554786633406334,0.01));
#1474=CARTESIAN_POINT('',(-4.74428169989683E-20,-0.0102739331670317,0.00527393316703167));
#1475=VECTOR('',#1856,1.0);
#1476=CARTESIAN_POINT('',(0.000365244222708891,-0.01,0.00518262211135445));
#1477=AXIS2_PLACEMENT_3D('',#1857,#1858,#1859);
#1478=CARTESIAN_POINT('',(-9.58308385427109E-21,-0.00963475577729111,0.00481737788864556));
#1479=AXIS2_PLACEMENT_3D('',#1860,#1861,#1862);
#1480=CARTESIAN_POINT('',(2.04924743469569E-19,-0.00481737788864555,0.00963475577729111));
#1481=CARTESIAN_POINT('',(4.74428169989683E-20,-0.00972606683296833,0.00472606683296833));
#1482=VECTOR('',#1863,1.0);
#1483=CARTESIAN_POINT('',(0.000365244222708891,-0.00518262211135445,0.01));
#1484=AXIS2_PLACEMENT_3D('',#1864,#1865,#1866);
#1485=AXIS2_PLACEMENT_3D('',#1867,#1868,#1869);
#1486=CARTESIAN_POINT('',(-0.01,0.00554786633406334,-4.74428169989683E-20));
#1487=CARTESIAN_POINT('',(-0.00554786633406334,0.01,-4.74428169989684E-20));
#1488=CARTESIAN_POINT('',(-0.0102739331670317,0.00527393316703167,-4.74428169989684E-20));
#1489=VECTOR('',#1870,1.0);
#1490=CARTESIAN_POINT('',(-0.01,0.00518262211135445,0.00036524422270889));
#1491=AXIS2_PLACEMENT_3D('',#1871,#1872,#1873);
#1492=CARTESIAN_POINT('',(-0.00963475577729111,0.00481737788864556,-2.47486036344019E-18));
#1493=AXIS2_PLACEMENT_3D('',#1874,#1875,#1876);
#1494=CARTESIAN_POINT('',(-0.00481737788864556,0.00963475577729111,-4.8393766342429E-18));
#1495=CARTESIAN_POINT('',(-0.00972606683296833,0.00472606683296833,4.74428169989682E-20));
#1496=VECTOR('',#1877,1.0);
#1497=CARTESIAN_POINT('',(-0.00518262211135445,0.01,0.000365244222708891));
#1498=AXIS2_PLACEMENT_3D('',#1878,#1879,#1880);
#1499=AXIS2_PLACEMENT_3D('',#1881,#1882,#1883);
#1500=CARTESIAN_POINT('',(-0.00554786633406334,-0.01,-4.74428169989685E-20));
#1501=CARTESIAN_POINT('',(-0.01,-0.00554786633406334,-4.74428169989684E-20));
#1502=CARTESIAN_POINT('',(-0.00527393316703167,-0.0102739331670317,-4.74428169989684E-20));
#1503=VECTOR('',#1884,1.0);
#1504=CARTESIAN_POINT('',(-0.00518262211135445,-0.01,0.000365244222708891));
#1505=AXIS2_PLACEMENT_3D('',#1885,#1886,#1887);
#1506=CARTESIAN_POINT('',(-0.00481737788864538,-0.00963475577729128,5.12422202766505E-16));
#1507=AXIS2_PLACEMENT_3D('',#1888,#1889,#1890);
#1508=CARTESIAN_POINT('',(-0.00963475577729111,-0.00481737788864555,-3.37337654634522E-18));
#1509=CARTESIAN_POINT('',(-0.00472606683296833,-0.00972606683296833,4.74428169989682E-20));
#1510=VECTOR('',#1891,1.0);
#1511=CARTESIAN_POINT('',(-0.01,-0.00518262211135445,0.00036524422270889));
#1512=AXIS2_PLACEMENT_3D('',#1892,#1893,#1894);
#1513=AXIS2_PLACEMENT_3D('',#1895,#1896,#1897);
#1514=CARTESIAN_POINT('',(-4.74428169989683E-20,0.00554786633406334,0.01));
#1515=CARTESIAN_POINT('',(-4.74428169989684E-20,0.01,0.00554786633406334));
#1516=CARTESIAN_POINT('',(-4.74428169989683E-20,0.00527393316703167,0.0102739331670317));
#1517=VECTOR('',#1898,1.0);
#1518=CARTESIAN_POINT('',(0.000365244222708891,0.00518262211135445,0.01));
#1519=AXIS2_PLACEMENT_3D('',#1899,#1900,#1901);
#1520=CARTESIAN_POINT('',(1.30836566984417E-18,0.00481737788864555,0.00963475577729111));
#1521=AXIS2_PLACEMENT_3D('',#1902,#1903,#1904);
#1522=CARTESIAN_POINT('',(-8.85431774196495E-19,0.00963475577729111,0.00481737788864556));
#1523=CARTESIAN_POINT('',(4.74428169989683E-20,0.00472606683296833,0.00972606683296833));
#1524=VECTOR('',#1905,1.0);
#1525=CARTESIAN_POINT('',(0.000365244222708891,0.01,0.00518262211135445));
#1526=AXIS2_PLACEMENT_3D('',#1906,#1907,#1908);
#1527=AXIS2_PLACEMENT_3D('',#1909,#1910,#1911);
#1528=CARTESIAN_POINT('',(0.00554786633406334,0.01,-4.74428169989685E-20));
#1529=CARTESIAN_POINT('',(0.01,0.00554786633406334,-4.74428169989684E-20));
#1530=CARTESIAN_POINT('',(0.00527393316703167,0.0102739331670317,-4.74428169989684E-20));
#1531=VECTOR('',#1912,1.0);
#1532=CARTESIAN_POINT('',(0.00518262211135445,0.01,0.000365244222708891));
#1533=AXIS2_PLACEMENT_3D('',#1913,#1914,#1915);
#1534=CARTESIAN_POINT('',(0.00481737788864556,0.00963475577729111,-3.31032277912379E-19));
#1535=AXIS2_PLACEMENT_3D('',#1916,#1917,#1918);
#1536=CARTESIAN_POINT('',(0.00963475577729111,0.00481737788864556,-3.6413550570362E-18));
#1537=CARTESIAN_POINT('',(0.00472606683296833,0.00972606683296833,4.74428169989682E-20));
#1538=VECTOR('',#1919,1.0);
#1539=CARTESIAN_POINT('',(0.01,0.00518262211135445,0.00036524422270889));
#1540=AXIS2_PLACEMENT_3D('',#1920,#1921,#1922);
#1541=AXIS2_PLACEMENT_3D('',#1923,#1924,#1925);
#1542=CARTESIAN_POINT('',(0.00481737788864556,-0.00963475577729111,2.04924743469569E-19));
#1543=CARTESIAN_POINT('',(0.00963475577729111,-0.00481737788864556,-2.75860231593652E-18));
#1544=CARTESIAN_POINT('',(0.00472606683296833,-0.00972606683296833,-4.7442816998968E-20));
#1545=VECTOR('',#1926,1.0);
#1546=CARTESIAN_POINT('',(0.00518262211135445,-0.01,0.000365244222708889));
#1547=AXIS2_PLACEMENT_3D('',#1927,#1928,#1929);
#1548=CARTESIAN_POINT('',(0.00554786633406334,-0.01,4.74428169989685E-20));
#1549=AXIS2_PLACEMENT_3D('',#1930,#1931,#1932);
#1550=CARTESIAN_POINT('',(0.01,-0.00554786633406333,4.74428169989686E-20));
#1551=CARTESIAN_POINT('',(0.00527393316703167,-0.0102739331670317,4.74428169989686E-20));
#1552=VECTOR('',#1933,1.0);
#1553=CARTESIAN_POINT('',(0.01,-0.00518262211135445,0.00036524422270889));
#1554=AXIS2_PLACEMENT_3D('',#1934,#1935,#1936);
#1555=AXIS2_PLACEMENT_3D('',#1937,#1938,#1939);
#1556=CARTESIAN_POINT('',(0.01,-0.00518262211135444,-0.000365244222708891));
#1557=AXIS2_PLACEMENT_3D('',#1940,#1941,#1942);
#1558=AXIS2_PLACEMENT_3D('',#1943,#1944,#1945);
#1559=CARTESIAN_POINT('',(0.00518262211135445,-0.01,-0.00036524422270889));
#1560=AXIS2_PLACEMENT_3D('',#1946,#1947,#1948);
#1561=AXIS2_PLACEMENT_3D('',#1949,#1950,#1951);
#1562=CARTESIAN_POINT('',(0.01,9.58308385427109E-21,0.00445213366593666));
#1563=CARTESIAN_POINT('',(0.01,-0.00445213366593666,-9.21571846612679E-19));
#1564=CARTESIAN_POINT('',(0.01,0.000273933167031669,0.00472606683296833));
#1565=VECTOR('',#1952,1.0);
#1566=AXIS2_PLACEMENT_3D('',#1953,#1954,#1955);
#1567=CARTESIAN_POINT('',(0.01,-0.000365244222708891,0.00518262211135445));
#1568=CARTESIAN_POINT('',(0.01,-0.000273933167031669,0.00527393316703167));
#1569=VECTOR('',#1956,1.0);
#1570=AXIS2_PLACEMENT_3D('',#1957,#1958,#1959);
#1571=AXIS2_PLACEMENT_3D('',#1960,#1961,#1962);
#1572=CARTESIAN_POINT('',(0.01,0.00445213366593666,-9.21571846612679E-19));
#1573=CARTESIAN_POINT('',(0.01,-0.000273933167031669,0.00472606683296833));
#1574=VECTOR('',#1963,1.0);
#1575=CARTESIAN_POINT('',(0.01,0.000273933167031669,0.00527393316703167));
#1576=VECTOR('',#1964,1.0);
#1577=AXIS2_PLACEMENT_3D('',#1965,#1966,#1967);
#1578=CARTESIAN_POINT('',(0.00527393316703167,-0.01,-0.000273933167031669));
#1579=VECTOR('',#1968,1.0);
#1580=CARTESIAN_POINT('',(-1.73472347597681E-18,-0.01,-0.00445213366593666));
#1581=AXIS2_PLACEMENT_3D('',#1969,#1970,#1971);
#1582=CARTESIAN_POINT('',(0.00445213366593666,-0.01,-9.21571846612679E-19));
#1583=CARTESIAN_POINT('',(0.00472606683296833,-0.01,0.000273933167031669));
#1584=VECTOR('',#1972,1.0);
#1585=AXIS2_PLACEMENT_3D('',#1973,#1974,#1975);
#1586=CARTESIAN_POINT('',(0.00518262211135445,0.01,-0.000365244222708891));
#1587=AXIS2_PLACEMENT_3D('',#1976,#1977,#1978);
#1588=CARTESIAN_POINT('',(0.00445213366593666,0.01,9.58308385427109E-21));
#1589=AXIS2_PLACEMENT_3D('',#1979,#1980,#1981);
#1590=CARTESIAN_POINT('',(9.58308385427109E-21,0.01,-0.00445213366593666));
#1591=CARTESIAN_POINT('',(-0.000273933167031669,0.01,-0.00472606683296833));
#1592=VECTOR('',#1982,1.0);
#1593=AXIS2_PLACEMENT_3D('',#1983,#1984,#1985);
#1594=CARTESIAN_POINT('',(0.000273933167031669,0.01,-0.00527393316703167));
#1595=VECTOR('',#1986,1.0);
#1596=CARTESIAN_POINT('',(-0.00518262211135445,0.01,-0.000365244222708891));
#1597=CARTESIAN_POINT('',(-0.000365244222708891,0.01,-0.00518262211135445));
#1598=CARTESIAN_POINT('',(-0.000273933167031669,0.01,-0.00527393316703167));
#1599=VECTOR('',#1987,1.0);
#1600=AXIS2_PLACEMENT_3D('',#1988,#1989,#1990);
#1601=CARTESIAN_POINT('',(-0.000365244222708891,0.01,0.00518262211135445));
#1602=CARTESIAN_POINT('',(-0.000273933167031669,0.01,0.00527393316703167));
#1603=VECTOR('',#1991,1.0);
#1604=AXIS2_PLACEMENT_3D('',#1992,#1993,#1994);
#1605=CARTESIAN_POINT('',(0.00527393316703167,0.01,0.000273933167031669));
#1606=VECTOR('',#1995,1.0);
#1607=AXIS2_PLACEMENT_3D('',#1996,#1997,#1998);
#1608=AXIS2_PLACEMENT_3D('',#1999,#2000,#2001);
#1609=CARTESIAN_POINT('',(-0.00445213366593666,0.01,-1.73472347597681E-18));
#1610=CARTESIAN_POINT('',(-9.21571846612679E-19,0.01,0.00445213366593666));
#1611=CARTESIAN_POINT('',(0.000273933167031669,0.01,0.00472606683296833));
#1612=VECTOR('',#2002,1.0);
#1613=CARTESIAN_POINT('',(0.000273933167031669,0.01,-0.00472606683296833));
#1614=VECTOR('',#2003,1.0);
#1615=CARTESIAN_POINT('',(0.00472606683296833,0.01,-0.000273933167031669));
#1616=VECTOR('',#2004,1.0);
#1617=CARTESIAN_POINT('',(0.00527393316703167,0.000273933167031669,-0.01));
#1618=VECTOR('',#2005,1.0);
#1619=CARTESIAN_POINT('',(-1.73472347597681E-18,0.00445213366593666,-0.01));
#1620=AXIS2_PLACEMENT_3D('',#2006,#2007,#2008);
#1621=CARTESIAN_POINT('',(0.00445213366593666,-9.58308385427109E-21,-0.01));
#1622=CARTESIAN_POINT('',(0.00472606683296833,-0.000273933167031669,-0.01));
#1623=VECTOR('',#2009,1.0);
#1624=AXIS2_PLACEMENT_3D('',#2010,#2011,#2012);
#1625=CARTESIAN_POINT('',(-0.00445213366593666,-0.01,-9.58308385427109E-21));
#1626=CARTESIAN_POINT('',(-0.00472606683296833,-0.01,0.000273933167031669));
#1627=VECTOR('',#2013,1.0);
#1628=CARTESIAN_POINT('',(-9.58308385427109E-21,-0.01,0.00445213366593666));
#1629=CARTESIAN_POINT('',(-0.00472606683296833,-0.01,-0.000273933167031669));
#1630=VECTOR('',#2014,1.0);
#1631=CARTESIAN_POINT('',(-0.000273933167031669,-0.01,0.00472606683296833));
#1632=VECTOR('',#2015,1.0);
#1633=CARTESIAN_POINT('',(0.000273933167031669,-0.01,0.00527393316703167));
#1634=VECTOR('',#2016,1.0);
#1635=CARTESIAN_POINT('',(-0.000365244222708891,-0.01,0.00518262211135445));
#1636=AXIS2_PLACEMENT_3D('',#2017,#2018,#2019);
#1637=CARTESIAN_POINT('',(-0.00527393316703167,-0.01,0.000273933167031669));
#1638=VECTOR('',#2020,1.0);
#1639=CARTESIAN_POINT('',(-0.00518262211135445,-0.01,-0.000365244222708891));
#1640=AXIS2_PLACEMENT_3D('',#2021,#2022,#2023);
#1641=CARTESIAN_POINT('',(-0.000365244222708891,-0.01,-0.00518262211135445));
#1642=CARTESIAN_POINT('',(-0.00527393316703167,-0.01,-0.000273933167031669));
#1643=VECTOR('',#2024,1.0);
#1644=AXIS2_PLACEMENT_3D('',#2025,#2026,#2027);
#1645=CARTESIAN_POINT('',(0.01,-1.73472347597681E-18,-0.00445213366593666));
#1646=CARTESIAN_POINT('',(0.01,-0.00472606683296833,0.000273933167031669));
#1647=VECTOR('',#2028,1.0);
#1648=AXIS2_PLACEMENT_3D('',#2029,#2030,#2031);
#1649=CARTESIAN_POINT('',(0.01,-0.00036524422270889,-0.00518262211135445));
#1650=AXIS2_PLACEMENT_3D('',#2032,#2033,#2034);
#1651=CARTESIAN_POINT('',(0.01,-0.00527393316703167,-0.000273933167031669));
#1652=VECTOR('',#2035,1.0);
#1653=AXIS2_PLACEMENT_3D('',#2036,#2037,#2038);
#1654=CARTESIAN_POINT('',(0.01,0.00518262211135445,-0.000365244222708891));
#1655=AXIS2_PLACEMENT_3D('',#2039,#2040,#2041);
#1656=AXIS2_PLACEMENT_3D('',#2042,#2043,#2044);
#1657=CARTESIAN_POINT('',(0.01,0.00472606683296833,0.000273933167031669));
#1658=VECTOR('',#2045,1.0);
#1659=CARTESIAN_POINT('',(0.01,0.00527393316703167,-0.000273933167031669));
#1660=VECTOR('',#2046,1.0);
#1661=AXIS2_PLACEMENT_3D('',#2047,#2048,#2049);
#1662=CARTESIAN_POINT('',(0.000273933167031669,0.00527393316703167,0.01));
#1663=VECTOR('',#2050,1.0);
#1664=CARTESIAN_POINT('',(0.00445213366593666,-1.73472347597681E-18,0.01));
#1665=AXIS2_PLACEMENT_3D('',#2051,#2052,#2053);
#1666=CARTESIAN_POINT('',(9.58308385427109E-21,0.00445213366593666,0.01));
#1667=CARTESIAN_POINT('',(-0.000273933167031669,0.00472606683296833,0.01));
#1668=VECTOR('',#2054,1.0);
#1669=AXIS2_PLACEMENT_3D('',#2055,#2056,#2057);
#1670=AXIS2_PLACEMENT_3D('',#2058,#2059,#2060);
#1671=AXIS2_PLACEMENT_3D('',#2061,#2062,#2063);
#1672=AXIS2_PLACEMENT_3D('',#2064,#2065,#2066);
#1673=CARTESIAN_POINT('',(-0.000365244222708891,0.00518262211135445,0.01));
#1674=AXIS2_PLACEMENT_3D('',#2067,#2068,#2069);
#1675=AXIS2_PLACEMENT_3D('',#2070,#2071,#2072);
#1676=AXIS2_PLACEMENT_3D('',#2073,#2074,#2075);
#1677=CARTESIAN_POINT('',(-0.01,-0.00518262211135445,-0.000365244222708891));
#1678=AXIS2_PLACEMENT_3D('',#2076,#2077,#2078);
#1679=AXIS2_PLACEMENT_3D('',#2079,#2080,#2081);
#1680=AXIS2_PLACEMENT_3D('',#2082,#2083,#2084);
#1681=AXIS2_PLACEMENT_3D('',#2085,#2086,#2087);
#1682=CARTESIAN_POINT('',(-0.01,0.00518262211135445,-0.00036524422270889));
#1683=AXIS2_PLACEMENT_3D('',#2088,#2089,#2090);
#1684=AXIS2_PLACEMENT_3D('',#2091,#2092,#2093);
#1685=CARTESIAN_POINT('',(-0.000365244222708891,-0.00518262211135445,0.01));
#1686=CARTESIAN_POINT('',(-0.00518262211135445,-0.00036524422270889,0.01));
#1687=CARTESIAN_POINT('',(-0.000273933167031669,-0.00527393316703167,0.01));
#1688=VECTOR('',#2094,1.0);
#1689=AXIS2_PLACEMENT_3D('',#2095,#2096,#2097);
#1690=CARTESIAN_POINT('',(-0.00445213366593666,-1.73472347597681E-18,0.01));
#1691=AXIS2_PLACEMENT_3D('',#2098,#2099,#2100);
#1692=CARTESIAN_POINT('',(-9.58308385427109E-21,-0.00445213366593666,0.01));
#1693=CARTESIAN_POINT('',(0.000273933167031669,-0.00472606683296833,0.01));
#1694=VECTOR('',#2101,1.0);
#1695=AXIS2_PLACEMENT_3D('',#2102,#2103,#2104);
#1696=AXIS2_PLACEMENT_3D('',#2105,#2106,#2107);
#1697=AXIS2_PLACEMENT_3D('',#2108,#2109,#2110);
#1698=AXIS2_PLACEMENT_3D('',#2111,#2112,#2113);
#1699=AXIS2_PLACEMENT_3D('',#2114,#2115,#2116);
#1700=CARTESIAN_POINT('',(-0.000273933167031669,-0.00472606683296833,0.01));
#1701=VECTOR('',#2117,1.0);
#1702=CARTESIAN_POINT('',(0.000273933167031669,0.00472606683296833,0.01));
#1703=VECTOR('',#2118,1.0);
#1704=CARTESIAN_POINT('',(0.00518262211135445,-0.00036524422270889,0.01));
#1705=CARTESIAN_POINT('',(0.000273933167031669,-0.00527393316703167,0.01));
#1706=VECTOR('',#2119,1.0);
#1707=AXIS2_PLACEMENT_3D('',#2120,#2121,#2122);
#1708=CARTESIAN_POINT('',(-0.000273933167031669,0.00527393316703167,0.01));
#1709=VECTOR('',#2123,1.0);
#1710=AXIS2_PLACEMENT_3D('',#2124,#2125,#2126);
#1711=AXIS2_PLACEMENT_3D('',#2127,#2128,#2129);
#1712=CARTESIAN_POINT('',(-0.01,-0.00036524422270889,-0.00518262211135445));
#1713=AXIS2_PLACEMENT_3D('',#2130,#2131,#2132);
#1714=AXIS2_PLACEMENT_3D('',#2133,#2134,#2135);
#1715=CARTESIAN_POINT('',(-0.00518262211135445,-0.00036524422270889,-0.01));
#1716=AXIS2_PLACEMENT_3D('',#2136,#2137,#2138);
#1717=AXIS2_PLACEMENT_3D('',#2139,#2140,#2141);
#1718=AXIS2_PLACEMENT_3D('',#2142,#2143,#2144);
#1719=CARTESIAN_POINT('',(-0.000365244222708891,0.00518262211135445,-0.01));
#1720=AXIS2_PLACEMENT_3D('',#2145,#2146,#2147);
#1721=AXIS2_PLACEMENT_3D('',#2148,#2149,#2150);
#1722=CARTESIAN_POINT('',(-0.00527393316703167,0.000273933167031669,-0.01));
#1723=VECTOR('',#2151,1.0);
#1724=CARTESIAN_POINT('',(-0.00445213366593666,9.58308385427109E-21,-0.01));
#1725=AXIS2_PLACEMENT_3D('',#2152,#2153,#2154);
#1726=CARTESIAN_POINT('',(-0.00472606683296833,-0.000273933167031669,-0.01));
#1727=VECTOR('',#2155,1.0);
#1728=CARTESIAN_POINT('',(-0.000365244222708891,-0.00518262211135445,-0.01));
#1729=AXIS2_PLACEMENT_3D('',#2156,#2157,#2158);
#1730=AXIS2_PLACEMENT_3D('',#2159,#2160,#2161);
#1731=CARTESIAN_POINT('',(0.00518262211135445,-0.000365244222708891,-0.01));
#1732=AXIS2_PLACEMENT_3D('',#2162,#2163,#2164);
#1733=CARTESIAN_POINT('',(0.000273933167031669,-0.00527393316703167,-0.01));
#1734=VECTOR('',#2165,1.0);
#1735=CARTESIAN_POINT('',(-0.000273933167031669,-0.00527393316703167,-0.01));
#1736=VECTOR('',#2166,1.0);
#1737=CARTESIAN_POINT('',(-9.58308385427109E-21,-0.00445213366593666,-0.01));
#1738=CARTESIAN_POINT('',(0.000273933167031669,-0.00472606683296833,-0.01));
#1739=VECTOR('',#2167,1.0);
#1740=CARTESIAN_POINT('',(-0.000273933167031669,-0.00472606683296833,-0.01));
#1741=VECTOR('',#2168,1.0);
#1742=CARTESIAN_POINT('',(-0.01,9.58308385427109E-21,0.00445213366593666));
#1743=CARTESIAN_POINT('',(-0.01,-0.00445213366593666,-9.21571846612679E-19));
#1744=CARTESIAN_POINT('',(-0.01,0.000273933167031669,0.00472606683296833));
#1745=VECTOR('',#2169,1.0);
#1746=AXIS2_PLACEMENT_3D('',#2170,#2171,#2172);
#1747=CARTESIAN_POINT('',(-0.01,-0.00036524422270889,0.00518262211135445));
#1748=AXIS2_PLACEMENT_3D('',#2173,#2174,#2175);
#1749=CARTESIAN_POINT('',(-0.01,-0.000273933167031669,0.00527393316703167));
#1750=VECTOR('',#2176,1.0);
#1751=AXIS2_PLACEMENT_3D('',#2177,#2178,#2179);
#1752=CARTESIAN_POINT('',(-0.01,-1.73472347597681E-18,-0.00445213366593666));
#1753=CARTESIAN_POINT('',(-0.01,-0.00472606683296833,0.000273933167031669));
#1754=VECTOR('',#2180,1.0);
#1755=CARTESIAN_POINT('',(-0.01,-0.00527393316703167,-0.000273933167031669));
#1756=VECTOR('',#2181,1.0);
#1757=AXIS2_PLACEMENT_3D('',#2182,#2183,#2184);
#1758=CARTESIAN_POINT('',(-0.01,0.00445213366593666,-9.21571846612679E-19));
#1759=CARTESIAN_POINT('',(-0.01,-0.000273933167031669,0.00472606683296833));
#1760=VECTOR('',#2185,1.0);
#1761=AXIS2_PLACEMENT_3D('',#2186,#2187,#2188);
#1762=CARTESIAN_POINT('',(-0.01,0.000273933167031669,0.00527393316703167));
#1763=VECTOR('',#2189,1.0);
#1764=CARTESIAN_POINT('',(-0.01,0.00472606683296833,0.000273933167031669));
#1765=VECTOR('',#2190,1.0);
#1766=CARTESIAN_POINT('',(-0.01,0.00527393316703167,-0.000273933167031669));
#1767=VECTOR('',#2191,1.0);
#1768=AXIS2_PLACEMENT_3D('',#2192,#2193,#2194);
#1769=AXIS2_PLACEMENT_3D('',#2195,#2196,#2197);
#1770=AXIS2_PLACEMENT_3D('',#2198,#2199,#2200);
#1771=AXIS2_PLACEMENT_3D('',#2201,#2202,#2203);
#1772=DIRECTION('',(0.707106781186548,0.0,0.707106781186548));
#1773=CARTESIAN_POINT('',(-0.01,0.0,0.005));
#1774=DIRECTION('',(-0.408248290463861,0.408248290463864,-0.816496580927726));
#1775=DIRECTION('',(0.707106781186549,0.707106781186546,1.37527192461514E-15));
#1776=CARTESIAN_POINT('',(-0.01,0.0,0.005));
#1777=DIRECTION('',(-1.0,-0.0,-0.0));
#1778=DIRECTION('',(0.0,0.0,-1.0));
#1779=DIRECTION('',(-0.707106781186548,-0.0,-0.707106781186548));
#1780=CARTESIAN_POINT('',(-0.005,0.0,0.01));
#1781=DIRECTION('',(0.0,0.0,-1.0));
#1782=DIRECTION('',(1.0,0.0,0.0));
#1783=CARTESIAN_POINT('',(-0.005,0.0,0.01));
#1784=DIRECTION('',(-0.816496580927726,-0.408248290463867,-0.40824829046386));
#1785=DIRECTION('',(3.78705240146944E-15,-0.707106781186545,0.70710678118655));
#1786=DIRECTION('',(-0.707106781186548,0.0,0.707106781186548));
#1787=CARTESIAN_POINT('',(0.01,0.0,0.005));
#1788=DIRECTION('',(-1.0,0.0,0.0));
#1789=DIRECTION('',(0.0,0.0,1.0));
#1790=CARTESIAN_POINT('',(0.01,0.0,0.005));
#1791=DIRECTION('',(0.408248290463862,0.408248290463863,-0.816496580927726));
#1792=DIRECTION('',(0.707106781186548,-0.707106781186547,-4.58423974871713E-16));
#1793=DIRECTION('',(0.707106781186548,-0.0,-0.707106781186548));
#1794=CARTESIAN_POINT('',(0.005,0.0,0.01));
#1795=DIRECTION('',(0.816496580927724,-0.408248290463864,-0.408248290463865));
#1796=DIRECTION('',(-3.46491078316213E-15,0.707106781186545,-0.70710678118655));
#1797=CARTESIAN_POINT('',(0.005,0.0,0.01));
#1798=DIRECTION('',(0.0,0.0,-1.0));
#1799=DIRECTION('',(1.0,0.0,0.0));
#1800=DIRECTION('',(0.707106781186548,0.0,0.707106781186548));
#1801=CARTESIAN_POINT('',(0.005,0.0,-0.01));
#1802=DIRECTION('',(0.0,0.0,-1.0));
#1803=DIRECTION('',(1.0,0.0,0.0));
#1804=CARTESIAN_POINT('',(0.005,0.0,-0.01));
#1805=DIRECTION('',(-0.816496580927726,0.408248290463863,-0.408248290463862));
#1806=DIRECTION('',(-4.35268861986585E-16,-0.707106781186547,-0.707106781186548));
#1807=DIRECTION('',(-0.707106781186548,-0.0,-0.707106781186548));
#1808=CARTESIAN_POINT('',(0.01,0.0,-0.005));
#1809=DIRECTION('',(-0.408248290463865,-0.408248290463864,-0.816496580927724));
#1810=DIRECTION('',(-0.70710678118655,0.707106781186545,3.44725843132367E-15));
#1811=CARTESIAN_POINT('',(0.01,0.0,-0.005));
#1812=DIRECTION('',(-1.0,-0.0,-0.0));
#1813=DIRECTION('',(0.0,0.0,-1.0));
#1814=DIRECTION('',(0.0,-0.707106781186548,0.707106781186548));
#1815=CARTESIAN_POINT('',(0.0,-0.005,-0.01));
#1816=DIRECTION('',(-0.0,-0.0,-1.0));
#1817=DIRECTION('',(0.0,-1.0,0.0));
#1818=CARTESIAN_POINT('',(0.0,-0.005,-0.01));
#1819=DIRECTION('',(0.408248290463863,0.816496580927726,-0.408248290463862));
#1820=DIRECTION('',(-0.707106781186547,4.35268861986585E-16,-0.707106781186548));
#1821=DIRECTION('',(-0.0,0.707106781186548,-0.707106781186548));
#1822=CARTESIAN_POINT('',(0.0,-0.01,-0.005));
#1823=DIRECTION('',(-0.408248290463864,0.408248290463865,-0.816496580927724));
#1824=DIRECTION('',(-0.707106781186545,-0.70710678118655,-3.44725843132367E-15));
#1825=CARTESIAN_POINT('',(0.0,-0.01,-0.005));
#1826=DIRECTION('',(0.0,-1.0,0.0));
#1827=DIRECTION('',(0.0,0.0,-1.0));
#1828=DIRECTION('',(0.0,-0.707106781186548,-0.707106781186548));
#1829=CARTESIAN_POINT('',(0.0,0.01,-0.005));
#1830=DIRECTION('',(0.0,-1.0,0.0));
#1831=DIRECTION('',(0.0,0.0,-1.0));
#1832=CARTESIAN_POINT('',(-8.84789675229677E-20,0.01,-0.005));
#1833=DIRECTION('',(-0.408248290463864,-0.408248290463863,-0.816496580927726));
#1834=DIRECTION('',(0.707106781186547,-0.707106781186548,-2.48389413625604E-16));
#1835=DIRECTION('',(-0.0,0.707106781186548,0.707106781186548));
#1836=CARTESIAN_POINT('',(0.0,0.005,-0.01));
#1837=DIRECTION('',(0.408248290463866,-0.816496580927725,-0.408248290463862));
#1838=DIRECTION('',(-0.707106781186548,-4.15060943201049E-15,-0.707106781186547));
#1839=CARTESIAN_POINT('',(0.0,0.005,-0.01));
#1840=DIRECTION('',(0.0,0.0,-1.0));
#1841=DIRECTION('',(0.0,1.0,0.0));
#1842=DIRECTION('',(-0.707106781186548,0.0,0.707106781186548));
#1843=CARTESIAN_POINT('',(-0.005,0.0,-0.01));
#1844=DIRECTION('',(0.816496580927726,0.408248290463864,-0.408248290463861));
#1845=DIRECTION('',(-1.39363528374075E-15,0.707106781186546,0.707106781186549));
#1846=CARTESIAN_POINT('',(-0.005,0.0,-0.01));
#1847=DIRECTION('',(0.0,0.0,-1.0));
#1848=DIRECTION('',(1.0,0.0,0.0));
#1849=DIRECTION('',(0.707106781186548,-0.0,-0.707106781186548));
#1850=CARTESIAN_POINT('',(-0.01,0.0,-0.005));
#1851=DIRECTION('',(-1.0,0.0,0.0));
#1852=DIRECTION('',(0.0,0.0,1.0));
#1853=CARTESIAN_POINT('',(-0.01,0.0,-0.005));
#1854=DIRECTION('',(0.40824829046386,-0.408248290463866,-0.816496580927726));
#1855=DIRECTION('',(0.70710678118655,0.707106781186545,-3.8551883741758E-15));
#1856=DIRECTION('',(0.0,0.707106781186548,0.707106781186548));
#1857=CARTESIAN_POINT('',(0.0,-0.01,0.005));
#1858=DIRECTION('',(0.0,-1.0,0.0));
#1859=DIRECTION('',(0.0,0.0,1.0));
#1860=CARTESIAN_POINT('',(0.0,-0.01,0.005));
#1861=DIRECTION('',(0.408248290463863,-0.408248290463862,-0.816496580927726));
#1862=DIRECTION('',(-0.707106781186547,-0.707106781186548,-4.58423974871713E-16));
#1863=DIRECTION('',(-0.0,-0.707106781186548,-0.707106781186548));
#1864=CARTESIAN_POINT('',(9.75139856270132E-20,-0.005,0.01));
#1865=DIRECTION('',(-0.408248290463862,-0.816496580927726,-0.408248290463864));
#1866=DIRECTION('',(-0.707106781186548,-1.52287939375551E-15,0.707106781186547));
#1867=CARTESIAN_POINT('',(0.0,-0.005,0.01));
#1868=DIRECTION('',(-0.0,-0.0,-1.0));
#1869=DIRECTION('',(0.0,-1.0,0.0));
#1870=DIRECTION('',(0.707106781186548,0.707106781186548,0.0));
#1871=CARTESIAN_POINT('',(-0.01,0.005,0.0));
#1872=DIRECTION('',(-1.0,0.0,0.0));
#1873=DIRECTION('',(0.0,1.0,0.0));
#1874=CARTESIAN_POINT('',(-0.01,0.005,-1.73472347597681E-18));
#1875=DIRECTION('',(0.408248290463865,0.816496580927726,-0.408248290463861));
#1876=DIRECTION('',(0.707106781186547,-2.02986008718761E-15,0.707106781186548));
#1877=DIRECTION('',(-0.707106781186548,-0.707106781186548,-0.0));
#1878=CARTESIAN_POINT('',(-0.005,0.01,0.0));
#1879=DIRECTION('',(-0.816496580927724,-0.408248290463865,-0.408248290463864));
#1880=DIRECTION('',(3.46491078316213E-15,-0.70710678118655,0.707106781186545));
#1881=CARTESIAN_POINT('',(-0.005,0.01,0.0));
#1882=DIRECTION('',(-0.0,-1.0,0.0));
#1883=DIRECTION('',(-1.0,0.0,0.0));
#1884=DIRECTION('',(-0.707106781186548,0.707106781186548,0.0));
#1885=CARTESIAN_POINT('',(-0.005,-0.01,0.0));
#1886=DIRECTION('',(-0.0,-1.0,0.0));
#1887=DIRECTION('',(-1.0,0.0,0.0));
#1888=CARTESIAN_POINT('',(-0.005,-0.01,-1.01256412661996E-19));
#1889=DIRECTION('',(-0.816496580927726,0.408248290463863,-0.408248290463864));
#1890=DIRECTION('',(2.50429786861783E-16,-0.707106781186548,-0.707106781186547));
#1891=DIRECTION('',(0.707106781186548,-0.707106781186548,-0.0));
#1892=CARTESIAN_POINT('',(-0.01,-0.005,0.0));
#1893=DIRECTION('',(0.408248290463865,-0.816496580927724,-0.408248290463864));
#1894=DIRECTION('',(-0.70710678118655,-3.46491078316213E-15,-0.707106781186545));
#1895=CARTESIAN_POINT('',(-0.01,-0.005,0.0));
#1896=DIRECTION('',(-1.0,-0.0,0.0));
#1897=DIRECTION('',(0.0,-1.0,0.0));
#1898=DIRECTION('',(0.0,0.707106781186548,-0.707106781186548));
#1899=CARTESIAN_POINT('',(0.0,0.005,0.01));
#1900=DIRECTION('',(0.0,0.0,-1.0));
#1901=DIRECTION('',(0.0,1.0,0.0));
#1902=CARTESIAN_POINT('',(-8.84789675229677E-20,0.005,0.01));
#1903=DIRECTION('',(-0.408248290463864,0.816496580927726,-0.408248290463863));
#1904=DIRECTION('',(0.707106781186547,4.94738454015028E-17,-0.707106781186548));
#1905=DIRECTION('',(-0.0,-0.707106781186548,0.707106781186548));
#1906=CARTESIAN_POINT('',(0.0,0.01,0.005));
#1907=DIRECTION('',(0.408248290463866,0.408248290463862,-0.816496580927725));
#1908=DIRECTION('',(-0.707106781186548,0.707106781186547,-4.15407181982099E-15));
#1909=CARTESIAN_POINT('',(0.0,0.01,0.005));
#1910=DIRECTION('',(0.0,-1.0,0.0));
#1911=DIRECTION('',(0.0,0.0,1.0));
#1912=DIRECTION('',(0.707106781186548,-0.707106781186548,0.0));
#1913=CARTESIAN_POINT('',(0.005,0.01,0.0));
#1914=DIRECTION('',(0.0,-1.0,0.0));
#1915=DIRECTION('',(1.0,0.0,0.0));
#1916=CARTESIAN_POINT('',(0.005,0.01,-8.84789675229677E-20));
#1917=DIRECTION('',(0.816496580927726,-0.408248290463863,-0.408248290463864));
#1918=DIRECTION('',(2.50429786861783E-16,-0.707106781186548,0.707106781186547));
#1919=DIRECTION('',(-0.707106781186548,0.707106781186548,-0.0));
#1920=CARTESIAN_POINT('',(0.01,0.005,0.0));
#1921=DIRECTION('',(-0.408248290463865,0.816496580927724,-0.408248290463864));
#1922=DIRECTION('',(-0.70710678118655,-3.46491078316213E-15,0.707106781186545));
#1923=CARTESIAN_POINT('',(0.01,0.005,0.0));
#1924=DIRECTION('',(-1.0,0.0,0.0));
#1925=DIRECTION('',(0.0,1.0,0.0));
#1926=DIRECTION('',(0.707106781186548,0.707106781186548,0.0));
#1927=CARTESIAN_POINT('',(0.005,-0.01,-8.67361737988404E-19));
#1928=DIRECTION('',(0.816496580927724,0.408248290463864,-0.408248290463865));
#1929=DIRECTION('',(2.54489921378746E-15,-0.707106781186551,-0.707106781186544));
#1930=CARTESIAN_POINT('',(0.005,-0.01,0.0));
#1931=DIRECTION('',(-0.0,-1.0,0.0));
#1932=DIRECTION('',(-1.0,0.0,0.0));
#1933=DIRECTION('',(-0.707106781186548,-0.707106781186548,-0.0));
#1934=CARTESIAN_POINT('',(0.01,-0.005,0.0));
#1935=DIRECTION('',(-1.0,0.0,0.0));
#1936=DIRECTION('',(0.0,1.0,0.0));
#1937=CARTESIAN_POINT('',(0.01,-0.005,0.0));
#1938=DIRECTION('',(-0.40824829046386,-0.816496580927726,-0.408248290463866));
#1939=DIRECTION('',(0.70710678118655,3.84764523989295E-15,-0.707106781186545));
#1940=CARTESIAN_POINT('',(0.01,-0.005,0.0));
#1941=DIRECTION('',(0.408248290463859,0.816496580927727,-0.408248290463866));
#1942=DIRECTION('',(-0.707106781186551,-3.22253942946808E-15,-0.707106781186544));
#1943=CARTESIAN_POINT('',(0.01,-0.005,0.0));
#1944=DIRECTION('',(-1.0,0.0,0.0));
#1945=DIRECTION('',(0.0,1.0,0.0));
#1946=CARTESIAN_POINT('',(0.005,-0.01,0.0));
#1947=DIRECTION('',(-0.0,-1.0,0.0));
#1948=DIRECTION('',(-1.0,0.0,0.0));
#1949=CARTESIAN_POINT('',(0.005,-0.01,0.0));
#1950=DIRECTION('',(-0.816496580927726,-0.408248290463861,-0.408248290463864));
#1951=DIRECTION('',(1.35528043136126E-15,0.707106781186549,-0.707106781186546));
#1952=DIRECTION('',(0.0,-0.707106781186548,-0.707106781186548));
#1953=CARTESIAN_POINT('',(0.01,-0.005,-8.67361737988404E-19));
#1954=DIRECTION('',(0.0,-1.97895381606011E-16,-1.0));
#1955=DIRECTION('',(0.0,1.0,-1.97895381606011E-16));
#1956=DIRECTION('',(-0.0,0.707106781186548,0.707106781186548));
#1957=CARTESIAN_POINT('',(0.01,0.0,0.005));
#1958=DIRECTION('',(0.408248290463862,-0.408248290463863,-0.816496580927726));
#1959=DIRECTION('',(0.707106781186548,0.707106781186547,-2.09014374628019E-16));
#1960=CARTESIAN_POINT('',(0.01,9.58308385427109E-21,0.005));
#1961=DIRECTION('',(0.0,-1.0,1.74916457873888E-17));
#1962=DIRECTION('',(0.0,1.74916457873888E-17,1.0));
#1963=DIRECTION('',(-0.0,-0.707106781186548,0.707106781186548));
#1964=DIRECTION('',(0.0,0.707106781186548,-0.707106781186548));
#1965=CARTESIAN_POINT('',(0.01,0.005,-8.67361737988404E-19));
#1966=DIRECTION('',(0.0,1.97895381606011E-16,-1.0));
#1967=DIRECTION('',(0.0,1.0,1.97895381606011E-16));
#1968=DIRECTION('',(0.707106781186548,-0.0,0.707106781186548));
#1969=CARTESIAN_POINT('',(-8.67361737988404E-19,-0.01,-0.005));
#1970=DIRECTION('',(-1.0,0.0,-1.58316305284809E-15));
#1971=DIRECTION('',(-1.58316305284809E-15,0.0,1.0));
#1972=DIRECTION('',(-0.707106781186548,0.0,-0.707106781186548));
#1973=CARTESIAN_POINT('',(0.005,-0.01,-8.67361737988404E-19));
#1974=DIRECTION('',(1.97895381606011E-16,0.0,-1.0));
#1975=DIRECTION('',(-1.0,0.0,-1.97895381606011E-16));
#1976=CARTESIAN_POINT('',(0.005,0.01,0.0));
#1977=DIRECTION('',(-0.816496580927726,0.40824829046386,-0.408248290463866));
#1978=DIRECTION('',(-3.07911576657704E-15,0.707106781186549,0.707106781186546));
#1979=CARTESIAN_POINT('',(0.005,0.01,9.58308385427109E-21));
#1980=DIRECTION('',(-1.74916457873888E-17,-0.0,-1.0));
#1981=DIRECTION('',(1.0,0.0,-1.74916457873888E-17));
#1982=DIRECTION('',(-0.707106781186548,-0.0,-0.707106781186548));
#1983=CARTESIAN_POINT('',(9.58308385427109E-21,0.01,-0.005));
#1984=DIRECTION('',(-1.0,0.0,-1.74916457873888E-17));
#1985=DIRECTION('',(1.74916457873888E-17,0.0,-1.0));
#1986=DIRECTION('',(0.707106781186548,0.0,0.707106781186548));
#1987=DIRECTION('',(0.707106781186548,-0.0,-0.707106781186548));
#1988=CARTESIAN_POINT('',(-0.005,0.01,0.0));
#1989=DIRECTION('',(-0.0,-1.0,0.0));
#1990=DIRECTION('',(-1.0,0.0,0.0));
#1991=DIRECTION('',(-0.707106781186548,0.0,-0.707106781186548));
#1992=CARTESIAN_POINT('',(0.0,0.01,0.005));
#1993=DIRECTION('',(0.0,-1.0,0.0));
#1994=DIRECTION('',(0.0,0.0,1.0));
#1995=DIRECTION('',(-0.707106781186548,0.0,0.707106781186548));
#1996=CARTESIAN_POINT('',(0.005,0.01,0.0));
#1997=DIRECTION('',(0.0,-1.0,0.0));
#1998=DIRECTION('',(1.0,0.0,0.0));
#1999=CARTESIAN_POINT('',(0.0,0.01,-0.005));
#2000=DIRECTION('',(0.0,-1.0,0.0));
#2001=DIRECTION('',(0.0,0.0,-1.0));
#2002=DIRECTION('',(0.707106781186548,-0.0,0.707106781186548));
#2003=DIRECTION('',(-0.707106781186548,0.0,0.707106781186548));
#2004=DIRECTION('',(0.707106781186548,-0.0,-0.707106781186548));
#2005=DIRECTION('',(0.707106781186548,-0.707106781186548,-0.0));
#2006=CARTESIAN_POINT('',(-8.67361737988404E-19,0.005,-0.01));
#2007=DIRECTION('',(-1.0,1.58316305284809E-15,0.0));
#2008=DIRECTION('',(-1.58316305284809E-15,-1.0,0.0));
#2009=DIRECTION('',(-0.707106781186548,0.707106781186548,0.0));
#2010=CARTESIAN_POINT('',(0.005,-9.58308385427109E-21,-0.01));
#2011=DIRECTION('',(1.74916457873888E-17,-1.0,-0.0));
#2012=DIRECTION('',(-1.0,-1.74916457873888E-17,0.0));
#2013=DIRECTION('',(-0.707106781186548,-0.0,0.707106781186548));
#2014=DIRECTION('',(0.707106781186548,0.0,0.707106781186548));
#2015=DIRECTION('',(0.707106781186548,0.0,-0.707106781186548));
#2016=DIRECTION('',(-0.707106781186548,-0.0,0.707106781186548));
#2017=CARTESIAN_POINT('',(0.0,-0.01,0.005));
#2018=DIRECTION('',(0.0,-1.0,0.0));
#2019=DIRECTION('',(0.0,0.0,1.0));
#2020=DIRECTION('',(-0.707106781186548,-0.0,-0.707106781186548));
#2021=CARTESIAN_POINT('',(-0.005,-0.01,0.0));
#2022=DIRECTION('',(-0.0,-1.0,0.0));
#2023=DIRECTION('',(-1.0,0.0,0.0));
#2024=DIRECTION('',(0.707106781186548,0.0,-0.707106781186548));
#2025=CARTESIAN_POINT('',(0.0,-0.01,-0.005));
#2026=DIRECTION('',(0.0,-1.0,0.0));
#2027=DIRECTION('',(0.0,0.0,-1.0));
#2028=DIRECTION('',(0.0,0.707106781186548,-0.707106781186548));
#2029=CARTESIAN_POINT('',(0.01,-8.67361737988404E-19,-0.005));
#2030=DIRECTION('',(0.0,-1.0,-1.58316305284809E-15));
#2031=DIRECTION('',(0.0,1.58316305284809E-15,-1.0));
#2032=CARTESIAN_POINT('',(0.01,0.0,-0.005));
#2033=DIRECTION('',(-0.408248290463865,0.408248290463864,-0.816496580927724));
#2034=DIRECTION('',(0.70710678118655,0.707106781186545,-3.44725843132367E-15));
#2035=DIRECTION('',(-0.0,-0.707106781186548,0.707106781186548));
#2036=CARTESIAN_POINT('',(-9.58308385427109E-21,-0.01,0.005));
#2037=DIRECTION('',(-1.0,-0.0,1.74916457873888E-17));
#2038=DIRECTION('',(-1.74916457873888E-17,0.0,-1.0));
#2039=CARTESIAN_POINT('',(0.01,0.005,0.0));
#2040=DIRECTION('',(-1.0,0.0,0.0));
#2041=DIRECTION('',(0.0,1.0,0.0));
#2042=CARTESIAN_POINT('',(0.01,0.005,0.0));
#2043=DIRECTION('',(0.408248290463861,-0.816496580927726,-0.408248290463866));
#2044=DIRECTION('',(0.707106781186548,-3.90823807831645E-15,0.707106781186547));
#2045=DIRECTION('',(-0.0,0.707106781186548,0.707106781186548));
#2046=DIRECTION('',(0.0,-0.707106781186548,-0.707106781186548));
#2047=CARTESIAN_POINT('',(-8.67361737988404E-19,0.01,0.005));
#2048=DIRECTION('',(-1.0,0.0,1.97895381606011E-16));
#2049=DIRECTION('',(1.97895381606011E-16,0.0,1.0));
#2050=DIRECTION('',(0.707106781186548,-0.707106781186548,0.0));
#2051=CARTESIAN_POINT('',(0.005,-8.67361737988404E-19,0.01));
#2052=DIRECTION('',(1.58316305284809E-15,-1.0,0.0));
#2053=DIRECTION('',(1.0,1.58316305284809E-15,0.0));
#2054=DIRECTION('',(-0.707106781186548,0.707106781186548,-0.0));
#2055=CARTESIAN_POINT('',(9.58308385427109E-21,0.005,0.01));
#2056=DIRECTION('',(-1.0,1.74916457873888E-17,0.0));
#2057=DIRECTION('',(1.74916457873888E-17,1.0,0.0));
#2058=CARTESIAN_POINT('',(0.01,0.0,0.005));
#2059=DIRECTION('',(-1.0,0.0,0.0));
#2060=DIRECTION('',(0.0,0.0,1.0));
#2061=CARTESIAN_POINT('',(0.01,0.0,-0.005));
#2062=DIRECTION('',(-1.0,-0.0,-0.0));
#2063=DIRECTION('',(0.0,0.0,-1.0));
#2064=CARTESIAN_POINT('',(0.0,0.01,0.005));
#2065=DIRECTION('',(-0.408248290463866,0.408248290463861,-0.816496580927726));
#2066=DIRECTION('',(0.707106781186547,0.707106781186548,-4.00463009699839E-15));
#2067=CARTESIAN_POINT('',(1.01256412661996E-19,0.005,0.01));
#2068=DIRECTION('',(0.408248290463864,0.816496580927726,-0.408248290463863));
#2069=DIRECTION('',(0.707106781186547,-4.94738454015028E-17,0.707106781186548));
#2070=CARTESIAN_POINT('',(0.0,0.005,0.01));
#2071=DIRECTION('',(0.0,0.0,-1.0));
#2072=DIRECTION('',(0.0,1.0,0.0));
#2073=CARTESIAN_POINT('',(-0.005,0.01,-8.67361737988404E-19));
#2074=DIRECTION('',(-1.58316305284809E-15,0.0,-1.0));
#2075=DIRECTION('',(-1.0,0.0,1.58316305284809E-15));
#2076=CARTESIAN_POINT('',(-0.01,-0.005,0.0));
#2077=DIRECTION('',(-1.0,-0.0,0.0));
#2078=DIRECTION('',(0.0,-1.0,0.0));
#2079=CARTESIAN_POINT('',(-0.01,-0.005,0.0));
#2080=DIRECTION('',(-0.408248290463861,0.816496580927726,-0.408248290463866));
#2081=DIRECTION('',(-0.707106781186548,3.90823807831645E-15,0.707106781186547));
#2082=CARTESIAN_POINT('',(-0.005,-0.01,0.0));
#2083=DIRECTION('',(0.816496580927726,-0.408248290463862,-0.408248290463863));
#2084=DIRECTION('',(3.3326061132931E-16,-0.707106781186548,0.707106781186547));
#2085=CARTESIAN_POINT('',(-0.005,0.01,0.0));
#2086=DIRECTION('',(0.816496580927725,0.408248290463862,-0.408248290463866));
#2087=DIRECTION('',(4.44245463110604E-15,0.707106781186547,0.707106781186548));
#2088=CARTESIAN_POINT('',(-0.01,0.005,0.0));
#2089=DIRECTION('',(-0.408248290463862,-0.816496580927726,-0.408248290463863));
#2090=DIRECTION('',(-0.707106781186548,-3.3326061132931E-16,0.707106781186547));
#2091=CARTESIAN_POINT('',(-0.01,0.005,0.0));
#2092=DIRECTION('',(-1.0,0.0,0.0));
#2093=DIRECTION('',(0.0,1.0,0.0));
#2094=DIRECTION('',(-0.707106781186548,0.707106781186548,0.0));
#2095=CARTESIAN_POINT('',(-0.005,0.0,0.01));
#2096=DIRECTION('',(-0.816496580927726,0.408248290463867,-0.40824829046386));
#2097=DIRECTION('',(-3.78705240146944E-15,-0.707106781186545,-0.70710678118655));
#2098=CARTESIAN_POINT('',(-0.005,-8.67361737988404E-19,0.01));
#2099=DIRECTION('',(-1.58316305284809E-15,-1.0,0.0));
#2100=DIRECTION('',(1.0,-1.58316305284809E-15,0.0));
#2101=DIRECTION('',(0.707106781186548,-0.707106781186548,-0.0));
#2102=CARTESIAN_POINT('',(-9.58308385427109E-21,-0.005,0.01));
#2103=DIRECTION('',(-1.0,1.74916457873888E-17,0.0));
#2104=DIRECTION('',(1.74916457873888E-17,1.0,0.0));
#2105=CARTESIAN_POINT('',(-1.10291430766041E-19,-0.005,0.01));
#2106=DIRECTION('',(0.408248290463862,-0.816496580927726,-0.408248290463864));
#2107=DIRECTION('',(-0.707106781186548,1.52287939375551E-15,-0.707106781186547));
#2108=CARTESIAN_POINT('',(0.0,-0.005,0.01));
#2109=DIRECTION('',(-0.0,-0.0,-1.0));
#2110=DIRECTION('',(0.0,-1.0,0.0));
#2111=CARTESIAN_POINT('',(0.0,-0.01,0.005));
#2112=DIRECTION('',(-0.408248290463866,-0.40824829046386,-0.816496580927726));
#2113=DIRECTION('',(0.707106781186546,-0.707106781186549,-3.08778214725496E-15));
#2114=CARTESIAN_POINT('',(-0.005,-0.01,-9.58308385427109E-21));
#2115=DIRECTION('',(1.74916457873888E-17,0.0,-1.0));
#2116=DIRECTION('',(1.0,0.0,1.74916457873888E-17));
#2117=DIRECTION('',(0.707106781186548,0.707106781186548,0.0));
#2118=DIRECTION('',(-0.707106781186548,-0.707106781186548,0.0));
#2119=DIRECTION('',(-0.707106781186548,-0.707106781186548,-0.0));
#2120=CARTESIAN_POINT('',(0.005,0.0,0.01));
#2121=DIRECTION('',(0.0,0.0,-1.0));
#2122=DIRECTION('',(1.0,0.0,0.0));
#2123=DIRECTION('',(0.707106781186548,0.707106781186548,-0.0));
#2124=CARTESIAN_POINT('',(-0.005,0.0,0.01));
#2125=DIRECTION('',(0.0,0.0,-1.0));
#2126=DIRECTION('',(1.0,0.0,0.0));
#2127=CARTESIAN_POINT('',(0.0,-0.01,-0.005));
#2128=DIRECTION('',(0.408248290463864,0.408248290463865,-0.816496580927724));
#2129=DIRECTION('',(-0.707106781186545,0.70710678118655,3.44725843132367E-15));
#2130=CARTESIAN_POINT('',(-0.01,0.0,-0.005));
#2131=DIRECTION('',(0.40824829046386,0.408248290463866,-0.816496580927726));
#2132=DIRECTION('',(-0.70710678118655,0.707106781186545,3.8551883741758E-15));
#2133=CARTESIAN_POINT('',(-0.01,0.0,-0.005));
#2134=DIRECTION('',(-1.0,0.0,0.0));
#2135=DIRECTION('',(0.0,0.0,1.0));
#2136=CARTESIAN_POINT('',(-0.005,0.0,-0.01));
#2137=DIRECTION('',(0.0,0.0,-1.0));
#2138=DIRECTION('',(1.0,0.0,0.0));
#2139=CARTESIAN_POINT('',(-0.005,0.0,-0.01));
#2140=DIRECTION('',(0.816496580927725,-0.408248290463867,-0.408248290463861));
#2141=DIRECTION('',(-4.78683423545736E-15,-0.707106781186547,0.707106781186548));
#2142=CARTESIAN_POINT('',(1.01256412661996E-19,0.01,-0.005));
#2143=DIRECTION('',(0.408248290463864,-0.408248290463863,-0.816496580927726));
#2144=DIRECTION('',(0.707106781186547,0.707106781186548,2.48389413625604E-16));
#2145=CARTESIAN_POINT('',(0.0,0.005,-0.01));
#2146=DIRECTION('',(0.0,0.0,-1.0));
#2147=DIRECTION('',(0.0,1.0,0.0));
#2148=CARTESIAN_POINT('',(0.0,0.005,-0.01));
#2149=DIRECTION('',(-0.408248290463866,-0.816496580927725,-0.408248290463862));
#2150=DIRECTION('',(0.707106781186548,-4.15060943201049E-15,-0.707106781186547));
#2151=DIRECTION('',(0.707106781186548,0.707106781186548,0.0));
#2152=CARTESIAN_POINT('',(-0.005,9.58308385427109E-21,-0.01));
#2153=DIRECTION('',(1.74916457873888E-17,-1.0,-0.0));
#2154=DIRECTION('',(-1.0,-1.74916457873888E-17,0.0));
#2155=DIRECTION('',(-0.707106781186548,-0.707106781186548,-0.0));
#2156=CARTESIAN_POINT('',(0.0,-0.005,-0.01));
#2157=DIRECTION('',(-0.408248290463863,0.816496580927726,-0.408248290463863));
#2158=DIRECTION('',(0.707106781186547,7.17118314455191E-17,-0.707106781186548));
#2159=CARTESIAN_POINT('',(0.0,-0.005,-0.01));
#2160=DIRECTION('',(-0.0,-0.0,-1.0));
#2161=DIRECTION('',(0.0,-1.0,0.0));
#2162=CARTESIAN_POINT('',(0.005,0.0,-0.01));
#2163=DIRECTION('',(0.0,0.0,-1.0));
#2164=DIRECTION('',(1.0,0.0,0.0));
#2165=DIRECTION('',(-0.707106781186548,-0.707106781186548,-0.0));
#2166=DIRECTION('',(-0.707106781186548,0.707106781186548,0.0));
#2167=DIRECTION('',(0.707106781186548,-0.707106781186548,-0.0));
#2168=DIRECTION('',(0.707106781186548,0.707106781186548,0.0));
#2169=DIRECTION('',(0.0,-0.707106781186548,-0.707106781186548));
#2170=CARTESIAN_POINT('',(-0.01,9.58308385427109E-21,0.005));
#2171=DIRECTION('',(0.0,-1.0,1.74916457873888E-17));
#2172=DIRECTION('',(0.0,1.74916457873888E-17,1.0));
#2173=CARTESIAN_POINT('',(-0.01,0.0,0.005));
#2174=DIRECTION('',(-0.408248290463861,-0.408248290463864,-0.816496580927726));
#2175=DIRECTION('',(0.707106781186549,-0.707106781186546,1.37527192461514E-15));
#2176=DIRECTION('',(-0.0,0.707106781186548,0.707106781186548));
#2177=CARTESIAN_POINT('',(-0.01,-0.005,-8.67361737988404E-19));
#2178=DIRECTION('',(0.0,-1.97895381606011E-16,-1.0));
#2179=DIRECTION('',(0.0,1.0,-1.97895381606011E-16));
#2180=DIRECTION('',(0.0,0.707106781186548,-0.707106781186548));
#2181=DIRECTION('',(-0.0,-0.707106781186548,0.707106781186548));
#2182=CARTESIAN_POINT('',(-0.01,-8.67361737988404E-19,-0.005));
#2183=DIRECTION('',(0.0,-1.0,-1.58316305284809E-15));
#2184=DIRECTION('',(0.0,1.58316305284809E-15,-1.0));
#2185=DIRECTION('',(-0.0,-0.707106781186548,0.707106781186548));
#2186=CARTESIAN_POINT('',(-0.01,0.005,-8.67361737988404E-19));
#2187=DIRECTION('',(0.0,1.97895381606011E-16,-1.0));
#2188=DIRECTION('',(0.0,1.0,1.97895381606011E-16));
#2189=DIRECTION('',(0.0,0.707106781186548,-0.707106781186548));
#2190=DIRECTION('',(-0.0,0.707106781186548,0.707106781186548));
#2191=DIRECTION('',(0.0,-0.707106781186548,-0.707106781186548));
#2192=CARTESIAN_POINT('',(-0.01,0.0,0.005));
#2193=DIRECTION('',(-1.0,-0.0,-0.0));
#2194=DIRECTION('',(0.0,0.0,-1.0));
#2195=CARTESIAN_POINT('',(0.005,0.0,-0.01));
#2196=DIRECTION('',(-0.816496580927726,-0.408248290463866,-0.40824829046386));
#2197=DIRECTION('',(-3.07911576657704E-15,0.707106781186546,-0.707106781186549));
#2198=CARTESIAN_POINT('',(-9.58308385427109E-21,-0.005,-0.01));
#2199=DIRECTION('',(-1.0,1.74916457873888E-17,0.0));
#2200=DIRECTION('',(1.74916457873888E-17,1.0,0.0));
#2201=CARTESIAN_POINT('',(0.005,0.0,0.01));
#2202=DIRECTION('',(0.816496580927724,0.408248290463864,-0.408248290463865));
#2203=DIRECTION('',(3.46491078316213E-15,0.707106781186545,0.70710678118655));
#2204=PRESENTATION_LAYER_ASSIGNMENT('9','\X2\56FE5C42\X0\0',(#25));
ENDSEC;
END-ISO-10303-21;
