ISO-10303-21;
HEADER;
FILE_DESCRIPTION(('STEP AP214'),'1');
FILE_NAME('Fluorite02.stp','2026-06-24T14:47:12',(' '),(' '),'Spatial InterOp 3D',' ',' ');
FILE_SCHEMA(('AUTOMOTIVE_DESIGN { 1 0 10303 214 1 1 1 1 }'));
ENDSEC;
DATA;
#1=MECHANICAL_DESIGN_GEOMETRIC_PRESENTATION_REPRESENTATION(' ',(#10),#6);
#2=PRODUCT_DEFINITION_CONTEXT('',#11,'design');
#3=APPLICATION_PROTOCOL_DEFINITION('INTERNATIONAL STANDARD','automotive_design',1994,#11);
#4=PRODUCT_CATEGORY_RELATIONSHIP('NONE','NONE',#12,#13);
#5=SHAPE_DEFINITION_REPRESENTATION(#14,#15);
#6= (GEOMETRIC_REPRESENTATION_CONTEXT(3)GLOBAL_UNCERTAINTY_ASSIGNED_CONTEXT((#18))GLOBAL_UNIT_ASSIGNED_CONTEXT((#20,#21,#22))REPRESENTATION_CONTEXT('NONE','WORKSPACE'));
#10=STYLED_ITEM('',(#24),#25);
#11=APPLICATION_CONTEXT(' ');
#12=PRODUCT_CATEGORY('part','NONE');
#13=PRODUCT_RELATED_PRODUCT_CATEGORY('detail',' ',(#26));
#14=PRODUCT_DEFINITION_SHAPE('NONE','NONE',#27);
#15=ADVANCED_BREP_SHAPE_REPRESENTATION('\X2\5B9E4F53\X0\555',(#25,#28),#6);
#18=UNCERTAINTY_MEASURE_WITH_UNIT(LENGTH_MEASURE(1.0E-08),#20,'','');
#20= (CONVERSION_BASED_UNIT('METRE',#31)LENGTH_UNIT()NAMED_UNIT(#34));
#21= (NAMED_UNIT(#36)PLANE_ANGLE_UNIT()SI_UNIT($,.RADIAN.));
#22= (NAMED_UNIT(#36)SOLID_ANGLE_UNIT()SI_UNIT($,.STERADIAN.));
#24=PRESENTATION_STYLE_ASSIGNMENT((#42));
#25=MANIFOLD_SOLID_BREP('\X2\5B9E4F53\X0\555',#43);
#26=PRODUCT('\X2\5B9E4F53\X0\555','','PART--DESC',(#44));
#27=PRODUCT_DEFINITION('','NONE',#45,#2);
#28=AXIS2_PLACEMENT_3D('',#46,#47,#48);
#31=LENGTH_MEASURE_WITH_UNIT(LENGTH_MEASURE(1.0),#49);
#34=DIMENSIONAL_EXPONENTS(1.0,0.0,0.0,0.0,0.0,0.0,0.0);
#36=DIMENSIONAL_EXPONENTS(0.0,0.0,0.0,0.0,0.0,0.0,0.0);
#42=SURFACE_STYLE_USAGE(.BOTH.,#50);
#43=CLOSED_SHELL('',(#51,#52,#53,#54,#55,#56,#57,#58,#59,#60,#61,#62,#63,#64,#65,#66,#67,#68,#69,#70,#71,#72,#73,#74,#75,#76,#77,#78,#79,#80,#81,#82,#83,#84,#85,#86,#87,#88,#89,#90,#91,#92,#93,#94,#95,#96,#97,#98,#99,#100,#101,#102,#103,#104,#105,#106,#107,#108,#109,#110,#111,#112,#113,#114,#115,#116,#117,#118,#119,#120,#121,#122,#123,#124,#125,#126,#127,#128,#129,#130,#131,#132,#133,#134,#135,#136,#137,#138,#139,#140,#141,#142,#143,#144));
#44=PRODUCT_CONTEXT('',#11,'mechanical');
#45=PRODUCT_DEFINITION_FORMATION_WITH_SPECIFIED_SOURCE(' ','NONE',#26,.NOT_KNOWN.);
#46=CARTESIAN_POINT('',(0.0,0.0,0.0));
#47=DIRECTION('',(0.0,0.0,1.0));
#48=DIRECTION('',(1.0,0.0,0.0));
#49= (NAMED_UNIT(#34)LENGTH_UNIT()SI_UNIT($,.METRE.));
#50=SURFACE_SIDE_STYLE('',(#146));
#51=ADVANCED_FACE('7:16829',(#147),#148,.T.);
#52=ADVANCED_FACE('7:16809',(#149),#150,.T.);
#53=ADVANCED_FACE('7:16739',(#151),#152,.T.);
#54=ADVANCED_FACE('7:16729',(#153),#154,.T.);
#55=ADVANCED_FACE('7:16856',(#155),#156,.T.);
#56=ADVANCED_FACE('7:15121',(#157),#158,.T.);
#57=ADVANCED_FACE('7:15101',(#159),#160,.T.);
#58=ADVANCED_FACE('7:16766',(#161),#162,.T.);
#59=ADVANCED_FACE('7:12213',(#163),#164,.T.);
#60=ADVANCED_FACE('7:12193',(#165),#166,.T.);
#61=ADVANCED_FACE('7:16716',(#167),#168,.T.);
#62=ADVANCED_FACE('7:16746',(#169),#170,.T.);
#63=ADVANCED_FACE('7:12871',(#171),#172,.T.);
#64=ADVANCED_FACE('7:12180',(#173),#174,.T.);
#65=ADVANCED_FACE('7:12200',(#175),#176,.T.);
#66=ADVANCED_FACE('7:14272',(#177),#178,.T.);
#67=ADVANCED_FACE('7:15108',(#179),#180,.T.);
#68=ADVANCED_FACE('7:12861',(#181),#182,.T.);
#69=ADVANCED_FACE('7:17697',(#183),#184,.T.);
#70=ADVANCED_FACE('7:14252',(#185),#186,.T.);
#71=ADVANCED_FACE('7:15128',(#187),#188,.T.);
#72=ADVANCED_FACE('7:17677',(#189),#190,.T.);
#73=ADVANCED_FACE('7:12854',(#191),#192,.T.);
#74=ADVANCED_FACE('7:12884',(#193),#194,.T.);
#75=ADVANCED_FACE('7:14265',(#195),#196,.T.);
#76=ADVANCED_FACE('7:14285',(#197),#198,.T.);
#77=ADVANCED_FACE('7:17640',(#199),#200,.T.);
#78=ADVANCED_FACE('7:17670',(#201),#202,.T.);
#79=ADVANCED_FACE('7:17690',(#203),#204,.T.);
#80=ADVANCED_FACE('7:17710',(#205),#206,.T.);
#81=ADVANCED_FACE('7:17750',(#207),#208,.T.);
#82=ADVANCED_FACE('7:17770',(#209),#210,.T.);
#83=ADVANCED_FACE('7:17630',(#211),#212,.F.);
#84=ADVANCED_FACE('7:17627',(#213),#214,.F.);
#85=ADVANCED_FACE('7:17624',(#215),#216,.F.);
#86=ADVANCED_FACE('7:17621',(#217),#218,.F.);
#87=ADVANCED_FACE('7:17618',(#219),#220,.F.);
#88=ADVANCED_FACE('7:17780',(#221),#222,.T.);
#89=ADVANCED_FACE('7:17770',(#223),#224,.T.);
#90=ADVANCED_FACE('7:17750',(#225),#226,.T.);
#91=ADVANCED_FACE('7:17740',(#227),#228,.F.);
#92=ADVANCED_FACE('7:17720',(#229),#230,.F.);
#93=ADVANCED_FACE('7:17710',(#231),#232,.T.);
#94=ADVANCED_FACE('7:17690',(#233),#234,.T.);
#95=ADVANCED_FACE('7:17670',(#235),#236,.T.);
#96=ADVANCED_FACE('7:17660',(#237),#238,.F.);
#97=ADVANCED_FACE('7:17640',(#239),#240,.T.);
#98=ADVANCED_FACE('7:16693',(#241),#242,.T.);
#99=ADVANCED_FACE('7:16690',(#243),#244,.T.);
#100=ADVANCED_FACE('7:16687',(#245),#246,.T.);
#101=ADVANCED_FACE('7:16684',(#247),#248,.T.);
#102=ADVANCED_FACE('7:16681',(#249),#250,.T.);
#103=ADVANCED_FACE('7:14285',(#251),#252,.T.);
#104=ADVANCED_FACE('7:14265',(#253),#254,.T.);
#105=ADVANCED_FACE('7:16796',(#255),#256,.F.);
#106=ADVANCED_FACE('7:12775',(#257),#258,.F.);
#107=ADVANCED_FACE('7:12884',(#259),#260,.T.);
#108=ADVANCED_FACE('7:12854',(#261),#262,.T.);
#109=ADVANCED_FACE('7:16836',(#263),#264,.T.);
#110=ADVANCED_FACE('7:12145',(#265),#266,.T.);
#111=ADVANCED_FACE('7:17677',(#267),#268,.T.);
#112=ADVANCED_FACE('7:15128',(#269),#270,.T.);
#113=ADVANCED_FACE('7:14252',(#271),#272,.T.);
#114=ADVANCED_FACE('7:17697',(#273),#274,.T.);
#115=ADVANCED_FACE('7:12861',(#275),#276,.T.);
#116=ADVANCED_FACE('7:15108',(#277),#278,.T.);
#117=ADVANCED_FACE('7:14272',(#279),#280,.T.);
#118=ADVANCED_FACE('7:12200',(#281),#282,.T.);
#119=ADVANCED_FACE('7:12180',(#283),#284,.T.);
#120=ADVANCED_FACE('7:12871',(#285),#286,.T.);
#121=ADVANCED_FACE('7:16746',(#287),#288,.T.);
#122=ADVANCED_FACE('7:16716',(#289),#290,.T.);
#123=ADVANCED_FACE('7:12193',(#291),#292,.T.);
#124=ADVANCED_FACE('7:12213',(#293),#294,.T.);
#125=ADVANCED_FACE('7:16766',(#295),#296,.T.);
#126=ADVANCED_FACE('7:14217',(#297),#298,.T.);
#127=ADVANCED_FACE('7:17787',(#299),#300,.T.);
#128=ADVANCED_FACE('7:16756',(#301),#302,.T.);
#129=ADVANCED_FACE('7:17757',(#303),#304,.T.);
#130=ADVANCED_FACE('7:16786',(#305),#306,.T.);
#131=ADVANCED_FACE('7:15101',(#307),#308,.T.);
#132=ADVANCED_FACE('7:15121',(#309),#310,.T.);
#133=ADVANCED_FACE('7:16856',(#311),#312,.T.);
#134=ADVANCED_FACE('7:17647',(#313),#314,.T.);
#135=ADVANCED_FACE('7:16816',(#315),#316,.F.);
#136=ADVANCED_FACE('7:16846',(#317),#318,.F.);
#137=ADVANCED_FACE('7:17727',(#319),#320,.F.);
#138=ADVANCED_FACE('7:15091',(#321),#322,.F.);
#139=ADVANCED_FACE('7:16729',(#323),#324,.T.);
#140=ADVANCED_FACE('7:16739',(#325),#326,.T.);
#141=ADVANCED_FACE('7:16779',(#327),#328,.T.);
#142=ADVANCED_FACE('7:16809',(#329),#330,.T.);
#143=ADVANCED_FACE('7:16829',(#331),#332,.T.);
#144=ADVANCED_FACE('7:16869',(#333),#334,.F.);
#146=SURFACE_STYLE_FILL_AREA(#335);
#147=FACE_OUTER_BOUND('',#336,.T.);
#148=CYLINDRICAL_SURFACE('',#337,0.0002);
#149=FACE_OUTER_BOUND('',#338,.T.);
#150=CYLINDRICAL_SURFACE('',#339,0.0002);
#151=FACE_OUTER_BOUND('',#340,.T.);
#152=CYLINDRICAL_SURFACE('',#341,0.0002);
#153=FACE_OUTER_BOUND('',#342,.T.);
#154=CYLINDRICAL_SURFACE('',#343,0.0002);
#155=FACE_OUTER_BOUND('',#344,.T.);
#156=CYLINDRICAL_SURFACE('',#345,0.0002);
#157=FACE_OUTER_BOUND('',#346,.T.);
#158=CYLINDRICAL_SURFACE('',#347,0.0002);
#159=FACE_OUTER_BOUND('',#348,.T.);
#160=CYLINDRICAL_SURFACE('',#349,0.0002);
#161=FACE_OUTER_BOUND('',#350,.T.);
#162=CYLINDRICAL_SURFACE('',#351,0.0002);
#163=FACE_OUTER_BOUND('',#352,.T.);
#164=CYLINDRICAL_SURFACE('',#353,0.0002);
#165=FACE_OUTER_BOUND('',#354,.T.);
#166=CYLINDRICAL_SURFACE('',#355,0.0002);
#167=FACE_OUTER_BOUND('',#356,.T.);
#168=CYLINDRICAL_SURFACE('',#357,0.0002);
#169=FACE_OUTER_BOUND('',#358,.T.);
#170=CYLINDRICAL_SURFACE('',#359,0.0002);
#171=FACE_OUTER_BOUND('',#360,.T.);
#172=CYLINDRICAL_SURFACE('',#361,0.0002);
#173=FACE_OUTER_BOUND('',#362,.T.);
#174=CYLINDRICAL_SURFACE('',#363,0.0002);
#175=FACE_OUTER_BOUND('',#364,.T.);
#176=CYLINDRICAL_SURFACE('',#365,0.0002);
#177=FACE_OUTER_BOUND('',#366,.T.);
#178=CYLINDRICAL_SURFACE('',#367,0.0002);
#179=FACE_OUTER_BOUND('',#368,.T.);
#180=CYLINDRICAL_SURFACE('',#369,0.0002);
#181=FACE_OUTER_BOUND('',#370,.T.);
#182=CYLINDRICAL_SURFACE('',#371,0.0002);
#183=FACE_OUTER_BOUND('',#372,.T.);
#184=CYLINDRICAL_SURFACE('',#373,0.0002);
#185=FACE_OUTER_BOUND('',#374,.T.);
#186=CYLINDRICAL_SURFACE('',#375,0.0002);
#187=FACE_OUTER_BOUND('',#376,.T.);
#188=CYLINDRICAL_SURFACE('',#377,0.0002);
#189=FACE_OUTER_BOUND('',#378,.T.);
#190=CYLINDRICAL_SURFACE('',#379,0.0002);
#191=FACE_OUTER_BOUND('',#380,.T.);
#192=CYLINDRICAL_SURFACE('',#381,0.0002);
#193=FACE_OUTER_BOUND('',#382,.T.);
#194=CYLINDRICAL_SURFACE('',#383,0.0002);
#195=FACE_OUTER_BOUND('',#384,.T.);
#196=CYLINDRICAL_SURFACE('',#385,0.0002);
#197=FACE_OUTER_BOUND('',#386,.T.);
#198=CYLINDRICAL_SURFACE('',#387,0.0002);
#199=FACE_OUTER_BOUND('',#388,.T.);
#200=CYLINDRICAL_SURFACE('',#389,0.0002);
#201=FACE_OUTER_BOUND('',#390,.T.);
#202=CYLINDRICAL_SURFACE('',#391,0.0002);
#203=FACE_OUTER_BOUND('',#392,.T.);
#204=CYLINDRICAL_SURFACE('',#393,0.0002);
#205=FACE_OUTER_BOUND('',#394,.T.);
#206=CYLINDRICAL_SURFACE('',#395,0.0002);
#207=FACE_OUTER_BOUND('',#396,.T.);
#208=CYLINDRICAL_SURFACE('',#397,0.0002);
#209=FACE_OUTER_BOUND('',#398,.T.);
#210=CYLINDRICAL_SURFACE('',#399,0.0002);
#211=FACE_OUTER_BOUND('',#400,.T.);
#212=PLANE('',#401);
#213=FACE_OUTER_BOUND('',#402,.T.);
#214=PLANE('',#403);
#215=FACE_OUTER_BOUND('',#404,.T.);
#216=PLANE('',#405);
#217=FACE_OUTER_BOUND('',#406,.T.);
#218=PLANE('',#407);
#219=FACE_OUTER_BOUND('',#408,.T.);
#220=PLANE('',#409);
#221=FACE_OUTER_BOUND('',#410,.T.);
#222=PLANE('',#411);
#223=FACE_OUTER_BOUND('',#412,.T.);
#224=CYLINDRICAL_SURFACE('',#413,0.0002);
#225=FACE_OUTER_BOUND('',#414,.T.);
#226=CYLINDRICAL_SURFACE('',#415,0.0002);
#227=FACE_OUTER_BOUND('',#416,.T.);
#228=PLANE('',#417);
#229=FACE_OUTER_BOUND('',#418,.T.);
#230=PLANE('',#419);
#231=FACE_OUTER_BOUND('',#420,.T.);
#232=CYLINDRICAL_SURFACE('',#421,0.0002);
#233=FACE_OUTER_BOUND('',#422,.T.);
#234=CYLINDRICAL_SURFACE('',#423,0.0002);
#235=FACE_OUTER_BOUND('',#424,.T.);
#236=CYLINDRICAL_SURFACE('',#425,0.0002);
#237=FACE_OUTER_BOUND('',#426,.T.);
#238=PLANE('',#427);
#239=FACE_OUTER_BOUND('',#428,.T.);
#240=CYLINDRICAL_SURFACE('',#429,0.0002);
#241=FACE_OUTER_BOUND('',#430,.T.);
#242=PLANE('',#431);
#243=FACE_OUTER_BOUND('',#432,.T.);
#244=PLANE('',#433);
#245=FACE_OUTER_BOUND('',#434,.T.);
#246=PLANE('',#435);
#247=FACE_OUTER_BOUND('',#436,.T.);
#248=PLANE('',#437);
#249=FACE_OUTER_BOUND('',#438,.T.);
#250=PLANE('',#439);
#251=FACE_OUTER_BOUND('',#440,.T.);
#252=CYLINDRICAL_SURFACE('',#441,0.0002);
#253=FACE_OUTER_BOUND('',#442,.T.);
#254=CYLINDRICAL_SURFACE('',#443,0.0002);
#255=FACE_OUTER_BOUND('',#444,.T.);
#256=PLANE('',#445);
#257=FACE_OUTER_BOUND('',#446,.T.);
#258=PLANE('',#447);
#259=FACE_OUTER_BOUND('',#448,.T.);
#260=CYLINDRICAL_SURFACE('',#449,0.0002);
#261=FACE_OUTER_BOUND('',#450,.T.);
#262=CYLINDRICAL_SURFACE('',#451,0.0002);
#263=FACE_OUTER_BOUND('',#452,.T.);
#264=PLANE('',#453);
#265=FACE_OUTER_BOUND('',#454,.T.);
#266=PLANE('',#455);
#267=FACE_OUTER_BOUND('',#456,.T.);
#268=CYLINDRICAL_SURFACE('',#457,0.0002);
#269=FACE_OUTER_BOUND('',#458,.T.);
#270=CYLINDRICAL_SURFACE('',#459,0.0002);
#271=FACE_OUTER_BOUND('',#460,.T.);
#272=CYLINDRICAL_SURFACE('',#461,0.0002);
#273=FACE_OUTER_BOUND('',#462,.T.);
#274=CYLINDRICAL_SURFACE('',#463,0.0002);
#275=FACE_OUTER_BOUND('',#464,.T.);
#276=CYLINDRICAL_SURFACE('',#465,0.0002);
#277=FACE_OUTER_BOUND('',#466,.T.);
#278=CYLINDRICAL_SURFACE('',#467,0.0002);
#279=FACE_OUTER_BOUND('',#468,.T.);
#280=CYLINDRICAL_SURFACE('',#469,0.0002);
#281=FACE_OUTER_BOUND('',#470,.T.);
#282=CYLINDRICAL_SURFACE('',#471,0.0002);
#283=FACE_OUTER_BOUND('',#472,.T.);
#284=CYLINDRICAL_SURFACE('',#473,0.0002);
#285=FACE_OUTER_BOUND('',#474,.T.);
#286=CYLINDRICAL_SURFACE('',#475,0.0002);
#287=FACE_OUTER_BOUND('',#476,.T.);
#288=CYLINDRICAL_SURFACE('',#477,0.0002);
#289=FACE_OUTER_BOUND('',#478,.T.);
#290=CYLINDRICAL_SURFACE('',#479,0.0002);
#291=FACE_OUTER_BOUND('',#480,.T.);
#292=CYLINDRICAL_SURFACE('',#481,0.0002);
#293=FACE_OUTER_BOUND('',#482,.T.);
#294=CYLINDRICAL_SURFACE('',#483,0.0002);
#295=FACE_OUTER_BOUND('',#484,.T.);
#296=CYLINDRICAL_SURFACE('',#485,0.0002);
#297=FACE_OUTER_BOUND('',#486,.T.);
#298=PLANE('',#487);
#299=FACE_OUTER_BOUND('',#488,.T.);
#300=PLANE('',#489);
#301=FACE_OUTER_BOUND('',#490,.T.);
#302=PLANE('',#491);
#303=FACE_OUTER_BOUND('',#492,.T.);
#304=PLANE('',#493);
#305=FACE_OUTER_BOUND('',#494,.T.);
#306=PLANE('',#495);
#307=FACE_OUTER_BOUND('',#496,.T.);
#308=CYLINDRICAL_SURFACE('',#497,0.0002);
#309=FACE_OUTER_BOUND('',#498,.T.);
#310=CYLINDRICAL_SURFACE('',#499,0.0002);
#311=FACE_OUTER_BOUND('',#500,.T.);
#312=CYLINDRICAL_SURFACE('',#501,0.0002);
#313=FACE_OUTER_BOUND('',#502,.T.);
#314=PLANE('',#503);
#315=FACE_OUTER_BOUND('',#504,.T.);
#316=PLANE('',#505);
#317=FACE_OUTER_BOUND('',#506,.T.);
#318=PLANE('',#507);
#319=FACE_OUTER_BOUND('',#508,.T.);
#320=PLANE('',#509);
#321=FACE_OUTER_BOUND('',#510,.T.);
#322=PLANE('',#511);
#323=FACE_OUTER_BOUND('',#512,.T.);
#324=CYLINDRICAL_SURFACE('',#513,0.0002);
#325=FACE_OUTER_BOUND('',#514,.T.);
#326=CYLINDRICAL_SURFACE('',#515,0.0002);
#327=FACE_OUTER_BOUND('',#516,.T.);
#328=PLANE('',#517);
#329=FACE_OUTER_BOUND('',#518,.T.);
#330=CYLINDRICAL_SURFACE('',#519,0.0002);
#331=FACE_OUTER_BOUND('',#520,.T.);
#332=CYLINDRICAL_SURFACE('',#521,0.0002);
#333=FACE_OUTER_BOUND('',#522,.T.);
#334=PLANE('',#523);
#335=FILL_AREA_STYLE('',(#524));
#336=EDGE_LOOP('',(#525,#526,#527,#528,#529,#530,#531,#532));
#337=AXIS2_PLACEMENT_3D('',#533,#534,#535);
#338=EDGE_LOOP('',(#536,#537,#538,#539,#540,#541,#542,#543));
#339=AXIS2_PLACEMENT_3D('',#544,#545,#546);
#340=EDGE_LOOP('',(#547,#548,#549,#550,#551,#552,#553,#554));
#341=AXIS2_PLACEMENT_3D('',#555,#556,#557);
#342=EDGE_LOOP('',(#558,#559,#560,#561,#562,#563,#564,#565));
#343=AXIS2_PLACEMENT_3D('',#566,#567,#568);
#344=EDGE_LOOP('',(#569,#570,#571,#572,#573,#574,#575,#576));
#345=AXIS2_PLACEMENT_3D('',#577,#578,#579);
#346=EDGE_LOOP('',(#580,#581,#582,#583,#584,#585,#586,#587));
#347=AXIS2_PLACEMENT_3D('',#588,#589,#590);
#348=EDGE_LOOP('',(#591,#592,#593,#594,#595,#596,#597,#598));
#349=AXIS2_PLACEMENT_3D('',#599,#600,#601);
#350=EDGE_LOOP('',(#602,#603,#604,#605,#606,#607,#608,#609));
#351=AXIS2_PLACEMENT_3D('',#610,#611,#612);
#352=EDGE_LOOP('',(#613,#614,#615,#616,#617,#618,#619,#620));
#353=AXIS2_PLACEMENT_3D('',#621,#622,#623);
#354=EDGE_LOOP('',(#624,#625,#626,#627,#628,#629,#630,#631));
#355=AXIS2_PLACEMENT_3D('',#632,#633,#634);
#356=EDGE_LOOP('',(#635,#636,#637,#638,#639,#640,#641,#642));
#357=AXIS2_PLACEMENT_3D('',#643,#644,#645);
#358=EDGE_LOOP('',(#646,#647,#648,#649,#650,#651,#652,#653));
#359=AXIS2_PLACEMENT_3D('',#654,#655,#656);
#360=EDGE_LOOP('',(#657,#658,#659,#660,#661,#662,#663,#664));
#361=AXIS2_PLACEMENT_3D('',#665,#666,#667);
#362=EDGE_LOOP('',(#668,#669,#670,#671,#672,#673,#674,#675));
#363=AXIS2_PLACEMENT_3D('',#676,#677,#678);
#364=EDGE_LOOP('',(#679,#680,#681,#682,#683,#684,#685,#686));
#365=AXIS2_PLACEMENT_3D('',#687,#688,#689);
#366=EDGE_LOOP('',(#690,#691,#692,#693,#694,#695,#696,#697));
#367=AXIS2_PLACEMENT_3D('',#698,#699,#700);
#368=EDGE_LOOP('',(#701,#702,#703,#704,#705,#706,#707,#708));
#369=AXIS2_PLACEMENT_3D('',#709,#710,#711);
#370=EDGE_LOOP('',(#712,#713,#714,#715,#716,#717,#718,#719));
#371=AXIS2_PLACEMENT_3D('',#720,#721,#722);
#372=EDGE_LOOP('',(#723,#724,#725,#726,#727,#728,#729,#730));
#373=AXIS2_PLACEMENT_3D('',#731,#732,#733);
#374=EDGE_LOOP('',(#734,#735,#736,#737,#738,#739,#740,#741));
#375=AXIS2_PLACEMENT_3D('',#742,#743,#744);
#376=EDGE_LOOP('',(#745,#746,#747,#748,#749,#750,#751,#752));
#377=AXIS2_PLACEMENT_3D('',#753,#754,#755);
#378=EDGE_LOOP('',(#756,#757,#758,#759,#760,#761,#762,#763));
#379=AXIS2_PLACEMENT_3D('',#764,#765,#766);
#380=EDGE_LOOP('',(#767,#768,#769,#770,#771,#772,#773,#774));
#381=AXIS2_PLACEMENT_3D('',#775,#776,#777);
#382=EDGE_LOOP('',(#778,#779,#780,#781,#782,#783,#784,#785));
#383=AXIS2_PLACEMENT_3D('',#786,#787,#788);
#384=EDGE_LOOP('',(#789,#790,#791,#792,#793,#794,#795,#796));
#385=AXIS2_PLACEMENT_3D('',#797,#798,#799);
#386=EDGE_LOOP('',(#800,#801,#802,#803,#804,#805,#806,#807));
#387=AXIS2_PLACEMENT_3D('',#808,#809,#810);
#388=EDGE_LOOP('',(#811,#812,#813,#814,#815,#816,#817,#818));
#389=AXIS2_PLACEMENT_3D('',#819,#820,#821);
#390=EDGE_LOOP('',(#822,#823,#824,#825,#826,#827,#828,#829));
#391=AXIS2_PLACEMENT_3D('',#830,#831,#832);
#392=EDGE_LOOP('',(#833,#834,#835,#836,#837,#838,#839,#840));
#393=AXIS2_PLACEMENT_3D('',#841,#842,#843);
#394=EDGE_LOOP('',(#844,#845,#846,#847,#848,#849,#850,#851));
#395=AXIS2_PLACEMENT_3D('',#852,#853,#854);
#396=EDGE_LOOP('',(#855,#856,#857,#858,#859,#860,#861,#862));
#397=AXIS2_PLACEMENT_3D('',#863,#864,#865);
#398=EDGE_LOOP('',(#866,#867,#868,#869,#870,#871,#872,#873));
#399=AXIS2_PLACEMENT_3D('',#874,#875,#876);
#400=EDGE_LOOP('',(#877,#878,#879));
#401=AXIS2_PLACEMENT_3D('',#880,#881,#882);
#402=EDGE_LOOP('',(#883,#884,#885,#886));
#403=AXIS2_PLACEMENT_3D('',#887,#888,#889);
#404=EDGE_LOOP('',(#890,#891,#892));
#405=AXIS2_PLACEMENT_3D('',#893,#894,#895);
#406=EDGE_LOOP('',(#896,#897,#898));
#407=AXIS2_PLACEMENT_3D('',#899,#900,#901);
#408=EDGE_LOOP('',(#902,#903,#904));
#409=AXIS2_PLACEMENT_3D('',#905,#906,#907);
#410=EDGE_LOOP('',(#908,#909,#910,#911));
#411=AXIS2_PLACEMENT_3D('',#912,#913,#914);
#412=EDGE_LOOP('',(#915,#916,#917,#918,#919,#920,#921,#922));
#413=AXIS2_PLACEMENT_3D('',#923,#924,#925);
#414=EDGE_LOOP('',(#926,#927,#928,#929,#930,#931,#932,#933));
#415=AXIS2_PLACEMENT_3D('',#934,#935,#936);
#416=EDGE_LOOP('',(#937,#938,#939,#940));
#417=AXIS2_PLACEMENT_3D('',#941,#942,#943);
#418=EDGE_LOOP('',(#944,#945,#946,#947));
#419=AXIS2_PLACEMENT_3D('',#948,#949,#950);
#420=EDGE_LOOP('',(#951,#952,#953,#954,#955,#956,#957,#958));
#421=AXIS2_PLACEMENT_3D('',#959,#960,#961);
#422=EDGE_LOOP('',(#962,#963,#964,#965,#966,#967,#968,#969));
#423=AXIS2_PLACEMENT_3D('',#970,#971,#972);
#424=EDGE_LOOP('',(#973,#974,#975,#976,#977,#978,#979,#980));
#425=AXIS2_PLACEMENT_3D('',#981,#982,#983);
#426=EDGE_LOOP('',(#984,#985,#986,#987));
#427=AXIS2_PLACEMENT_3D('',#988,#989,#990);
#428=EDGE_LOOP('',(#991,#992,#993,#994,#995,#996,#997,#998));
#429=AXIS2_PLACEMENT_3D('',#999,#1000,#1001);
#430=EDGE_LOOP('',(#1002,#1003,#1004));
#431=AXIS2_PLACEMENT_3D('',#1005,#1006,#1007);
#432=EDGE_LOOP('',(#1008,#1009,#1010));
#433=AXIS2_PLACEMENT_3D('',#1011,#1012,#1013);
#434=EDGE_LOOP('',(#1014,#1015,#1016));
#435=AXIS2_PLACEMENT_3D('',#1017,#1018,#1019);
#436=EDGE_LOOP('',(#1020,#1021,#1022));
#437=AXIS2_PLACEMENT_3D('',#1023,#1024,#1025);
#438=EDGE_LOOP('',(#1026,#1027,#1028,#1029));
#439=AXIS2_PLACEMENT_3D('',#1030,#1031,#1032);
#440=EDGE_LOOP('',(#1033,#1034,#1035,#1036,#1037,#1038,#1039,#1040));
#441=AXIS2_PLACEMENT_3D('',#1041,#1042,#1043);
#442=EDGE_LOOP('',(#1044,#1045,#1046,#1047,#1048,#1049,#1050,#1051));
#443=AXIS2_PLACEMENT_3D('',#1052,#1053,#1054);
#444=EDGE_LOOP('',(#1055,#1056,#1057,#1058));
#445=AXIS2_PLACEMENT_3D('',#1059,#1060,#1061);
#446=EDGE_LOOP('',(#1062,#1063,#1064,#1065,#1066,#1067,#1068,#1069));
#447=AXIS2_PLACEMENT_3D('',#1070,#1071,#1072);
#448=EDGE_LOOP('',(#1073,#1074,#1075,#1076,#1077,#1078,#1079,#1080));
#449=AXIS2_PLACEMENT_3D('',#1081,#1082,#1083);
#450=EDGE_LOOP('',(#1084,#1085,#1086,#1087,#1088,#1089,#1090,#1091));
#451=AXIS2_PLACEMENT_3D('',#1092,#1093,#1094);
#452=EDGE_LOOP('',(#1095,#1096,#1097,#1098));
#453=AXIS2_PLACEMENT_3D('',#1099,#1100,#1101);
#454=EDGE_LOOP('',(#1102,#1103,#1104,#1105,#1106,#1107,#1108,#1109));
#455=AXIS2_PLACEMENT_3D('',#1110,#1111,#1112);
#456=EDGE_LOOP('',(#1113,#1114,#1115,#1116,#1117,#1118,#1119,#1120));
#457=AXIS2_PLACEMENT_3D('',#1121,#1122,#1123);
#458=EDGE_LOOP('',(#1124,#1125,#1126,#1127,#1128,#1129,#1130,#1131));
#459=AXIS2_PLACEMENT_3D('',#1132,#1133,#1134);
#460=EDGE_LOOP('',(#1135,#1136,#1137,#1138,#1139,#1140,#1141,#1142));
#461=AXIS2_PLACEMENT_3D('',#1143,#1144,#1145);
#462=EDGE_LOOP('',(#1146,#1147,#1148,#1149,#1150,#1151,#1152,#1153));
#463=AXIS2_PLACEMENT_3D('',#1154,#1155,#1156);
#464=EDGE_LOOP('',(#1157,#1158,#1159,#1160,#1161,#1162,#1163,#1164));
#465=AXIS2_PLACEMENT_3D('',#1165,#1166,#1167);
#466=EDGE_LOOP('',(#1168,#1169,#1170,#1171,#1172,#1173,#1174,#1175));
#467=AXIS2_PLACEMENT_3D('',#1176,#1177,#1178);
#468=EDGE_LOOP('',(#1179,#1180,#1181,#1182,#1183,#1184,#1185,#1186));
#469=AXIS2_PLACEMENT_3D('',#1187,#1188,#1189);
#470=EDGE_LOOP('',(#1190,#1191,#1192,#1193,#1194,#1195,#1196,#1197));
#471=AXIS2_PLACEMENT_3D('',#1198,#1199,#1200);
#472=EDGE_LOOP('',(#1201,#1202,#1203,#1204,#1205,#1206,#1207,#1208));
#473=AXIS2_PLACEMENT_3D('',#1209,#1210,#1211);
#474=EDGE_LOOP('',(#1212,#1213,#1214,#1215,#1216,#1217,#1218,#1219));
#475=AXIS2_PLACEMENT_3D('',#1220,#1221,#1222);
#476=EDGE_LOOP('',(#1223,#1224,#1225,#1226,#1227,#1228,#1229,#1230));
#477=AXIS2_PLACEMENT_3D('',#1231,#1232,#1233);
#478=EDGE_LOOP('',(#1234,#1235,#1236,#1237,#1238,#1239,#1240,#1241));
#479=AXIS2_PLACEMENT_3D('',#1242,#1243,#1244);
#480=EDGE_LOOP('',(#1245,#1246,#1247,#1248,#1249,#1250,#1251,#1252));
#481=AXIS2_PLACEMENT_3D('',#1253,#1254,#1255);
#482=EDGE_LOOP('',(#1256,#1257,#1258,#1259,#1260,#1261,#1262,#1263));
#483=AXIS2_PLACEMENT_3D('',#1264,#1265,#1266);
#484=EDGE_LOOP('',(#1267,#1268,#1269,#1270,#1271,#1272,#1273,#1274));
#485=AXIS2_PLACEMENT_3D('',#1275,#1276,#1277);
#486=EDGE_LOOP('',(#1278,#1279,#1280,#1281,#1282,#1283,#1284,#1285));
#487=AXIS2_PLACEMENT_3D('',#1286,#1287,#1288);
#488=EDGE_LOOP('',(#1289,#1290,#1291,#1292));
#489=AXIS2_PLACEMENT_3D('',#1293,#1294,#1295);
#490=EDGE_LOOP('',(#1296,#1297,#1298,#1299));
#491=AXIS2_PLACEMENT_3D('',#1300,#1301,#1302);
#492=EDGE_LOOP('',(#1303,#1304,#1305,#1306));
#493=AXIS2_PLACEMENT_3D('',#1307,#1308,#1309);
#494=EDGE_LOOP('',(#1310,#1311,#1312,#1313));
#495=AXIS2_PLACEMENT_3D('',#1314,#1315,#1316);
#496=EDGE_LOOP('',(#1317,#1318,#1319,#1320,#1321,#1322,#1323,#1324));
#497=AXIS2_PLACEMENT_3D('',#1325,#1326,#1327);
#498=EDGE_LOOP('',(#1328,#1329,#1330,#1331,#1332,#1333,#1334,#1335));
#499=AXIS2_PLACEMENT_3D('',#1336,#1337,#1338);
#500=EDGE_LOOP('',(#1339,#1340,#1341,#1342,#1343,#1344,#1345,#1346));
#501=AXIS2_PLACEMENT_3D('',#1347,#1348,#1349);
#502=EDGE_LOOP('',(#1350,#1351,#1352,#1353));
#503=AXIS2_PLACEMENT_3D('',#1354,#1355,#1356);
#504=EDGE_LOOP('',(#1357,#1358,#1359,#1360));
#505=AXIS2_PLACEMENT_3D('',#1361,#1362,#1363);
#506=EDGE_LOOP('',(#1364,#1365,#1366,#1367));
#507=AXIS2_PLACEMENT_3D('',#1368,#1369,#1370);
#508=EDGE_LOOP('',(#1371,#1372,#1373,#1374));
#509=AXIS2_PLACEMENT_3D('',#1375,#1376,#1377);
#510=EDGE_LOOP('',(#1378,#1379,#1380,#1381,#1382,#1383,#1384,#1385));
#511=AXIS2_PLACEMENT_3D('',#1386,#1387,#1388);
#512=EDGE_LOOP('',(#1389,#1390,#1391,#1392,#1393,#1394,#1395,#1396));
#513=AXIS2_PLACEMENT_3D('',#1397,#1398,#1399);
#514=EDGE_LOOP('',(#1400,#1401,#1402,#1403,#1404,#1405,#1406,#1407));
#515=AXIS2_PLACEMENT_3D('',#1408,#1409,#1410);
#516=EDGE_LOOP('',(#1411,#1412,#1413,#1414));
#517=AXIS2_PLACEMENT_3D('',#1415,#1416,#1417);
#518=EDGE_LOOP('',(#1418,#1419,#1420,#1421,#1422,#1423,#1424,#1425));
#519=AXIS2_PLACEMENT_3D('',#1426,#1427,#1428);
#520=EDGE_LOOP('',(#1429,#1430,#1431,#1432,#1433,#1434,#1435,#1436));
#521=AXIS2_PLACEMENT_3D('',#1437,#1438,#1439);
#522=EDGE_LOOP('',(#1440,#1441,#1442,#1443));
#523=AXIS2_PLACEMENT_3D('',#1444,#1445,#1446);
#524=FILL_AREA_STYLE_COLOUR('',#1447);
#525=ORIENTED_EDGE('',*,*,#1448,.F.);
#526=ORIENTED_EDGE('',*,*,#1449,.F.);
#527=ORIENTED_EDGE('',*,*,#1450,.F.);
#528=ORIENTED_EDGE('',*,*,#1451,.F.);
#529=ORIENTED_EDGE('',*,*,#1452,.F.);
#530=ORIENTED_EDGE('',*,*,#1453,.T.);
#531=ORIENTED_EDGE('',*,*,#1454,.T.);
#532=ORIENTED_EDGE('',*,*,#1455,.F.);
#533=CARTESIAN_POINT('',(-0.005,0.005,0.005));
#534=DIRECTION('',(-0.577350269189626,0.577350269189626,0.577350269189626));
#535=DIRECTION('',(-0.707106781186548,-0.707106781186548,0.0));
#536=ORIENTED_EDGE('',*,*,#1456,.F.);
#537=ORIENTED_EDGE('',*,*,#1457,.F.);
#538=ORIENTED_EDGE('',*,*,#1458,.T.);
#539=ORIENTED_EDGE('',*,*,#1459,.T.);
#540=ORIENTED_EDGE('',*,*,#1460,.F.);
#541=ORIENTED_EDGE('',*,*,#1461,.F.);
#542=ORIENTED_EDGE('',*,*,#1462,.T.);
#543=ORIENTED_EDGE('',*,*,#1463,.F.);
#544=CARTESIAN_POINT('',(0.01,-0.01,0.01));
#545=DIRECTION('',(-0.577350269189626,0.577350269189626,-0.577350269189626));
#546=DIRECTION('',(-0.707106781186548,-0.707106781186548,0.0));
#547=ORIENTED_EDGE('',*,*,#1464,.F.);
#548=ORIENTED_EDGE('',*,*,#1465,.T.);
#549=ORIENTED_EDGE('',*,*,#1466,.T.);
#550=ORIENTED_EDGE('',*,*,#1467,.T.);
#551=ORIENTED_EDGE('',*,*,#1468,.F.);
#552=ORIENTED_EDGE('',*,*,#1469,.F.);
#553=ORIENTED_EDGE('',*,*,#1470,.F.);
#554=ORIENTED_EDGE('',*,*,#1471,.F.);
#555=CARTESIAN_POINT('',(0.0,0.0,0.01));
#556=DIRECTION('',(-0.577350269189626,-0.577350269189626,-0.577350269189626));
#557=DIRECTION('',(0.707106781186547,-0.707106781186547,0.0));
#558=ORIENTED_EDGE('',*,*,#1472,.F.);
#559=ORIENTED_EDGE('',*,*,#1473,.F.);
#560=ORIENTED_EDGE('',*,*,#1450,.T.);
#561=ORIENTED_EDGE('',*,*,#1474,.F.);
#562=ORIENTED_EDGE('',*,*,#1475,.F.);
#563=ORIENTED_EDGE('',*,*,#1467,.F.);
#564=ORIENTED_EDGE('',*,*,#1476,.T.);
#565=ORIENTED_EDGE('',*,*,#1477,.T.);
#566=CARTESIAN_POINT('',(-0.005,0.005,0.005));
#567=DIRECTION('',(0.577350269189626,-0.577350269189626,0.577350269189626));
#568=DIRECTION('',(0.707106781186548,0.707106781186548,0.0));
#569=ORIENTED_EDGE('',*,*,#1478,.F.);
#570=ORIENTED_EDGE('',*,*,#1479,.F.);
#571=ORIENTED_EDGE('',*,*,#1480,.T.);
#572=ORIENTED_EDGE('',*,*,#1481,.F.);
#573=ORIENTED_EDGE('',*,*,#1482,.F.);
#574=ORIENTED_EDGE('',*,*,#1483,.F.);
#575=ORIENTED_EDGE('',*,*,#1470,.T.);
#576=ORIENTED_EDGE('',*,*,#1484,.F.);
#577=CARTESIAN_POINT('',(-0.01,-0.01,0.01));
#578=DIRECTION('',(0.577350269189626,0.577350269189626,-0.577350269189626));
#579=DIRECTION('',(-0.707106781186548,0.707106781186548,0.0));
#580=ORIENTED_EDGE('',*,*,#1485,.F.);
#581=ORIENTED_EDGE('',*,*,#1486,.F.);
#582=ORIENTED_EDGE('',*,*,#1487,.T.);
#583=ORIENTED_EDGE('',*,*,#1488,.F.);
#584=ORIENTED_EDGE('',*,*,#1489,.F.);
#585=ORIENTED_EDGE('',*,*,#1490,.F.);
#586=ORIENTED_EDGE('',*,*,#1491,.T.);
#587=ORIENTED_EDGE('',*,*,#1492,.F.);
#588=CARTESIAN_POINT('',(-0.005,0.005,-0.005));
#589=DIRECTION('',(-0.577350269189626,-0.577350269189626,0.577350269189626));
#590=DIRECTION('',(0.707106781186548,-0.707106781186548,0.0));
#591=ORIENTED_EDGE('',*,*,#1493,.F.);
#592=ORIENTED_EDGE('',*,*,#1494,.T.);
#593=ORIENTED_EDGE('',*,*,#1474,.T.);
#594=ORIENTED_EDGE('',*,*,#1449,.T.);
#595=ORIENTED_EDGE('',*,*,#1495,.T.);
#596=ORIENTED_EDGE('',*,*,#1496,.F.);
#597=ORIENTED_EDGE('',*,*,#1497,.F.);
#598=ORIENTED_EDGE('',*,*,#1498,.F.);
#599=CARTESIAN_POINT('',(-0.005,0.005,0.005));
#600=DIRECTION('',(-0.577350269189626,-0.577350269189626,-0.577350269189626));
#601=DIRECTION('',(0.707106781186548,-0.707106781186548,0.0));
#602=ORIENTED_EDGE('',*,*,#1499,.F.);
#603=ORIENTED_EDGE('',*,*,#1500,.F.);
#604=ORIENTED_EDGE('',*,*,#1501,.F.);
#605=ORIENTED_EDGE('',*,*,#1502,.F.);
#606=ORIENTED_EDGE('',*,*,#1503,.F.);
#607=ORIENTED_EDGE('',*,*,#1504,.T.);
#608=ORIENTED_EDGE('',*,*,#1505,.T.);
#609=ORIENTED_EDGE('',*,*,#1506,.T.);
#610=CARTESIAN_POINT('',(0.005,0.005,0.005));
#611=DIRECTION('',(0.577350269189626,0.577350269189626,0.577350269189626));
#612=DIRECTION('',(-0.707106781186548,0.707106781186548,0.0));
#613=ORIENTED_EDGE('',*,*,#1507,.F.);
#614=ORIENTED_EDGE('',*,*,#1508,.F.);
#615=ORIENTED_EDGE('',*,*,#1487,.F.);
#616=ORIENTED_EDGE('',*,*,#1509,.F.);
#617=ORIENTED_EDGE('',*,*,#1510,.F.);
#618=ORIENTED_EDGE('',*,*,#1511,.T.);
#619=ORIENTED_EDGE('',*,*,#1512,.T.);
#620=ORIENTED_EDGE('',*,*,#1513,.T.);
#621=CARTESIAN_POINT('',(-0.005,0.005,-0.005));
#622=DIRECTION('',(0.577350269189626,0.577350269189626,0.577350269189626));
#623=DIRECTION('',(-0.707106781186548,0.707106781186548,0.0));
#624=ORIENTED_EDGE('',*,*,#1514,.F.);
#625=ORIENTED_EDGE('',*,*,#1515,.F.);
#626=ORIENTED_EDGE('',*,*,#1516,.F.);
#627=ORIENTED_EDGE('',*,*,#1517,.F.);
#628=ORIENTED_EDGE('',*,*,#1518,.F.);
#629=ORIENTED_EDGE('',*,*,#1519,.T.);
#630=ORIENTED_EDGE('',*,*,#1520,.T.);
#631=ORIENTED_EDGE('',*,*,#1511,.F.);
#632=CARTESIAN_POINT('',(0.005,0.005,-0.005));
#633=DIRECTION('',(-0.577350269189626,0.577350269189626,0.577350269189626));
#634=DIRECTION('',(-0.707106781186548,-0.707106781186548,0.0));
#635=ORIENTED_EDGE('',*,*,#1521,.F.);
#636=ORIENTED_EDGE('',*,*,#1522,.F.);
#637=ORIENTED_EDGE('',*,*,#1501,.T.);
#638=ORIENTED_EDGE('',*,*,#1523,.F.);
#639=ORIENTED_EDGE('',*,*,#1524,.F.);
#640=ORIENTED_EDGE('',*,*,#1477,.F.);
#641=ORIENTED_EDGE('',*,*,#1525,.T.);
#642=ORIENTED_EDGE('',*,*,#1526,.F.);
#643=CARTESIAN_POINT('',(0.005,0.005,0.005));
#644=DIRECTION('',(-0.577350269189626,-0.577350269189626,0.577350269189626));
#645=DIRECTION('',(0.707106781186548,-0.707106781186548,0.0));
#646=ORIENTED_EDGE('',*,*,#1527,.F.);
#647=ORIENTED_EDGE('',*,*,#1526,.T.);
#648=ORIENTED_EDGE('',*,*,#1528,.T.);
#649=ORIENTED_EDGE('',*,*,#1465,.F.);
#650=ORIENTED_EDGE('',*,*,#1529,.F.);
#651=ORIENTED_EDGE('',*,*,#1530,.F.);
#652=ORIENTED_EDGE('',*,*,#1462,.F.);
#653=ORIENTED_EDGE('',*,*,#1531,.F.);
#654=CARTESIAN_POINT('',(0.0,0.0,0.01));
#655=DIRECTION('',(0.577350269189626,-0.577350269189626,-0.577350269189626));
#656=DIRECTION('',(0.707106781186547,0.707106781186547,0.0));
#657=ORIENTED_EDGE('',*,*,#1532,.F.);
#658=ORIENTED_EDGE('',*,*,#1533,.F.);
#659=ORIENTED_EDGE('',*,*,#1534,.T.);
#660=ORIENTED_EDGE('',*,*,#1535,.F.);
#661=ORIENTED_EDGE('',*,*,#1536,.T.);
#662=ORIENTED_EDGE('',*,*,#1471,.T.);
#663=ORIENTED_EDGE('',*,*,#1483,.T.);
#664=ORIENTED_EDGE('',*,*,#1537,.T.);
#665=CARTESIAN_POINT('',(4.43391461432842E-20,-0.01,-4.43391461432842E-20));
#666=DIRECTION('',(-0.577350269189626,0.577350269189626,0.577350269189626));
#667=DIRECTION('',(-0.707106781186547,-0.707106781186548,4.12962635648235E-16));
#668=ORIENTED_EDGE('',*,*,#1538,.F.);
#669=ORIENTED_EDGE('',*,*,#1539,.T.);
#670=ORIENTED_EDGE('',*,*,#1523,.T.);
#671=ORIENTED_EDGE('',*,*,#1500,.T.);
#672=ORIENTED_EDGE('',*,*,#1540,.T.);
#673=ORIENTED_EDGE('',*,*,#1541,.F.);
#674=ORIENTED_EDGE('',*,*,#1542,.T.);
#675=ORIENTED_EDGE('',*,*,#1543,.F.);
#676=CARTESIAN_POINT('',(0.005,0.005,0.005));
#677=DIRECTION('',(-0.577350269189626,0.577350269189626,-0.577350269189626));
#678=DIRECTION('',(-0.707106781186548,-0.707106781186548,0.0));
#679=ORIENTED_EDGE('',*,*,#1544,.F.);
#680=ORIENTED_EDGE('',*,*,#1545,.T.);
#681=ORIENTED_EDGE('',*,*,#1451,.T.);
#682=ORIENTED_EDGE('',*,*,#1473,.T.);
#683=ORIENTED_EDGE('',*,*,#1546,.T.);
#684=ORIENTED_EDGE('',*,*,#1547,.F.);
#685=ORIENTED_EDGE('',*,*,#1543,.T.);
#686=ORIENTED_EDGE('',*,*,#1548,.T.);
#687=CARTESIAN_POINT('',(-0.005,0.005,0.005));
#688=DIRECTION('',(0.577350269189626,0.577350269189626,-0.577350269189626));
#689=DIRECTION('',(-0.707106781186548,0.707106781186548,0.0));
#690=ORIENTED_EDGE('',*,*,#1549,.F.);
#691=ORIENTED_EDGE('',*,*,#1550,.T.);
#692=ORIENTED_EDGE('',*,*,#1551,.T.);
#693=ORIENTED_EDGE('',*,*,#1552,.T.);
#694=ORIENTED_EDGE('',*,*,#1553,.F.);
#695=ORIENTED_EDGE('',*,*,#1554,.F.);
#696=ORIENTED_EDGE('',*,*,#1555,.F.);
#697=ORIENTED_EDGE('',*,*,#1556,.F.);
#698=CARTESIAN_POINT('',(0.01,4.43391461432842E-20,4.43391461432842E-20));
#699=DIRECTION('',(-0.577350269189626,-0.577350269189626,-0.577350269189626));
#700=DIRECTION('',(0.707106781186548,-0.707106781186547,-4.12962635648235E-16));
#701=ORIENTED_EDGE('',*,*,#1557,.F.);
#702=ORIENTED_EDGE('',*,*,#1498,.T.);
#703=ORIENTED_EDGE('',*,*,#1558,.F.);
#704=ORIENTED_EDGE('',*,*,#1559,.F.);
#705=ORIENTED_EDGE('',*,*,#1560,.T.);
#706=ORIENTED_EDGE('',*,*,#1484,.T.);
#707=ORIENTED_EDGE('',*,*,#1469,.T.);
#708=ORIENTED_EDGE('',*,*,#1561,.T.);
#709=CARTESIAN_POINT('',(-0.01,-4.43391461432842E-20,4.43391461432842E-20));
#710=DIRECTION('',(0.577350269189626,-0.577350269189626,0.577350269189626));
#711=DIRECTION('',(0.707106781186548,0.707106781186547,-4.12962635648235E-16));
#712=ORIENTED_EDGE('',*,*,#1562,.F.);
#713=ORIENTED_EDGE('',*,*,#1563,.F.);
#714=ORIENTED_EDGE('',*,*,#1564,.T.);
#715=ORIENTED_EDGE('',*,*,#1565,.T.);
#716=ORIENTED_EDGE('',*,*,#1566,.F.);
#717=ORIENTED_EDGE('',*,*,#1567,.F.);
#718=ORIENTED_EDGE('',*,*,#1568,.T.);
#719=ORIENTED_EDGE('',*,*,#1569,.F.);
#720=CARTESIAN_POINT('',(4.43391461432842E-20,-0.01,4.43391461432842E-20));
#721=DIRECTION('',(-0.577350269189626,0.577350269189626,-0.577350269189626));
#722=DIRECTION('',(-0.707106781186547,-0.707106781186548,-4.12962635648235E-16));
#723=ORIENTED_EDGE('',*,*,#1570,.F.);
#724=ORIENTED_EDGE('',*,*,#1571,.T.);
#725=ORIENTED_EDGE('',*,*,#1572,.T.);
#726=ORIENTED_EDGE('',*,*,#1515,.T.);
#727=ORIENTED_EDGE('',*,*,#1573,.T.);
#728=ORIENTED_EDGE('',*,*,#1574,.F.);
#729=ORIENTED_EDGE('',*,*,#1575,.F.);
#730=ORIENTED_EDGE('',*,*,#1576,.F.);
#731=CARTESIAN_POINT('',(0.005,0.005,-0.005));
#732=DIRECTION('',(-0.577350269189626,-0.577350269189626,-0.577350269189626));
#733=DIRECTION('',(0.707106781186548,-0.707106781186548,0.0));
#734=ORIENTED_EDGE('',*,*,#1577,.F.);
#735=ORIENTED_EDGE('',*,*,#1578,.F.);
#736=ORIENTED_EDGE('',*,*,#1516,.T.);
#737=ORIENTED_EDGE('',*,*,#1572,.F.);
#738=ORIENTED_EDGE('',*,*,#1579,.F.);
#739=ORIENTED_EDGE('',*,*,#1552,.F.);
#740=ORIENTED_EDGE('',*,*,#1580,.T.);
#741=ORIENTED_EDGE('',*,*,#1581,.T.);
#742=CARTESIAN_POINT('',(0.005,0.005,-0.005));
#743=DIRECTION('',(0.577350269189626,-0.577350269189626,0.577350269189626));
#744=DIRECTION('',(0.707106781186548,0.707106781186548,0.0));
#745=ORIENTED_EDGE('',*,*,#1582,.F.);
#746=ORIENTED_EDGE('',*,*,#1492,.T.);
#747=ORIENTED_EDGE('',*,*,#1583,.T.);
#748=ORIENTED_EDGE('',*,*,#1584,.F.);
#749=ORIENTED_EDGE('',*,*,#1585,.F.);
#750=ORIENTED_EDGE('',*,*,#1586,.F.);
#751=ORIENTED_EDGE('',*,*,#1568,.F.);
#752=ORIENTED_EDGE('',*,*,#1587,.F.);
#753=CARTESIAN_POINT('',(-0.01,-4.43391461432842E-20,-4.43391461432842E-20));
#754=DIRECTION('',(0.577350269189626,-0.577350269189626,-0.577350269189626));
#755=DIRECTION('',(0.707106781186548,0.707106781186547,4.12962635648235E-16));
#756=ORIENTED_EDGE('',*,*,#1588,.F.);
#757=ORIENTED_EDGE('',*,*,#1576,.T.);
#758=ORIENTED_EDGE('',*,*,#1589,.F.);
#759=ORIENTED_EDGE('',*,*,#1590,.F.);
#760=ORIENTED_EDGE('',*,*,#1591,.T.);
#761=ORIENTED_EDGE('',*,*,#1592,.T.);
#762=ORIENTED_EDGE('',*,*,#1554,.T.);
#763=ORIENTED_EDGE('',*,*,#1593,.T.);
#764=CARTESIAN_POINT('',(0.0,0.0,-0.01));
#765=DIRECTION('',(0.577350269189626,-0.577350269189626,0.577350269189626));
#766=DIRECTION('',(0.707106781186547,0.707106781186547,0.0));
#767=ORIENTED_EDGE('',*,*,#1594,.F.);
#768=ORIENTED_EDGE('',*,*,#1565,.F.);
#769=ORIENTED_EDGE('',*,*,#1595,.T.);
#770=ORIENTED_EDGE('',*,*,#1596,.F.);
#771=ORIENTED_EDGE('',*,*,#1597,.F.);
#772=ORIENTED_EDGE('',*,*,#1598,.F.);
#773=ORIENTED_EDGE('',*,*,#1555,.T.);
#774=ORIENTED_EDGE('',*,*,#1592,.F.);
#775=CARTESIAN_POINT('',(4.43391461432842E-20,-0.01,-4.43391461432842E-20));
#776=DIRECTION('',(0.577350269189626,0.577350269189626,-0.577350269189626));
#777=DIRECTION('',(-0.707106781186547,0.707106781186548,4.12962635648235E-16));
#778=ORIENTED_EDGE('',*,*,#1599,.F.);
#779=ORIENTED_EDGE('',*,*,#1534,.F.);
#780=ORIENTED_EDGE('',*,*,#1600,.F.);
#781=ORIENTED_EDGE('',*,*,#1601,.F.);
#782=ORIENTED_EDGE('',*,*,#1602,.T.);
#783=ORIENTED_EDGE('',*,*,#1463,.T.);
#784=ORIENTED_EDGE('',*,*,#1530,.T.);
#785=ORIENTED_EDGE('',*,*,#1603,.T.);
#786=CARTESIAN_POINT('',(4.43391461432842E-20,-0.01,4.43391461432842E-20));
#787=DIRECTION('',(0.577350269189626,0.577350269189626,0.577350269189626));
#788=DIRECTION('',(-0.707106781186547,0.707106781186548,-4.12962635648235E-16));
#789=ORIENTED_EDGE('',*,*,#1604,.F.);
#790=ORIENTED_EDGE('',*,*,#1605,.T.);
#791=ORIENTED_EDGE('',*,*,#1502,.T.);
#792=ORIENTED_EDGE('',*,*,#1522,.T.);
#793=ORIENTED_EDGE('',*,*,#1606,.T.);
#794=ORIENTED_EDGE('',*,*,#1607,.F.);
#795=ORIENTED_EDGE('',*,*,#1608,.F.);
#796=ORIENTED_EDGE('',*,*,#1609,.T.);
#797=CARTESIAN_POINT('',(0.005,0.005,0.005));
#798=DIRECTION('',(0.577350269189626,-0.577350269189626,-0.577350269189626));
#799=DIRECTION('',(0.707106781186548,0.707106781186548,0.0));
#800=ORIENTED_EDGE('',*,*,#1610,.F.);
#801=ORIENTED_EDGE('',*,*,#1611,.T.);
#802=ORIENTED_EDGE('',*,*,#1608,.T.);
#803=ORIENTED_EDGE('',*,*,#1612,.F.);
#804=ORIENTED_EDGE('',*,*,#1613,.T.);
#805=ORIENTED_EDGE('',*,*,#1531,.T.);
#806=ORIENTED_EDGE('',*,*,#1461,.T.);
#807=ORIENTED_EDGE('',*,*,#1614,.T.);
#808=CARTESIAN_POINT('',(0.01,4.43391461432842E-20,-4.43391461432842E-20));
#809=DIRECTION('',(-0.577350269189626,-0.577350269189626,0.577350269189626));
#810=DIRECTION('',(0.707106781186548,-0.707106781186547,4.12962635648235E-16));
#811=ORIENTED_EDGE('',*,*,#1615,.F.);
#812=ORIENTED_EDGE('',*,*,#1616,.T.);
#813=ORIENTED_EDGE('',*,*,#1488,.T.);
#814=ORIENTED_EDGE('',*,*,#1508,.T.);
#815=ORIENTED_EDGE('',*,*,#1617,.T.);
#816=ORIENTED_EDGE('',*,*,#1618,.F.);
#817=ORIENTED_EDGE('',*,*,#1619,.T.);
#818=ORIENTED_EDGE('',*,*,#1620,.F.);
#819=CARTESIAN_POINT('',(-0.005,0.005,-0.005));
#820=DIRECTION('',(-0.577350269189626,0.577350269189626,-0.577350269189626));
#821=DIRECTION('',(-0.707106781186548,-0.707106781186548,0.0));
#822=ORIENTED_EDGE('',*,*,#1621,.F.);
#823=ORIENTED_EDGE('',*,*,#1589,.T.);
#824=ORIENTED_EDGE('',*,*,#1622,.T.);
#825=ORIENTED_EDGE('',*,*,#1623,.F.);
#826=ORIENTED_EDGE('',*,*,#1624,.T.);
#827=ORIENTED_EDGE('',*,*,#1587,.T.);
#828=ORIENTED_EDGE('',*,*,#1567,.T.);
#829=ORIENTED_EDGE('',*,*,#1625,.T.);
#830=CARTESIAN_POINT('',(0.0,0.0,-0.01));
#831=DIRECTION('',(-0.577350269189626,-0.577350269189626,0.577350269189626));
#832=DIRECTION('',(0.707106781186547,-0.707106781186547,0.0));
#833=ORIENTED_EDGE('',*,*,#1626,.F.);
#834=ORIENTED_EDGE('',*,*,#1627,.T.);
#835=ORIENTED_EDGE('',*,*,#1509,.T.);
#836=ORIENTED_EDGE('',*,*,#1486,.T.);
#837=ORIENTED_EDGE('',*,*,#1628,.T.);
#838=ORIENTED_EDGE('',*,*,#1629,.F.);
#839=ORIENTED_EDGE('',*,*,#1622,.F.);
#840=ORIENTED_EDGE('',*,*,#1575,.T.);
#841=CARTESIAN_POINT('',(-0.005,0.005,-0.005));
#842=DIRECTION('',(0.577350269189626,-0.577350269189626,-0.577350269189626));
#843=DIRECTION('',(0.707106781186548,0.707106781186548,0.0));
#844=ORIENTED_EDGE('',*,*,#1630,.F.);
#845=ORIENTED_EDGE('',*,*,#1631,.F.);
#846=ORIENTED_EDGE('',*,*,#1632,.F.);
#847=ORIENTED_EDGE('',*,*,#1633,.F.);
#848=ORIENTED_EDGE('',*,*,#1634,.T.);
#849=ORIENTED_EDGE('',*,*,#1569,.T.);
#850=ORIENTED_EDGE('',*,*,#1586,.T.);
#851=ORIENTED_EDGE('',*,*,#1635,.T.);
#852=CARTESIAN_POINT('',(-0.01,-0.01,-0.01));
#853=DIRECTION('',(0.577350269189626,0.577350269189626,0.577350269189626));
#854=DIRECTION('',(-0.707106781186548,0.707106781186548,0.0));
#855=ORIENTED_EDGE('',*,*,#1636,.F.);
#856=ORIENTED_EDGE('',*,*,#1637,.F.);
#857=ORIENTED_EDGE('',*,*,#1638,.T.);
#858=ORIENTED_EDGE('',*,*,#1639,.F.);
#859=ORIENTED_EDGE('',*,*,#1640,.T.);
#860=ORIENTED_EDGE('',*,*,#1556,.T.);
#861=ORIENTED_EDGE('',*,*,#1598,.T.);
#862=ORIENTED_EDGE('',*,*,#1641,.T.);
#863=CARTESIAN_POINT('',(0.01,-0.01,-0.01));
#864=DIRECTION('',(-0.577350269189626,0.577350269189626,0.577350269189626));
#865=DIRECTION('',(-0.707106781186548,-0.707106781186548,0.0));
#866=ORIENTED_EDGE('',*,*,#1642,.F.);
#867=ORIENTED_EDGE('',*,*,#1643,.T.);
#868=ORIENTED_EDGE('',*,*,#1517,.T.);
#869=ORIENTED_EDGE('',*,*,#1578,.T.);
#870=ORIENTED_EDGE('',*,*,#1644,.T.);
#871=ORIENTED_EDGE('',*,*,#1645,.F.);
#872=ORIENTED_EDGE('',*,*,#1646,.T.);
#873=ORIENTED_EDGE('',*,*,#1647,.T.);
#874=CARTESIAN_POINT('',(0.005,0.005,-0.005));
#875=DIRECTION('',(0.577350269189626,0.577350269189626,-0.577350269189626));
#876=DIRECTION('',(-0.707106781186548,0.707106781186548,0.0));
#877=ORIENTED_EDGE('',*,*,#1648,.T.);
#878=ORIENTED_EDGE('',*,*,#1649,.T.);
#879=ORIENTED_EDGE('',*,*,#1650,.T.);
#880=CARTESIAN_POINT('',(0.0,0.0,-0.01));
#881=DIRECTION('',(0.0,0.0,1.0));
#882=DIRECTION('',(1.0,0.0,0.0));
#883=ORIENTED_EDGE('',*,*,#1651,.T.);
#884=ORIENTED_EDGE('',*,*,#1652,.T.);
#885=ORIENTED_EDGE('',*,*,#1653,.T.);
#886=ORIENTED_EDGE('',*,*,#1654,.T.);
#887=CARTESIAN_POINT('',(0.0,0.0,-0.01));
#888=DIRECTION('',(0.0,0.0,1.0));
#889=DIRECTION('',(1.0,0.0,0.0));
#890=ORIENTED_EDGE('',*,*,#1655,.T.);
#891=ORIENTED_EDGE('',*,*,#1656,.T.);
#892=ORIENTED_EDGE('',*,*,#1657,.T.);
#893=CARTESIAN_POINT('',(0.0,0.0,-0.01));
#894=DIRECTION('',(0.0,0.0,1.0));
#895=DIRECTION('',(1.0,0.0,0.0));
#896=ORIENTED_EDGE('',*,*,#1658,.T.);
#897=ORIENTED_EDGE('',*,*,#1659,.T.);
#898=ORIENTED_EDGE('',*,*,#1660,.T.);
#899=CARTESIAN_POINT('',(0.0,0.0,-0.01));
#900=DIRECTION('',(0.0,0.0,1.0));
#901=DIRECTION('',(1.0,0.0,0.0));
#902=ORIENTED_EDGE('',*,*,#1661,.T.);
#903=ORIENTED_EDGE('',*,*,#1662,.T.);
#904=ORIENTED_EDGE('',*,*,#1663,.T.);
#905=CARTESIAN_POINT('',(0.0,0.0,-0.01));
#906=DIRECTION('',(0.0,0.0,1.0));
#907=DIRECTION('',(1.0,0.0,0.0));
#908=ORIENTED_EDGE('',*,*,#1662,.F.);
#909=ORIENTED_EDGE('',*,*,#1664,.F.);
#910=ORIENTED_EDGE('',*,*,#1647,.F.);
#911=ORIENTED_EDGE('',*,*,#1665,.T.);
#912=CARTESIAN_POINT('',(0.0,0.01,0.0));
#913=DIRECTION('',(0.0,1.0,-0.0));
#914=DIRECTION('',(-1.0,0.0,0.0));
#915=ORIENTED_EDGE('',*,*,#1642,.T.);
#916=ORIENTED_EDGE('',*,*,#1664,.T.);
#917=ORIENTED_EDGE('',*,*,#1661,.F.);
#918=ORIENTED_EDGE('',*,*,#1666,.T.);
#919=ORIENTED_EDGE('',*,*,#1645,.T.);
#920=ORIENTED_EDGE('',*,*,#1667,.T.);
#921=ORIENTED_EDGE('',*,*,#1668,.F.);
#922=ORIENTED_EDGE('',*,*,#1669,.T.);
#923=CARTESIAN_POINT('',(0.005,0.005,-0.005));
#924=DIRECTION('',(0.577350269189626,0.577350269189626,-0.577350269189626));
#925=DIRECTION('',(-0.707106781186548,0.707106781186548,0.0));
#926=ORIENTED_EDGE('',*,*,#1636,.T.);
#927=ORIENTED_EDGE('',*,*,#1670,.T.);
#928=ORIENTED_EDGE('',*,*,#1671,.T.);
#929=ORIENTED_EDGE('',*,*,#1672,.T.);
#930=ORIENTED_EDGE('',*,*,#1639,.T.);
#931=ORIENTED_EDGE('',*,*,#1673,.T.);
#932=ORIENTED_EDGE('',*,*,#1659,.F.);
#933=ORIENTED_EDGE('',*,*,#1674,.F.);
#934=CARTESIAN_POINT('',(0.01,-0.01,-0.01));
#935=DIRECTION('',(-0.577350269189626,0.577350269189626,0.577350269189626));
#936=DIRECTION('',(-0.707106781186548,-0.707106781186548,0.0));
#937=ORIENTED_EDGE('',*,*,#1658,.F.);
#938=ORIENTED_EDGE('',*,*,#1675,.T.);
#939=ORIENTED_EDGE('',*,*,#1637,.T.);
#940=ORIENTED_EDGE('',*,*,#1674,.T.);
#941=CARTESIAN_POINT('',(0.0,-0.01,0.0));
#942=DIRECTION('',(0.0,1.0,-0.0));
#943=DIRECTION('',(-1.0,0.0,0.0));
#944=ORIENTED_EDGE('',*,*,#1656,.F.);
#945=ORIENTED_EDGE('',*,*,#1676,.T.);
#946=ORIENTED_EDGE('',*,*,#1632,.T.);
#947=ORIENTED_EDGE('',*,*,#1677,.F.);
#948=CARTESIAN_POINT('',(0.0,-0.01,0.0));
#949=DIRECTION('',(0.0,1.0,-0.0));
#950=DIRECTION('',(-1.0,0.0,0.0));
#951=ORIENTED_EDGE('',*,*,#1630,.T.);
#952=ORIENTED_EDGE('',*,*,#1678,.T.);
#953=ORIENTED_EDGE('',*,*,#1679,.T.);
#954=ORIENTED_EDGE('',*,*,#1680,.T.);
#955=ORIENTED_EDGE('',*,*,#1633,.T.);
#956=ORIENTED_EDGE('',*,*,#1676,.F.);
#957=ORIENTED_EDGE('',*,*,#1655,.F.);
#958=ORIENTED_EDGE('',*,*,#1681,.F.);
#959=CARTESIAN_POINT('',(-0.01,-0.01,-0.01));
#960=DIRECTION('',(0.577350269189626,0.577350269189626,0.577350269189626));
#961=DIRECTION('',(-0.707106781186548,0.707106781186548,0.0));
#962=ORIENTED_EDGE('',*,*,#1626,.T.);
#963=ORIENTED_EDGE('',*,*,#1682,.T.);
#964=ORIENTED_EDGE('',*,*,#1652,.F.);
#965=ORIENTED_EDGE('',*,*,#1683,.F.);
#966=ORIENTED_EDGE('',*,*,#1629,.T.);
#967=ORIENTED_EDGE('',*,*,#1684,.T.);
#968=ORIENTED_EDGE('',*,*,#1685,.T.);
#969=ORIENTED_EDGE('',*,*,#1686,.T.);
#970=CARTESIAN_POINT('',(-0.005,0.005,-0.005));
#971=DIRECTION('',(0.577350269189626,-0.577350269189626,-0.577350269189626));
#972=DIRECTION('',(0.707106781186548,0.707106781186548,0.0));
#973=ORIENTED_EDGE('',*,*,#1621,.T.);
#974=ORIENTED_EDGE('',*,*,#1687,.T.);
#975=ORIENTED_EDGE('',*,*,#1679,.F.);
#976=ORIENTED_EDGE('',*,*,#1688,.T.);
#977=ORIENTED_EDGE('',*,*,#1623,.T.);
#978=ORIENTED_EDGE('',*,*,#1683,.T.);
#979=ORIENTED_EDGE('',*,*,#1651,.F.);
#980=ORIENTED_EDGE('',*,*,#1689,.T.);
#981=CARTESIAN_POINT('',(0.0,0.0,-0.01));
#982=DIRECTION('',(-0.577350269189626,-0.577350269189626,0.577350269189626));
#983=DIRECTION('',(0.707106781186547,-0.707106781186547,0.0));
#984=ORIENTED_EDGE('',*,*,#1649,.F.);
#985=ORIENTED_EDGE('',*,*,#1690,.T.);
#986=ORIENTED_EDGE('',*,*,#1620,.T.);
#987=ORIENTED_EDGE('',*,*,#1691,.T.);
#988=CARTESIAN_POINT('',(-0.01,0.0,0.0));
#989=DIRECTION('',(1.0,0.0,0.0));
#990=DIRECTION('',(0.0,1.0,0.0));
#991=ORIENTED_EDGE('',*,*,#1615,.T.);
#992=ORIENTED_EDGE('',*,*,#1690,.F.);
#993=ORIENTED_EDGE('',*,*,#1648,.F.);
#994=ORIENTED_EDGE('',*,*,#1692,.T.);
#995=ORIENTED_EDGE('',*,*,#1618,.T.);
#996=ORIENTED_EDGE('',*,*,#1693,.T.);
#997=ORIENTED_EDGE('',*,*,#1685,.F.);
#998=ORIENTED_EDGE('',*,*,#1694,.T.);
#999=CARTESIAN_POINT('',(-0.005,0.005,-0.005));
#1000=DIRECTION('',(-0.577350269189626,0.577350269189626,-0.577350269189626));
#1001=DIRECTION('',(-0.707106781186548,-0.707106781186548,0.0));
#1002=ORIENTED_EDGE('',*,*,#1695,.F.);
#1003=ORIENTED_EDGE('',*,*,#1696,.F.);
#1004=ORIENTED_EDGE('',*,*,#1480,.F.);
#1005=CARTESIAN_POINT('',(0.0,0.0,0.01));
#1006=DIRECTION('',(0.0,0.0,1.0));
#1007=DIRECTION('',(1.0,0.0,0.0));
#1008=ORIENTED_EDGE('',*,*,#1697,.F.);
#1009=ORIENTED_EDGE('',*,*,#1454,.F.);
#1010=ORIENTED_EDGE('',*,*,#1698,.F.);
#1011=CARTESIAN_POINT('',(0.0,0.0,0.01));
#1012=DIRECTION('',(0.0,0.0,1.0));
#1013=DIRECTION('',(1.0,0.0,0.0));
#1014=ORIENTED_EDGE('',*,*,#1699,.F.);
#1015=ORIENTED_EDGE('',*,*,#1458,.F.);
#1016=ORIENTED_EDGE('',*,*,#1700,.F.);
#1017=CARTESIAN_POINT('',(0.0,0.0,0.01));
#1018=DIRECTION('',(0.0,0.0,1.0));
#1019=DIRECTION('',(1.0,0.0,0.0));
#1020=ORIENTED_EDGE('',*,*,#1701,.F.);
#1021=ORIENTED_EDGE('',*,*,#1702,.F.);
#1022=ORIENTED_EDGE('',*,*,#1505,.F.);
#1023=CARTESIAN_POINT('',(0.0,0.0,0.01));
#1024=DIRECTION('',(0.0,0.0,1.0));
#1025=DIRECTION('',(1.0,0.0,0.0));
#1026=ORIENTED_EDGE('',*,*,#1525,.F.);
#1027=ORIENTED_EDGE('',*,*,#1476,.F.);
#1028=ORIENTED_EDGE('',*,*,#1466,.F.);
#1029=ORIENTED_EDGE('',*,*,#1528,.F.);
#1030=CARTESIAN_POINT('',(0.0,0.0,0.01));
#1031=DIRECTION('',(0.0,0.0,1.0));
#1032=DIRECTION('',(1.0,0.0,0.0));
#1033=ORIENTED_EDGE('',*,*,#1610,.T.);
#1034=ORIENTED_EDGE('',*,*,#1703,.T.);
#1035=ORIENTED_EDGE('',*,*,#1704,.F.);
#1036=ORIENTED_EDGE('',*,*,#1705,.T.);
#1037=ORIENTED_EDGE('',*,*,#1612,.T.);
#1038=ORIENTED_EDGE('',*,*,#1706,.T.);
#1039=ORIENTED_EDGE('',*,*,#1551,.F.);
#1040=ORIENTED_EDGE('',*,*,#1707,.T.);
#1041=CARTESIAN_POINT('',(0.01,4.43391461432842E-20,-4.43391461432842E-20));
#1042=DIRECTION('',(-0.577350269189626,-0.577350269189626,0.577350269189626));
#1043=DIRECTION('',(0.707106781186548,-0.707106781186547,4.12962635648235E-16));
#1044=ORIENTED_EDGE('',*,*,#1604,.T.);
#1045=ORIENTED_EDGE('',*,*,#1708,.T.);
#1046=ORIENTED_EDGE('',*,*,#1580,.F.);
#1047=ORIENTED_EDGE('',*,*,#1706,.F.);
#1048=ORIENTED_EDGE('',*,*,#1607,.T.);
#1049=ORIENTED_EDGE('',*,*,#1709,.T.);
#1050=ORIENTED_EDGE('',*,*,#1710,.T.);
#1051=ORIENTED_EDGE('',*,*,#1711,.T.);
#1052=CARTESIAN_POINT('',(0.005,0.005,0.005));
#1053=DIRECTION('',(0.577350269189626,-0.577350269189626,-0.577350269189626));
#1054=DIRECTION('',(0.707106781186548,0.707106781186548,0.0));
#1055=ORIENTED_EDGE('',*,*,#1700,.T.);
#1056=ORIENTED_EDGE('',*,*,#1457,.T.);
#1057=ORIENTED_EDGE('',*,*,#1712,.T.);
#1058=ORIENTED_EDGE('',*,*,#1713,.T.);
#1059=CARTESIAN_POINT('',(0.0,-0.01,0.0));
#1060=DIRECTION('',(0.0,1.0,-0.0));
#1061=DIRECTION('',(-1.0,0.0,0.0));
#1062=ORIENTED_EDGE('',*,*,#1714,.T.);
#1063=ORIENTED_EDGE('',*,*,#1596,.T.);
#1064=ORIENTED_EDGE('',*,*,#1715,.T.);
#1065=ORIENTED_EDGE('',*,*,#1600,.T.);
#1066=ORIENTED_EDGE('',*,*,#1533,.T.);
#1067=ORIENTED_EDGE('',*,*,#1716,.T.);
#1068=ORIENTED_EDGE('',*,*,#1563,.T.);
#1069=ORIENTED_EDGE('',*,*,#1717,.T.);
#1070=CARTESIAN_POINT('',(0.0,-0.01,0.0));
#1071=DIRECTION('',(0.0,1.0,-0.0));
#1072=DIRECTION('',(-1.0,0.0,0.0));
#1073=ORIENTED_EDGE('',*,*,#1599,.T.);
#1074=ORIENTED_EDGE('',*,*,#1718,.T.);
#1075=ORIENTED_EDGE('',*,*,#1704,.T.);
#1076=ORIENTED_EDGE('',*,*,#1719,.T.);
#1077=ORIENTED_EDGE('',*,*,#1601,.T.);
#1078=ORIENTED_EDGE('',*,*,#1715,.F.);
#1079=ORIENTED_EDGE('',*,*,#1595,.F.);
#1080=ORIENTED_EDGE('',*,*,#1720,.F.);
#1081=CARTESIAN_POINT('',(4.43391461432842E-20,-0.01,4.43391461432842E-20));
#1082=DIRECTION('',(0.577350269189626,0.577350269189626,0.577350269189626));
#1083=DIRECTION('',(-0.707106781186547,0.707106781186548,-4.12962635648235E-16));
#1084=ORIENTED_EDGE('',*,*,#1594,.T.);
#1085=ORIENTED_EDGE('',*,*,#1591,.F.);
#1086=ORIENTED_EDGE('',*,*,#1721,.F.);
#1087=ORIENTED_EDGE('',*,*,#1670,.F.);
#1088=ORIENTED_EDGE('',*,*,#1641,.F.);
#1089=ORIENTED_EDGE('',*,*,#1597,.T.);
#1090=ORIENTED_EDGE('',*,*,#1714,.F.);
#1091=ORIENTED_EDGE('',*,*,#1722,.F.);
#1092=CARTESIAN_POINT('',(4.43391461432842E-20,-0.01,-4.43391461432842E-20));
#1093=DIRECTION('',(0.577350269189626,0.577350269189626,-0.577350269189626));
#1094=DIRECTION('',(-0.707106781186547,0.707106781186548,4.12962635648235E-16));
#1095=ORIENTED_EDGE('',*,*,#1698,.T.);
#1096=ORIENTED_EDGE('',*,*,#1453,.F.);
#1097=ORIENTED_EDGE('',*,*,#1723,.F.);
#1098=ORIENTED_EDGE('',*,*,#1724,.F.);
#1099=CARTESIAN_POINT('',(0.0,0.01,0.0));
#1100=DIRECTION('',(0.0,1.0,-0.0));
#1101=DIRECTION('',(-1.0,0.0,0.0));
#1102=ORIENTED_EDGE('',*,*,#1725,.F.);
#1103=ORIENTED_EDGE('',*,*,#1519,.F.);
#1104=ORIENTED_EDGE('',*,*,#1726,.F.);
#1105=ORIENTED_EDGE('',*,*,#1727,.F.);
#1106=ORIENTED_EDGE('',*,*,#1513,.F.);
#1107=ORIENTED_EDGE('',*,*,#1728,.F.);
#1108=ORIENTED_EDGE('',*,*,#1548,.F.);
#1109=ORIENTED_EDGE('',*,*,#1542,.F.);
#1110=CARTESIAN_POINT('',(0.0,0.01,0.0));
#1111=DIRECTION('',(0.0,1.0,-0.0));
#1112=DIRECTION('',(-1.0,0.0,0.0));
#1113=ORIENTED_EDGE('',*,*,#1588,.T.);
#1114=ORIENTED_EDGE('',*,*,#1729,.T.);
#1115=ORIENTED_EDGE('',*,*,#1671,.F.);
#1116=ORIENTED_EDGE('',*,*,#1721,.T.);
#1117=ORIENTED_EDGE('',*,*,#1590,.T.);
#1118=ORIENTED_EDGE('',*,*,#1689,.F.);
#1119=ORIENTED_EDGE('',*,*,#1654,.F.);
#1120=ORIENTED_EDGE('',*,*,#1730,.T.);
#1121=CARTESIAN_POINT('',(0.0,0.0,-0.01));
#1122=DIRECTION('',(0.577350269189626,-0.577350269189626,0.577350269189626));
#1123=DIRECTION('',(0.707106781186547,0.707106781186547,0.0));
#1124=ORIENTED_EDGE('',*,*,#1582,.T.);
#1125=ORIENTED_EDGE('',*,*,#1624,.F.);
#1126=ORIENTED_EDGE('',*,*,#1688,.F.);
#1127=ORIENTED_EDGE('',*,*,#1678,.F.);
#1128=ORIENTED_EDGE('',*,*,#1635,.F.);
#1129=ORIENTED_EDGE('',*,*,#1585,.T.);
#1130=ORIENTED_EDGE('',*,*,#1731,.F.);
#1131=ORIENTED_EDGE('',*,*,#1732,.T.);
#1132=CARTESIAN_POINT('',(-0.01,-4.43391461432842E-20,-4.43391461432842E-20));
#1133=DIRECTION('',(0.577350269189626,-0.577350269189626,-0.577350269189626));
#1134=DIRECTION('',(0.707106781186548,0.707106781186547,4.12962635648235E-16));
#1135=ORIENTED_EDGE('',*,*,#1577,.T.);
#1136=ORIENTED_EDGE('',*,*,#1733,.T.);
#1137=ORIENTED_EDGE('',*,*,#1734,.F.);
#1138=ORIENTED_EDGE('',*,*,#1579,.T.);
#1139=ORIENTED_EDGE('',*,*,#1571,.F.);
#1140=ORIENTED_EDGE('',*,*,#1735,.F.);
#1141=ORIENTED_EDGE('',*,*,#1667,.F.);
#1142=ORIENTED_EDGE('',*,*,#1644,.F.);
#1143=CARTESIAN_POINT('',(0.005,0.005,-0.005));
#1144=DIRECTION('',(0.577350269189626,-0.577350269189626,0.577350269189626));
#1145=DIRECTION('',(0.707106781186548,0.707106781186548,0.0));
#1146=ORIENTED_EDGE('',*,*,#1570,.T.);
#1147=ORIENTED_EDGE('',*,*,#1730,.F.);
#1148=ORIENTED_EDGE('',*,*,#1653,.F.);
#1149=ORIENTED_EDGE('',*,*,#1682,.F.);
#1150=ORIENTED_EDGE('',*,*,#1574,.T.);
#1151=ORIENTED_EDGE('',*,*,#1736,.T.);
#1152=ORIENTED_EDGE('',*,*,#1668,.T.);
#1153=ORIENTED_EDGE('',*,*,#1735,.T.);
#1154=CARTESIAN_POINT('',(0.005,0.005,-0.005));
#1155=DIRECTION('',(-0.577350269189626,-0.577350269189626,-0.577350269189626));
#1156=DIRECTION('',(0.707106781186548,-0.707106781186548,0.0));
#1157=ORIENTED_EDGE('',*,*,#1562,.T.);
#1158=ORIENTED_EDGE('',*,*,#1634,.F.);
#1159=ORIENTED_EDGE('',*,*,#1680,.F.);
#1160=ORIENTED_EDGE('',*,*,#1687,.F.);
#1161=ORIENTED_EDGE('',*,*,#1625,.F.);
#1162=ORIENTED_EDGE('',*,*,#1566,.T.);
#1163=ORIENTED_EDGE('',*,*,#1722,.T.);
#1164=ORIENTED_EDGE('',*,*,#1717,.F.);
#1165=CARTESIAN_POINT('',(4.43391461432842E-20,-0.01,4.43391461432842E-20));
#1166=DIRECTION('',(-0.577350269189626,0.577350269189626,-0.577350269189626));
#1167=DIRECTION('',(-0.707106781186547,-0.707106781186548,-4.12962635648235E-16));
#1168=ORIENTED_EDGE('',*,*,#1557,.T.);
#1169=ORIENTED_EDGE('',*,*,#1737,.T.);
#1170=ORIENTED_EDGE('',*,*,#1738,.F.);
#1171=ORIENTED_EDGE('',*,*,#1739,.T.);
#1172=ORIENTED_EDGE('',*,*,#1559,.T.);
#1173=ORIENTED_EDGE('',*,*,#1740,.F.);
#1174=ORIENTED_EDGE('',*,*,#1583,.F.);
#1175=ORIENTED_EDGE('',*,*,#1741,.T.);
#1176=CARTESIAN_POINT('',(-0.01,-4.43391461432842E-20,4.43391461432842E-20));
#1177=DIRECTION('',(0.577350269189626,-0.577350269189626,0.577350269189626));
#1178=DIRECTION('',(0.707106781186548,0.707106781186547,-4.12962635648235E-16));
#1179=ORIENTED_EDGE('',*,*,#1549,.T.);
#1180=ORIENTED_EDGE('',*,*,#1640,.F.);
#1181=ORIENTED_EDGE('',*,*,#1672,.F.);
#1182=ORIENTED_EDGE('',*,*,#1729,.F.);
#1183=ORIENTED_EDGE('',*,*,#1593,.F.);
#1184=ORIENTED_EDGE('',*,*,#1553,.T.);
#1185=ORIENTED_EDGE('',*,*,#1734,.T.);
#1186=ORIENTED_EDGE('',*,*,#1742,.T.);
#1187=CARTESIAN_POINT('',(0.01,4.43391461432842E-20,4.43391461432842E-20));
#1188=DIRECTION('',(-0.577350269189626,-0.577350269189626,-0.577350269189626));
#1189=DIRECTION('',(0.707106781186548,-0.707106781186547,-4.12962635648235E-16));
#1190=ORIENTED_EDGE('',*,*,#1544,.T.);
#1191=ORIENTED_EDGE('',*,*,#1728,.T.);
#1192=ORIENTED_EDGE('',*,*,#1512,.F.);
#1193=ORIENTED_EDGE('',*,*,#1743,.T.);
#1194=ORIENTED_EDGE('',*,*,#1547,.T.);
#1195=ORIENTED_EDGE('',*,*,#1744,.T.);
#1196=ORIENTED_EDGE('',*,*,#1745,.F.);
#1197=ORIENTED_EDGE('',*,*,#1746,.T.);
#1198=CARTESIAN_POINT('',(-0.005,0.005,0.005));
#1199=DIRECTION('',(0.577350269189626,0.577350269189626,-0.577350269189626));
#1200=DIRECTION('',(-0.707106781186548,0.707106781186548,0.0));
#1201=ORIENTED_EDGE('',*,*,#1538,.T.);
#1202=ORIENTED_EDGE('',*,*,#1743,.F.);
#1203=ORIENTED_EDGE('',*,*,#1520,.F.);
#1204=ORIENTED_EDGE('',*,*,#1725,.T.);
#1205=ORIENTED_EDGE('',*,*,#1541,.T.);
#1206=ORIENTED_EDGE('',*,*,#1747,.T.);
#1207=ORIENTED_EDGE('',*,*,#1710,.F.);
#1208=ORIENTED_EDGE('',*,*,#1748,.T.);
#1209=CARTESIAN_POINT('',(0.005,0.005,0.005));
#1210=DIRECTION('',(-0.577350269189626,0.577350269189626,-0.577350269189626));
#1211=DIRECTION('',(-0.707106781186548,-0.707106781186548,0.0));
#1212=ORIENTED_EDGE('',*,*,#1532,.T.);
#1213=ORIENTED_EDGE('',*,*,#1749,.T.);
#1214=ORIENTED_EDGE('',*,*,#1738,.T.);
#1215=ORIENTED_EDGE('',*,*,#1750,.T.);
#1216=ORIENTED_EDGE('',*,*,#1535,.T.);
#1217=ORIENTED_EDGE('',*,*,#1720,.T.);
#1218=ORIENTED_EDGE('',*,*,#1564,.F.);
#1219=ORIENTED_EDGE('',*,*,#1716,.F.);
#1220=CARTESIAN_POINT('',(4.43391461432842E-20,-0.01,-4.43391461432842E-20));
#1221=DIRECTION('',(-0.577350269189626,0.577350269189626,0.577350269189626));
#1222=DIRECTION('',(-0.707106781186547,-0.707106781186548,4.12962635648235E-16));
#1223=ORIENTED_EDGE('',*,*,#1527,.T.);
#1224=ORIENTED_EDGE('',*,*,#1613,.F.);
#1225=ORIENTED_EDGE('',*,*,#1705,.F.);
#1226=ORIENTED_EDGE('',*,*,#1718,.F.);
#1227=ORIENTED_EDGE('',*,*,#1603,.F.);
#1228=ORIENTED_EDGE('',*,*,#1529,.T.);
#1229=ORIENTED_EDGE('',*,*,#1751,.F.);
#1230=ORIENTED_EDGE('',*,*,#1752,.T.);
#1231=CARTESIAN_POINT('',(0.0,0.0,0.01));
#1232=DIRECTION('',(0.577350269189626,-0.577350269189626,-0.577350269189626));
#1233=DIRECTION('',(0.707106781186547,0.707106781186547,0.0));
#1234=ORIENTED_EDGE('',*,*,#1521,.T.);
#1235=ORIENTED_EDGE('',*,*,#1752,.F.);
#1236=ORIENTED_EDGE('',*,*,#1753,.F.);
#1237=ORIENTED_EDGE('',*,*,#1524,.T.);
#1238=ORIENTED_EDGE('',*,*,#1539,.F.);
#1239=ORIENTED_EDGE('',*,*,#1748,.F.);
#1240=ORIENTED_EDGE('',*,*,#1709,.F.);
#1241=ORIENTED_EDGE('',*,*,#1606,.F.);
#1242=CARTESIAN_POINT('',(0.005,0.005,0.005));
#1243=DIRECTION('',(-0.577350269189626,-0.577350269189626,0.577350269189626));
#1244=DIRECTION('',(0.707106781186548,-0.707106781186548,0.0));
#1245=ORIENTED_EDGE('',*,*,#1514,.T.);
#1246=ORIENTED_EDGE('',*,*,#1754,.F.);
#1247=ORIENTED_EDGE('',*,*,#1726,.T.);
#1248=ORIENTED_EDGE('',*,*,#1518,.T.);
#1249=ORIENTED_EDGE('',*,*,#1643,.F.);
#1250=ORIENTED_EDGE('',*,*,#1669,.F.);
#1251=ORIENTED_EDGE('',*,*,#1736,.F.);
#1252=ORIENTED_EDGE('',*,*,#1573,.F.);
#1253=CARTESIAN_POINT('',(0.005,0.005,-0.005));
#1254=DIRECTION('',(-0.577350269189626,0.577350269189626,0.577350269189626));
#1255=DIRECTION('',(-0.707106781186548,-0.707106781186548,0.0));
#1256=ORIENTED_EDGE('',*,*,#1507,.T.);
#1257=ORIENTED_EDGE('',*,*,#1727,.T.);
#1258=ORIENTED_EDGE('',*,*,#1754,.T.);
#1259=ORIENTED_EDGE('',*,*,#1510,.T.);
#1260=ORIENTED_EDGE('',*,*,#1627,.F.);
#1261=ORIENTED_EDGE('',*,*,#1686,.F.);
#1262=ORIENTED_EDGE('',*,*,#1693,.F.);
#1263=ORIENTED_EDGE('',*,*,#1617,.F.);
#1264=CARTESIAN_POINT('',(-0.005,0.005,-0.005));
#1265=DIRECTION('',(0.577350269189626,0.577350269189626,0.577350269189626));
#1266=DIRECTION('',(-0.707106781186548,0.707106781186548,0.0));
#1267=ORIENTED_EDGE('',*,*,#1499,.T.);
#1268=ORIENTED_EDGE('',*,*,#1755,.T.);
#1269=ORIENTED_EDGE('',*,*,#1756,.T.);
#1270=ORIENTED_EDGE('',*,*,#1503,.T.);
#1271=ORIENTED_EDGE('',*,*,#1605,.F.);
#1272=ORIENTED_EDGE('',*,*,#1711,.F.);
#1273=ORIENTED_EDGE('',*,*,#1747,.F.);
#1274=ORIENTED_EDGE('',*,*,#1540,.F.);
#1275=CARTESIAN_POINT('',(0.005,0.005,0.005));
#1276=DIRECTION('',(0.577350269189626,0.577350269189626,0.577350269189626));
#1277=DIRECTION('',(-0.707106781186548,0.707106781186548,0.0));
#1278=ORIENTED_EDGE('',*,*,#1581,.F.);
#1279=ORIENTED_EDGE('',*,*,#1708,.F.);
#1280=ORIENTED_EDGE('',*,*,#1609,.F.);
#1281=ORIENTED_EDGE('',*,*,#1611,.F.);
#1282=ORIENTED_EDGE('',*,*,#1707,.F.);
#1283=ORIENTED_EDGE('',*,*,#1550,.F.);
#1284=ORIENTED_EDGE('',*,*,#1742,.F.);
#1285=ORIENTED_EDGE('',*,*,#1733,.F.);
#1286=CARTESIAN_POINT('',(0.01,0.0,0.0));
#1287=DIRECTION('',(1.0,0.0,0.0));
#1288=DIRECTION('',(0.0,1.0,0.0));
#1289=ORIENTED_EDGE('',*,*,#1663,.F.);
#1290=ORIENTED_EDGE('',*,*,#1665,.F.);
#1291=ORIENTED_EDGE('',*,*,#1646,.F.);
#1292=ORIENTED_EDGE('',*,*,#1666,.F.);
#1293=CARTESIAN_POINT('',(0.01,0.0,0.0));
#1294=DIRECTION('',(1.0,0.0,0.0));
#1295=DIRECTION('',(0.0,1.0,0.0));
#1296=ORIENTED_EDGE('',*,*,#1701,.T.);
#1297=ORIENTED_EDGE('',*,*,#1504,.F.);
#1298=ORIENTED_EDGE('',*,*,#1756,.F.);
#1299=ORIENTED_EDGE('',*,*,#1757,.F.);
#1300=CARTESIAN_POINT('',(0.01,0.0,0.0));
#1301=DIRECTION('',(1.0,0.0,0.0));
#1302=DIRECTION('',(0.0,1.0,0.0));
#1303=ORIENTED_EDGE('',*,*,#1660,.F.);
#1304=ORIENTED_EDGE('',*,*,#1673,.F.);
#1305=ORIENTED_EDGE('',*,*,#1638,.F.);
#1306=ORIENTED_EDGE('',*,*,#1675,.F.);
#1307=CARTESIAN_POINT('',(0.01,0.0,0.0));
#1308=DIRECTION('',(1.0,0.0,0.0));
#1309=DIRECTION('',(0.0,1.0,0.0));
#1310=ORIENTED_EDGE('',*,*,#1699,.T.);
#1311=ORIENTED_EDGE('',*,*,#1713,.F.);
#1312=ORIENTED_EDGE('',*,*,#1758,.F.);
#1313=ORIENTED_EDGE('',*,*,#1459,.F.);
#1314=CARTESIAN_POINT('',(0.01,0.0,0.0));
#1315=DIRECTION('',(1.0,0.0,0.0));
#1316=DIRECTION('',(0.0,1.0,0.0));
#1317=ORIENTED_EDGE('',*,*,#1493,.T.);
#1318=ORIENTED_EDGE('',*,*,#1741,.F.);
#1319=ORIENTED_EDGE('',*,*,#1491,.F.);
#1320=ORIENTED_EDGE('',*,*,#1759,.F.);
#1321=ORIENTED_EDGE('',*,*,#1496,.T.);
#1322=ORIENTED_EDGE('',*,*,#1760,.T.);
#1323=ORIENTED_EDGE('',*,*,#1745,.T.);
#1324=ORIENTED_EDGE('',*,*,#1761,.T.);
#1325=CARTESIAN_POINT('',(-0.005,0.005,0.005));
#1326=DIRECTION('',(-0.577350269189626,-0.577350269189626,-0.577350269189626));
#1327=DIRECTION('',(0.707106781186548,-0.707106781186548,0.0));
#1328=ORIENTED_EDGE('',*,*,#1485,.T.);
#1329=ORIENTED_EDGE('',*,*,#1732,.F.);
#1330=ORIENTED_EDGE('',*,*,#1762,.F.);
#1331=ORIENTED_EDGE('',*,*,#1489,.T.);
#1332=ORIENTED_EDGE('',*,*,#1616,.F.);
#1333=ORIENTED_EDGE('',*,*,#1694,.F.);
#1334=ORIENTED_EDGE('',*,*,#1684,.F.);
#1335=ORIENTED_EDGE('',*,*,#1628,.F.);
#1336=CARTESIAN_POINT('',(-0.005,0.005,-0.005));
#1337=DIRECTION('',(-0.577350269189626,-0.577350269189626,0.577350269189626));
#1338=DIRECTION('',(0.707106781186548,-0.707106781186548,0.0));
#1339=ORIENTED_EDGE('',*,*,#1478,.T.);
#1340=ORIENTED_EDGE('',*,*,#1560,.F.);
#1341=ORIENTED_EDGE('',*,*,#1739,.F.);
#1342=ORIENTED_EDGE('',*,*,#1749,.F.);
#1343=ORIENTED_EDGE('',*,*,#1537,.F.);
#1344=ORIENTED_EDGE('',*,*,#1482,.T.);
#1345=ORIENTED_EDGE('',*,*,#1763,.F.);
#1346=ORIENTED_EDGE('',*,*,#1764,.F.);
#1347=CARTESIAN_POINT('',(-0.01,-0.01,0.01));
#1348=DIRECTION('',(0.577350269189626,0.577350269189626,-0.577350269189626));
#1349=DIRECTION('',(-0.707106781186548,0.707106781186548,0.0));
#1350=ORIENTED_EDGE('',*,*,#1650,.F.);
#1351=ORIENTED_EDGE('',*,*,#1691,.F.);
#1352=ORIENTED_EDGE('',*,*,#1619,.F.);
#1353=ORIENTED_EDGE('',*,*,#1692,.F.);
#1354=CARTESIAN_POINT('',(0.0,0.01,0.0));
#1355=DIRECTION('',(0.0,1.0,-0.0));
#1356=DIRECTION('',(-1.0,0.0,0.0));
#1357=ORIENTED_EDGE('',*,*,#1697,.T.);
#1358=ORIENTED_EDGE('',*,*,#1724,.T.);
#1359=ORIENTED_EDGE('',*,*,#1765,.T.);
#1360=ORIENTED_EDGE('',*,*,#1455,.T.);
#1361=CARTESIAN_POINT('',(-0.01,0.0,0.0));
#1362=DIRECTION('',(1.0,0.0,0.0));
#1363=DIRECTION('',(0.0,1.0,0.0));
#1364=ORIENTED_EDGE('',*,*,#1695,.T.);
#1365=ORIENTED_EDGE('',*,*,#1479,.T.);
#1366=ORIENTED_EDGE('',*,*,#1764,.T.);
#1367=ORIENTED_EDGE('',*,*,#1766,.T.);
#1368=CARTESIAN_POINT('',(-0.01,0.0,0.0));
#1369=DIRECTION('',(1.0,0.0,0.0));
#1370=DIRECTION('',(0.0,1.0,0.0));
#1371=ORIENTED_EDGE('',*,*,#1657,.F.);
#1372=ORIENTED_EDGE('',*,*,#1677,.T.);
#1373=ORIENTED_EDGE('',*,*,#1631,.T.);
#1374=ORIENTED_EDGE('',*,*,#1681,.T.);
#1375=CARTESIAN_POINT('',(-0.01,0.0,0.0));
#1376=DIRECTION('',(1.0,0.0,0.0));
#1377=DIRECTION('',(0.0,1.0,0.0));
#1378=ORIENTED_EDGE('',*,*,#1497,.T.);
#1379=ORIENTED_EDGE('',*,*,#1759,.T.);
#1380=ORIENTED_EDGE('',*,*,#1490,.T.);
#1381=ORIENTED_EDGE('',*,*,#1762,.T.);
#1382=ORIENTED_EDGE('',*,*,#1731,.T.);
#1383=ORIENTED_EDGE('',*,*,#1584,.T.);
#1384=ORIENTED_EDGE('',*,*,#1740,.T.);
#1385=ORIENTED_EDGE('',*,*,#1558,.T.);
#1386=CARTESIAN_POINT('',(-0.01,0.0,0.0));
#1387=DIRECTION('',(1.0,0.0,0.0));
#1388=DIRECTION('',(0.0,1.0,0.0));
#1389=ORIENTED_EDGE('',*,*,#1472,.T.);
#1390=ORIENTED_EDGE('',*,*,#1753,.T.);
#1391=ORIENTED_EDGE('',*,*,#1767,.F.);
#1392=ORIENTED_EDGE('',*,*,#1475,.T.);
#1393=ORIENTED_EDGE('',*,*,#1494,.F.);
#1394=ORIENTED_EDGE('',*,*,#1761,.F.);
#1395=ORIENTED_EDGE('',*,*,#1744,.F.);
#1396=ORIENTED_EDGE('',*,*,#1546,.F.);
#1397=CARTESIAN_POINT('',(-0.005,0.005,0.005));
#1398=DIRECTION('',(0.577350269189626,-0.577350269189626,0.577350269189626));
#1399=DIRECTION('',(0.707106781186548,0.707106781186548,0.0));
#1400=ORIENTED_EDGE('',*,*,#1464,.T.);
#1401=ORIENTED_EDGE('',*,*,#1536,.F.);
#1402=ORIENTED_EDGE('',*,*,#1750,.F.);
#1403=ORIENTED_EDGE('',*,*,#1737,.F.);
#1404=ORIENTED_EDGE('',*,*,#1561,.F.);
#1405=ORIENTED_EDGE('',*,*,#1468,.T.);
#1406=ORIENTED_EDGE('',*,*,#1767,.T.);
#1407=ORIENTED_EDGE('',*,*,#1751,.T.);
#1408=CARTESIAN_POINT('',(0.0,0.0,0.01));
#1409=DIRECTION('',(-0.577350269189626,-0.577350269189626,-0.577350269189626));
#1410=DIRECTION('',(0.707106781186547,-0.707106781186547,0.0));
#1411=ORIENTED_EDGE('',*,*,#1702,.T.);
#1412=ORIENTED_EDGE('',*,*,#1757,.T.);
#1413=ORIENTED_EDGE('',*,*,#1755,.F.);
#1414=ORIENTED_EDGE('',*,*,#1506,.F.);
#1415=CARTESIAN_POINT('',(0.0,0.01,0.0));
#1416=DIRECTION('',(0.0,1.0,-0.0));
#1417=DIRECTION('',(-1.0,0.0,0.0));
#1418=ORIENTED_EDGE('',*,*,#1456,.T.);
#1419=ORIENTED_EDGE('',*,*,#1602,.F.);
#1420=ORIENTED_EDGE('',*,*,#1719,.F.);
#1421=ORIENTED_EDGE('',*,*,#1703,.F.);
#1422=ORIENTED_EDGE('',*,*,#1614,.F.);
#1423=ORIENTED_EDGE('',*,*,#1460,.T.);
#1424=ORIENTED_EDGE('',*,*,#1758,.T.);
#1425=ORIENTED_EDGE('',*,*,#1712,.F.);
#1426=CARTESIAN_POINT('',(0.01,-0.01,0.01));
#1427=DIRECTION('',(-0.577350269189626,0.577350269189626,-0.577350269189626));
#1428=DIRECTION('',(-0.707106781186548,-0.707106781186548,0.0));
#1429=ORIENTED_EDGE('',*,*,#1448,.T.);
#1430=ORIENTED_EDGE('',*,*,#1765,.F.);
#1431=ORIENTED_EDGE('',*,*,#1723,.T.);
#1432=ORIENTED_EDGE('',*,*,#1452,.T.);
#1433=ORIENTED_EDGE('',*,*,#1545,.F.);
#1434=ORIENTED_EDGE('',*,*,#1746,.F.);
#1435=ORIENTED_EDGE('',*,*,#1760,.F.);
#1436=ORIENTED_EDGE('',*,*,#1495,.F.);
#1437=CARTESIAN_POINT('',(-0.005,0.005,0.005));
#1438=DIRECTION('',(-0.577350269189626,0.577350269189626,0.577350269189626));
#1439=DIRECTION('',(-0.707106781186548,-0.707106781186548,0.0));
#1440=ORIENTED_EDGE('',*,*,#1696,.T.);
#1441=ORIENTED_EDGE('',*,*,#1766,.F.);
#1442=ORIENTED_EDGE('',*,*,#1763,.T.);
#1443=ORIENTED_EDGE('',*,*,#1481,.T.);
#1444=CARTESIAN_POINT('',(0.0,-0.01,0.0));
#1445=DIRECTION('',(0.0,1.0,-0.0));
#1446=DIRECTION('',(-1.0,0.0,0.0));
#1447=COLOUR_RGB('',0.560784339904785,0.686274528503418,0.560784339904785);
#1448=EDGE_CURVE('',#1768,#1769,#1770,.T.);
#1449=EDGE_CURVE('7:9722',#1771,#1768,#1772,.T.);
#1450=EDGE_CURVE('7:9704',#1773,#1771,#1774,.T.);
#1451=EDGE_CURVE('7:9716',#1775,#1773,#1776,.T.);
#1452=EDGE_CURVE('',#1777,#1775,#1778,.T.);
#1453=EDGE_CURVE('7:17104',#1777,#1779,#1780,.T.);
#1454=EDGE_CURVE('7:16968',#1779,#1781,#1782,.T.);
#1455=EDGE_CURVE('7:17084',#1769,#1781,#1783,.T.);
#1456=EDGE_CURVE('',#1784,#1785,#1786,.T.);
#1457=EDGE_CURVE('7:17077',#1787,#1784,#1788,.T.);
#1458=EDGE_CURVE('7:16959',#1787,#1789,#1790,.T.);
#1459=EDGE_CURVE('7:17057',#1789,#1791,#1792,.T.);
#1460=EDGE_CURVE('',#1793,#1791,#1794,.T.);
#1461=EDGE_CURVE('7:9632',#1795,#1793,#1796,.T.);
#1462=EDGE_CURVE('7:9581',#1795,#1797,#1798,.T.);
#1463=EDGE_CURVE('7:9557',#1785,#1797,#1799,.T.);
#1464=EDGE_CURVE('',#1800,#1801,#1802,.T.);
#1465=EDGE_CURVE('7:17014',#1800,#1803,#1804,.T.);
#1466=EDGE_CURVE('7:16944',#1803,#1805,#1806,.T.);
#1467=EDGE_CURVE('7:17007',#1805,#1807,#1808,.T.);
#1468=EDGE_CURVE('',#1809,#1807,#1810,.T.);
#1469=EDGE_CURVE('7:9512',#1811,#1809,#1812,.T.);
#1470=EDGE_CURVE('7:9494',#1813,#1811,#1814,.T.);
#1471=EDGE_CURVE('7:9503',#1801,#1813,#1815,.T.);
#1472=EDGE_CURVE('',#1816,#1817,#1818,.T.);
#1473=EDGE_CURVE('7:9746',#1773,#1816,#1819,.T.);
#1474=EDGE_CURVE('7:9659',#1820,#1771,#1821,.T.);
#1475=EDGE_CURVE('',#1807,#1820,#1822,.T.);
#1476=EDGE_CURVE('7:16938',#1805,#1823,#1824,.T.);
#1477=EDGE_CURVE('7:16987',#1823,#1817,#1825,.T.);
#1478=EDGE_CURVE('',#1826,#1827,#1828,.T.);
#1479=EDGE_CURVE('7:17127',#1829,#1826,#1830,.T.);
#1480=EDGE_CURVE('7:16980',#1829,#1831,#1832,.T.);
#1481=EDGE_CURVE('7:17134',#1833,#1831,#1834,.T.);
#1482=EDGE_CURVE('',#1835,#1833,#1836,.T.);
#1483=EDGE_CURVE('7:9539',#1813,#1835,#1837,.T.);
#1484=EDGE_CURVE('7:9464',#1827,#1811,#1838,.T.);
#1485=EDGE_CURVE('',#1839,#1840,#1841,.T.);
#1486=EDGE_CURVE('7:9071',#1842,#1839,#1843,.T.);
#1487=EDGE_CURVE('7:9026',#1842,#1844,#1845,.T.);
#1488=EDGE_CURVE('7:8993',#1846,#1844,#1847,.T.);
#1489=EDGE_CURVE('',#1848,#1846,#1849,.T.);
#1490=EDGE_CURVE('7:15290',#1850,#1848,#1851,.T.);
#1491=EDGE_CURVE('7:15379',#1850,#1852,#1853,.T.);
#1492=EDGE_CURVE('7:15399',#1840,#1852,#1854,.T.);
#1493=EDGE_CURVE('',#1855,#1856,#1857,.T.);
#1494=EDGE_CURVE('7:9659',#1855,#1820,#1858,.T.);
#1495=EDGE_CURVE('7:9722',#1768,#1859,#1860,.T.);
#1496=EDGE_CURVE('',#1861,#1859,#1862,.T.);
#1497=EDGE_CURVE('7:15287',#1863,#1861,#1864,.T.);
#1498=EDGE_CURVE('7:15366',#1856,#1863,#1865,.T.);
#1499=EDGE_CURVE('',#1866,#1867,#1868,.T.);
#1500=EDGE_CURVE('7:9836',#1869,#1866,#1870,.T.);
#1501=EDGE_CURVE('7:9818',#1871,#1869,#1872,.T.);
#1502=EDGE_CURVE('7:9830',#1873,#1871,#1874,.T.);
#1503=EDGE_CURVE('',#1875,#1873,#1876,.T.);
#1504=EDGE_CURVE('7:17034',#1875,#1877,#1878,.T.);
#1505=EDGE_CURVE('7:16953',#1877,#1879,#1880,.T.);
#1506=EDGE_CURVE('7:17047',#1879,#1867,#1881,.T.);
#1507=EDGE_CURVE('',#1882,#1883,#1884,.T.);
#1508=EDGE_CURVE('7:9044',#1844,#1882,#1885,.T.);
#1509=EDGE_CURVE('7:9035',#1886,#1842,#1887,.T.);
#1510=EDGE_CURVE('',#1888,#1886,#1889,.T.);
#1511=EDGE_CURVE('7:12407',#1888,#1890,#1891,.T.);
#1512=EDGE_CURVE('7:12414',#1890,#1892,#1893,.T.);
#1513=EDGE_CURVE('7:12356',#1892,#1883,#1894,.T.);
#1514=EDGE_CURVE('',#1895,#1888,#1896,.T.);
#1515=EDGE_CURVE('7:9143',#1897,#1895,#1898,.T.);
#1516=EDGE_CURVE('7:9122',#1899,#1897,#1900,.T.);
#1517=EDGE_CURVE('7:9137',#1901,#1899,#1902,.T.);
#1518=EDGE_CURVE('',#1903,#1901,#1904,.T.);
#1519=EDGE_CURVE('7:12350',#1903,#1905,#1906,.T.);
#1520=EDGE_CURVE('7:12387',#1905,#1890,#1907,.T.);
#1521=EDGE_CURVE('',#1908,#1909,#1910,.T.);
#1522=EDGE_CURVE('7:9863',#1871,#1908,#1911,.T.);
#1523=EDGE_CURVE('7:9773',#1912,#1869,#1913,.T.);
#1524=EDGE_CURVE('',#1817,#1912,#1914,.T.);
#1525=EDGE_CURVE('7:16935',#1823,#1915,#1916,.T.);
#1526=EDGE_CURVE('7:16994',#1909,#1915,#1917,.T.);
#1527=EDGE_CURVE('',#1909,#1918,#1919,.T.);
#1528=EDGE_CURVE('7:16941',#1915,#1803,#1920,.T.);
#1529=EDGE_CURVE('',#1921,#1800,#1922,.T.);
#1530=EDGE_CURVE('7:9605',#1797,#1921,#1923,.T.);
#1531=EDGE_CURVE('7:9599',#1918,#1795,#1924,.T.);
#1532=EDGE_CURVE('',#1925,#1926,#1927,.T.);
#1533=EDGE_CURVE('7:12937',#1928,#1925,#1929,.T.);
#1534=EDGE_CURVE('7:13058',#1928,#1930,#1931,.T.);
#1535=EDGE_CURVE('',#1932,#1930,#1933,.T.);
#1536=EDGE_CURVE('7:9503',#1932,#1801,#1934,.T.);
#1537=EDGE_CURVE('7:9539',#1835,#1926,#1935,.T.);
#1538=EDGE_CURVE('',#1936,#1937,#1938,.T.);
#1539=EDGE_CURVE('7:9773',#1936,#1912,#1939,.T.);
#1540=EDGE_CURVE('7:9836',#1866,#1940,#1941,.T.);
#1541=EDGE_CURVE('',#1942,#1940,#1943,.T.);
#1542=EDGE_CURVE('7:12347',#1942,#1944,#1945,.T.);
#1543=EDGE_CURVE('7:12394',#1937,#1944,#1946,.T.);
#1544=EDGE_CURVE('',#1947,#1948,#1949,.T.);
#1545=EDGE_CURVE('7:9716',#1947,#1775,#1950,.T.);
#1546=EDGE_CURVE('7:9746',#1816,#1951,#1952,.T.);
#1547=EDGE_CURVE('',#1937,#1951,#1953,.T.);
#1548=EDGE_CURVE('7:12353',#1944,#1948,#1954,.T.);
#1549=EDGE_CURVE('',#1955,#1956,#1957,.T.);
#1550=EDGE_CURVE('7:14477',#1955,#1958,#1959,.T.);
#1551=EDGE_CURVE('7:14553',#1958,#1960,#1961,.T.);
#1552=EDGE_CURVE('7:14530',#1960,#1962,#1963,.T.);
#1553=EDGE_CURVE('',#1964,#1962,#1965,.T.);
#1554=EDGE_CURVE('7:8954',#1966,#1964,#1967,.T.);
#1555=EDGE_CURVE('7:8936',#1968,#1966,#1969,.T.);
#1556=EDGE_CURVE('7:8945',#1956,#1968,#1970,.T.);
#1557=EDGE_CURVE('',#1856,#1971,#1972,.T.);
#1558=EDGE_CURVE('7:15293',#1973,#1863,#1974,.T.);
#1559=EDGE_CURVE('',#1975,#1973,#1976,.T.);
#1560=EDGE_CURVE('7:9464',#1975,#1827,#1977,.T.);
#1561=EDGE_CURVE('7:9512',#1809,#1971,#1978,.T.);
#1562=EDGE_CURVE('',#1979,#1980,#1981,.T.);
#1563=EDGE_CURVE('7:12931',#1982,#1979,#1983,.T.);
#1564=EDGE_CURVE('7:13048',#1982,#1984,#1985,.T.);
#1565=EDGE_CURVE('7:13025',#1984,#1986,#1987,.T.);
#1566=EDGE_CURVE('',#1988,#1986,#1989,.T.);
#1567=EDGE_CURVE('7:8894',#1990,#1988,#1991,.T.);
#1568=EDGE_CURVE('7:8849',#1990,#1992,#1993,.T.);
#1569=EDGE_CURVE('7:8825',#1980,#1992,#1994,.T.);
#1570=EDGE_CURVE('',#1995,#1996,#1997,.T.);
#1571=EDGE_CURVE('7:9092',#1995,#1998,#1999,.T.);
#1572=EDGE_CURVE('7:9092',#1998,#1897,#2000,.T.);
#1573=EDGE_CURVE('7:9143',#1895,#2001,#2002,.T.);
#1574=EDGE_CURVE('',#2003,#2001,#2004,.T.);
#1575=EDGE_CURVE('7:17965',#2005,#2003,#2006,.T.);
#1576=EDGE_CURVE('7:17958',#1996,#2005,#2007,.T.);
#1577=EDGE_CURVE('',#2008,#2009,#2010,.T.);
#1578=EDGE_CURVE('7:9170',#1899,#2008,#2011,.T.);
#1579=EDGE_CURVE('',#1962,#1998,#2012,.T.);
#1580=EDGE_CURVE('7:14520',#1960,#2013,#2014,.T.);
#1581=EDGE_CURVE('7:14471',#2013,#2009,#2015,.T.);
#1582=EDGE_CURVE('',#1840,#2016,#2017,.T.);
#1583=EDGE_CURVE('7:15386',#1852,#2018,#2019,.T.);
#1584=EDGE_CURVE('7:15296',#2020,#2018,#2021,.T.);
#1585=EDGE_CURVE('',#2022,#2020,#2023,.T.);
#1586=EDGE_CURVE('7:8870',#1992,#2022,#2024,.T.);
#1587=EDGE_CURVE('7:8864',#2016,#1990,#2025,.T.);
#1588=EDGE_CURVE('',#1996,#2026,#2027,.T.);
#1589=EDGE_CURVE('7:17938',#2028,#2005,#2029,.T.);
#1590=EDGE_CURVE('',#2030,#2028,#2031,.T.);
#1591=EDGE_CURVE('7:8903',#2030,#2032,#2033,.T.);
#1592=EDGE_CURVE('7:8903',#2032,#1966,#2034,.T.);
#1593=EDGE_CURVE('7:8954',#1964,#2026,#2035,.T.);
#1594=EDGE_CURVE('',#1986,#2032,#2036,.T.);
#1595=EDGE_CURVE('7:13035',#1984,#2037,#2038,.T.);
#1596=EDGE_CURVE('7:12925',#2039,#2037,#2040,.T.);
#1597=EDGE_CURVE('',#2041,#2039,#2042,.T.);
#1598=EDGE_CURVE('7:8981',#1968,#2041,#2043,.T.);
#1599=EDGE_CURVE('',#1930,#2044,#2045,.T.);
#1600=EDGE_CURVE('7:12943',#2046,#1928,#2047,.T.);
#1601=EDGE_CURVE('',#2048,#2046,#2049,.T.);
#1602=EDGE_CURVE('7:9557',#2048,#1785,#2050,.T.);
#1603=EDGE_CURVE('7:9605',#1921,#2044,#2051,.T.);
#1604=EDGE_CURVE('',#2052,#2053,#2054,.T.);
#1605=EDGE_CURVE('7:9830',#2052,#1873,#2055,.T.);
#1606=EDGE_CURVE('7:9863',#1908,#2056,#2057,.T.);
#1607=EDGE_CURVE('',#2058,#2056,#2059,.T.);
#1608=EDGE_CURVE('7:14543',#2060,#2058,#2061,.T.);
#1609=EDGE_CURVE('7:14474',#2060,#2053,#2062,.T.);
#1610=EDGE_CURVE('',#2063,#2064,#2065,.T.);
#1611=EDGE_CURVE('7:14480',#2063,#2060,#2066,.T.);
#1612=EDGE_CURVE('',#2067,#2058,#2068,.T.);
#1613=EDGE_CURVE('7:9599',#2067,#1918,#2069,.T.);
#1614=EDGE_CURVE('7:9632',#1793,#2064,#2070,.T.);
#1615=EDGE_CURVE('',#2071,#2072,#2073,.T.);
#1616=EDGE_CURVE('7:8993',#2071,#1846,#2074,.T.);
#1617=EDGE_CURVE('7:9044',#1882,#2075,#2076,.T.);
#1618=EDGE_CURVE('',#2077,#2075,#2078,.T.);
#1619=EDGE_CURVE('7:17908',#2077,#2079,#2080,.T.);
#1620=EDGE_CURVE('7:17918',#2072,#2079,#2081,.T.);
#1621=EDGE_CURVE('',#2028,#2082,#2083,.T.);
#1622=EDGE_CURVE('7:17945',#2005,#2084,#2085,.T.);
#1623=EDGE_CURVE('',#2086,#2084,#2087,.T.);
#1624=EDGE_CURVE('7:8864',#2086,#2016,#2088,.T.);
#1625=EDGE_CURVE('7:8894',#1988,#2082,#2089,.T.);
#1626=EDGE_CURVE('',#2090,#2003,#2091,.T.);
#1627=EDGE_CURVE('7:9035',#2090,#1886,#2092,.T.);
#1628=EDGE_CURVE('7:9071',#1839,#2093,#2094,.T.);
#1629=EDGE_CURVE('',#2084,#2093,#2095,.T.);
#1630=EDGE_CURVE('',#2096,#2097,#2098,.T.);
#1631=EDGE_CURVE('7:17975',#2099,#2096,#2100,.T.);
#1632=EDGE_CURVE('7:17988',#2101,#2099,#2102,.T.);
#1633=EDGE_CURVE('',#2103,#2101,#2104,.T.);
#1634=EDGE_CURVE('7:8825',#2103,#1980,#2105,.T.);
#1635=EDGE_CURVE('7:8870',#2022,#2097,#2106,.T.);
#1636=EDGE_CURVE('',#2107,#2108,#2109,.T.);
#1637=EDGE_CURVE('7:18015',#2110,#2107,#2111,.T.);
#1638=EDGE_CURVE('7:18025',#2110,#2112,#2113,.T.);
#1639=EDGE_CURVE('',#2114,#2112,#2115,.T.);
#1640=EDGE_CURVE('7:8945',#2114,#1956,#2116,.T.);
#1641=EDGE_CURVE('7:8981',#2041,#2108,#2117,.T.);
#1642=EDGE_CURVE('',#2118,#2119,#2120,.T.);
#1643=EDGE_CURVE('7:9137',#2118,#1901,#2121,.T.);
#1644=EDGE_CURVE('7:9170',#2008,#2122,#2123,.T.);
#1645=EDGE_CURVE('',#2124,#2122,#2125,.T.);
#1646=EDGE_CURVE('7:18038',#2124,#2126,#2127,.T.);
#1647=EDGE_CURVE('7:18045',#2126,#2119,#2128,.T.);
#1648=EDGE_CURVE('7:17844',#2129,#2130,#2131,.T.);
#1649=EDGE_CURVE('7:17850',#2130,#2132,#2133,.T.);
#1650=EDGE_CURVE('7:17847',#2132,#2129,#2134,.T.);
#1651=EDGE_CURVE('7:17823',#2135,#2136,#2137,.T.);
#1652=EDGE_CURVE('7:17829',#2136,#2138,#2139,.T.);
#1653=EDGE_CURVE('7:17832',#2138,#2140,#2141,.T.);
#1654=EDGE_CURVE('7:17826',#2140,#2135,#2142,.T.);
#1655=EDGE_CURVE('7:17814',#2143,#2144,#2145,.T.);
#1656=EDGE_CURVE('7:17841',#2144,#2146,#2147,.T.);
#1657=EDGE_CURVE('7:17853',#2146,#2143,#2148,.T.);
#1658=EDGE_CURVE('7:17811',#2149,#2150,#2151,.T.);
#1659=EDGE_CURVE('7:17817',#2150,#2152,#2153,.T.);
#1660=EDGE_CURVE('7:17838',#2152,#2149,#2154,.T.);
#1661=EDGE_CURVE('7:17808',#2155,#2156,#2157,.T.);
#1662=EDGE_CURVE('7:17820',#2156,#2158,#2159,.T.);
#1663=EDGE_CURVE('7:17835',#2158,#2155,#2160,.T.);
#1664=EDGE_CURVE('7:18045',#2119,#2156,#2161,.T.);
#1665=EDGE_CURVE('7:18055',#2126,#2158,#2162,.T.);
#1666=EDGE_CURVE('7:18038',#2155,#2124,#2163,.T.);
#1667=EDGE_CURVE('7:9170',#2122,#2164,#2165,.T.);
#1668=EDGE_CURVE('7:9167',#2166,#2164,#2167,.T.);
#1669=EDGE_CURVE('7:9137',#2166,#2118,#2168,.T.);
#1670=EDGE_CURVE('7:8981',#2108,#2169,#2170,.T.);
#1671=EDGE_CURVE('7:8930',#2169,#2171,#2172,.T.);
#1672=EDGE_CURVE('7:8945',#2171,#2114,#2173,.T.);
#1673=EDGE_CURVE('7:18025',#2112,#2152,#2174,.T.);
#1674=EDGE_CURVE('7:18015',#2107,#2150,#2175,.T.);
#1675=EDGE_CURVE('7:18008',#2149,#2110,#2176,.T.);
#1676=EDGE_CURVE('7:17988',#2144,#2101,#2177,.T.);
#1677=EDGE_CURVE('7:17998',#2146,#2099,#2178,.T.);
#1678=EDGE_CURVE('7:8870',#2097,#2179,#2180,.T.);
#1679=EDGE_CURVE('7:8891',#2179,#2181,#2182,.T.);
#1680=EDGE_CURVE('7:8825',#2181,#2103,#2183,.T.);
#1681=EDGE_CURVE('7:17975',#2096,#2143,#2184,.T.);
#1682=EDGE_CURVE('7:17965',#2003,#2138,#2185,.T.);
#1683=EDGE_CURVE('7:17945',#2084,#2136,#2186,.T.);
#1684=EDGE_CURVE('7:9071',#2093,#2187,#2188,.T.);
#1685=EDGE_CURVE('7:9020',#2187,#2189,#2190,.T.);
#1686=EDGE_CURVE('7:9035',#2189,#2090,#2191,.T.);
#1687=EDGE_CURVE('7:8894',#2082,#2181,#2192,.T.);
#1688=EDGE_CURVE('7:8864',#2179,#2086,#2193,.T.);
#1689=EDGE_CURVE('7:17938',#2135,#2028,#2194,.T.);
#1690=EDGE_CURVE('7:17918',#2130,#2072,#2195,.T.);
#1691=EDGE_CURVE('7:17925',#2079,#2132,#2196,.T.);
#1692=EDGE_CURVE('7:17908',#2129,#2077,#2197,.T.);
#1693=EDGE_CURVE('7:9044',#2075,#2189,#2198,.T.);
#1694=EDGE_CURVE('7:8993',#2187,#2071,#2199,.T.);
#1695=EDGE_CURVE('7:16974',#2200,#1829,#2201,.T.);
#1696=EDGE_CURVE('7:16977',#1831,#2200,#2202,.T.);
#1697=EDGE_CURVE('7:16965',#1781,#2203,#2204,.T.);
#1698=EDGE_CURVE('7:16971',#2203,#1779,#2205,.T.);
#1699=EDGE_CURVE('7:16956',#1789,#2206,#2207,.T.);
#1700=EDGE_CURVE('7:16962',#2206,#1787,#2208,.T.);
#1701=EDGE_CURVE('7:16947',#2209,#1877,#2210,.T.);
#1702=EDGE_CURVE('7:16950',#1879,#2209,#2211,.T.);
#1703=EDGE_CURVE('7:9632',#2064,#2212,#2213,.T.);
#1704=EDGE_CURVE('7:9629',#2214,#2212,#2215,.T.);
#1705=EDGE_CURVE('7:9599',#2214,#2067,#2216,.T.);
#1706=EDGE_CURVE('7:14543',#2058,#1960,#2217,.T.);
#1707=EDGE_CURVE('7:14480',#1958,#2063,#2218,.T.);
#1708=EDGE_CURVE('7:14474',#2053,#2013,#2219,.T.);
#1709=EDGE_CURVE('7:9863',#2056,#2220,#2221,.T.);
#1710=EDGE_CURVE('7:9812',#2220,#2222,#2223,.T.);
#1711=EDGE_CURVE('7:9830',#2222,#2052,#2224,.T.);
#1712=EDGE_CURVE('7:17077',#1784,#2225,#2226,.T.);
#1713=EDGE_CURVE('7:17064',#2225,#2206,#2227,.T.);
#1714=EDGE_CURVE('7:12925',#2228,#2039,#2229,.T.);
#1715=EDGE_CURVE('7:12943',#2037,#2046,#2230,.T.);
#1716=EDGE_CURVE('7:12937',#1925,#1982,#2231,.T.);
#1717=EDGE_CURVE('7:12931',#1979,#2228,#2232,.T.);
#1718=EDGE_CURVE('7:9605',#2044,#2214,#2233,.T.);
#1719=EDGE_CURVE('7:9557',#2212,#2048,#2234,.T.);
#1720=EDGE_CURVE('7:13058',#1930,#1984,#2235,.T.);
#1721=EDGE_CURVE('7:8903',#2169,#2030,#2236,.T.);
#1722=EDGE_CURVE('7:13025',#1986,#2228,#2237,.T.);
#1723=EDGE_CURVE('7:17104',#2238,#1777,#2239,.T.);
#1724=EDGE_CURVE('7:17097',#2203,#2238,#2240,.T.);
#1725=EDGE_CURVE('7:12347',#1905,#1942,#2241,.T.);
#1726=EDGE_CURVE('7:12350',#2242,#1903,#2243,.T.);
#1727=EDGE_CURVE('7:12356',#1883,#2242,#2244,.T.);
#1728=EDGE_CURVE('7:12353',#1948,#1892,#2245,.T.);
#1729=EDGE_CURVE('7:8954',#2026,#2171,#2246,.T.);
#1730=EDGE_CURVE('7:17958',#2140,#1996,#2247,.T.);
#1731=EDGE_CURVE('7:15296',#2248,#2020,#2249,.T.);
#1732=EDGE_CURVE('7:15399',#2248,#1840,#2250,.T.);
#1733=EDGE_CURVE('7:14471',#2009,#2251,#2252,.T.);
#1734=EDGE_CURVE('7:14530',#1962,#2251,#2253,.T.);
#1735=EDGE_CURVE('7:9092',#2164,#1995,#2254,.T.);
#1736=EDGE_CURVE('7:9143',#2001,#2166,#2255,.T.);
#1737=EDGE_CURVE('7:9512',#1971,#2256,#2257,.T.);
#1738=EDGE_CURVE('7:9488',#2258,#2256,#2259,.T.);
#1739=EDGE_CURVE('7:9464',#2258,#1975,#2260,.T.);
#1740=EDGE_CURVE('7:15293',#2018,#1973,#2261,.T.);
#1741=EDGE_CURVE('7:15366',#1852,#1856,#2262,.T.);
#1742=EDGE_CURVE('7:14477',#2251,#1955,#2263,.T.);
#1743=EDGE_CURVE('7:12394',#1890,#1937,#2264,.T.);
#1744=EDGE_CURVE('7:9746',#1951,#2265,#2266,.T.);
#1745=EDGE_CURVE('7:9743',#2267,#2265,#2268,.T.);
#1746=EDGE_CURVE('7:9716',#2267,#1947,#2269,.T.);
#1747=EDGE_CURVE('7:9836',#1940,#2222,#2270,.T.);
#1748=EDGE_CURVE('7:9773',#2220,#1936,#2271,.T.);
#1749=EDGE_CURVE('7:9539',#1926,#2258,#2272,.T.);
#1750=EDGE_CURVE('7:9503',#2256,#1932,#2273,.T.);
#1751=EDGE_CURVE('7:17014',#2274,#1800,#2275,.T.);
#1752=EDGE_CURVE('7:16994',#2274,#1909,#2276,.T.);
#1753=EDGE_CURVE('7:16987',#1817,#2274,#2277,.T.);
#1754=EDGE_CURVE('7:12407',#2242,#1888,#2278,.T.);
#1755=EDGE_CURVE('7:17047',#1867,#2279,#2280,.T.);
#1756=EDGE_CURVE('7:17034',#2279,#1875,#2281,.T.);
#1757=EDGE_CURVE('7:17027',#2209,#2279,#2282,.T.);
#1758=EDGE_CURVE('7:17057',#1791,#2225,#2283,.T.);
#1759=EDGE_CURVE('7:15287',#1861,#1850,#2284,.T.);
#1760=EDGE_CURVE('7:9722',#1859,#2267,#2285,.T.);
#1761=EDGE_CURVE('7:9659',#2265,#1855,#2286,.T.);
#1762=EDGE_CURVE('7:15290',#1848,#2248,#2287,.T.);
#1763=EDGE_CURVE('7:17134',#2288,#1833,#2289,.T.);
#1764=EDGE_CURVE('7:17127',#1826,#2288,#2290,.T.);
#1765=EDGE_CURVE('7:17084',#2238,#1769,#2291,.T.);
#1766=EDGE_CURVE('7:17114',#2288,#2200,#2292,.T.);
#1767=EDGE_CURVE('7:17007',#1807,#2274,#2293,.T.);
#1768=VERTEX_POINT('',#2294);
#1769=VERTEX_POINT('',#2295);
#1770=LINE('',#2296,#2297);
#1771=VERTEX_POINT('',#2298);
#1772=ELLIPSE('',#2299,0.000244948974278318,0.0002);
#1773=VERTEX_POINT('',#2300);
#1774=ELLIPSE('',#2301,0.000244948974278318,0.0002);
#1775=VERTEX_POINT('',#2302);
#1776=ELLIPSE('',#2303,0.000244948974278318,0.0002);
#1777=VERTEX_POINT('',#2304);
#1778=LINE('',#2305,#2306);
#1779=VERTEX_POINT('',#2307);
#1780=ELLIPSE('',#2308,0.000346410161513776,0.0002);
#1781=VERTEX_POINT('',#2309);
#1782=ELLIPSE('',#2310,0.000346410161513776,0.0002);
#1783=ELLIPSE('',#2311,0.000346410161513776,0.0002);
#1784=VERTEX_POINT('',#2312);
#1785=VERTEX_POINT('',#2313);
#1786=LINE('',#2314,#2315);
#1787=VERTEX_POINT('',#2316);
#1788=ELLIPSE('',#2317,0.000346410161513776,0.0002);
#1789=VERTEX_POINT('',#2318);
#1790=ELLIPSE('',#2319,0.000346410161513776,0.0002);
#1791=VERTEX_POINT('',#2320);
#1792=ELLIPSE('',#2321,0.000346410161513776,0.0002);
#1793=VERTEX_POINT('',#2322);
#1794=LINE('',#2323,#2324);
#1795=VERTEX_POINT('',#2325);
#1796=ELLIPSE('',#2326,0.000244948974278316,0.0002);
#1797=VERTEX_POINT('',#2327);
#1798=ELLIPSE('',#2328,0.000244948974278318,0.0002);
#1799=ELLIPSE('',#2329,0.000244948974278316,0.0002);
#1800=VERTEX_POINT('',#2330);
#1801=VERTEX_POINT('',#2331);
#1802=LINE('',#2332,#2333);
#1803=VERTEX_POINT('',#2334);
#1804=ELLIPSE('',#2335,0.000346410161513775,0.0002);
#1805=VERTEX_POINT('',#2336);
#1806=ELLIPSE('',#2337,0.000346410161513775,0.0002);
#1807=VERTEX_POINT('',#2338);
#1808=ELLIPSE('',#2339,0.000346410161513776,0.0002);
#1809=VERTEX_POINT('',#2340);
#1810=LINE('',#2341,#2342);
#1811=VERTEX_POINT('',#2343);
#1812=ELLIPSE('',#2344,0.000244948974278316,0.0002);
#1813=VERTEX_POINT('',#2345);
#1814=ELLIPSE('',#2346,0.000244948974278318,0.0002);
#1815=ELLIPSE('',#2347,0.000244948974278316,0.0002);
#1816=VERTEX_POINT('',#2348);
#1817=VERTEX_POINT('',#2349);
#1818=LINE('',#2350,#2351);
#1819=ELLIPSE('',#2352,0.000244948974278318,0.0002);
#1820=VERTEX_POINT('',#2353);
#1821=ELLIPSE('',#2354,0.000244948974278318,0.0002);
#1822=LINE('',#2355,#2356);
#1823=VERTEX_POINT('',#2357);
#1824=ELLIPSE('',#2358,0.000346410161513776,0.0002);
#1825=ELLIPSE('',#2359,0.000346410161513777,0.0002);
#1826=VERTEX_POINT('',#2360);
#1827=VERTEX_POINT('',#2361);
#1828=LINE('',#2362,#2363);
#1829=VERTEX_POINT('',#2364);
#1830=ELLIPSE('',#2365,0.000346410161513776,0.0002);
#1831=VERTEX_POINT('',#2366);
#1832=ELLIPSE('',#2367,0.000346410161513776,0.0002);
#1833=VERTEX_POINT('',#2368);
#1834=ELLIPSE('',#2369,0.000346410161513776,0.0002);
#1835=VERTEX_POINT('',#2370);
#1836=LINE('',#2371,#2372);
#1837=ELLIPSE('',#2373,0.000244948974278316,0.0002);
#1838=ELLIPSE('',#2374,0.000244948974278316,0.0002);
#1839=VERTEX_POINT('',#2375);
#1840=VERTEX_POINT('',#2376);
#1841=LINE('',#2377,#2378);
#1842=VERTEX_POINT('',#2379);
#1843=ELLIPSE('',#2380,0.000244948974278318,0.0002);
#1844=VERTEX_POINT('',#2381);
#1845=ELLIPSE('',#2382,0.000244948974278318,0.0002);
#1846=VERTEX_POINT('',#2383);
#1847=ELLIPSE('',#2384,0.000244948974278318,0.0002);
#1848=VERTEX_POINT('',#2385);
#1849=LINE('',#2386,#2387);
#1850=VERTEX_POINT('',#2388);
#1851=ELLIPSE('',#2389,0.000346410161513776,0.0002);
#1852=VERTEX_POINT('',#2390);
#1853=ELLIPSE('',#2391,0.000346410161513777,0.0002);
#1854=ELLIPSE('',#2392,0.000346410161513778,0.0002);
#1855=VERTEX_POINT('',#2393);
#1856=VERTEX_POINT('',#2394);
#1857=LINE('',#2395,#2396);
#1858=ELLIPSE('',#2397,0.000244948974278318,0.0002);
#1859=VERTEX_POINT('',#2398);
#1860=ELLIPSE('',#2399,0.000244948974278318,0.0002);
#1861=VERTEX_POINT('',#2400);
#1862=LINE('',#2401,#2402);
#1863=VERTEX_POINT('',#2403);
#1864=ELLIPSE('',#2404,0.000346410161513776,0.0002);
#1865=ELLIPSE('',#2405,0.000346410161513778,0.0002);
#1866=VERTEX_POINT('',#2406);
#1867=VERTEX_POINT('',#2407);
#1868=LINE('',#2408,#2409);
#1869=VERTEX_POINT('',#2410);
#1870=ELLIPSE('',#2411,0.000244948974278318,0.0002);
#1871=VERTEX_POINT('',#2412);
#1872=ELLIPSE('',#2413,0.000244948974278318,0.0002);
#1873=VERTEX_POINT('',#2414);
#1874=ELLIPSE('',#2415,0.000244948974278318,0.0002);
#1875=VERTEX_POINT('',#2416);
#1876=LINE('',#2417,#2418);
#1877=VERTEX_POINT('',#2419);
#1878=ELLIPSE('',#2420,0.000346410161513776,0.0002);
#1879=VERTEX_POINT('',#2421);
#1880=ELLIPSE('',#2422,0.000346410161513776,0.0002);
#1881=ELLIPSE('',#2423,0.000346410161513776,0.0002);
#1882=VERTEX_POINT('',#2424);
#1883=VERTEX_POINT('',#2425);
#1884=LINE('',#2426,#2427);
#1885=ELLIPSE('',#2428,0.000244948974278318,0.0002);
#1886=VERTEX_POINT('',#2429);
#1887=ELLIPSE('',#2430,0.000244948974278318,0.0002);
#1888=VERTEX_POINT('',#2431);
#1889=LINE('',#2432,#2433);
#1890=VERTEX_POINT('',#2434);
#1891=ELLIPSE('',#2435,0.000346410161513777,0.0002);
#1892=VERTEX_POINT('',#2436);
#1893=ELLIPSE('',#2437,0.000346410161513777,0.0002);
#1894=ELLIPSE('',#2438,0.000346410161513776,0.0002);
#1895=VERTEX_POINT('',#2439);
#1896=LINE('',#2440,#2441);
#1897=VERTEX_POINT('',#2442);
#1898=ELLIPSE('',#2443,0.000244948974278318,0.0002);
#1899=VERTEX_POINT('',#2444);
#1900=ELLIPSE('',#2445,0.000244948974278318,0.0002);
#1901=VERTEX_POINT('',#2446);
#1902=ELLIPSE('',#2447,0.000244948974278318,0.0002);
#1903=VERTEX_POINT('',#2448);
#1904=LINE('',#2449,#2450);
#1905=VERTEX_POINT('',#2451);
#1906=ELLIPSE('',#2452,0.000346410161513776,0.0002);
#1907=ELLIPSE('',#2453,0.000346410161513777,0.0002);
#1908=VERTEX_POINT('',#2454);
#1909=VERTEX_POINT('',#2455);
#1910=LINE('',#2456,#2457);
#1911=ELLIPSE('',#2458,0.000244948974278318,0.0002);
#1912=VERTEX_POINT('',#2459);
#1913=ELLIPSE('',#2460,0.000244948974278318,0.0002);
#1914=LINE('',#2461,#2462);
#1915=VERTEX_POINT('',#2463);
#1916=ELLIPSE('',#2464,0.000346410161513776,0.0002);
#1917=ELLIPSE('',#2465,0.000346410161513776,0.0002);
#1918=VERTEX_POINT('',#2466);
#1919=LINE('',#2467,#2468);
#1920=ELLIPSE('',#2469,0.000346410161513775,0.0002);
#1921=VERTEX_POINT('',#2470);
#1922=LINE('',#2471,#2472);
#1923=ELLIPSE('',#2473,0.000244948974278316,0.0002);
#1924=ELLIPSE('',#2474,0.000244948974278316,0.0002);
#1925=VERTEX_POINT('',#2475);
#1926=VERTEX_POINT('',#2476);
#1927=LINE('',#2477,#2478);
#1928=VERTEX_POINT('',#2479);
#1929=ELLIPSE('',#2480,0.000346410161513776,0.0002);
#1930=VERTEX_POINT('',#2481);
#1931=ELLIPSE('',#2482,0.000346410161513776,0.0002);
#1932=VERTEX_POINT('',#2483);
#1933=LINE('',#2484,#2485);
#1934=ELLIPSE('',#2486,0.000244948974278316,0.0002);
#1935=ELLIPSE('',#2487,0.000244948974278316,0.0002);
#1936=VERTEX_POINT('',#2488);
#1937=VERTEX_POINT('',#2489);
#1938=LINE('',#2490,#2491);
#1939=ELLIPSE('',#2492,0.000244948974278318,0.0002);
#1940=VERTEX_POINT('',#2493);
#1941=ELLIPSE('',#2494,0.000244948974278318,0.0002);
#1942=VERTEX_POINT('',#2495);
#1943=LINE('',#2496,#2497);
#1944=VERTEX_POINT('',#2498);
#1945=ELLIPSE('',#2499,0.000346410161513776,0.0002);
#1946=ELLIPSE('',#2500,0.000346410161513777,0.0002);
#1947=VERTEX_POINT('',#2501);
#1948=VERTEX_POINT('',#2502);
#1949=LINE('',#2503,#2504);
#1950=ELLIPSE('',#2505,0.000244948974278318,0.0002);
#1951=VERTEX_POINT('',#2506);
#1952=ELLIPSE('',#2507,0.000244948974278318,0.0002);
#1953=LINE('',#2508,#2509);
#1954=ELLIPSE('',#2510,0.000346410161513776,0.0002);
#1955=VERTEX_POINT('',#2511);
#1956=VERTEX_POINT('',#2512);
#1957=LINE('',#2513,#2514);
#1958=VERTEX_POINT('',#2515);
#1959=ELLIPSE('',#2516,0.000346410161513776,0.0002);
#1960=VERTEX_POINT('',#2517);
#1961=ELLIPSE('',#2518,0.000346410161513776,0.0002);
#1962=VERTEX_POINT('',#2519);
#1963=ELLIPSE('',#2520,0.000346410161513778,0.0002);
#1964=VERTEX_POINT('',#2521);
#1965=LINE('',#2522,#2523);
#1966=VERTEX_POINT('',#2524);
#1967=ELLIPSE('',#2525,0.000244948974278316,0.0002);
#1968=VERTEX_POINT('',#2526);
#1969=ELLIPSE('',#2527,0.000244948974278316,0.0002);
#1970=ELLIPSE('',#2528,0.000244948974278317,0.0002);
#1971=VERTEX_POINT('',#2529);
#1972=LINE('',#2530,#2531);
#1973=VERTEX_POINT('',#2532);
#1974=ELLIPSE('',#2533,0.000346410161513776,0.0002);
#1975=VERTEX_POINT('',#2534);
#1976=LINE('',#2535,#2536);
#1977=ELLIPSE('',#2537,0.000244948974278316,0.0002);
#1978=ELLIPSE('',#2538,0.000244948974278316,0.0002);
#1979=VERTEX_POINT('',#2539);
#1980=VERTEX_POINT('',#2540);
#1981=LINE('',#2541,#2542);
#1982=VERTEX_POINT('',#2543);
#1983=ELLIPSE('',#2544,0.000346410161513776,0.0002);
#1984=VERTEX_POINT('',#2545);
#1985=ELLIPSE('',#2546,0.000346410161513776,0.0002);
#1986=VERTEX_POINT('',#2547);
#1987=ELLIPSE('',#2548,0.000346410161513776,0.0002);
#1988=VERTEX_POINT('',#2549);
#1989=LINE('',#2550,#2551);
#1990=VERTEX_POINT('',#2552);
#1991=ELLIPSE('',#2553,0.000244948974278316,0.0002);
#1992=VERTEX_POINT('',#2554);
#1993=ELLIPSE('',#2555,0.000244948974278316,0.0002);
#1994=ELLIPSE('',#2556,0.000244948974278317,0.0002);
#1995=VERTEX_POINT('',#2557);
#1996=VERTEX_POINT('',#2558);
#1997=LINE('',#2559,#2560);
#1998=VERTEX_POINT('',#2561);
#1999=ELLIPSE('',#2562,0.000244948974278318,0.0002);
#2000=ELLIPSE('',#2563,0.000244948974278318,0.0002);
#2001=VERTEX_POINT('',#2564);
#2002=ELLIPSE('',#2565,0.000244948974278318,0.0002);
#2003=VERTEX_POINT('',#2566);
#2004=LINE('',#2567,#2568);
#2005=VERTEX_POINT('',#2569);
#2006=ELLIPSE('',#2570,0.000346410161513777,0.0002);
#2007=ELLIPSE('',#2571,0.000346410161513776,0.0002);
#2008=VERTEX_POINT('',#2572);
#2009=VERTEX_POINT('',#2573);
#2010=LINE('',#2574,#2575);
#2011=ELLIPSE('',#2576,0.000244948974278318,0.0002);
#2012=LINE('',#2577,#2578);
#2013=VERTEX_POINT('',#2579);
#2014=ELLIPSE('',#2580,0.000346410161513777,0.0002);
#2015=ELLIPSE('',#2581,0.000346410161513776,0.0002);
#2016=VERTEX_POINT('',#2582);
#2017=LINE('',#2583,#2584);
#2018=VERTEX_POINT('',#2585);
#2019=ELLIPSE('',#2586,0.000346410161513776,0.0002);
#2020=VERTEX_POINT('',#2587);
#2021=ELLIPSE('',#2588,0.000346410161513776,0.0002);
#2022=VERTEX_POINT('',#2589);
#2023=LINE('',#2590,#2591);
#2024=ELLIPSE('',#2592,0.000244948974278317,0.0002);
#2025=ELLIPSE('',#2593,0.000244948974278316,0.0002);
#2026=VERTEX_POINT('',#2594);
#2027=LINE('',#2595,#2596);
#2028=VERTEX_POINT('',#2597);
#2029=ELLIPSE('',#2598,0.000346410161513775,0.0002);
#2030=VERTEX_POINT('',#2599);
#2031=LINE('',#2600,#2601);
#2032=VERTEX_POINT('',#2602);
#2033=ELLIPSE('',#2603,0.000244948974278316,0.0002);
#2034=ELLIPSE('',#2604,0.000244948974278316,0.0002);
#2035=ELLIPSE('',#2605,0.000244948974278316,0.0002);
#2036=LINE('',#2606,#2607);
#2037=VERTEX_POINT('',#2608);
#2038=ELLIPSE('',#2609,0.000346410161513776,0.0002);
#2039=VERTEX_POINT('',#2610);
#2040=ELLIPSE('',#2611,0.000346410161513776,0.0002);
#2041=VERTEX_POINT('',#2612);
#2042=LINE('',#2613,#2614);
#2043=ELLIPSE('',#2615,0.000244948974278317,0.0002);
#2044=VERTEX_POINT('',#2616);
#2045=LINE('',#2617,#2618);
#2046=VERTEX_POINT('',#2619);
#2047=ELLIPSE('',#2620,0.000346410161513776,0.0002);
#2048=VERTEX_POINT('',#2621);
#2049=LINE('',#2622,#2623);
#2050=ELLIPSE('',#2624,0.000244948974278316,0.0002);
#2051=ELLIPSE('',#2625,0.000244948974278316,0.0002);
#2052=VERTEX_POINT('',#2626);
#2053=VERTEX_POINT('',#2627);
#2054=LINE('',#2628,#2629);
#2055=ELLIPSE('',#2630,0.000244948974278318,0.0002);
#2056=VERTEX_POINT('',#2631);
#2057=ELLIPSE('',#2632,0.000244948974278318,0.0002);
#2058=VERTEX_POINT('',#2633);
#2059=LINE('',#2634,#2635);
#2060=VERTEX_POINT('',#2636);
#2061=ELLIPSE('',#2637,0.000346410161513778,0.0002);
#2062=ELLIPSE('',#2638,0.000346410161513776,0.0002);
#2063=VERTEX_POINT('',#2639);
#2064=VERTEX_POINT('',#2640);
#2065=LINE('',#2641,#2642);
#2066=ELLIPSE('',#2643,0.000346410161513776,0.0002);
#2067=VERTEX_POINT('',#2644);
#2068=LINE('',#2645,#2646);
#2069=ELLIPSE('',#2647,0.000244948974278316,0.0002);
#2070=ELLIPSE('',#2648,0.000244948974278316,0.0002);
#2071=VERTEX_POINT('',#2649);
#2072=VERTEX_POINT('',#2650);
#2073=LINE('',#2651,#2652);
#2074=ELLIPSE('',#2653,0.000244948974278318,0.0002);
#2075=VERTEX_POINT('',#2654);
#2076=ELLIPSE('',#2655,0.000244948974278318,0.0002);
#2077=VERTEX_POINT('',#2656);
#2078=LINE('',#2657,#2658);
#2079=VERTEX_POINT('',#2659);
#2080=ELLIPSE('',#2660,0.000346410161513776,0.0002);
#2081=ELLIPSE('',#2661,0.000346410161513776,0.0002);
#2082=VERTEX_POINT('',#2662);
#2083=LINE('',#2663,#2664);
#2084=VERTEX_POINT('',#2665);
#2085=ELLIPSE('',#2666,0.000346410161513776,0.0002);
#2086=VERTEX_POINT('',#2667);
#2087=LINE('',#2668,#2669);
#2088=ELLIPSE('',#2670,0.000244948974278316,0.0002);
#2089=ELLIPSE('',#2671,0.000244948974278316,0.0002);
#2090=VERTEX_POINT('',#2672);
#2091=LINE('',#2673,#2674);
#2092=ELLIPSE('',#2675,0.000244948974278318,0.0002);
#2093=VERTEX_POINT('',#2676);
#2094=ELLIPSE('',#2677,0.000244948974278318,0.0002);
#2095=LINE('',#2678,#2679);
#2096=VERTEX_POINT('',#2680);
#2097=VERTEX_POINT('',#2681);
#2098=LINE('',#2682,#2683);
#2099=VERTEX_POINT('',#2684);
#2100=ELLIPSE('',#2685,0.000346410161513776,0.0002);
#2101=VERTEX_POINT('',#2686);
#2102=ELLIPSE('',#2687,0.000346410161513776,0.0002);
#2103=VERTEX_POINT('',#2688);
#2104=LINE('',#2689,#2690);
#2105=ELLIPSE('',#2691,0.000244948974278317,0.0002);
#2106=ELLIPSE('',#2692,0.000244948974278317,0.0002);
#2107=VERTEX_POINT('',#2693);
#2108=VERTEX_POINT('',#2694);
#2109=LINE('',#2695,#2696);
#2110=VERTEX_POINT('',#2697);
#2111=ELLIPSE('',#2698,0.000346410161513776,0.0002);
#2112=VERTEX_POINT('',#2699);
#2113=ELLIPSE('',#2700,0.000346410161513776,0.0002);
#2114=VERTEX_POINT('',#2701);
#2115=LINE('',#2702,#2703);
#2116=ELLIPSE('',#2704,0.000244948974278317,0.0002);
#2117=ELLIPSE('',#2705,0.000244948974278317,0.0002);
#2118=VERTEX_POINT('',#2706);
#2119=VERTEX_POINT('',#2707);
#2120=LINE('',#2708,#2709);
#2121=ELLIPSE('',#2710,0.000244948974278318,0.0002);
#2122=VERTEX_POINT('',#2711);
#2123=ELLIPSE('',#2712,0.000244948974278318,0.0002);
#2124=VERTEX_POINT('',#2713);
#2125=LINE('',#2714,#2715);
#2126=VERTEX_POINT('',#2716);
#2127=ELLIPSE('',#2717,0.000346410161513776,0.0002);
#2128=ELLIPSE('',#2718,0.000346410161513776,0.0002);
#2129=VERTEX_POINT('',#2719);
#2130=VERTEX_POINT('',#2720);
#2131=ELLIPSE('',#2721,0.000346410161513776,0.0002);
#2132=VERTEX_POINT('',#2722);
#2133=LINE('',#2723,#2724);
#2134=LINE('',#2725,#2726);
#2135=VERTEX_POINT('',#2727);
#2136=VERTEX_POINT('',#2728);
#2137=ELLIPSE('',#2729,0.000346410161513775,0.0002);
#2138=VERTEX_POINT('',#2730);
#2139=ELLIPSE('',#2731,0.000346410161513776,0.0002);
#2140=VERTEX_POINT('',#2732);
#2141=ELLIPSE('',#2733,0.000346410161513776,0.0002);
#2142=ELLIPSE('',#2734,0.000346410161513775,0.0002);
#2143=VERTEX_POINT('',#2735);
#2144=VERTEX_POINT('',#2736);
#2145=ELLIPSE('',#2737,0.000346410161513776,0.0002);
#2146=VERTEX_POINT('',#2738);
#2147=LINE('',#2739,#2740);
#2148=LINE('',#2741,#2742);
#2149=VERTEX_POINT('',#2743);
#2150=VERTEX_POINT('',#2744);
#2151=LINE('',#2745,#2746);
#2152=VERTEX_POINT('',#2747);
#2153=ELLIPSE('',#2748,0.000346410161513776,0.0002);
#2154=LINE('',#2749,#2750);
#2155=VERTEX_POINT('',#2751);
#2156=VERTEX_POINT('',#2752);
#2157=ELLIPSE('',#2753,0.000346410161513776,0.0002);
#2158=VERTEX_POINT('',#2754);
#2159=LINE('',#2755,#2756);
#2160=LINE('',#2757,#2758);
#2161=ELLIPSE('',#2759,0.000346410161513776,0.0002);
#2162=LINE('',#2760,#2761);
#2163=ELLIPSE('',#2762,0.000346410161513776,0.0002);
#2164=VERTEX_POINT('',#2763);
#2165=ELLIPSE('',#2764,0.000244948974278318,0.0002);
#2166=VERTEX_POINT('',#2765);
#2167=ELLIPSE('',#2766,0.000244948974278318,0.0002);
#2168=ELLIPSE('',#2767,0.000244948974278318,0.0002);
#2169=VERTEX_POINT('',#2768);
#2170=ELLIPSE('',#2769,0.000244948974278317,0.0002);
#2171=VERTEX_POINT('',#2770);
#2172=ELLIPSE('',#2771,0.000244948974278318,0.0002);
#2173=ELLIPSE('',#2772,0.000244948974278317,0.0002);
#2174=ELLIPSE('',#2773,0.000346410161513776,0.0002);
#2175=ELLIPSE('',#2774,0.000346410161513776,0.0002);
#2176=LINE('',#2775,#2776);
#2177=ELLIPSE('',#2777,0.000346410161513776,0.0002);
#2178=LINE('',#2778,#2779);
#2179=VERTEX_POINT('',#2780);
#2180=ELLIPSE('',#2781,0.000244948974278317,0.0002);
#2181=VERTEX_POINT('',#2782);
#2182=ELLIPSE('',#2783,0.000244948974278318,0.0002);
#2183=ELLIPSE('',#2784,0.000244948974278317,0.0002);
#2184=ELLIPSE('',#2785,0.000346410161513776,0.0002);
#2185=ELLIPSE('',#2786,0.000346410161513777,0.0002);
#2186=ELLIPSE('',#2787,0.000346410161513776,0.0002);
#2187=VERTEX_POINT('',#2788);
#2188=ELLIPSE('',#2789,0.000244948974278318,0.0002);
#2189=VERTEX_POINT('',#2790);
#2190=ELLIPSE('',#2791,0.000244948974278318,0.0002);
#2191=ELLIPSE('',#2792,0.000244948974278318,0.0002);
#2192=ELLIPSE('',#2793,0.000244948974278316,0.0002);
#2193=ELLIPSE('',#2794,0.000244948974278316,0.0002);
#2194=ELLIPSE('',#2795,0.000346410161513775,0.0002);
#2195=ELLIPSE('',#2796,0.000346410161513776,0.0002);
#2196=LINE('',#2797,#2798);
#2197=ELLIPSE('',#2799,0.000346410161513776,0.0002);
#2198=ELLIPSE('',#2800,0.000244948974278318,0.0002);
#2199=ELLIPSE('',#2801,0.000244948974278318,0.0002);
#2200=VERTEX_POINT('',#2802);
#2201=LINE('',#2803,#2804);
#2202=LINE('',#2805,#2806);
#2203=VERTEX_POINT('',#2807);
#2204=LINE('',#2808,#2809);
#2205=LINE('',#2810,#2811);
#2206=VERTEX_POINT('',#2812);
#2207=LINE('',#2813,#2814);
#2208=LINE('',#2815,#2816);
#2209=VERTEX_POINT('',#2817);
#2210=LINE('',#2818,#2819);
#2211=LINE('',#2820,#2821);
#2212=VERTEX_POINT('',#2822);
#2213=ELLIPSE('',#2823,0.000244948974278316,0.0002);
#2214=VERTEX_POINT('',#2824);
#2215=ELLIPSE('',#2825,0.000244948974278316,0.0002);
#2216=ELLIPSE('',#2826,0.000244948974278316,0.0002);
#2217=ELLIPSE('',#2827,0.000346410161513778,0.0002);
#2218=ELLIPSE('',#2828,0.000346410161513776,0.0002);
#2219=ELLIPSE('',#2829,0.000346410161513776,0.0002);
#2220=VERTEX_POINT('',#2830);
#2221=ELLIPSE('',#2831,0.000244948974278318,0.0002);
#2222=VERTEX_POINT('',#2832);
#2223=ELLIPSE('',#2833,0.000244948974278318,0.0002);
#2224=ELLIPSE('',#2834,0.000244948974278318,0.0002);
#2225=VERTEX_POINT('',#2835);
#2226=ELLIPSE('',#2836,0.000346410161513776,0.0002);
#2227=LINE('',#2837,#2838);
#2228=VERTEX_POINT('',#2839);
#2229=ELLIPSE('',#2840,0.000346410161513776,0.0002);
#2230=ELLIPSE('',#2841,0.000346410161513776,0.0002);
#2231=ELLIPSE('',#2842,0.000346410161513776,0.0002);
#2232=ELLIPSE('',#2843,0.000346410161513776,0.0002);
#2233=ELLIPSE('',#2844,0.000244948974278316,0.0002);
#2234=ELLIPSE('',#2845,0.000244948974278316,0.0002);
#2235=ELLIPSE('',#2846,0.000346410161513776,0.0002);
#2236=ELLIPSE('',#2847,0.000244948974278316,0.0002);
#2237=ELLIPSE('',#2848,0.000346410161513776,0.0002);
#2238=VERTEX_POINT('',#2849);
#2239=ELLIPSE('',#2850,0.000346410161513776,0.0002);
#2240=LINE('',#2851,#2852);
#2241=ELLIPSE('',#2853,0.000346410161513776,0.0002);
#2242=VERTEX_POINT('',#2854);
#2243=ELLIPSE('',#2855,0.000346410161513776,0.0002);
#2244=ELLIPSE('',#2856,0.000346410161513776,0.0002);
#2245=ELLIPSE('',#2857,0.000346410161513776,0.0002);
#2246=ELLIPSE('',#2858,0.000244948974278316,0.0002);
#2247=ELLIPSE('',#2859,0.000346410161513776,0.0002);
#2248=VERTEX_POINT('',#2860);
#2249=ELLIPSE('',#2861,0.000346410161513776,0.0002);
#2250=ELLIPSE('',#2862,0.000346410161513778,0.0002);
#2251=VERTEX_POINT('',#2863);
#2252=ELLIPSE('',#2864,0.000346410161513776,0.0002);
#2253=ELLIPSE('',#2865,0.000346410161513778,0.0002);
#2254=ELLIPSE('',#2866,0.000244948974278318,0.0002);
#2255=ELLIPSE('',#2867,0.000244948974278318,0.0002);
#2256=VERTEX_POINT('',#2868);
#2257=ELLIPSE('',#2869,0.000244948974278316,0.0002);
#2258=VERTEX_POINT('',#2870);
#2259=ELLIPSE('',#2871,0.000244948974278316,0.0002);
#2260=ELLIPSE('',#2872,0.000244948974278316,0.0002);
#2261=ELLIPSE('',#2873,0.000346410161513776,0.0002);
#2262=ELLIPSE('',#2874,0.000346410161513778,0.0002);
#2263=ELLIPSE('',#2875,0.000346410161513776,0.0002);
#2264=ELLIPSE('',#2876,0.000346410161513777,0.0002);
#2265=VERTEX_POINT('',#2877);
#2266=ELLIPSE('',#2878,0.000244948974278318,0.0002);
#2267=VERTEX_POINT('',#2879);
#2268=ELLIPSE('',#2880,0.000244948974278318,0.0002);
#2269=ELLIPSE('',#2881,0.000244948974278318,0.0002);
#2270=ELLIPSE('',#2882,0.000244948974278318,0.0002);
#2271=ELLIPSE('',#2883,0.000244948974278318,0.0002);
#2272=ELLIPSE('',#2884,0.000244948974278316,0.0002);
#2273=ELLIPSE('',#2885,0.000244948974278316,0.0002);
#2274=VERTEX_POINT('',#2886);
#2275=ELLIPSE('',#2887,0.000346410161513775,0.0002);
#2276=ELLIPSE('',#2888,0.000346410161513776,0.0002);
#2277=ELLIPSE('',#2889,0.000346410161513777,0.0002);
#2278=ELLIPSE('',#2890,0.000346410161513777,0.0002);
#2279=VERTEX_POINT('',#2891);
#2280=ELLIPSE('',#2892,0.000346410161513776,0.0002);
#2281=ELLIPSE('',#2893,0.000346410161513776,0.0002);
#2282=LINE('',#2894,#2895);
#2283=ELLIPSE('',#2896,0.000346410161513776,0.0002);
#2284=ELLIPSE('',#2897,0.000346410161513776,0.0002);
#2285=ELLIPSE('',#2898,0.000244948974278318,0.0002);
#2286=ELLIPSE('',#2899,0.000244948974278318,0.0002);
#2287=ELLIPSE('',#2900,0.000346410161513776,0.0002);
#2288=VERTEX_POINT('',#2901);
#2289=ELLIPSE('',#2902,0.000346410161513776,0.0002);
#2290=ELLIPSE('',#2903,0.000346410161513776,0.0002);
#2291=ELLIPSE('',#2904,0.000346410161513776,0.0002);
#2292=LINE('',#2905,#2906);
#2293=ELLIPSE('',#2907,0.000346410161513776,0.0002);
#2294=CARTESIAN_POINT('',(-0.00521213203435596,0.00492928932188135,0.00507071067811865));
#2295=CARTESIAN_POINT('',(-0.01,0.00971715728752538,0.00985857864376269));
#2296=CARTESIAN_POINT('',(-0.00514142135623731,0.00485857864376269,0.005));
#2297=VECTOR('',#2908,1.0);
#2298=CARTESIAN_POINT('',(-0.00512247448713916,0.00487752551286084,0.00512247448713916));
#2299=AXIS2_PLACEMENT_3D('',#2909,#2910,#2911);
#2300=CARTESIAN_POINT('',(-0.00487752551286084,0.00512247448713916,0.00512247448713916));
#2301=AXIS2_PLACEMENT_3D('',#2912,#2913,#2914);
#2302=CARTESIAN_POINT('',(-0.00492928932188134,0.00521213203435596,0.00507071067811866));
#2303=AXIS2_PLACEMENT_3D('',#2915,#2916,#2917);
#2304=CARTESIAN_POINT('',(-0.00971715728752538,0.01,0.00985857864376269));
#2305=CARTESIAN_POINT('',(-0.00485857864376269,0.00514142135623731,0.005));
#2306=VECTOR('',#2918,1.0);
#2307=CARTESIAN_POINT('',(-0.00975505102572168,0.01,0.01));
#2308=AXIS2_PLACEMENT_3D('',#2919,#2920,#2921);
#2309=CARTESIAN_POINT('',(-0.01,0.00975505102572168,0.01));
#2310=AXIS2_PLACEMENT_3D('',#2922,#2923,#2924);
#2311=AXIS2_PLACEMENT_3D('',#2925,#2926,#2927);
#2312=CARTESIAN_POINT('',(0.00971715728752538,-0.01,0.00985857864376269));
#2313=CARTESIAN_POINT('',(0.00492928932188134,-0.00521213203435596,0.00507071067811865));
#2314=CARTESIAN_POINT('',(0.00985857864376269,-0.0101414213562373,0.01));
#2315=VECTOR('',#2928,1.0);
#2316=CARTESIAN_POINT('',(0.00975505102572168,-0.01,0.01));
#2317=AXIS2_PLACEMENT_3D('',#2929,#2930,#2931);
#2318=CARTESIAN_POINT('',(0.01,-0.00975505102572168,0.01));
#2319=AXIS2_PLACEMENT_3D('',#2932,#2933,#2934);
#2320=CARTESIAN_POINT('',(0.01,-0.00971715728752538,0.00985857864376269));
#2321=AXIS2_PLACEMENT_3D('',#2935,#2936,#2937);
#2322=CARTESIAN_POINT('',(0.00521213203435596,-0.00492928932188134,0.00507071067811865));
#2323=CARTESIAN_POINT('',(0.0101414213562373,-0.00985857864376269,0.01));
#2324=VECTOR('',#2938,1.0);
#2325=CARTESIAN_POINT('',(0.00512247448713916,-0.00487752551286084,0.00512247448713915));
#2326=AXIS2_PLACEMENT_3D('',#2939,#2940,#2941);
#2327=CARTESIAN_POINT('',(0.00487752551286084,-0.00512247448713916,0.00512247448713915));
#2328=AXIS2_PLACEMENT_3D('',#2942,#2943,#2944);
#2329=AXIS2_PLACEMENT_3D('',#2945,#2946,#2947);
#2330=CARTESIAN_POINT('',(-1.63051659213838E-19,-0.000282842712474619,0.00985857864376269));
#2331=CARTESIAN_POINT('',(-0.00478786796564404,-0.00507071067811866,0.00507071067811865));
#2332=CARTESIAN_POINT('',(0.000141421356237309,-0.00014142135623731,0.01));
#2333=VECTOR('',#2948,1.0);
#2334=CARTESIAN_POINT('',(-9.41379193389249E-20,-0.000244948974278318,0.01));
#2335=AXIS2_PLACEMENT_3D('',#2949,#2950,#2951);
#2336=CARTESIAN_POINT('',(-0.000244948974278318,-8.24010865362907E-20,0.01));
#2337=AXIS2_PLACEMENT_3D('',#2952,#2953,#2954);
#2338=CARTESIAN_POINT('',(-0.000282842712474619,-1.42722868479736E-19,0.00985857864376269));
#2339=AXIS2_PLACEMENT_3D('',#2955,#2956,#2957);
#2340=CARTESIAN_POINT('',(-0.00507071067811866,-0.00478786796564404,0.00507071067811865));
#2341=CARTESIAN_POINT('',(-0.00014142135623731,0.000141421356237309,0.01));
#2342=VECTOR('',#2958,1.0);
#2343=CARTESIAN_POINT('',(-0.00512247448713916,-0.00487752551286084,0.00512247448713916));
#2344=AXIS2_PLACEMENT_3D('',#2959,#2960,#2961);
#2345=CARTESIAN_POINT('',(-0.00487752551286084,-0.00512247448713916,0.00512247448713916));
#2346=AXIS2_PLACEMENT_3D('',#2962,#2963,#2964);
#2347=AXIS2_PLACEMENT_3D('',#2965,#2966,#2967);
#2348=CARTESIAN_POINT('',(-0.00478786796564404,0.00507071067811865,0.00507071067811865));
#2349=CARTESIAN_POINT('',(7.30798258261614E-19,0.00028284271247462,0.00985857864376269));
#2350=CARTESIAN_POINT('',(-0.00485857864376269,0.00514142135623731,0.005));
#2351=VECTOR('',#2968,1.0);
#2352=AXIS2_PLACEMENT_3D('',#2969,#2970,#2971);
#2353=CARTESIAN_POINT('',(-0.00507071067811866,0.00478786796564404,0.00507071067811866));
#2354=AXIS2_PLACEMENT_3D('',#2972,#2973,#2974);
#2355=CARTESIAN_POINT('',(-0.00514142135623731,0.00485857864376269,0.005));
#2356=VECTOR('',#2975,1.0);
#2357=CARTESIAN_POINT('',(4.21926571130652E-19,0.000244948974278318,0.01));
#2358=AXIS2_PLACEMENT_3D('',#2976,#2977,#2978);
#2359=AXIS2_PLACEMENT_3D('',#2979,#2980,#2981);
#2360=CARTESIAN_POINT('',(-0.01,-0.00971715728752538,0.00985857864376269));
#2361=CARTESIAN_POINT('',(-0.00521213203435596,-0.00492928932188134,0.00507071067811865));
#2362=CARTESIAN_POINT('',(-0.0101414213562373,-0.00985857864376269,0.01));
#2363=VECTOR('',#2982,1.0);
#2364=CARTESIAN_POINT('',(-0.01,-0.00975505102572168,0.01));
#2365=AXIS2_PLACEMENT_3D('',#2983,#2984,#2985);
#2366=CARTESIAN_POINT('',(-0.00975505102572168,-0.01,0.01));
#2367=AXIS2_PLACEMENT_3D('',#2986,#2987,#2988);
#2368=CARTESIAN_POINT('',(-0.00971715728752538,-0.01,0.00985857864376269));
#2369=AXIS2_PLACEMENT_3D('',#2989,#2990,#2991);
#2370=CARTESIAN_POINT('',(-0.00492928932188134,-0.00521213203435596,0.00507071067811865));
#2371=CARTESIAN_POINT('',(-0.00985857864376269,-0.0101414213562373,0.01));
#2372=VECTOR('',#2992,1.0);
#2373=AXIS2_PLACEMENT_3D('',#2993,#2994,#2995);
#2374=AXIS2_PLACEMENT_3D('',#2996,#2997,#2998);
#2375=CARTESIAN_POINT('',(-0.00492928932188135,0.00478786796564404,-0.00492928932188135));
#2376=CARTESIAN_POINT('',(-0.00971715728752538,2.09868629434989E-19,-0.000141421356237309));
#2377=CARTESIAN_POINT('',(-0.00485857864376269,0.00485857864376269,-0.005));
#2378=VECTOR('',#2999,1.0);
#2379=CARTESIAN_POINT('',(-0.00487752551286084,0.00487752551286084,-0.00487752551286084));
#2380=AXIS2_PLACEMENT_3D('',#3000,#3001,#3002);
#2381=CARTESIAN_POINT('',(-0.00512247448713888,0.00512247448713925,-0.00487752551286075));
#2382=AXIS2_PLACEMENT_3D('',#3003,#3004,#3005);
#2383=CARTESIAN_POINT('',(-0.00521213203435596,0.00507071067811865,-0.00492928932188135));
#2384=AXIS2_PLACEMENT_3D('',#3006,#3007,#3008);
#2385=CARTESIAN_POINT('',(-0.01,0.000282842712474619,-0.000141421356237309));
#2386=CARTESIAN_POINT('',(-0.00514142135623731,0.00514142135623731,-0.005));
#2387=VECTOR('',#3009,1.0);
#2388=CARTESIAN_POINT('',(-0.01,0.000244948974278318,4.33680868994201E-19));
#2389=AXIS2_PLACEMENT_3D('',#3010,#3011,#3012);
#2390=CARTESIAN_POINT('',(-0.00975505102572168,-2.45422495377265E-19,-5.69665070518584E-19));
#2391=AXIS2_PLACEMENT_3D('',#3013,#3014,#3015);
#2392=AXIS2_PLACEMENT_3D('',#3016,#3017,#3018);
#2393=CARTESIAN_POINT('',(-0.00492928932188134,0.00478786796564404,0.00492928932188134));
#2394=CARTESIAN_POINT('',(-0.00971715728752538,2.0986862943499E-19,0.00014142135623731));
#2395=CARTESIAN_POINT('',(-0.00485857864376269,0.00485857864376269,0.005));
#2396=VECTOR('',#3019,1.0);
#2397=AXIS2_PLACEMENT_3D('',#3020,#3021,#3022);
#2398=CARTESIAN_POINT('',(-0.00521213203435596,0.00507071067811865,0.00492928932188135));
#2399=AXIS2_PLACEMENT_3D('',#3023,#3024,#3025);
#2400=CARTESIAN_POINT('',(-0.01,0.000282842712474619,0.000141421356237309));
#2401=CARTESIAN_POINT('',(-0.00514142135623731,0.00514142135623731,0.005));
#2402=VECTOR('',#3026,1.0);
#2403=CARTESIAN_POINT('',(-0.01,-2.45422495377263E-19,0.000244948974278318));
#2404=AXIS2_PLACEMENT_3D('',#3027,#3028,#3029);
#2405=AXIS2_PLACEMENT_3D('',#3030,#3031,#3032);
#2406=CARTESIAN_POINT('',(0.00492928932188135,0.00521213203435596,0.00507071067811865));
#2407=CARTESIAN_POINT('',(0.00971715728752538,0.01,0.00985857864376269));
#2408=CARTESIAN_POINT('',(0.00485857864376269,0.00514142135623731,0.005));
#2409=VECTOR('',#3033,1.0);
#2410=CARTESIAN_POINT('',(0.00487752551286084,0.00512247448713916,0.00512247448713916));
#2411=AXIS2_PLACEMENT_3D('',#3034,#3035,#3036);
#2412=CARTESIAN_POINT('',(0.00512247448713916,0.00487752551286084,0.00512247448713916));
#2413=AXIS2_PLACEMENT_3D('',#3037,#3038,#3039);
#2414=CARTESIAN_POINT('',(0.00521213203435596,0.00492928932188135,0.00507071067811865));
#2415=AXIS2_PLACEMENT_3D('',#3040,#3041,#3042);
#2416=CARTESIAN_POINT('',(0.01,0.00971715728752538,0.00985857864376269));
#2417=CARTESIAN_POINT('',(0.00514142135623731,0.00485857864376269,0.005));
#2418=VECTOR('',#3043,1.0);
#2419=CARTESIAN_POINT('',(0.01,0.00975505102572168,0.01));
#2420=AXIS2_PLACEMENT_3D('',#3044,#3045,#3046);
#2421=CARTESIAN_POINT('',(0.00975505102572168,0.01,0.01));
#2422=AXIS2_PLACEMENT_3D('',#3047,#3048,#3049);
#2423=AXIS2_PLACEMENT_3D('',#3050,#3051,#3052);
#2424=CARTESIAN_POINT('',(-0.00507071067811865,0.00521213203435596,-0.00492928932188135));
#2425=CARTESIAN_POINT('',(-0.000282842712474619,0.01,-0.00014142135623731));
#2426=CARTESIAN_POINT('',(-0.00514142135623731,0.00514142135623731,-0.005));
#2427=VECTOR('',#3053,1.0);
#2428=AXIS2_PLACEMENT_3D('',#3054,#3055,#3056);
#2429=CARTESIAN_POINT('',(-0.00478786796564404,0.00492928932188135,-0.00492928932188135));
#2430=AXIS2_PLACEMENT_3D('',#3057,#3058,#3059);
#2431=CARTESIAN_POINT('',(7.30798258261612E-19,0.00971715728752538,-0.000141421356237309));
#2432=CARTESIAN_POINT('',(-0.00485857864376269,0.00485857864376269,-0.005));
#2433=VECTOR('',#3060,1.0);
#2434=CARTESIAN_POINT('',(4.2192657113065E-19,0.00975505102572168,7.49148585887449E-19));
#2435=AXIS2_PLACEMENT_3D('',#3061,#3062,#3063);
#2436=CARTESIAN_POINT('',(-0.000244948974278318,0.01,4.33680868994201E-19));
#2437=AXIS2_PLACEMENT_3D('',#3064,#3065,#3066);
#2438=AXIS2_PLACEMENT_3D('',#3067,#3068,#3069);
#2439=CARTESIAN_POINT('',(0.00478786796564404,0.00492928932188134,-0.00492928932188134));
#2440=CARTESIAN_POINT('',(0.00485857864376269,0.00485857864376269,-0.005));
#2441=VECTOR('',#3070,1.0);
#2442=CARTESIAN_POINT('',(0.00487752551286084,0.00487752551286084,-0.00487752551286084));
#2443=AXIS2_PLACEMENT_3D('',#3071,#3072,#3073);
#2444=CARTESIAN_POINT('',(0.00512247448713916,0.00512247448713916,-0.00487752551286084));
#2445=AXIS2_PLACEMENT_3D('',#3074,#3075,#3076);
#2446=CARTESIAN_POINT('',(0.00507071067811866,0.00521213203435596,-0.00492928932188134));
#2447=AXIS2_PLACEMENT_3D('',#3077,#3078,#3079);
#2448=CARTESIAN_POINT('',(0.000282842712474619,0.01,-0.000141421356237309));
#2449=CARTESIAN_POINT('',(0.00514142135623731,0.00514142135623731,-0.005));
#2450=VECTOR('',#3080,1.0);
#2451=CARTESIAN_POINT('',(0.000244948974278318,0.01,4.33680868994201E-19));
#2452=AXIS2_PLACEMENT_3D('',#3081,#3082,#3083);
#2453=AXIS2_PLACEMENT_3D('',#3084,#3085,#3086);
#2454=CARTESIAN_POINT('',(0.00507071067811866,0.00478786796564404,0.00507071067811866));
#2455=CARTESIAN_POINT('',(0.000282842712474619,-1.42722868479735E-19,0.00985857864376269));
#2456=CARTESIAN_POINT('',(0.00514142135623731,0.00485857864376269,0.005));
#2457=VECTOR('',#3087,1.0);
#2458=AXIS2_PLACEMENT_3D('',#3088,#3089,#3090);
#2459=CARTESIAN_POINT('',(0.00478786796564404,0.00507071067811866,0.00507071067811866));
#2460=AXIS2_PLACEMENT_3D('',#3091,#3092,#3093);
#2461=CARTESIAN_POINT('',(0.00485857864376269,0.00514142135623731,0.005));
#2462=VECTOR('',#3094,1.0);
#2463=CARTESIAN_POINT('',(0.000244948974278318,-8.24010865362907E-20,0.01));
#2464=AXIS2_PLACEMENT_3D('',#3095,#3096,#3097);
#2465=AXIS2_PLACEMENT_3D('',#3098,#3099,#3100);
#2466=CARTESIAN_POINT('',(0.00507071067811866,-0.00478786796564404,0.00507071067811865));
#2467=CARTESIAN_POINT('',(0.00014142135623731,0.000141421356237309,0.01));
#2468=VECTOR('',#3101,1.0);
#2469=AXIS2_PLACEMENT_3D('',#3102,#3103,#3104);
#2470=CARTESIAN_POINT('',(0.00478786796564404,-0.00507071067811866,0.00507071067811865));
#2471=CARTESIAN_POINT('',(-0.000141421356237309,-0.00014142135623731,0.01));
#2472=VECTOR('',#3105,1.0);
#2473=AXIS2_PLACEMENT_3D('',#3106,#3107,#3108);
#2474=AXIS2_PLACEMENT_3D('',#3109,#3110,#3111);
#2475=CARTESIAN_POINT('',(-0.000282842712474619,-0.01,0.00014142135623731));
#2476=CARTESIAN_POINT('',(-0.00507071067811865,-0.00521213203435596,0.00492928932188134));
#2477=CARTESIAN_POINT('',(-0.00014142135623731,-0.0101414213562373,8.32667268468868E-20));
#2478=VECTOR('',#3112,1.0);
#2479=CARTESIAN_POINT('',(-3.15289337328244E-20,-0.01,0.000244948974278318));
#2480=AXIS2_PLACEMENT_3D('',#3113,#3114,#3115);
#2481=CARTESIAN_POINT('',(-6.72259459764309E-20,-0.00971715728752538,0.000141421356237309));
#2482=AXIS2_PLACEMENT_3D('',#3116,#3117,#3118);
#2483=CARTESIAN_POINT('',(-0.00478786796564404,-0.00492928932188135,0.00492928932188134));
#2484=CARTESIAN_POINT('',(0.00014142135623731,-0.00985857864376269,-8.32667268468868E-20));
#2485=VECTOR('',#3119,1.0);
#2486=AXIS2_PLACEMENT_3D('',#3120,#3121,#3122);
#2487=AXIS2_PLACEMENT_3D('',#3123,#3124,#3125);
#2488=CARTESIAN_POINT('',(0.00478786796564403,0.00492928932188135,0.00492928932188135));
#2489=CARTESIAN_POINT('',(7.30798258261613E-19,0.00971715728752538,0.000141421356237309));
#2490=CARTESIAN_POINT('',(0.00485857864376269,0.00485857864376269,0.005));
#2491=VECTOR('',#3126,1.0);
#2492=AXIS2_PLACEMENT_3D('',#3127,#3128,#3129);
#2493=CARTESIAN_POINT('',(0.00507071067811865,0.00521213203435597,0.00492928932188135));
#2494=AXIS2_PLACEMENT_3D('',#3130,#3131,#3132);
#2495=CARTESIAN_POINT('',(0.000282842712474619,0.01,0.00014142135623731));
#2496=CARTESIAN_POINT('',(0.00514142135623731,0.00514142135623731,0.005));
#2497=VECTOR('',#3133,1.0);
#2498=CARTESIAN_POINT('',(4.21926571130652E-19,0.01,0.000244948974278318));
#2499=AXIS2_PLACEMENT_3D('',#3134,#3135,#3136);
#2500=AXIS2_PLACEMENT_3D('',#3137,#3138,#3139);
#2501=CARTESIAN_POINT('',(-0.00507071067811866,0.00521213203435596,0.00492928932188134));
#2502=CARTESIAN_POINT('',(-0.000282842712474619,0.01,0.00014142135623731));
#2503=CARTESIAN_POINT('',(-0.00514142135623731,0.00514142135623731,0.005));
#2504=VECTOR('',#3140,1.0);
#2505=AXIS2_PLACEMENT_3D('',#3141,#3142,#3143);
#2506=CARTESIAN_POINT('',(-0.00478786796564404,0.00492928932188134,0.00492928932188134));
#2507=AXIS2_PLACEMENT_3D('',#3144,#3145,#3146);
#2508=CARTESIAN_POINT('',(-0.00485857864376269,0.00485857864376269,0.005));
#2509=VECTOR('',#3147,1.0);
#2510=AXIS2_PLACEMENT_3D('',#3148,#3149,#3150);
#2511=CARTESIAN_POINT('',(0.01,-0.000282842712474619,-0.000141421356237309));
#2512=CARTESIAN_POINT('',(0.00521213203435596,-0.00507071067811866,-0.00492928932188135));
#2513=CARTESIAN_POINT('',(0.0101414213562373,-0.00014142135623731,-3.11209391590239E-19));
#2514=VECTOR('',#3151,1.0);
#2515=CARTESIAN_POINT('',(0.01,-0.000244948974278318,-8.13151629364129E-20));
#2516=AXIS2_PLACEMENT_3D('',#3152,#3153,#3154);
#2517=CARTESIAN_POINT('',(0.00975505102572168,-2.11784434404943E-19,-9.59846625668299E-19));
#2518=AXIS2_PLACEMENT_3D('',#3155,#3156,#3157);
#2519=CARTESIAN_POINT('',(0.00971715728752538,2.68131460107147E-19,-0.000141421356237309));
#2520=AXIS2_PLACEMENT_3D('',#3158,#3159,#3160);
#2521=CARTESIAN_POINT('',(0.00492928932188134,-0.00478786796564404,-0.00492928932188135));
#2522=CARTESIAN_POINT('',(0.00985857864376269,0.00014142135623731,-1.22471477403962E-19));
#2523=VECTOR('',#3161,1.0);
#2524=CARTESIAN_POINT('',(0.00487752551286084,-0.00487752551286084,-0.00487752551286084));
#2525=AXIS2_PLACEMENT_3D('',#3162,#3163,#3164);
#2526=CARTESIAN_POINT('',(0.00512247448713916,-0.00512247448713916,-0.00487752551286084));
#2527=AXIS2_PLACEMENT_3D('',#3165,#3166,#3167);
#2528=AXIS2_PLACEMENT_3D('',#3168,#3169,#3170);
#2529=CARTESIAN_POINT('',(-0.00492928932188135,-0.00478786796564404,0.00492928932188134));
#2530=CARTESIAN_POINT('',(-0.00985857864376269,0.00014142135623731,4.76570424151493E-19));
#2531=VECTOR('',#3171,1.0);
#2532=CARTESIAN_POINT('',(-0.01,-0.000282842712474619,0.00014142135623731));
#2533=AXIS2_PLACEMENT_3D('',#3172,#3173,#3174);
#2534=CARTESIAN_POINT('',(-0.00521213203435596,-0.00507071067811865,0.00492928932188134));
#2535=CARTESIAN_POINT('',(-0.0101414213562373,-0.00014142135623731,6.6530833833777E-19));
#2536=VECTOR('',#3175,1.0);
#2537=AXIS2_PLACEMENT_3D('',#3176,#3177,#3178);
#2538=AXIS2_PLACEMENT_3D('',#3179,#3180,#3181);
#2539=CARTESIAN_POINT('',(-0.000282842712474619,-0.01,-0.000141421356237309));
#2540=CARTESIAN_POINT('',(-0.00507071067811866,-0.00521213203435596,-0.00492928932188135));
#2541=CARTESIAN_POINT('',(-0.00014142135623731,-0.0101414213562373,-3.11209391590239E-19));
#2542=VECTOR('',#3182,1.0);
#2543=CARTESIAN_POINT('',(-0.000244948974278318,-0.01,-8.13151629364129E-20));
#2544=AXIS2_PLACEMENT_3D('',#3183,#3184,#3185);
#2545=CARTESIAN_POINT('',(-3.15289337328243E-20,-0.00975505102572168,-3.19948875222768E-19));
#2546=AXIS2_PLACEMENT_3D('',#3186,#3187,#3188);
#2547=CARTESIAN_POINT('',(-6.72259459764309E-20,-0.00971715728752538,-0.000141421356237309));
#2548=AXIS2_PLACEMENT_3D('',#3189,#3190,#3191);
#2549=CARTESIAN_POINT('',(-0.00478786796564404,-0.00492928932188134,-0.00492928932188135));
#2550=CARTESIAN_POINT('',(0.00014142135623731,-0.00985857864376269,-1.22471477403962E-19));
#2551=VECTOR('',#3192,1.0);
#2552=CARTESIAN_POINT('',(-0.00487752551286084,-0.00487752551286084,-0.00487752551286084));
#2553=AXIS2_PLACEMENT_3D('',#3193,#3194,#3195);
#2554=CARTESIAN_POINT('',(-0.00512247448713916,-0.00512247448713916,-0.00487752551286084));
#2555=AXIS2_PLACEMENT_3D('',#3196,#3197,#3198);
#2556=AXIS2_PLACEMENT_3D('',#3199,#3200,#3201);
#2557=CARTESIAN_POINT('',(0.00507071067811865,0.00478786796564403,-0.00507071067811865));
#2558=CARTESIAN_POINT('',(0.000282842712474619,-1.42722868479735E-19,-0.00985857864376269));
#2559=CARTESIAN_POINT('',(0.00514142135623731,0.00485857864376269,-0.005));
#2560=VECTOR('',#3202,1.0);
#2561=CARTESIAN_POINT('',(0.00492928932188134,0.00478786796564404,-0.00492928932188134));
#2562=AXIS2_PLACEMENT_3D('',#3203,#3204,#3205);
#2563=AXIS2_PLACEMENT_3D('',#3206,#3207,#3208);
#2564=CARTESIAN_POINT('',(0.00478786796564404,0.00507071067811865,-0.00507071067811865));
#2565=AXIS2_PLACEMENT_3D('',#3209,#3210,#3211);
#2566=CARTESIAN_POINT('',(7.30798258261615E-19,0.00028284271247462,-0.00985857864376269));
#2567=CARTESIAN_POINT('',(0.00485857864376269,0.00514142135623731,-0.005));
#2568=VECTOR('',#3212,1.0);
#2569=CARTESIAN_POINT('',(-9.75260511279425E-20,-1.16274103434615E-18,-0.00975505102572168));
#2570=AXIS2_PLACEMENT_3D('',#3213,#3214,#3215);
#2571=AXIS2_PLACEMENT_3D('',#3216,#3217,#3218);
#2572=CARTESIAN_POINT('',(0.00521213203435596,0.00507071067811866,-0.00492928932188134));
#2573=CARTESIAN_POINT('',(0.01,0.000282842712474619,-0.000141421356237309));
#2574=CARTESIAN_POINT('',(0.00514142135623731,0.00514142135623731,-0.005));
#2575=VECTOR('',#3219,1.0);
#2576=AXIS2_PLACEMENT_3D('',#3220,#3221,#3222);
#2577=CARTESIAN_POINT('',(0.00485857864376269,0.00485857864376269,-0.005));
#2578=VECTOR('',#3223,1.0);
#2579=CARTESIAN_POINT('',(0.01,0.000244948974278318,4.33680868994201E-19));
#2580=AXIS2_PLACEMENT_3D('',#3224,#3225,#3226);
#2581=AXIS2_PLACEMENT_3D('',#3227,#3228,#3229);
#2582=CARTESIAN_POINT('',(-0.00492928932188134,-0.00478786796564404,-0.00492928932188135));
#2583=CARTESIAN_POINT('',(-0.00985857864376269,0.00014142135623731,-1.33573707650214E-19));
#2584=VECTOR('',#3230,1.0);
#2585=CARTESIAN_POINT('',(-0.01,-0.000244948974278318,-8.13151629364129E-20));
#2586=AXIS2_PLACEMENT_3D('',#3231,#3232,#3233);
#2587=CARTESIAN_POINT('',(-0.01,-0.000282842712474619,-0.000141421356237309));
#2588=AXIS2_PLACEMENT_3D('',#3234,#3235,#3236);
#2589=CARTESIAN_POINT('',(-0.00521213203435596,-0.00507071067811866,-0.00492928932188135));
#2590=CARTESIAN_POINT('',(-0.0101414213562373,-0.00014142135623731,-3.00107161343988E-19));
#2591=VECTOR('',#3237,1.0);
#2592=AXIS2_PLACEMENT_3D('',#3238,#3239,#3240);
#2593=AXIS2_PLACEMENT_3D('',#3241,#3242,#3243);
#2594=CARTESIAN_POINT('',(0.00507071067811865,-0.00478786796564404,-0.00507071067811866));
#2595=CARTESIAN_POINT('',(0.000141421356237309,0.00014142135623731,-0.01));
#2596=VECTOR('',#3244,1.0);
#2597=CARTESIAN_POINT('',(-1.68920075615155E-19,-0.000282842712474619,-0.00985857864376269));
#2598=AXIS2_PLACEMENT_3D('',#3245,#3246,#3247);
#2599=CARTESIAN_POINT('',(0.00478786796564404,-0.00507071067811865,-0.00507071067811866));
#2600=CARTESIAN_POINT('',(-0.00014142135623731,-0.000141421356237309,-0.01));
#2601=VECTOR('',#3248,1.0);
#2602=CARTESIAN_POINT('',(0.00478786796564404,-0.00492928932188134,-0.00492928932188135));
#2603=AXIS2_PLACEMENT_3D('',#3249,#3250,#3251);
#2604=AXIS2_PLACEMENT_3D('',#3252,#3253,#3254);
#2605=AXIS2_PLACEMENT_3D('',#3255,#3256,#3257);
#2606=CARTESIAN_POINT('',(-0.00014142135623731,-0.00985857864376269,-1.33573707650214E-19));
#2607=VECTOR('',#3258,1.0);
#2608=CARTESIAN_POINT('',(0.000244948974278318,-0.01,-8.13151629364129E-20));
#2609=AXIS2_PLACEMENT_3D('',#3259,#3260,#3261);
#2610=CARTESIAN_POINT('',(0.000282842712474619,-0.01,-0.000141421356237309));
#2611=AXIS2_PLACEMENT_3D('',#3262,#3263,#3264);
#2612=CARTESIAN_POINT('',(0.00507071067811866,-0.00521213203435596,-0.00492928932188135));
#2613=CARTESIAN_POINT('',(0.00014142135623731,-0.0101414213562373,-3.00107161343988E-19));
#2614=VECTOR('',#3265,1.0);
#2615=AXIS2_PLACEMENT_3D('',#3266,#3267,#3268);
#2616=CARTESIAN_POINT('',(0.00478786796564404,-0.00492928932188135,0.00492928932188134));
#2617=CARTESIAN_POINT('',(-0.00014142135623731,-0.00985857864376269,-9.43689570931384E-20));
#2618=VECTOR('',#3269,1.0);
#2619=CARTESIAN_POINT('',(0.000282842712474619,-0.01,0.00014142135623731));
#2620=AXIS2_PLACEMENT_3D('',#3270,#3271,#3272);
#2621=CARTESIAN_POINT('',(0.00507071067811865,-0.00521213203435596,0.00492928932188134));
#2622=CARTESIAN_POINT('',(0.00014142135623731,-0.0101414213562373,9.43689570931384E-20));
#2623=VECTOR('',#3273,1.0);
#2624=AXIS2_PLACEMENT_3D('',#3274,#3275,#3276);
#2625=AXIS2_PLACEMENT_3D('',#3277,#3278,#3279);
#2626=CARTESIAN_POINT('',(0.00521213203435596,0.00507071067811865,0.00492928932188135));
#2627=CARTESIAN_POINT('',(0.01,0.000282842712474619,0.000141421356237309));
#2628=CARTESIAN_POINT('',(0.00514142135623731,0.00514142135623731,0.005));
#2629=VECTOR('',#3280,1.0);
#2630=AXIS2_PLACEMENT_3D('',#3281,#3282,#3283);
#2631=CARTESIAN_POINT('',(0.00492928932188134,0.00478786796564404,0.00492928932188134));
#2632=AXIS2_PLACEMENT_3D('',#3284,#3285,#3286);
#2633=CARTESIAN_POINT('',(0.00971715728752538,2.68131460107149E-19,0.00014142135623731));
#2634=CARTESIAN_POINT('',(0.00485857864376269,0.00485857864376269,0.005));
#2635=VECTOR('',#3287,1.0);
#2636=CARTESIAN_POINT('',(0.01,-2.11784434404943E-19,0.000244948974278319));
#2637=AXIS2_PLACEMENT_3D('',#3288,#3289,#3290);
#2638=AXIS2_PLACEMENT_3D('',#3291,#3292,#3293);
#2639=CARTESIAN_POINT('',(0.01,-0.000282842712474619,0.00014142135623731));
#2640=CARTESIAN_POINT('',(0.00521213203435596,-0.00507071067811865,0.00492928932188134));
#2641=CARTESIAN_POINT('',(0.0101414213562373,-0.00014142135623731,6.54206108091518E-19));
#2642=VECTOR('',#3294,1.0);
#2643=AXIS2_PLACEMENT_3D('',#3295,#3296,#3297);
#2644=CARTESIAN_POINT('',(0.00492928932188135,-0.00478786796564404,0.00492928932188134));
#2645=CARTESIAN_POINT('',(0.00985857864376269,0.00014142135623731,4.87672654397745E-19));
#2646=VECTOR('',#3298,1.0);
#2647=AXIS2_PLACEMENT_3D('',#3299,#3300,#3301);
#2648=AXIS2_PLACEMENT_3D('',#3302,#3303,#3304);
#2649=CARTESIAN_POINT('',(-0.00521213203435596,0.00492928932188135,-0.00507071067811865));
#2650=CARTESIAN_POINT('',(-0.01,0.00971715728752538,-0.00985857864376269));
#2651=CARTESIAN_POINT('',(-0.00514142135623731,0.00485857864376269,-0.005));
#2652=VECTOR('',#3305,1.0);
#2653=AXIS2_PLACEMENT_3D('',#3306,#3307,#3308);
#2654=CARTESIAN_POINT('',(-0.00492928932188135,0.00521213203435596,-0.00507071067811865));
#2655=AXIS2_PLACEMENT_3D('',#3309,#3310,#3311);
#2656=CARTESIAN_POINT('',(-0.00971715728752538,0.01,-0.00985857864376269));
#2657=CARTESIAN_POINT('',(-0.00485857864376269,0.00514142135623731,-0.005));
#2658=VECTOR('',#3312,1.0);
#2659=CARTESIAN_POINT('',(-0.01,0.01,-0.00975505102572168));
#2660=AXIS2_PLACEMENT_3D('',#3313,#3314,#3315);
#2661=AXIS2_PLACEMENT_3D('',#3316,#3317,#3318);
#2662=CARTESIAN_POINT('',(-0.00478786796564404,-0.00507071067811865,-0.00507071067811866));
#2663=CARTESIAN_POINT('',(0.000141421356237309,-0.00014142135623731,-0.01));
#2664=VECTOR('',#3319,1.0);
#2665=CARTESIAN_POINT('',(-0.000282842712474619,-1.42722868479735E-19,-0.00985857864376269));
#2666=AXIS2_PLACEMENT_3D('',#3320,#3321,#3322);
#2667=CARTESIAN_POINT('',(-0.00507071067811865,-0.00478786796564404,-0.00507071067811866));
#2668=CARTESIAN_POINT('',(-0.00014142135623731,0.000141421356237309,-0.01));
#2669=VECTOR('',#3323,1.0);
#2670=AXIS2_PLACEMENT_3D('',#3324,#3325,#3326);
#2671=AXIS2_PLACEMENT_3D('',#3327,#3328,#3329);
#2672=CARTESIAN_POINT('',(-0.00478786796564404,0.00507071067811865,-0.00507071067811865));
#2673=CARTESIAN_POINT('',(-0.00485857864376269,0.00514142135623731,-0.005));
#2674=VECTOR('',#3330,1.0);
#2675=AXIS2_PLACEMENT_3D('',#3331,#3332,#3333);
#2676=CARTESIAN_POINT('',(-0.00507071067811865,0.00478786796564404,-0.00507071067811865));
#2677=AXIS2_PLACEMENT_3D('',#3334,#3335,#3336);
#2678=CARTESIAN_POINT('',(-0.00514142135623731,0.00485857864376269,-0.005));
#2679=VECTOR('',#3337,1.0);
#2680=CARTESIAN_POINT('',(-0.01,-0.00971715728752538,-0.00985857864376269));
#2681=CARTESIAN_POINT('',(-0.00521213203435596,-0.00492928932188135,-0.00507071067811865));
#2682=CARTESIAN_POINT('',(-0.0101414213562373,-0.00985857864376269,-0.01));
#2683=VECTOR('',#3338,1.0);
#2684=CARTESIAN_POINT('',(-0.01,-0.01,-0.00975505102572168));
#2685=AXIS2_PLACEMENT_3D('',#3339,#3340,#3341);
#2686=CARTESIAN_POINT('',(-0.00971715728752538,-0.01,-0.00985857864376269));
#2687=AXIS2_PLACEMENT_3D('',#3342,#3343,#3344);
#2688=CARTESIAN_POINT('',(-0.00492928932188135,-0.00521213203435596,-0.00507071067811865));
#2689=CARTESIAN_POINT('',(-0.00985857864376269,-0.0101414213562373,-0.01));
#2690=VECTOR('',#3345,1.0);
#2691=AXIS2_PLACEMENT_3D('',#3346,#3347,#3348);
#2692=AXIS2_PLACEMENT_3D('',#3349,#3350,#3351);
#2693=CARTESIAN_POINT('',(0.00971715728752538,-0.01,-0.00985857864376269));
#2694=CARTESIAN_POINT('',(0.00492928932188135,-0.00521213203435596,-0.00507071067811866));
#2695=CARTESIAN_POINT('',(0.00985857864376269,-0.0101414213562373,-0.01));
#2696=VECTOR('',#3352,1.0);
#2697=CARTESIAN_POINT('',(0.01,-0.01,-0.00975505102572168));
#2698=AXIS2_PLACEMENT_3D('',#3353,#3354,#3355);
#2699=CARTESIAN_POINT('',(0.01,-0.00971715728752538,-0.00985857864376269));
#2700=AXIS2_PLACEMENT_3D('',#3356,#3357,#3358);
#2701=CARTESIAN_POINT('',(0.00521213203435596,-0.00492928932188135,-0.00507071067811866));
#2702=CARTESIAN_POINT('',(0.0101414213562373,-0.00985857864376269,-0.01));
#2703=VECTOR('',#3359,1.0);
#2704=AXIS2_PLACEMENT_3D('',#3360,#3361,#3362);
#2705=AXIS2_PLACEMENT_3D('',#3363,#3364,#3365);
#2706=CARTESIAN_POINT('',(0.00492928932188134,0.00521213203435596,-0.00507071067811866));
#2707=CARTESIAN_POINT('',(0.00971715728752538,0.01,-0.00985857864376269));
#2708=CARTESIAN_POINT('',(0.00485857864376269,0.00514142135623731,-0.005));
#2709=VECTOR('',#3366,1.0);
#2710=AXIS2_PLACEMENT_3D('',#3367,#3368,#3369);
#2711=CARTESIAN_POINT('',(0.00521213203435596,0.00492928932188134,-0.00507071067811866));
#2712=AXIS2_PLACEMENT_3D('',#3370,#3371,#3372);
#2713=CARTESIAN_POINT('',(0.01,0.00971715728752538,-0.00985857864376269));
#2714=CARTESIAN_POINT('',(0.00514142135623731,0.00485857864376269,-0.005));
#2715=VECTOR('',#3373,1.0);
#2716=CARTESIAN_POINT('',(0.01,0.01,-0.00975505102572168));
#2717=AXIS2_PLACEMENT_3D('',#3374,#3375,#3376);
#2718=AXIS2_PLACEMENT_3D('',#3377,#3378,#3379);
#2719=CARTESIAN_POINT('',(-0.00975505102572168,0.01,-0.01));
#2720=CARTESIAN_POINT('',(-0.01,0.00975505102572168,-0.01));
#2721=AXIS2_PLACEMENT_3D('',#3380,#3381,#3382);
#2722=CARTESIAN_POINT('',(-0.01,0.01,-0.01));
#2723=CARTESIAN_POINT('',(-0.01,0.0,-0.01));
#2724=VECTOR('',#3383,1.0);
#2725=CARTESIAN_POINT('',(0.0,0.01,-0.01));
#2726=VECTOR('',#3384,1.0);
#2727=CARTESIAN_POINT('',(-9.75260511279421E-20,-0.000244948974278318,-0.01));
#2728=CARTESIAN_POINT('',(-0.000244948974278318,-8.24010865362907E-20,-0.01));
#2729=AXIS2_PLACEMENT_3D('',#3385,#3386,#3387);
#2730=CARTESIAN_POINT('',(4.21926571130652E-19,0.000244948974278318,-0.01));
#2731=AXIS2_PLACEMENT_3D('',#3388,#3389,#3390);
#2732=CARTESIAN_POINT('',(0.000244948974278318,-8.24010865362907E-20,-0.01));
#2733=AXIS2_PLACEMENT_3D('',#3391,#3392,#3393);
#2734=AXIS2_PLACEMENT_3D('',#3394,#3395,#3396);
#2735=CARTESIAN_POINT('',(-0.01,-0.00975505102572168,-0.01));
#2736=CARTESIAN_POINT('',(-0.00975505102572168,-0.01,-0.01));
#2737=AXIS2_PLACEMENT_3D('',#3397,#3398,#3399);
#2738=CARTESIAN_POINT('',(-0.01,-0.01,-0.01));
#2739=CARTESIAN_POINT('',(0.0,-0.01,-0.01));
#2740=VECTOR('',#3400,1.0);
#2741=CARTESIAN_POINT('',(-0.01,0.0,-0.01));
#2742=VECTOR('',#3401,1.0);
#2743=CARTESIAN_POINT('',(0.01,-0.01,-0.01));
#2744=CARTESIAN_POINT('',(0.00975505102572168,-0.01,-0.01));
#2745=CARTESIAN_POINT('',(0.0,-0.01,-0.01));
#2746=VECTOR('',#3402,1.0);
#2747=CARTESIAN_POINT('',(0.01,-0.00975505102572168,-0.01));
#2748=AXIS2_PLACEMENT_3D('',#3403,#3404,#3405);
#2749=CARTESIAN_POINT('',(0.01,0.0,-0.01));
#2750=VECTOR('',#3406,1.0);
#2751=CARTESIAN_POINT('',(0.01,0.00975505102572168,-0.01));
#2752=CARTESIAN_POINT('',(0.00975505102572168,0.01,-0.01));
#2753=AXIS2_PLACEMENT_3D('',#3407,#3408,#3409);
#2754=CARTESIAN_POINT('',(0.01,0.01,-0.01));
#2755=CARTESIAN_POINT('',(0.0,0.01,-0.01));
#2756=VECTOR('',#3410,1.0);
#2757=CARTESIAN_POINT('',(0.01,0.0,-0.01));
#2758=VECTOR('',#3411,1.0);
#2759=AXIS2_PLACEMENT_3D('',#3412,#3413,#3414);
#2760=CARTESIAN_POINT('',(0.01,0.01,0.0));
#2761=VECTOR('',#3415,1.0);
#2762=AXIS2_PLACEMENT_3D('',#3416,#3417,#3418);
#2763=CARTESIAN_POINT('',(0.00512247448713916,0.00487752551286084,-0.00512247448713916));
#2764=AXIS2_PLACEMENT_3D('',#3419,#3420,#3421);
#2765=CARTESIAN_POINT('',(0.00487752551286084,0.00512247448713916,-0.00512247448713916));
#2766=AXIS2_PLACEMENT_3D('',#3422,#3423,#3424);
#2767=AXIS2_PLACEMENT_3D('',#3425,#3426,#3427);
#2768=CARTESIAN_POINT('',(0.00487752551286084,-0.00512247448713916,-0.00512247448713916));
#2769=AXIS2_PLACEMENT_3D('',#3428,#3429,#3430);
#2770=CARTESIAN_POINT('',(0.00512247448713916,-0.00487752551286084,-0.00512247448713916));
#2771=AXIS2_PLACEMENT_3D('',#3431,#3432,#3433);
#2772=AXIS2_PLACEMENT_3D('',#3434,#3435,#3436);
#2773=AXIS2_PLACEMENT_3D('',#3437,#3438,#3439);
#2774=AXIS2_PLACEMENT_3D('',#3440,#3441,#3442);
#2775=CARTESIAN_POINT('',(0.01,-0.01,0.0));
#2776=VECTOR('',#3443,1.0);
#2777=AXIS2_PLACEMENT_3D('',#3444,#3445,#3446);
#2778=CARTESIAN_POINT('',(-0.01,-0.01,0.0));
#2779=VECTOR('',#3447,1.0);
#2780=CARTESIAN_POINT('',(-0.00512247448713916,-0.00487752551286084,-0.00512247448713916));
#2781=AXIS2_PLACEMENT_3D('',#3448,#3449,#3450);
#2782=CARTESIAN_POINT('',(-0.00487752551286084,-0.00512247448713916,-0.00512247448713916));
#2783=AXIS2_PLACEMENT_3D('',#3451,#3452,#3453);
#2784=AXIS2_PLACEMENT_3D('',#3454,#3455,#3456);
#2785=AXIS2_PLACEMENT_3D('',#3457,#3458,#3459);
#2786=AXIS2_PLACEMENT_3D('',#3460,#3461,#3462);
#2787=AXIS2_PLACEMENT_3D('',#3463,#3464,#3465);
#2788=CARTESIAN_POINT('',(-0.00512247448713916,0.00487752551286084,-0.00512247448713916));
#2789=AXIS2_PLACEMENT_3D('',#3466,#3467,#3468);
#2790=CARTESIAN_POINT('',(-0.00487752551286075,0.00512247448713925,-0.00512247448713888));
#2791=AXIS2_PLACEMENT_3D('',#3469,#3470,#3471);
#2792=AXIS2_PLACEMENT_3D('',#3472,#3473,#3474);
#2793=AXIS2_PLACEMENT_3D('',#3475,#3476,#3477);
#2794=AXIS2_PLACEMENT_3D('',#3478,#3479,#3480);
#2795=AXIS2_PLACEMENT_3D('',#3481,#3482,#3483);
#2796=AXIS2_PLACEMENT_3D('',#3484,#3485,#3486);
#2797=CARTESIAN_POINT('',(-0.01,0.01,0.0));
#2798=VECTOR('',#3487,1.0);
#2799=AXIS2_PLACEMENT_3D('',#3488,#3489,#3490);
#2800=AXIS2_PLACEMENT_3D('',#3491,#3492,#3493);
#2801=AXIS2_PLACEMENT_3D('',#3494,#3495,#3496);
#2802=CARTESIAN_POINT('',(-0.01,-0.01,0.01));
#2803=CARTESIAN_POINT('',(-0.01,0.0,0.01));
#2804=VECTOR('',#3497,1.0);
#2805=CARTESIAN_POINT('',(0.0,-0.01,0.01));
#2806=VECTOR('',#3498,1.0);
#2807=CARTESIAN_POINT('',(-0.01,0.01,0.01));
#2808=CARTESIAN_POINT('',(-0.01,0.0,0.01));
#2809=VECTOR('',#3499,1.0);
#2810=CARTESIAN_POINT('',(0.0,0.01,0.01));
#2811=VECTOR('',#3500,1.0);
#2812=CARTESIAN_POINT('',(0.01,-0.01,0.01));
#2813=CARTESIAN_POINT('',(0.01,0.0,0.01));
#2814=VECTOR('',#3501,1.0);
#2815=CARTESIAN_POINT('',(0.0,-0.01,0.01));
#2816=VECTOR('',#3502,1.0);
#2817=CARTESIAN_POINT('',(0.01,0.01,0.01));
#2818=CARTESIAN_POINT('',(0.01,0.0,0.01));
#2819=VECTOR('',#3503,1.0);
#2820=CARTESIAN_POINT('',(0.0,0.01,0.01));
#2821=VECTOR('',#3504,1.0);
#2822=CARTESIAN_POINT('',(0.00512247448713916,-0.00512247448713916,0.00487752551286084));
#2823=AXIS2_PLACEMENT_3D('',#3505,#3506,#3507);
#2824=CARTESIAN_POINT('',(0.00487752551286084,-0.00487752551286084,0.00487752551286084));
#2825=AXIS2_PLACEMENT_3D('',#3508,#3509,#3510);
#2826=AXIS2_PLACEMENT_3D('',#3511,#3512,#3513);
#2827=AXIS2_PLACEMENT_3D('',#3514,#3515,#3516);
#2828=AXIS2_PLACEMENT_3D('',#3517,#3518,#3519);
#2829=AXIS2_PLACEMENT_3D('',#3520,#3521,#3522);
#2830=CARTESIAN_POINT('',(0.00487752551286084,0.00487752551286084,0.00487752551286084));
#2831=AXIS2_PLACEMENT_3D('',#3523,#3524,#3525);
#2832=CARTESIAN_POINT('',(0.00512247448713916,0.00512247448713916,0.00487752551286084));
#2833=AXIS2_PLACEMENT_3D('',#3526,#3527,#3528);
#2834=AXIS2_PLACEMENT_3D('',#3529,#3530,#3531);
#2835=CARTESIAN_POINT('',(0.01,-0.01,0.00975505102572168));
#2836=AXIS2_PLACEMENT_3D('',#3532,#3533,#3534);
#2837=CARTESIAN_POINT('',(0.01,-0.01,0.0));
#2838=VECTOR('',#3535,1.0);
#2839=CARTESIAN_POINT('',(-3.15289337328244E-20,-0.01,-0.000244948974278318));
#2840=AXIS2_PLACEMENT_3D('',#3536,#3537,#3538);
#2841=AXIS2_PLACEMENT_3D('',#3539,#3540,#3541);
#2842=AXIS2_PLACEMENT_3D('',#3542,#3543,#3544);
#2843=AXIS2_PLACEMENT_3D('',#3545,#3546,#3547);
#2844=AXIS2_PLACEMENT_3D('',#3548,#3549,#3550);
#2845=AXIS2_PLACEMENT_3D('',#3551,#3552,#3553);
#2846=AXIS2_PLACEMENT_3D('',#3554,#3555,#3556);
#2847=AXIS2_PLACEMENT_3D('',#3557,#3558,#3559);
#2848=AXIS2_PLACEMENT_3D('',#3560,#3561,#3562);
#2849=CARTESIAN_POINT('',(-0.01,0.01,0.00975505102572168));
#2850=AXIS2_PLACEMENT_3D('',#3563,#3564,#3565);
#2851=CARTESIAN_POINT('',(-0.01,0.01,0.0));
#2852=VECTOR('',#3566,1.0);
#2853=AXIS2_PLACEMENT_3D('',#3567,#3568,#3569);
#2854=CARTESIAN_POINT('',(4.21926571130652E-19,0.01,-0.000244948974278318));
#2855=AXIS2_PLACEMENT_3D('',#3570,#3571,#3572);
#2856=AXIS2_PLACEMENT_3D('',#3573,#3574,#3575);
#2857=AXIS2_PLACEMENT_3D('',#3576,#3577,#3578);
#2858=AXIS2_PLACEMENT_3D('',#3579,#3580,#3581);
#2859=AXIS2_PLACEMENT_3D('',#3582,#3583,#3584);
#2860=CARTESIAN_POINT('',(-0.01,-2.45422495377263E-19,-0.000244948974278318));
#2861=AXIS2_PLACEMENT_3D('',#3585,#3586,#3587);
#2862=AXIS2_PLACEMENT_3D('',#3588,#3589,#3590);
#2863=CARTESIAN_POINT('',(0.01,-2.11784434404943E-19,-0.000244948974278319));
#2864=AXIS2_PLACEMENT_3D('',#3591,#3592,#3593);
#2865=AXIS2_PLACEMENT_3D('',#3594,#3595,#3596);
#2866=AXIS2_PLACEMENT_3D('',#3597,#3598,#3599);
#2867=AXIS2_PLACEMENT_3D('',#3600,#3601,#3602);
#2868=CARTESIAN_POINT('',(-0.00487752551286084,-0.00487752551286084,0.00487752551286084));
#2869=AXIS2_PLACEMENT_3D('',#3603,#3604,#3605);
#2870=CARTESIAN_POINT('',(-0.00512247448713916,-0.00512247448713916,0.00487752551286084));
#2871=AXIS2_PLACEMENT_3D('',#3606,#3607,#3608);
#2872=AXIS2_PLACEMENT_3D('',#3609,#3610,#3611);
#2873=AXIS2_PLACEMENT_3D('',#3612,#3613,#3614);
#2874=AXIS2_PLACEMENT_3D('',#3615,#3616,#3617);
#2875=AXIS2_PLACEMENT_3D('',#3618,#3619,#3620);
#2876=AXIS2_PLACEMENT_3D('',#3621,#3622,#3623);
#2877=CARTESIAN_POINT('',(-0.00487752551286084,0.00487752551286084,0.00487752551286084));
#2878=AXIS2_PLACEMENT_3D('',#3624,#3625,#3626);
#2879=CARTESIAN_POINT('',(-0.00512247448713916,0.00512247448713916,0.00487752551286084));
#2880=AXIS2_PLACEMENT_3D('',#3627,#3628,#3629);
#2881=AXIS2_PLACEMENT_3D('',#3630,#3631,#3632);
#2882=AXIS2_PLACEMENT_3D('',#3633,#3634,#3635);
#2883=AXIS2_PLACEMENT_3D('',#3636,#3637,#3638);
#2884=AXIS2_PLACEMENT_3D('',#3639,#3640,#3641);
#2885=AXIS2_PLACEMENT_3D('',#3642,#3643,#3644);
#2886=CARTESIAN_POINT('',(-9.41379193389247E-20,-2.02894408677852E-19,0.00975505102572168));
#2887=AXIS2_PLACEMENT_3D('',#3645,#3646,#3647);
#2888=AXIS2_PLACEMENT_3D('',#3648,#3649,#3650);
#2889=AXIS2_PLACEMENT_3D('',#3651,#3652,#3653);
#2890=AXIS2_PLACEMENT_3D('',#3654,#3655,#3656);
#2891=CARTESIAN_POINT('',(0.01,0.01,0.00975505102572168));
#2892=AXIS2_PLACEMENT_3D('',#3657,#3658,#3659);
#2893=AXIS2_PLACEMENT_3D('',#3660,#3661,#3662);
#2894=CARTESIAN_POINT('',(0.01,0.01,0.0));
#2895=VECTOR('',#3663,1.0);
#2896=AXIS2_PLACEMENT_3D('',#3664,#3665,#3666);
#2897=AXIS2_PLACEMENT_3D('',#3667,#3668,#3669);
#2898=AXIS2_PLACEMENT_3D('',#3670,#3671,#3672);
#2899=AXIS2_PLACEMENT_3D('',#3673,#3674,#3675);
#2900=AXIS2_PLACEMENT_3D('',#3676,#3677,#3678);
#2901=CARTESIAN_POINT('',(-0.01,-0.01,0.00975505102572168));
#2902=AXIS2_PLACEMENT_3D('',#3679,#3680,#3681);
#2903=AXIS2_PLACEMENT_3D('',#3682,#3683,#3684);
#2904=AXIS2_PLACEMENT_3D('',#3685,#3686,#3687);
#2905=CARTESIAN_POINT('',(-0.01,-0.01,0.0));
#2906=VECTOR('',#3688,1.0);
#2907=AXIS2_PLACEMENT_3D('',#3689,#3690,#3691);
#2908=DIRECTION('',(-0.577350269189626,0.577350269189626,0.577350269189626));
#2909=CARTESIAN_POINT('',(-0.005,0.005,0.005));
#2910=DIRECTION('',(0.0,-0.707106781186547,-0.707106781186547));
#2911=DIRECTION('',(-1.0,3.3196776257581E-16,-3.3196776257581E-16));
#2912=CARTESIAN_POINT('',(-0.005,0.005,0.005));
#2913=DIRECTION('',(0.707106781186548,-0.707106781186548,0.0));
#2914=DIRECTION('',(0.0,0.0,1.0));
#2915=CARTESIAN_POINT('',(-0.005,0.005,0.005));
#2916=DIRECTION('',(0.707106781186547,0.0,-0.707106781186547));
#2917=DIRECTION('',(3.3196776257581E-16,-1.0,3.3196776257581E-16));
#2918=DIRECTION('',(0.577350269189626,-0.577350269189626,-0.577350269189626));
#2919=CARTESIAN_POINT('',(-0.01,0.01,0.01));
#2920=DIRECTION('',(-0.0,-1.0,0.0));
#2921=DIRECTION('',(-0.707106781186547,0.0,0.707106781186548));
#2922=CARTESIAN_POINT('',(-0.01,0.01,0.01));
#2923=DIRECTION('',(0.0,-0.0,-1.0));
#2924=DIRECTION('',(0.707106781186547,-0.707106781186547,0.0));
#2925=CARTESIAN_POINT('',(-0.01,0.01,0.01));
#2926=DIRECTION('',(-1.0,-0.0,0.0));
#2927=DIRECTION('',(0.0,-0.707106781186547,-0.707106781186548));
#2928=DIRECTION('',(-0.577350269189626,0.577350269189626,-0.577350269189626));
#2929=CARTESIAN_POINT('',(0.01,-0.01,0.01));
#2930=DIRECTION('',(-0.0,-1.0,0.0));
#2931=DIRECTION('',(-0.707106781186547,0.0,-0.707106781186548));
#2932=CARTESIAN_POINT('',(0.01,-0.01,0.01));
#2933=DIRECTION('',(-0.0,0.0,-1.0));
#2934=DIRECTION('',(-0.707106781186547,0.707106781186547,0.0));
#2935=CARTESIAN_POINT('',(0.01,-0.01,0.01));
#2936=DIRECTION('',(-1.0,-0.0,0.0));
#2937=DIRECTION('',(0.0,-0.707106781186547,0.707106781186548));
#2938=DIRECTION('',(0.577350269189626,-0.577350269189626,0.577350269189626));
#2939=CARTESIAN_POINT('',(0.005,-0.005,0.005));
#2940=DIRECTION('',(-1.00154306582477E-14,0.707106781186548,-0.707106781186548));
#2941=DIRECTION('',(-1.0,-7.16497087559457E-15,6.99898699430666E-15));
#2942=CARTESIAN_POINT('',(0.005,-0.005,0.005));
#2943=DIRECTION('',(0.707106781186548,-0.707106781186548,0.0));
#2944=DIRECTION('',(0.0,0.0,1.0));
#2945=CARTESIAN_POINT('',(0.005,-0.005,0.005));
#2946=DIRECTION('',(-0.707106781186548,1.00154306582477E-14,-0.707106781186548));
#2947=DIRECTION('',(-7.16497087559457E-15,-1.0,-6.99898699430666E-15));
#2948=DIRECTION('',(-0.577350269189626,-0.577350269189626,-0.577350269189626));
#2949=CARTESIAN_POINT('',(0.0,0.0,0.01));
#2950=DIRECTION('',(-1.0,4.42623683434414E-16,4.42623683434413E-16));
#2951=DIRECTION('',(6.25964416140483E-16,0.707106781186548,0.707106781186547));
#2952=CARTESIAN_POINT('',(0.0,0.0,0.01));
#2953=DIRECTION('',(-0.0,0.0,-1.0));
#2954=DIRECTION('',(-0.707106781186548,-0.707106781186548,0.0));
#2955=CARTESIAN_POINT('',(0.0,0.0,0.01));
#2956=DIRECTION('',(3.87295723005112E-16,-1.0,3.87295723005112E-16));
#2957=DIRECTION('',(0.707106781186548,5.47718864122922E-16,0.707106781186548));
#2958=DIRECTION('',(0.577350269189626,0.577350269189626,0.577350269189626));
#2959=CARTESIAN_POINT('',(-0.005,-0.005,0.005));
#2960=DIRECTION('',(-0.707106781186547,-1.00154306582478E-14,-0.707106781186547));
#2961=DIRECTION('',(7.3309547568825E-15,-1.0,6.83300311301878E-15));
#2962=CARTESIAN_POINT('',(-0.005,-0.005,0.005));
#2963=DIRECTION('',(-0.707106781186548,-0.707106781186548,0.0));
#2964=DIRECTION('',(0.0,0.0,1.0));
#2965=CARTESIAN_POINT('',(-0.005,-0.005,0.005));
#2966=DIRECTION('',(-1.00154306582478E-14,-0.707106781186547,-0.707106781186547));
#2967=DIRECTION('',(1.0,-7.3309547568825E-15,-6.83300311301878E-15));
#2968=DIRECTION('',(0.577350269189626,-0.577350269189626,0.577350269189626));
#2969=CARTESIAN_POINT('',(-0.005,0.005,0.005));
#2970=DIRECTION('',(0.0,0.707106781186547,-0.707106781186547));
#2971=DIRECTION('',(1.0,-3.3196776257581E-16,-3.3196776257581E-16));
#2972=CARTESIAN_POINT('',(-0.005,0.005,0.005));
#2973=DIRECTION('',(-0.707106781186547,0.0,-0.707106781186547));
#2974=DIRECTION('',(-3.3196776257581E-16,1.0,3.3196776257581E-16));
#2975=DIRECTION('',(-0.577350269189626,0.577350269189626,-0.577350269189626));
#2976=CARTESIAN_POINT('',(0.0,0.0,0.01));
#2977=DIRECTION('',(-0.0,0.0,-1.0));
#2978=DIRECTION('',(-0.707106781186547,0.707106781186547,0.0));
#2979=CARTESIAN_POINT('',(0.0,0.0,0.01));
#2980=DIRECTION('',(-1.0,1.77049473373765E-15,-1.77049473373765E-15));
#2981=DIRECTION('',(-2.50385766456193E-15,-0.707106781186547,0.707106781186548));
#2982=DIRECTION('',(0.577350269189626,0.577350269189626,-0.577350269189626));
#2983=CARTESIAN_POINT('',(-0.01,-0.01,0.01));
#2984=DIRECTION('',(-1.0,0.0,-0.0));
#2985=DIRECTION('',(0.0,0.707106781186547,-0.707106781186548));
#2986=CARTESIAN_POINT('',(-0.01,-0.01,0.01));
#2987=DIRECTION('',(0.0,0.0,-1.0));
#2988=DIRECTION('',(0.707106781186547,0.707106781186547,0.0));
#2989=CARTESIAN_POINT('',(-0.01,-0.01,0.01));
#2990=DIRECTION('',(-0.0,-1.0,0.0));
#2991=DIRECTION('',(-0.707106781186547,0.0,0.707106781186548));
#2992=DIRECTION('',(-0.577350269189626,-0.577350269189626,0.577350269189626));
#2993=CARTESIAN_POINT('',(-0.005,-0.005,0.005));
#2994=DIRECTION('',(0.707106781186548,1.00154306582477E-14,-0.707106781186548));
#2995=DIRECTION('',(-7.16497087559457E-15,1.0,6.99898699430666E-15));
#2996=CARTESIAN_POINT('',(-0.005,-0.005,0.005));
#2997=DIRECTION('',(1.00154306582477E-14,0.707106781186548,-0.707106781186548));
#2998=DIRECTION('',(-1.0,7.16497087559457E-15,-6.99898699430666E-15));
#2999=DIRECTION('',(-0.577350269189626,-0.577350269189626,0.577350269189626));
#3000=CARTESIAN_POINT('',(-0.005,0.005,-0.005));
#3001=DIRECTION('',(0.707106781186547,0.0,-0.707106781186547));
#3002=DIRECTION('',(-3.3196776257581E-16,-1.0,-3.3196776257581E-16));
#3003=CARTESIAN_POINT('',(-0.005,0.005,-0.005));
#3004=DIRECTION('',(-0.707106781186548,-0.707106781186548,0.0));
#3005=DIRECTION('',(0.0,0.0,1.0));
#3006=CARTESIAN_POINT('',(-0.005,0.005,-0.005));
#3007=DIRECTION('',(0.0,0.707106781186547,-0.707106781186547));
#3008=DIRECTION('',(1.0,3.3196776257581E-16,3.3196776257581E-16));
#3009=DIRECTION('',(0.577350269189626,0.577350269189626,-0.577350269189626));
#3010=CARTESIAN_POINT('',(-0.01,0.0,0.0));
#3011=DIRECTION('',(-1.0,-0.0,0.0));
#3012=DIRECTION('',(0.0,-0.707106781186547,0.707106781186548));
#3013=CARTESIAN_POINT('',(-0.01,0.0,0.0));
#3014=DIRECTION('',(1.77049473373766E-15,1.77049473373766E-15,-1.0));
#3015=DIRECTION('',(-0.707106781186547,-0.707106781186547,-2.50385766456194E-15));
#3016=CARTESIAN_POINT('',(-0.01,-8.67361737988404E-19,8.67361737988404E-19));
#3017=DIRECTION('',(2.43443025888927E-15,-1.0,-2.43443025888927E-15));
#3018=DIRECTION('',(0.707106781186548,3.44280428877265E-15,-0.707106781186547));
#3019=DIRECTION('',(-0.577350269189626,-0.577350269189626,-0.577350269189626));
#3020=CARTESIAN_POINT('',(-0.005,0.005,0.005));
#3021=DIRECTION('',(-0.707106781186547,0.0,-0.707106781186547));
#3022=DIRECTION('',(-3.3196776257581E-16,1.0,3.3196776257581E-16));
#3023=CARTESIAN_POINT('',(-0.005,0.005,0.005));
#3024=DIRECTION('',(0.0,-0.707106781186547,-0.707106781186547));
#3025=DIRECTION('',(-1.0,3.3196776257581E-16,-3.3196776257581E-16));
#3026=DIRECTION('',(0.577350269189626,0.577350269189626,0.577350269189626));
#3027=CARTESIAN_POINT('',(-0.01,0.0,0.0));
#3028=DIRECTION('',(-1.0,-0.0,0.0));
#3029=DIRECTION('',(0.0,-0.707106781186547,-0.707106781186548));
#3030=CARTESIAN_POINT('',(-0.01,-8.67361737988404E-19,-8.67361737988404E-19));
#3031=DIRECTION('',(2.43443025888927E-15,-1.0,2.43443025888927E-15));
#3032=DIRECTION('',(0.707106781186548,3.44280428877265E-15,0.707106781186547));
#3033=DIRECTION('',(0.577350269189626,0.577350269189626,0.577350269189626));
#3034=CARTESIAN_POINT('',(0.005,0.005,0.005));
#3035=DIRECTION('',(-0.707106781186547,0.0,-0.707106781186547));
#3036=DIRECTION('',(3.3196776257581E-16,1.0,-3.3196776257581E-16));
#3037=CARTESIAN_POINT('',(0.005,0.005,0.005));
#3038=DIRECTION('',(-0.707106781186548,-0.707106781186548,0.0));
#3039=DIRECTION('',(0.0,0.0,1.0));
#3040=CARTESIAN_POINT('',(0.005,0.005,0.005));
#3041=DIRECTION('',(0.0,-0.707106781186547,-0.707106781186547));
#3042=DIRECTION('',(-1.0,-3.3196776257581E-16,3.3196776257581E-16));
#3043=DIRECTION('',(-0.577350269189626,-0.577350269189626,-0.577350269189626));
#3044=CARTESIAN_POINT('',(0.01,0.01,0.01));
#3045=DIRECTION('',(-1.0,0.0,0.0));
#3046=DIRECTION('',(0.0,0.707106781186547,0.707106781186548));
#3047=CARTESIAN_POINT('',(0.01,0.01,0.01));
#3048=DIRECTION('',(-0.0,0.0,-1.0));
#3049=DIRECTION('',(-0.707106781186547,-0.707106781186547,0.0));
#3050=CARTESIAN_POINT('',(0.01,0.01,0.01));
#3051=DIRECTION('',(-0.0,-1.0,0.0));
#3052=DIRECTION('',(-0.707106781186547,0.0,-0.707106781186548));
#3053=DIRECTION('',(0.577350269189626,0.577350269189626,0.577350269189626));
#3054=CARTESIAN_POINT('',(-0.005,0.005,-0.005));
#3055=DIRECTION('',(-0.707106781186547,0.0,-0.707106781186547));
#3056=DIRECTION('',(3.3196776257581E-16,1.0,-3.3196776257581E-16));
#3057=CARTESIAN_POINT('',(-0.005,0.005,-0.005));
#3058=DIRECTION('',(0.0,-0.707106781186547,-0.707106781186547));
#3059=DIRECTION('',(-1.0,-3.3196776257581E-16,3.3196776257581E-16));
#3060=DIRECTION('',(-0.577350269189626,-0.577350269189626,-0.577350269189626));
#3061=CARTESIAN_POINT('',(0.0,0.01,0.0));
#3062=DIRECTION('',(-1.0,-1.77049473373765E-15,-1.77049473373765E-15));
#3063=DIRECTION('',(2.50385766456193E-15,-0.707106781186547,-0.707106781186548));
#3064=CARTESIAN_POINT('',(0.0,0.01,0.0));
#3065=DIRECTION('',(-1.77049473373766E-15,-1.77049473373766E-15,-1.0));
#3066=DIRECTION('',(0.707106781186547,0.707106781186547,-2.50385766456194E-15));
#3067=CARTESIAN_POINT('',(0.0,0.01,0.0));
#3068=DIRECTION('',(-0.0,-1.0,0.0));
#3069=DIRECTION('',(-0.707106781186547,0.0,-0.707106781186548));
#3070=DIRECTION('',(-0.577350269189626,0.577350269189626,0.577350269189626));
#3071=CARTESIAN_POINT('',(0.005,0.005,-0.005));
#3072=DIRECTION('',(0.0,-0.707106781186547,-0.707106781186547));
#3073=DIRECTION('',(-1.0,3.3196776257581E-16,-3.3196776257581E-16));
#3074=CARTESIAN_POINT('',(0.005,0.005,-0.005));
#3075=DIRECTION('',(0.707106781186548,-0.707106781186548,0.0));
#3076=DIRECTION('',(0.0,0.0,1.0));
#3077=CARTESIAN_POINT('',(0.005,0.005,-0.005));
#3078=DIRECTION('',(0.707106781186547,0.0,-0.707106781186547));
#3079=DIRECTION('',(3.3196776257581E-16,-1.0,3.3196776257581E-16));
#3080=DIRECTION('',(0.577350269189626,-0.577350269189626,-0.577350269189626));
#3081=CARTESIAN_POINT('',(0.0,0.01,0.0));
#3082=DIRECTION('',(-0.0,-1.0,0.0));
#3083=DIRECTION('',(-0.707106781186547,0.0,0.707106781186548));
#3084=CARTESIAN_POINT('',(0.0,0.01,0.0));
#3085=DIRECTION('',(1.77049473373766E-15,-1.77049473373766E-15,-1.0));
#3086=DIRECTION('',(-0.707106781186547,0.707106781186547,-2.50385766456194E-15));
#3087=DIRECTION('',(-0.577350269189626,-0.577350269189626,0.577350269189626));
#3088=CARTESIAN_POINT('',(0.005,0.005,0.005));
#3089=DIRECTION('',(0.707106781186547,0.0,-0.707106781186547));
#3090=DIRECTION('',(-3.3196776257581E-16,-1.0,-3.3196776257581E-16));
#3091=CARTESIAN_POINT('',(0.005,0.005,0.005));
#3092=DIRECTION('',(0.0,0.707106781186547,-0.707106781186547));
#3093=DIRECTION('',(1.0,3.3196776257581E-16,3.3196776257581E-16));
#3094=DIRECTION('',(0.577350269189626,0.577350269189626,-0.577350269189626));
#3095=CARTESIAN_POINT('',(0.0,0.0,0.01));
#3096=DIRECTION('',(0.0,0.0,-1.0));
#3097=DIRECTION('',(0.707106781186547,0.707106781186547,0.0));
#3098=CARTESIAN_POINT('',(0.0,0.0,0.01));
#3099=DIRECTION('',(-3.87295723005112E-16,-1.0,3.87295723005112E-16));
#3100=DIRECTION('',(0.707106781186548,-5.47718864122922E-16,-0.707106781186548));
#3101=DIRECTION('',(0.577350269189626,-0.577350269189626,-0.577350269189626));
#3102=CARTESIAN_POINT('',(0.0,0.0,0.01));
#3103=DIRECTION('',(0.0,-0.0,-1.0));
#3104=DIRECTION('',(0.707106781186548,-0.707106781186548,0.0));
#3105=DIRECTION('',(-0.577350269189626,0.577350269189626,0.577350269189626));
#3106=CARTESIAN_POINT('',(0.005,-0.005,0.005));
#3107=DIRECTION('',(1.00154306582478E-14,-0.707106781186547,-0.707106781186547));
#3108=DIRECTION('',(1.0,7.3309547568825E-15,6.83300311301878E-15));
#3109=CARTESIAN_POINT('',(0.005,-0.005,0.005));
#3110=DIRECTION('',(0.707106781186547,-1.00154306582478E-14,-0.707106781186547));
#3111=DIRECTION('',(7.3309547568825E-15,1.0,-6.83300311301878E-15));
#3112=DIRECTION('',(-0.577350269189626,0.577350269189626,0.577350269189626));
#3113=CARTESIAN_POINT('',(4.43391461432842E-20,-0.01,-4.43391461432842E-20));
#3114=DIRECTION('',(-0.0,-1.0,0.0));
#3115=DIRECTION('',(-0.707106781186547,0.0,0.707106781186547));
#3116=CARTESIAN_POINT('',(1.72340918311466E-20,-0.01,1.72340918311466E-20));
#3117=DIRECTION('',(-1.0,-2.56490784356021E-16,-2.56490784356021E-16));
#3118=DIRECTION('',(-3.62732745859997E-16,0.707106781186548,0.707106781186547));
#3119=DIRECTION('',(0.577350269189626,-0.577350269189626,-0.577350269189626));
#3120=CARTESIAN_POINT('',(-0.005,-0.005,0.005));
#3121=DIRECTION('',(-1.00154306582478E-14,-0.707106781186547,-0.707106781186547));
#3122=DIRECTION('',(1.0,-7.3309547568825E-15,-6.83300311301878E-15));
#3123=CARTESIAN_POINT('',(-0.005,-0.005,0.005));
#3124=DIRECTION('',(0.707106781186548,1.00154306582477E-14,-0.707106781186548));
#3125=DIRECTION('',(-7.16497087559457E-15,1.0,6.99898699430666E-15));
#3126=DIRECTION('',(-0.577350269189626,0.577350269189626,-0.577350269189626));
#3127=CARTESIAN_POINT('',(0.005,0.005,0.005));
#3128=DIRECTION('',(0.0,0.707106781186547,-0.707106781186547));
#3129=DIRECTION('',(1.0,3.3196776257581E-16,3.3196776257581E-16));
#3130=CARTESIAN_POINT('',(0.005,0.005,0.005));
#3131=DIRECTION('',(-0.707106781186547,0.0,-0.707106781186547));
#3132=DIRECTION('',(3.3196776257581E-16,1.0,-3.3196776257581E-16));
#3133=DIRECTION('',(0.577350269189626,-0.577350269189626,0.577350269189626));
#3134=CARTESIAN_POINT('',(0.0,0.01,0.0));
#3135=DIRECTION('',(-0.0,-1.0,0.0));
#3136=DIRECTION('',(-0.707106781186547,0.0,-0.707106781186548));
#3137=CARTESIAN_POINT('',(0.0,0.01,0.0));
#3138=DIRECTION('',(-1.0,-1.77049473373765E-15,1.77049473373765E-15));
#3139=DIRECTION('',(2.50385766456193E-15,-0.707106781186547,0.707106781186548));
#3140=DIRECTION('',(0.577350269189626,0.577350269189626,-0.577350269189626));
#3141=CARTESIAN_POINT('',(-0.005,0.005,0.005));
#3142=DIRECTION('',(0.707106781186547,0.0,-0.707106781186547));
#3143=DIRECTION('',(3.3196776257581E-16,-1.0,3.3196776257581E-16));
#3144=CARTESIAN_POINT('',(-0.005,0.005,0.005));
#3145=DIRECTION('',(0.0,0.707106781186547,-0.707106781186547));
#3146=DIRECTION('',(1.0,-3.3196776257581E-16,-3.3196776257581E-16));
#3147=DIRECTION('',(-0.577350269189626,-0.577350269189626,0.577350269189626));
#3148=CARTESIAN_POINT('',(0.0,0.01,0.0));
#3149=DIRECTION('',(-0.0,-1.0,0.0));
#3150=DIRECTION('',(-0.707106781186547,0.0,0.707106781186548));
#3151=DIRECTION('',(-0.577350269189626,-0.577350269189626,-0.577350269189626));
#3152=CARTESIAN_POINT('',(0.01,4.43391461432842E-20,4.43391461432842E-20));
#3153=DIRECTION('',(-1.0,-0.0,0.0));
#3154=DIRECTION('',(0.0,-0.707106781186547,-0.707106781186547));
#3155=CARTESIAN_POINT('',(0.01,1.80555932286303E-35,-1.80555932286303E-35));
#3156=DIRECTION('',(3.3196776257581E-16,3.3196776257581E-16,-1.0));
#3157=DIRECTION('',(0.707106781186547,0.707106781186548,4.69473312105362E-16));
#3158=CARTESIAN_POINT('',(0.01,-8.67361737988404E-19,8.67361737988404E-19));
#3159=DIRECTION('',(-2.65574210060648E-15,-1.0,-2.65574210060648E-15));
#3160=DIRECTION('',(0.707106781186547,-3.75578649684289E-15,0.707106781186548));
#3161=DIRECTION('',(0.577350269189626,0.577350269189626,0.577350269189626));
#3162=CARTESIAN_POINT('',(0.005,-0.005,-0.005));
#3163=DIRECTION('',(-0.707106781186548,-1.00154306582478E-14,-0.707106781186548));
#3164=DIRECTION('',(7.44161067774113E-15,-1.0,6.7223471921602E-15));
#3165=CARTESIAN_POINT('',(0.005,-0.005,-0.005));
#3166=DIRECTION('',(-0.707106781186548,-0.707106781186548,-1.00154306582478E-14));
#3167=DIRECTION('',(-6.77767515258948E-15,-7.3862827173118E-15,1.0));
#3168=CARTESIAN_POINT('',(0.005,-0.005,-0.005));
#3169=DIRECTION('',(-5.00771532912388E-15,-0.707106781186548,-0.707106781186548));
#3170=DIRECTION('',(1.0,-3.87295723005113E-15,-3.20902170489951E-15));
#3171=DIRECTION('',(0.577350269189626,-0.577350269189626,0.577350269189626));
#3172=CARTESIAN_POINT('',(-0.01,-4.43391461432842E-20,4.43391461432842E-20));
#3173=DIRECTION('',(-1.0,0.0,-0.0));
#3174=DIRECTION('',(0.0,0.707106781186547,-0.707106781186547));
#3175=DIRECTION('',(-0.577350269189626,0.577350269189626,-0.577350269189626));
#3176=CARTESIAN_POINT('',(-0.005,-0.005,0.005));
#3177=DIRECTION('',(1.00154306582477E-14,0.707106781186548,-0.707106781186548));
#3178=DIRECTION('',(-1.0,7.16497087559457E-15,-6.99898699430666E-15));
#3179=CARTESIAN_POINT('',(-0.005,-0.005,0.005));
#3180=DIRECTION('',(-0.707106781186547,-1.00154306582478E-14,-0.707106781186547));
#3181=DIRECTION('',(7.3309547568825E-15,-1.0,6.83300311301878E-15));
#3182=DIRECTION('',(-0.577350269189626,0.577350269189626,-0.577350269189626));
#3183=CARTESIAN_POINT('',(4.43391461432842E-20,-0.01,4.43391461432842E-20));
#3184=DIRECTION('',(-0.0,-1.0,0.0));
#3185=DIRECTION('',(-0.707106781186547,0.0,-0.707106781186547));
#3186=CARTESIAN_POINT('',(1.80555932286303E-35,-0.01,-1.80555932286303E-35));
#3187=DIRECTION('',(3.3196776257581E-16,-3.3196776257581E-16,-1.0));
#3188=DIRECTION('',(0.707106781186548,-0.707106781186547,4.69473312105362E-16));
#3189=CARTESIAN_POINT('',(1.72340918311466E-20,-0.01,-1.72340918311466E-20));
#3190=DIRECTION('',(-1.0,-2.56490784356021E-16,2.56490784356021E-16));
#3191=DIRECTION('',(-3.62732745859997E-16,0.707106781186548,-0.707106781186547));
#3192=DIRECTION('',(0.577350269189626,-0.577350269189626,0.577350269189626));
#3193=CARTESIAN_POINT('',(-0.005,-0.005,-0.005));
#3194=DIRECTION('',(-1.00154306582478E-14,0.707106781186548,-0.707106781186548));
#3195=DIRECTION('',(-1.0,-7.44161067774113E-15,6.7223471921602E-15));
#3196=CARTESIAN_POINT('',(-0.005,-0.005,-0.005));
#3197=DIRECTION('',(0.707106781186548,-0.707106781186548,-1.00154306582478E-14));
#3198=DIRECTION('',(6.77767515258948E-15,-7.3862827173118E-15,1.0));
#3199=CARTESIAN_POINT('',(-0.005,-0.005,-0.005));
#3200=DIRECTION('',(-0.707106781186548,5.00771532912388E-15,-0.707106781186548));
#3201=DIRECTION('',(-3.87295723005113E-15,-1.0,-3.20902170489951E-15));
#3202=DIRECTION('',(-0.577350269189626,-0.577350269189626,-0.577350269189626));
#3203=CARTESIAN_POINT('',(0.005,0.005,-0.005));
#3204=DIRECTION('',(-0.707106781186547,0.0,-0.707106781186547));
#3205=DIRECTION('',(-3.3196776257581E-16,1.0,3.3196776257581E-16));
#3206=CARTESIAN_POINT('',(0.005,0.005,-0.005));
#3207=DIRECTION('',(-0.707106781186547,0.0,-0.707106781186547));
#3208=DIRECTION('',(-3.3196776257581E-16,1.0,3.3196776257581E-16));
#3209=CARTESIAN_POINT('',(0.005,0.005,-0.005));
#3210=DIRECTION('',(0.0,-0.707106781186547,-0.707106781186547));
#3211=DIRECTION('',(-1.0,3.3196776257581E-16,-3.3196776257581E-16));
#3212=DIRECTION('',(0.577350269189626,0.577350269189626,0.577350269189626));
#3213=CARTESIAN_POINT('',(0.0,0.0,-0.01));
#3214=DIRECTION('',(-1.0,1.77049473373765E-15,1.77049473373765E-15));
#3215=DIRECTION('',(-2.50385766456193E-15,-0.707106781186547,-0.707106781186548));
#3216=CARTESIAN_POINT('',(0.0,0.0,-0.01));
#3217=DIRECTION('',(-3.87295723005112E-16,-1.0,-3.87295723005112E-16));
#3218=DIRECTION('',(0.707106781186548,-5.47718864122922E-16,0.707106781186548));
#3219=DIRECTION('',(0.577350269189626,-0.577350269189626,0.577350269189626));
#3220=CARTESIAN_POINT('',(0.005,0.005,-0.005));
#3221=DIRECTION('',(0.0,0.707106781186547,-0.707106781186547));
#3222=DIRECTION('',(1.0,-3.3196776257581E-16,-3.3196776257581E-16));
#3223=DIRECTION('',(-0.577350269189626,0.577350269189626,-0.577350269189626));
#3224=CARTESIAN_POINT('',(0.01,0.0,0.0));
#3225=DIRECTION('',(-1.77049473373766E-15,1.77049473373766E-15,-1.0));
#3226=DIRECTION('',(0.707106781186547,-0.707106781186547,-2.50385766456194E-15));
#3227=CARTESIAN_POINT('',(0.01,0.0,0.0));
#3228=DIRECTION('',(-1.0,0.0,-0.0));
#3229=DIRECTION('',(0.0,0.707106781186547,-0.707106781186548));
#3230=DIRECTION('',(0.577350269189626,-0.577350269189626,-0.577350269189626));
#3231=CARTESIAN_POINT('',(-0.01,-1.80555932286303E-35,1.80555932286303E-35));
#3232=DIRECTION('',(-2.76639802146508E-16,2.76639802146508E-16,-1.0));
#3233=DIRECTION('',(-0.707106781186547,0.707106781186548,3.91227760087802E-16));
#3234=CARTESIAN_POINT('',(-0.01,-4.43391461432842E-20,-4.43391461432842E-20));
#3235=DIRECTION('',(-1.0,0.0,0.0));
#3236=DIRECTION('',(0.0,0.707106781186547,0.707106781186547));
#3237=DIRECTION('',(-0.577350269189626,0.577350269189626,0.577350269189626));
#3238=CARTESIAN_POINT('',(-0.005,-0.005,-0.005));
#3239=DIRECTION('',(5.00771532912388E-15,-0.707106781186548,-0.707106781186548));
#3240=DIRECTION('',(1.0,3.87295723005113E-15,3.20902170489951E-15));
#3241=CARTESIAN_POINT('',(-0.005,-0.005,-0.005));
#3242=DIRECTION('',(0.707106781186548,-1.00154306582478E-14,-0.707106781186548));
#3243=DIRECTION('',(7.44161067774113E-15,1.0,-6.7223471921602E-15));
#3244=DIRECTION('',(0.577350269189626,-0.577350269189626,0.577350269189626));
#3245=CARTESIAN_POINT('',(0.0,0.0,-0.01));
#3246=DIRECTION('',(-1.0,3.87295723005112E-16,-3.87295723005112E-16));
#3247=DIRECTION('',(5.47718864122923E-16,0.707106781186548,-0.707106781186547));
#3248=DIRECTION('',(-0.577350269189626,0.577350269189626,-0.577350269189626));
#3249=CARTESIAN_POINT('',(0.005,-0.005,-0.005));
#3250=DIRECTION('',(1.00154306582478E-14,0.707106781186548,-0.707106781186548));
#3251=DIRECTION('',(-1.0,7.44161067774113E-15,-6.7223471921602E-15));
#3252=CARTESIAN_POINT('',(0.005,-0.005,-0.005));
#3253=DIRECTION('',(1.00154306582478E-14,0.707106781186548,-0.707106781186548));
#3254=DIRECTION('',(-1.0,7.44161067774113E-15,-6.7223471921602E-15));
#3255=CARTESIAN_POINT('',(0.005,-0.005,-0.005));
#3256=DIRECTION('',(-0.707106781186548,-1.00154306582478E-14,-0.707106781186548));
#3257=DIRECTION('',(7.44161067774113E-15,-1.0,6.7223471921602E-15));
#3258=DIRECTION('',(0.577350269189626,0.577350269189626,-0.577350269189626));
#3259=CARTESIAN_POINT('',(1.80555932286303E-35,-0.01,1.80555932286303E-35));
#3260=DIRECTION('',(-2.76639802146508E-16,-2.76639802146508E-16,-1.0));
#3261=DIRECTION('',(-0.707106781186548,-0.707106781186547,3.91227760087802E-16));
#3262=CARTESIAN_POINT('',(4.43391461432842E-20,-0.01,-4.43391461432842E-20));
#3263=DIRECTION('',(-0.0,-1.0,0.0));
#3264=DIRECTION('',(-0.707106781186547,0.0,0.707106781186547));
#3265=DIRECTION('',(-0.577350269189626,-0.577350269189626,0.577350269189626));
#3266=CARTESIAN_POINT('',(0.005,-0.005,-0.005));
#3267=DIRECTION('',(0.707106781186548,5.00771532912388E-15,-0.707106781186548));
#3268=DIRECTION('',(-3.87295723005113E-15,1.0,3.20902170489951E-15));
#3269=DIRECTION('',(0.577350269189626,0.577350269189626,0.577350269189626));
#3270=CARTESIAN_POINT('',(4.43391461432842E-20,-0.01,4.43391461432842E-20));
#3271=DIRECTION('',(-0.0,-1.0,0.0));
#3272=DIRECTION('',(-0.707106781186547,0.0,-0.707106781186547));
#3273=DIRECTION('',(-0.577350269189626,-0.577350269189626,-0.577350269189626));
#3274=CARTESIAN_POINT('',(0.005,-0.005,0.005));
#3275=DIRECTION('',(-0.707106781186548,1.00154306582477E-14,-0.707106781186548));
#3276=DIRECTION('',(-7.16497087559457E-15,-1.0,-6.99898699430666E-15));
#3277=CARTESIAN_POINT('',(0.005,-0.005,0.005));
#3278=DIRECTION('',(1.00154306582478E-14,-0.707106781186547,-0.707106781186547));
#3279=DIRECTION('',(1.0,7.3309547568825E-15,6.83300311301878E-15));
#3280=DIRECTION('',(0.577350269189626,-0.577350269189626,-0.577350269189626));
#3281=CARTESIAN_POINT('',(0.005,0.005,0.005));
#3282=DIRECTION('',(0.0,-0.707106781186547,-0.707106781186547));
#3283=DIRECTION('',(-1.0,-3.3196776257581E-16,3.3196776257581E-16));
#3284=CARTESIAN_POINT('',(0.005,0.005,0.005));
#3285=DIRECTION('',(0.707106781186547,0.0,-0.707106781186547));
#3286=DIRECTION('',(-3.3196776257581E-16,-1.0,-3.3196776257581E-16));
#3287=DIRECTION('',(-0.577350269189626,0.577350269189626,0.577350269189626));
#3288=CARTESIAN_POINT('',(0.01,-8.67361737988404E-19,-8.67361737988404E-19));
#3289=DIRECTION('',(-2.65574210060648E-15,-1.0,2.65574210060648E-15));
#3290=DIRECTION('',(0.707106781186547,-3.75578649684289E-15,-0.707106781186548));
#3291=CARTESIAN_POINT('',(0.01,0.0,0.0));
#3292=DIRECTION('',(-1.0,0.0,0.0));
#3293=DIRECTION('',(0.0,0.707106781186547,0.707106781186548));
#3294=DIRECTION('',(-0.577350269189626,-0.577350269189626,0.577350269189626));
#3295=CARTESIAN_POINT('',(0.01,4.43391461432842E-20,-4.43391461432842E-20));
#3296=DIRECTION('',(-1.0,-0.0,0.0));
#3297=DIRECTION('',(0.0,-0.707106781186547,0.707106781186547));
#3298=DIRECTION('',(0.577350269189626,0.577350269189626,-0.577350269189626));
#3299=CARTESIAN_POINT('',(0.005,-0.005,0.005));
#3300=DIRECTION('',(0.707106781186547,-1.00154306582478E-14,-0.707106781186547));
#3301=DIRECTION('',(7.3309547568825E-15,1.0,-6.83300311301878E-15));
#3302=CARTESIAN_POINT('',(0.005,-0.005,0.005));
#3303=DIRECTION('',(-1.00154306582477E-14,0.707106781186548,-0.707106781186548));
#3304=DIRECTION('',(-1.0,-7.16497087559457E-15,6.99898699430666E-15));
#3305=DIRECTION('',(-0.577350269189626,0.577350269189626,-0.577350269189626));
#3306=CARTESIAN_POINT('',(-0.005,0.005,-0.005));
#3307=DIRECTION('',(0.0,0.707106781186547,-0.707106781186547));
#3308=DIRECTION('',(1.0,3.3196776257581E-16,3.3196776257581E-16));
#3309=CARTESIAN_POINT('',(-0.005,0.005,-0.005));
#3310=DIRECTION('',(-0.707106781186547,0.0,-0.707106781186547));
#3311=DIRECTION('',(3.3196776257581E-16,1.0,-3.3196776257581E-16));
#3312=DIRECTION('',(0.577350269189626,-0.577350269189626,0.577350269189626));
#3313=CARTESIAN_POINT('',(-0.01,0.01,-0.01));
#3314=DIRECTION('',(-0.0,-1.0,0.0));
#3315=DIRECTION('',(-0.707106781186547,0.0,-0.707106781186548));
#3316=CARTESIAN_POINT('',(-0.01,0.01,-0.01));
#3317=DIRECTION('',(-1.0,-0.0,0.0));
#3318=DIRECTION('',(0.0,-0.707106781186547,0.707106781186548));
#3319=DIRECTION('',(-0.577350269189626,-0.577350269189626,0.577350269189626));
#3320=CARTESIAN_POINT('',(0.0,0.0,-0.01));
#3321=DIRECTION('',(3.87295723005112E-16,-1.0,-3.87295723005112E-16));
#3322=DIRECTION('',(0.707106781186548,5.47718864122922E-16,-0.707106781186548));
#3323=DIRECTION('',(0.577350269189626,0.577350269189626,-0.577350269189626));
#3324=CARTESIAN_POINT('',(-0.005,-0.005,-0.005));
#3325=DIRECTION('',(0.707106781186548,-1.00154306582478E-14,-0.707106781186548));
#3326=DIRECTION('',(7.44161067774113E-15,1.0,-6.7223471921602E-15));
#3327=CARTESIAN_POINT('',(-0.005,-0.005,-0.005));
#3328=DIRECTION('',(-1.00154306582478E-14,0.707106781186548,-0.707106781186548));
#3329=DIRECTION('',(-1.0,-7.44161067774113E-15,6.7223471921602E-15));
#3330=DIRECTION('',(0.577350269189626,-0.577350269189626,-0.577350269189626));
#3331=CARTESIAN_POINT('',(-0.005,0.005,-0.005));
#3332=DIRECTION('',(0.0,-0.707106781186547,-0.707106781186547));
#3333=DIRECTION('',(-1.0,-3.3196776257581E-16,3.3196776257581E-16));
#3334=CARTESIAN_POINT('',(-0.005,0.005,-0.005));
#3335=DIRECTION('',(0.707106781186547,0.0,-0.707106781186547));
#3336=DIRECTION('',(-3.3196776257581E-16,-1.0,-3.3196776257581E-16));
#3337=DIRECTION('',(-0.577350269189626,0.577350269189626,0.577350269189626));
#3338=DIRECTION('',(0.577350269189626,0.577350269189626,0.577350269189626));
#3339=CARTESIAN_POINT('',(-0.01,-0.01,-0.01));
#3340=DIRECTION('',(-1.0,0.0,0.0));
#3341=DIRECTION('',(0.0,0.707106781186547,0.707106781186548));
#3342=CARTESIAN_POINT('',(-0.01,-0.01,-0.01));
#3343=DIRECTION('',(-0.0,-1.0,0.0));
#3344=DIRECTION('',(-0.707106781186547,0.0,-0.707106781186548));
#3345=DIRECTION('',(-0.577350269189626,-0.577350269189626,-0.577350269189626));
#3346=CARTESIAN_POINT('',(-0.005,-0.005,-0.005));
#3347=DIRECTION('',(-0.707106781186548,5.00771532912388E-15,-0.707106781186548));
#3348=DIRECTION('',(-3.87295723005113E-15,-1.0,-3.20902170489951E-15));
#3349=CARTESIAN_POINT('',(-0.005,-0.005,-0.005));
#3350=DIRECTION('',(5.00771532912388E-15,-0.707106781186548,-0.707106781186548));
#3351=DIRECTION('',(1.0,3.87295723005113E-15,3.20902170489951E-15));
#3352=DIRECTION('',(-0.577350269189626,0.577350269189626,0.577350269189626));
#3353=CARTESIAN_POINT('',(0.01,-0.01,-0.01));
#3354=DIRECTION('',(-0.0,-1.0,0.0));
#3355=DIRECTION('',(-0.707106781186547,0.0,0.707106781186548));
#3356=CARTESIAN_POINT('',(0.01,-0.01,-0.01));
#3357=DIRECTION('',(-1.0,-0.0,0.0));
#3358=DIRECTION('',(0.0,-0.707106781186547,-0.707106781186548));
#3359=DIRECTION('',(0.577350269189626,-0.577350269189626,-0.577350269189626));
#3360=CARTESIAN_POINT('',(0.005,-0.005,-0.005));
#3361=DIRECTION('',(-5.00771532912388E-15,-0.707106781186548,-0.707106781186548));
#3362=DIRECTION('',(1.0,-3.87295723005113E-15,-3.20902170489951E-15));
#3363=CARTESIAN_POINT('',(0.005,-0.005,-0.005));
#3364=DIRECTION('',(0.707106781186548,5.00771532912388E-15,-0.707106781186548));
#3365=DIRECTION('',(-3.87295723005113E-15,1.0,3.20902170489951E-15));
#3366=DIRECTION('',(0.577350269189626,0.577350269189626,-0.577350269189626));
#3367=CARTESIAN_POINT('',(0.005,0.005,-0.005));
#3368=DIRECTION('',(0.707106781186547,0.0,-0.707106781186547));
#3369=DIRECTION('',(3.3196776257581E-16,-1.0,3.3196776257581E-16));
#3370=CARTESIAN_POINT('',(0.005,0.005,-0.005));
#3371=DIRECTION('',(0.0,0.707106781186547,-0.707106781186547));
#3372=DIRECTION('',(1.0,-3.3196776257581E-16,-3.3196776257581E-16));
#3373=DIRECTION('',(-0.577350269189626,-0.577350269189626,0.577350269189626));
#3374=CARTESIAN_POINT('',(0.01,0.01,-0.01));
#3375=DIRECTION('',(-1.0,0.0,-0.0));
#3376=DIRECTION('',(0.0,0.707106781186547,-0.707106781186548));
#3377=CARTESIAN_POINT('',(0.01,0.01,-0.01));
#3378=DIRECTION('',(-0.0,-1.0,0.0));
#3379=DIRECTION('',(-0.707106781186547,0.0,0.707106781186548));
#3380=CARTESIAN_POINT('',(-0.01,0.01,-0.01));
#3381=DIRECTION('',(-0.0,0.0,-1.0));
#3382=DIRECTION('',(-0.707106781186547,0.707106781186547,0.0));
#3383=DIRECTION('',(0.0,1.0,0.0));
#3384=DIRECTION('',(1.0,-0.0,0.0));
#3385=CARTESIAN_POINT('',(0.0,0.0,-0.01));
#3386=DIRECTION('',(0.0,0.0,-1.0));
#3387=DIRECTION('',(0.707106781186548,0.707106781186548,0.0));
#3388=CARTESIAN_POINT('',(0.0,0.0,-0.01));
#3389=DIRECTION('',(0.0,-0.0,-1.0));
#3390=DIRECTION('',(0.707106781186547,-0.707106781186547,0.0));
#3391=CARTESIAN_POINT('',(0.0,0.0,-0.01));
#3392=DIRECTION('',(-0.0,0.0,-1.0));
#3393=DIRECTION('',(-0.707106781186547,-0.707106781186547,0.0));
#3394=CARTESIAN_POINT('',(0.0,0.0,-0.01));
#3395=DIRECTION('',(-0.0,0.0,-1.0));
#3396=DIRECTION('',(-0.707106781186548,0.707106781186548,0.0));
#3397=CARTESIAN_POINT('',(-0.01,-0.01,-0.01));
#3398=DIRECTION('',(-0.0,0.0,-1.0));
#3399=DIRECTION('',(-0.707106781186547,-0.707106781186547,0.0));
#3400=DIRECTION('',(-1.0,0.0,0.0));
#3401=DIRECTION('',(0.0,1.0,0.0));
#3402=DIRECTION('',(-1.0,0.0,0.0));
#3403=CARTESIAN_POINT('',(0.01,-0.01,-0.01));
#3404=DIRECTION('',(0.0,-0.0,-1.0));
#3405=DIRECTION('',(0.707106781186547,-0.707106781186547,0.0));
#3406=DIRECTION('',(0.0,-1.0,0.0));
#3407=CARTESIAN_POINT('',(0.01,0.01,-0.01));
#3408=DIRECTION('',(0.0,0.0,-1.0));
#3409=DIRECTION('',(0.707106781186547,0.707106781186547,0.0));
#3410=DIRECTION('',(1.0,-0.0,0.0));
#3411=DIRECTION('',(0.0,-1.0,0.0));
#3412=CARTESIAN_POINT('',(0.01,0.01,-0.01));
#3413=DIRECTION('',(-0.0,-1.0,0.0));
#3414=DIRECTION('',(-0.707106781186547,0.0,0.707106781186548));
#3415=DIRECTION('',(0.0,-0.0,-1.0));
#3416=CARTESIAN_POINT('',(0.01,0.01,-0.01));
#3417=DIRECTION('',(-1.0,0.0,-0.0));
#3418=DIRECTION('',(0.0,0.707106781186547,-0.707106781186548));
#3419=CARTESIAN_POINT('',(0.005,0.005,-0.005));
#3420=DIRECTION('',(0.0,0.707106781186547,-0.707106781186547));
#3421=DIRECTION('',(1.0,-3.3196776257581E-16,-3.3196776257581E-16));
#3422=CARTESIAN_POINT('',(0.005,0.005,-0.005));
#3423=DIRECTION('',(-0.707106781186548,-0.707106781186548,0.0));
#3424=DIRECTION('',(0.0,0.0,1.0));
#3425=CARTESIAN_POINT('',(0.005,0.005,-0.005));
#3426=DIRECTION('',(0.707106781186547,0.0,-0.707106781186547));
#3427=DIRECTION('',(3.3196776257581E-16,-1.0,3.3196776257581E-16));
#3428=CARTESIAN_POINT('',(0.005,-0.005,-0.005));
#3429=DIRECTION('',(0.707106781186548,5.00771532912388E-15,-0.707106781186548));
#3430=DIRECTION('',(-3.87295723005113E-15,1.0,3.20902170489951E-15));
#3431=CARTESIAN_POINT('',(0.005,-0.005,-0.005));
#3432=DIRECTION('',(0.707106781186548,-0.707106781186548,0.0));
#3433=DIRECTION('',(0.0,0.0,1.0));
#3434=CARTESIAN_POINT('',(0.005,-0.005,-0.005));
#3435=DIRECTION('',(-5.00771532912388E-15,-0.707106781186548,-0.707106781186548));
#3436=DIRECTION('',(1.0,-3.87295723005113E-15,-3.20902170489951E-15));
#3437=CARTESIAN_POINT('',(0.01,-0.01,-0.01));
#3438=DIRECTION('',(-1.0,-0.0,0.0));
#3439=DIRECTION('',(0.0,-0.707106781186547,-0.707106781186548));
#3440=CARTESIAN_POINT('',(0.01,-0.01,-0.01));
#3441=DIRECTION('',(-0.0,-1.0,0.0));
#3442=DIRECTION('',(-0.707106781186547,0.0,0.707106781186548));
#3443=DIRECTION('',(-0.0,0.0,1.0));
#3444=CARTESIAN_POINT('',(-0.01,-0.01,-0.01));
#3445=DIRECTION('',(-0.0,-1.0,0.0));
#3446=DIRECTION('',(-0.707106781186547,0.0,-0.707106781186548));
#3447=DIRECTION('',(-0.0,0.0,1.0));
#3448=CARTESIAN_POINT('',(-0.005,-0.005,-0.005));
#3449=DIRECTION('',(5.00771532912388E-15,-0.707106781186548,-0.707106781186548));
#3450=DIRECTION('',(1.0,3.87295723005113E-15,3.20902170489951E-15));
#3451=CARTESIAN_POINT('',(-0.005,-0.005,-0.005));
#3452=DIRECTION('',(-0.707106781186548,-0.707106781186548,0.0));
#3453=DIRECTION('',(0.0,0.0,1.0));
#3454=CARTESIAN_POINT('',(-0.005,-0.005,-0.005));
#3455=DIRECTION('',(-0.707106781186548,5.00771532912388E-15,-0.707106781186548));
#3456=DIRECTION('',(-3.87295723005113E-15,-1.0,-3.20902170489951E-15));
#3457=CARTESIAN_POINT('',(-0.01,-0.01,-0.01));
#3458=DIRECTION('',(-1.0,0.0,0.0));
#3459=DIRECTION('',(0.0,0.707106781186547,0.707106781186548));
#3460=CARTESIAN_POINT('',(0.0,0.0,-0.01));
#3461=DIRECTION('',(-1.0,1.77049473373765E-15,1.77049473373765E-15));
#3462=DIRECTION('',(-2.50385766456193E-15,-0.707106781186547,-0.707106781186548));
#3463=CARTESIAN_POINT('',(0.0,0.0,-0.01));
#3464=DIRECTION('',(3.87295723005112E-16,-1.0,-3.87295723005112E-16));
#3465=DIRECTION('',(0.707106781186548,5.47718864122922E-16,-0.707106781186548));
#3466=CARTESIAN_POINT('',(-0.005,0.005,-0.005));
#3467=DIRECTION('',(0.707106781186547,0.0,-0.707106781186547));
#3468=DIRECTION('',(-3.3196776257581E-16,-1.0,-3.3196776257581E-16));
#3469=CARTESIAN_POINT('',(-0.005,0.005,-0.005));
#3470=DIRECTION('',(0.707106781186548,-0.707106781186548,0.0));
#3471=DIRECTION('',(0.0,0.0,1.0));
#3472=CARTESIAN_POINT('',(-0.005,0.005,-0.005));
#3473=DIRECTION('',(0.0,-0.707106781186547,-0.707106781186547));
#3474=DIRECTION('',(-1.0,-3.3196776257581E-16,3.3196776257581E-16));
#3475=CARTESIAN_POINT('',(-0.005,-0.005,-0.005));
#3476=DIRECTION('',(-1.00154306582478E-14,0.707106781186548,-0.707106781186548));
#3477=DIRECTION('',(-1.0,-7.44161067774113E-15,6.7223471921602E-15));
#3478=CARTESIAN_POINT('',(-0.005,-0.005,-0.005));
#3479=DIRECTION('',(0.707106781186548,-1.00154306582478E-14,-0.707106781186548));
#3480=DIRECTION('',(7.44161067774113E-15,1.0,-6.7223471921602E-15));
#3481=CARTESIAN_POINT('',(0.0,0.0,-0.01));
#3482=DIRECTION('',(-1.0,3.87295723005112E-16,-3.87295723005112E-16));
#3483=DIRECTION('',(5.47718864122923E-16,0.707106781186548,-0.707106781186547));
#3484=CARTESIAN_POINT('',(-0.01,0.01,-0.01));
#3485=DIRECTION('',(-1.0,-0.0,0.0));
#3486=DIRECTION('',(0.0,-0.707106781186547,0.707106781186548));
#3487=DIRECTION('',(0.0,-0.0,-1.0));
#3488=CARTESIAN_POINT('',(-0.01,0.01,-0.01));
#3489=DIRECTION('',(-0.0,-1.0,0.0));
#3490=DIRECTION('',(-0.707106781186547,0.0,-0.707106781186548));
#3491=CARTESIAN_POINT('',(-0.005,0.005,-0.005));
#3492=DIRECTION('',(-0.707106781186547,0.0,-0.707106781186547));
#3493=DIRECTION('',(3.3196776257581E-16,1.0,-3.3196776257581E-16));
#3494=CARTESIAN_POINT('',(-0.005,0.005,-0.005));
#3495=DIRECTION('',(0.0,0.707106781186547,-0.707106781186547));
#3496=DIRECTION('',(1.0,3.3196776257581E-16,3.3196776257581E-16));
#3497=DIRECTION('',(0.0,1.0,0.0));
#3498=DIRECTION('',(-1.0,0.0,0.0));
#3499=DIRECTION('',(0.0,1.0,0.0));
#3500=DIRECTION('',(1.0,-0.0,0.0));
#3501=DIRECTION('',(0.0,-1.0,0.0));
#3502=DIRECTION('',(-1.0,0.0,0.0));
#3503=DIRECTION('',(0.0,-1.0,0.0));
#3504=DIRECTION('',(1.0,-0.0,0.0));
#3505=CARTESIAN_POINT('',(0.005,-0.005,0.005));
#3506=DIRECTION('',(-1.00154306582477E-14,0.707106781186548,-0.707106781186548));
#3507=DIRECTION('',(-1.0,-7.16497087559457E-15,6.99898699430666E-15));
#3508=CARTESIAN_POINT('',(0.005,-0.005,0.005));
#3509=DIRECTION('',(-0.707106781186548,-0.707106781186548,1.00154306582478E-14));
#3510=DIRECTION('',(6.77767515258948E-15,7.3862827173118E-15,1.0));
#3511=CARTESIAN_POINT('',(0.005,-0.005,0.005));
#3512=DIRECTION('',(0.707106781186547,-1.00154306582478E-14,-0.707106781186547));
#3513=DIRECTION('',(7.3309547568825E-15,1.0,-6.83300311301878E-15));
#3514=CARTESIAN_POINT('',(0.01,-8.67361737988404E-19,-8.67361737988404E-19));
#3515=DIRECTION('',(-2.65574210060648E-15,-1.0,2.65574210060648E-15));
#3516=DIRECTION('',(0.707106781186547,-3.75578649684289E-15,-0.707106781186548));
#3517=CARTESIAN_POINT('',(0.01,4.43391461432842E-20,-4.43391461432842E-20));
#3518=DIRECTION('',(-1.0,-0.0,0.0));
#3519=DIRECTION('',(0.0,-0.707106781186547,0.707106781186547));
#3520=CARTESIAN_POINT('',(0.01,0.0,0.0));
#3521=DIRECTION('',(-1.0,0.0,0.0));
#3522=DIRECTION('',(0.0,0.707106781186547,0.707106781186548));
#3523=CARTESIAN_POINT('',(0.005,0.005,0.005));
#3524=DIRECTION('',(0.707106781186547,0.0,-0.707106781186547));
#3525=DIRECTION('',(-3.3196776257581E-16,-1.0,-3.3196776257581E-16));
#3526=CARTESIAN_POINT('',(0.005,0.005,0.005));
#3527=DIRECTION('',(0.707106781186548,-0.707106781186548,0.0));
#3528=DIRECTION('',(0.0,0.0,1.0));
#3529=CARTESIAN_POINT('',(0.005,0.005,0.005));
#3530=DIRECTION('',(0.0,-0.707106781186547,-0.707106781186547));
#3531=DIRECTION('',(-1.0,-3.3196776257581E-16,3.3196776257581E-16));
#3532=CARTESIAN_POINT('',(0.01,-0.01,0.01));
#3533=DIRECTION('',(-0.0,-1.0,0.0));
#3534=DIRECTION('',(-0.707106781186547,0.0,-0.707106781186548));
#3535=DIRECTION('',(-0.0,0.0,1.0));
#3536=CARTESIAN_POINT('',(4.43391461432842E-20,-0.01,-4.43391461432842E-20));
#3537=DIRECTION('',(-0.0,-1.0,0.0));
#3538=DIRECTION('',(-0.707106781186547,0.0,0.707106781186547));
#3539=CARTESIAN_POINT('',(4.43391461432842E-20,-0.01,4.43391461432842E-20));
#3540=DIRECTION('',(-0.0,-1.0,0.0));
#3541=DIRECTION('',(-0.707106781186547,0.0,-0.707106781186547));
#3542=CARTESIAN_POINT('',(4.43391461432842E-20,-0.01,-4.43391461432842E-20));
#3543=DIRECTION('',(-0.0,-1.0,0.0));
#3544=DIRECTION('',(-0.707106781186547,0.0,0.707106781186547));
#3545=CARTESIAN_POINT('',(4.43391461432842E-20,-0.01,4.43391461432842E-20));
#3546=DIRECTION('',(-0.0,-1.0,0.0));
#3547=DIRECTION('',(-0.707106781186547,0.0,-0.707106781186547));
#3548=CARTESIAN_POINT('',(0.005,-0.005,0.005));
#3549=DIRECTION('',(1.00154306582478E-14,-0.707106781186547,-0.707106781186547));
#3550=DIRECTION('',(1.0,7.3309547568825E-15,6.83300311301878E-15));
#3551=CARTESIAN_POINT('',(0.005,-0.005,0.005));
#3552=DIRECTION('',(-0.707106781186548,1.00154306582477E-14,-0.707106781186548));
#3553=DIRECTION('',(-7.16497087559457E-15,-1.0,-6.99898699430666E-15));
#3554=CARTESIAN_POINT('',(1.72340918311466E-20,-0.01,1.72340918311466E-20));
#3555=DIRECTION('',(-1.0,-2.56490784356021E-16,-2.56490784356021E-16));
#3556=DIRECTION('',(-3.62732745859997E-16,0.707106781186548,0.707106781186547));
#3557=CARTESIAN_POINT('',(0.005,-0.005,-0.005));
#3558=DIRECTION('',(1.00154306582478E-14,0.707106781186548,-0.707106781186548));
#3559=DIRECTION('',(-1.0,7.44161067774113E-15,-6.7223471921602E-15));
#3560=CARTESIAN_POINT('',(1.72340918311466E-20,-0.01,-1.72340918311466E-20));
#3561=DIRECTION('',(-1.0,-2.56490784356021E-16,2.56490784356021E-16));
#3562=DIRECTION('',(-3.62732745859997E-16,0.707106781186548,-0.707106781186547));
#3563=CARTESIAN_POINT('',(-0.01,0.01,0.01));
#3564=DIRECTION('',(-0.0,-1.0,0.0));
#3565=DIRECTION('',(-0.707106781186547,0.0,0.707106781186548));
#3566=DIRECTION('',(0.0,-0.0,-1.0));
#3567=CARTESIAN_POINT('',(0.0,0.01,0.0));
#3568=DIRECTION('',(-0.0,-1.0,0.0));
#3569=DIRECTION('',(-0.707106781186547,0.0,-0.707106781186548));
#3570=CARTESIAN_POINT('',(0.0,0.01,0.0));
#3571=DIRECTION('',(-0.0,-1.0,0.0));
#3572=DIRECTION('',(-0.707106781186547,0.0,0.707106781186548));
#3573=CARTESIAN_POINT('',(0.0,0.01,0.0));
#3574=DIRECTION('',(-0.0,-1.0,0.0));
#3575=DIRECTION('',(-0.707106781186547,0.0,-0.707106781186548));
#3576=CARTESIAN_POINT('',(0.0,0.01,0.0));
#3577=DIRECTION('',(-0.0,-1.0,0.0));
#3578=DIRECTION('',(-0.707106781186547,0.0,0.707106781186548));
#3579=CARTESIAN_POINT('',(0.005,-0.005,-0.005));
#3580=DIRECTION('',(-0.707106781186548,-1.00154306582478E-14,-0.707106781186548));
#3581=DIRECTION('',(7.44161067774113E-15,-1.0,6.7223471921602E-15));
#3582=CARTESIAN_POINT('',(0.0,0.0,-0.01));
#3583=DIRECTION('',(-3.87295723005112E-16,-1.0,-3.87295723005112E-16));
#3584=DIRECTION('',(0.707106781186548,-5.47718864122922E-16,0.707106781186548));
#3585=CARTESIAN_POINT('',(-0.01,-4.43391461432842E-20,-4.43391461432842E-20));
#3586=DIRECTION('',(-1.0,0.0,0.0));
#3587=DIRECTION('',(0.0,0.707106781186547,0.707106781186547));
#3588=CARTESIAN_POINT('',(-0.01,-8.67361737988404E-19,8.67361737988404E-19));
#3589=DIRECTION('',(2.43443025888927E-15,-1.0,-2.43443025888927E-15));
#3590=DIRECTION('',(0.707106781186548,3.44280428877265E-15,-0.707106781186547));
#3591=CARTESIAN_POINT('',(0.01,0.0,0.0));
#3592=DIRECTION('',(-1.0,0.0,-0.0));
#3593=DIRECTION('',(0.0,0.707106781186547,-0.707106781186548));
#3594=CARTESIAN_POINT('',(0.01,-8.67361737988404E-19,8.67361737988404E-19));
#3595=DIRECTION('',(-2.65574210060648E-15,-1.0,-2.65574210060648E-15));
#3596=DIRECTION('',(0.707106781186547,-3.75578649684289E-15,0.707106781186548));
#3597=CARTESIAN_POINT('',(0.005,0.005,-0.005));
#3598=DIRECTION('',(-0.707106781186547,0.0,-0.707106781186547));
#3599=DIRECTION('',(-3.3196776257581E-16,1.0,3.3196776257581E-16));
#3600=CARTESIAN_POINT('',(0.005,0.005,-0.005));
#3601=DIRECTION('',(0.0,-0.707106781186547,-0.707106781186547));
#3602=DIRECTION('',(-1.0,3.3196776257581E-16,-3.3196776257581E-16));
#3603=CARTESIAN_POINT('',(-0.005,-0.005,0.005));
#3604=DIRECTION('',(-0.707106781186547,-1.00154306582478E-14,-0.707106781186547));
#3605=DIRECTION('',(7.3309547568825E-15,-1.0,6.83300311301878E-15));
#3606=CARTESIAN_POINT('',(-0.005,-0.005,0.005));
#3607=DIRECTION('',(0.707106781186548,-0.707106781186548,1.00154306582478E-14));
#3608=DIRECTION('',(-6.77767515258948E-15,7.3862827173118E-15,1.0));
#3609=CARTESIAN_POINT('',(-0.005,-0.005,0.005));
#3610=DIRECTION('',(1.00154306582477E-14,0.707106781186548,-0.707106781186548));
#3611=DIRECTION('',(-1.0,7.16497087559457E-15,-6.99898699430666E-15));
#3612=CARTESIAN_POINT('',(-0.01,-4.43391461432842E-20,4.43391461432842E-20));
#3613=DIRECTION('',(-1.0,0.0,-0.0));
#3614=DIRECTION('',(0.0,0.707106781186547,-0.707106781186547));
#3615=CARTESIAN_POINT('',(-0.01,-8.67361737988404E-19,-8.67361737988404E-19));
#3616=DIRECTION('',(2.43443025888927E-15,-1.0,2.43443025888927E-15));
#3617=DIRECTION('',(0.707106781186548,3.44280428877265E-15,0.707106781186547));
#3618=CARTESIAN_POINT('',(0.01,4.43391461432842E-20,4.43391461432842E-20));
#3619=DIRECTION('',(-1.0,-0.0,0.0));
#3620=DIRECTION('',(0.0,-0.707106781186547,-0.707106781186547));
#3621=CARTESIAN_POINT('',(0.0,0.01,0.0));
#3622=DIRECTION('',(-1.0,-1.77049473373765E-15,1.77049473373765E-15));
#3623=DIRECTION('',(2.50385766456193E-15,-0.707106781186547,0.707106781186548));
#3624=CARTESIAN_POINT('',(-0.005,0.005,0.005));
#3625=DIRECTION('',(0.0,0.707106781186547,-0.707106781186547));
#3626=DIRECTION('',(1.0,-3.3196776257581E-16,-3.3196776257581E-16));
#3627=CARTESIAN_POINT('',(-0.005,0.005,0.005));
#3628=DIRECTION('',(-0.707106781186548,-0.707106781186548,0.0));
#3629=DIRECTION('',(0.0,0.0,1.0));
#3630=CARTESIAN_POINT('',(-0.005,0.005,0.005));
#3631=DIRECTION('',(0.707106781186547,0.0,-0.707106781186547));
#3632=DIRECTION('',(3.3196776257581E-16,-1.0,3.3196776257581E-16));
#3633=CARTESIAN_POINT('',(0.005,0.005,0.005));
#3634=DIRECTION('',(-0.707106781186547,0.0,-0.707106781186547));
#3635=DIRECTION('',(3.3196776257581E-16,1.0,-3.3196776257581E-16));
#3636=CARTESIAN_POINT('',(0.005,0.005,0.005));
#3637=DIRECTION('',(0.0,0.707106781186547,-0.707106781186547));
#3638=DIRECTION('',(1.0,3.3196776257581E-16,3.3196776257581E-16));
#3639=CARTESIAN_POINT('',(-0.005,-0.005,0.005));
#3640=DIRECTION('',(0.707106781186548,1.00154306582477E-14,-0.707106781186548));
#3641=DIRECTION('',(-7.16497087559457E-15,1.0,6.99898699430666E-15));
#3642=CARTESIAN_POINT('',(-0.005,-0.005,0.005));
#3643=DIRECTION('',(-1.00154306582478E-14,-0.707106781186547,-0.707106781186547));
#3644=DIRECTION('',(1.0,-7.3309547568825E-15,-6.83300311301878E-15));
#3645=CARTESIAN_POINT('',(0.0,0.0,0.01));
#3646=DIRECTION('',(-1.0,4.42623683434414E-16,4.42623683434413E-16));
#3647=DIRECTION('',(6.25964416140483E-16,0.707106781186548,0.707106781186547));
#3648=CARTESIAN_POINT('',(0.0,0.0,0.01));
#3649=DIRECTION('',(-3.87295723005112E-16,-1.0,3.87295723005112E-16));
#3650=DIRECTION('',(0.707106781186548,-5.47718864122922E-16,-0.707106781186548));
#3651=CARTESIAN_POINT('',(0.0,0.0,0.01));
#3652=DIRECTION('',(-1.0,1.77049473373765E-15,-1.77049473373765E-15));
#3653=DIRECTION('',(-2.50385766456193E-15,-0.707106781186547,0.707106781186548));
#3654=CARTESIAN_POINT('',(0.0,0.01,0.0));
#3655=DIRECTION('',(-1.0,-1.77049473373765E-15,-1.77049473373765E-15));
#3656=DIRECTION('',(2.50385766456193E-15,-0.707106781186547,-0.707106781186548));
#3657=CARTESIAN_POINT('',(0.01,0.01,0.01));
#3658=DIRECTION('',(-0.0,-1.0,0.0));
#3659=DIRECTION('',(-0.707106781186547,0.0,-0.707106781186548));
#3660=CARTESIAN_POINT('',(0.01,0.01,0.01));
#3661=DIRECTION('',(-1.0,0.0,0.0));
#3662=DIRECTION('',(0.0,0.707106781186547,0.707106781186548));
#3663=DIRECTION('',(0.0,-0.0,-1.0));
#3664=CARTESIAN_POINT('',(0.01,-0.01,0.01));
#3665=DIRECTION('',(-1.0,-0.0,0.0));
#3666=DIRECTION('',(0.0,-0.707106781186547,0.707106781186548));
#3667=CARTESIAN_POINT('',(-0.01,0.0,0.0));
#3668=DIRECTION('',(-1.0,-0.0,0.0));
#3669=DIRECTION('',(0.0,-0.707106781186547,-0.707106781186548));
#3670=CARTESIAN_POINT('',(-0.005,0.005,0.005));
#3671=DIRECTION('',(0.0,-0.707106781186547,-0.707106781186547));
#3672=DIRECTION('',(-1.0,3.3196776257581E-16,-3.3196776257581E-16));
#3673=CARTESIAN_POINT('',(-0.005,0.005,0.005));
#3674=DIRECTION('',(-0.707106781186547,0.0,-0.707106781186547));
#3675=DIRECTION('',(-3.3196776257581E-16,1.0,3.3196776257581E-16));
#3676=CARTESIAN_POINT('',(-0.01,0.0,0.0));
#3677=DIRECTION('',(-1.0,-0.0,0.0));
#3678=DIRECTION('',(0.0,-0.707106781186547,0.707106781186548));
#3679=CARTESIAN_POINT('',(-0.01,-0.01,0.01));
#3680=DIRECTION('',(-0.0,-1.0,0.0));
#3681=DIRECTION('',(-0.707106781186547,0.0,0.707106781186548));
#3682=CARTESIAN_POINT('',(-0.01,-0.01,0.01));
#3683=DIRECTION('',(-1.0,0.0,-0.0));
#3684=DIRECTION('',(0.0,0.707106781186547,-0.707106781186548));
#3685=CARTESIAN_POINT('',(-0.01,0.01,0.01));
#3686=DIRECTION('',(-1.0,-0.0,0.0));
#3687=DIRECTION('',(0.0,-0.707106781186547,-0.707106781186548));
#3688=DIRECTION('',(-0.0,0.0,1.0));
#3689=CARTESIAN_POINT('',(0.0,0.0,0.01));
#3690=DIRECTION('',(3.87295723005112E-16,-1.0,3.87295723005112E-16));
#3691=DIRECTION('',(0.707106781186548,5.47718864122922E-16,0.707106781186548));
#3692=PRESENTATION_LAYER_ASSIGNMENT('9','\X2\56FE5C42\X0\0',(#25));
ENDSEC;
END-ISO-10303-21;
