ISO-10303-21;
HEADER;
FILE_DESCRIPTION(('STEP AP214'),'1');
FILE_NAME('Fluorite04.stp','2026-06-24T14:44:19',(' '),(' '),'Spatial InterOp 3D',' ',' ');
FILE_SCHEMA(('AUTOMOTIVE_DESIGN { 1 0 10303 214 1 1 1 1 }'));
ENDSEC;
DATA;
#1=MECHANICAL_DESIGN_GEOMETRIC_PRESENTATION_REPRESENTATION(' ',(#10),#6);
#2=PRODUCT_DEFINITION_CONTEXT('',#11,'design');
#3=APPLICATION_PROTOCOL_DEFINITION('INTERNATIONAL STANDARD','automotive_design',1994,#11);
#4=PRODUCT_CATEGORY_RELATIONSHIP('NONE','NONE',#12,#13);
#5=SHAPE_DEFINITION_REPRESENTATION(#14,#15);
#6= (GEOMETRIC_REPRESENTATION_CONTEXT(3)GLOBAL_UNCERTAINTY_ASSIGNED_CONTEXT((#18))GLOBAL_UNIT_ASSIGNED_CONTEXT((#20,#21,#22))REPRESENTATION_CONTEXT('NONE','WORKSPACE'));
#10=STYLED_ITEM('',(#24),#25);
#11=APPLICATION_CONTEXT(' ');
#12=PRODUCT_CATEGORY('part','NONE');
#13=PRODUCT_RELATED_PRODUCT_CATEGORY('detail',' ',(#26));
#14=PRODUCT_DEFINITION_SHAPE('NONE','NONE',#27);
#15=ADVANCED_BREP_SHAPE_REPRESENTATION('\X2\5B9E4F53\X0\555',(#25,#28),#6);
#18=UNCERTAINTY_MEASURE_WITH_UNIT(LENGTH_MEASURE(1.0E-08),#20,'','');
#20= (CONVERSION_BASED_UNIT('METRE',#31)LENGTH_UNIT()NAMED_UNIT(#34));
#21= (NAMED_UNIT(#36)PLANE_ANGLE_UNIT()SI_UNIT($,.RADIAN.));
#22= (NAMED_UNIT(#36)SOLID_ANGLE_UNIT()SI_UNIT($,.STERADIAN.));
#24=PRESENTATION_STYLE_ASSIGNMENT((#42));
#25=MANIFOLD_SOLID_BREP('\X2\5B9E4F53\X0\555',#43);
#26=PRODUCT('\X2\5B9E4F53\X0\555','','PART--DESC',(#44));
#27=PRODUCT_DEFINITION('','NONE',#45,#2);
#28=AXIS2_PLACEMENT_3D('',#46,#47,#48);
#31=LENGTH_MEASURE_WITH_UNIT(LENGTH_MEASURE(1.0),#49);
#34=DIMENSIONAL_EXPONENTS(1.0,0.0,0.0,0.0,0.0,0.0,0.0);
#36=DIMENSIONAL_EXPONENTS(0.0,0.0,0.0,0.0,0.0,0.0,0.0);
#42=SURFACE_STYLE_USAGE(.BOTH.,#50);
#43=CLOSED_SHELL('',(#51,#52,#53,#54,#55,#56,#57,#58,#59,#60,#61,#62,#63,#64,#65,#66,#67,#68,#69,#70,#71,#72,#73,#74,#75,#76,#77,#78,#79,#80,#81,#82,#83,#84,#85,#86,#87,#88,#89,#90,#91,#92,#93,#94,#95,#96,#97,#98,#99,#100,#101,#102,#103,#104,#105,#106,#107,#108,#109,#110,#111,#112,#113,#114,#115,#116,#117,#118,#119,#120,#121,#122,#123,#124,#125,#126,#127,#128,#129,#130,#131,#132,#133,#134,#135,#136,#137,#138,#139,#140,#141,#142,#143,#144));
#44=PRODUCT_CONTEXT('',#11,'mechanical');
#45=PRODUCT_DEFINITION_FORMATION_WITH_SPECIFIED_SOURCE(' ','NONE',#26,.NOT_KNOWN.);
#46=CARTESIAN_POINT('',(0.0,0.0,0.0));
#47=DIRECTION('',(0.0,0.0,1.0));
#48=DIRECTION('',(1.0,0.0,0.0));
#49= (NAMED_UNIT(#34)LENGTH_UNIT()SI_UNIT($,.METRE.));
#50=SURFACE_SIDE_STYLE('',(#146));
#51=ADVANCED_FACE('7:4260',(#147),#148,.T.);
#52=ADVANCED_FACE('7:4190',(#149),#150,.T.);
#53=ADVANCED_FACE('7:4180',(#151),#152,.T.);
#54=ADVANCED_FACE('7:2564',(#153),#154,.T.);
#55=ADVANCED_FACE('7:2514',(#155),#156,.T.);
#56=ADVANCED_FACE('7:2494',(#157),#158,.T.);
#57=ADVANCED_FACE('7:2474',(#159),#160,.T.);
#58=ADVANCED_FACE('7:4217',(#161),#162,.T.);
#59=ADVANCED_FACE('6:22088',(#163),#164,.T.);
#60=ADVANCED_FACE('6:22068',(#165),#166,.T.);
#61=ADVANCED_FACE('7:4167',(#167),#168,.T.);
#62=ADVANCED_FACE('7:71',(#169),#170,.T.);
#63=ADVANCED_FACE('7:4197',(#171),#172,.T.);
#64=ADVANCED_FACE('6:22746',(#173),#174,.T.);
#65=ADVANCED_FACE('6:22055',(#175),#176,.T.);
#66=ADVANCED_FACE('6:22075',(#177),#178,.T.);
#67=ADVANCED_FACE('7:1615',(#179),#180,.T.);
#68=ADVANCED_FACE('7:51',(#181),#182,.T.);
#69=ADVANCED_FACE('6:22736',(#183),#184,.T.);
#70=ADVANCED_FACE('7:1595',(#185),#186,.T.);
#71=ADVANCED_FACE('7:2481',(#187),#188,.T.);
#72=ADVANCED_FACE('7:2501',(#189),#190,.T.);
#73=ADVANCED_FACE('7:4137',(#191),#192,.T.);
#74=ADVANCED_FACE('7:2581',(#193),#194,.T.);
#75=ADVANCED_FACE('6:22729',(#195),#196,.T.);
#76=ADVANCED_FACE('6:22759',(#197),#198,.T.);
#77=ADVANCED_FACE('7:44',(#199),#200,.T.);
#78=ADVANCED_FACE('7:64',(#201),#202,.T.);
#79=ADVANCED_FACE('7:4117',(#203),#204,.T.);
#80=ADVANCED_FACE('7:2451',(#205),#206,.T.);
#81=ADVANCED_FACE('7:1608',(#207),#208,.T.);
#82=ADVANCED_FACE('7:1628',(#209),#210,.T.);
#83=ADVANCED_FACE('7:4084',(#211),#212,.T.);
#84=ADVANCED_FACE('7:4081',(#213),#214,.T.);
#85=ADVANCED_FACE('7:4078',(#215),#216,.T.);
#86=ADVANCED_FACE('7:4075',(#217),#218,.T.);
#87=ADVANCED_FACE('7:4072',(#219),#220,.T.);
#88=ADVANCED_FACE('7:1628',(#221),#222,.T.);
#89=ADVANCED_FACE('7:1608',(#223),#224,.T.);
#90=ADVANCED_FACE('7:34',(#225),#226,.F.);
#91=ADVANCED_FACE('7:4147',(#227),#228,.F.);
#92=ADVANCED_FACE('7:2451',(#229),#230,.T.);
#93=ADVANCED_FACE('7:4117',(#231),#232,.T.);
#94=ADVANCED_FACE('7:4107',(#233),#234,.T.);
#95=ADVANCED_FACE('7:2521',(#235),#236,.T.);
#96=ADVANCED_FACE('7:64',(#237),#238,.T.);
#97=ADVANCED_FACE('7:44',(#239),#240,.T.);
#98=ADVANCED_FACE('7:4247',(#241),#242,.F.);
#99=ADVANCED_FACE('6:22650',(#243),#244,.F.);
#100=ADVANCED_FACE('6:22759',(#245),#246,.T.);
#101=ADVANCED_FACE('6:22729',(#247),#248,.T.);
#102=ADVANCED_FACE('7:2581',(#249),#250,.T.);
#103=ADVANCED_FACE('7:4137',(#251),#252,.T.);
#104=ADVANCED_FACE('7:2551',(#253),#254,.T.);
#105=ADVANCED_FACE('6:22020',(#255),#256,.T.);
#106=ADVANCED_FACE('7:2501',(#257),#258,.T.);
#107=ADVANCED_FACE('7:2481',(#259),#260,.T.);
#108=ADVANCED_FACE('7:1595',(#261),#262,.T.);
#109=ADVANCED_FACE('6:22736',(#263),#264,.T.);
#110=ADVANCED_FACE('7:51',(#265),#266,.T.);
#111=ADVANCED_FACE('7:1615',(#267),#268,.T.);
#112=ADVANCED_FACE('6:22075',(#269),#270,.T.);
#113=ADVANCED_FACE('6:22055',(#271),#272,.T.);
#114=ADVANCED_FACE('6:22746',(#273),#274,.T.);
#115=ADVANCED_FACE('7:4197',(#275),#276,.T.);
#116=ADVANCED_FACE('7:71',(#277),#278,.T.);
#117=ADVANCED_FACE('7:4167',(#279),#280,.T.);
#118=ADVANCED_FACE('6:22068',(#281),#282,.T.);
#119=ADVANCED_FACE('6:22088',(#283),#284,.T.);
#120=ADVANCED_FACE('7:4217',(#285),#286,.T.);
#121=ADVANCED_FACE('7:1560',(#287),#288,.T.);
#122=ADVANCED_FACE('7:4207',(#289),#290,.T.);
#123=ADVANCED_FACE('7:4237',(#291),#292,.T.);
#124=ADVANCED_FACE('7:2444',(#293),#294,.F.);
#125=ADVANCED_FACE('7:2464',(#295),#296,.F.);
#126=ADVANCED_FACE('7:2474',(#297),#298,.T.);
#127=ADVANCED_FACE('7:2494',(#299),#300,.T.);
#128=ADVANCED_FACE('7:2514',(#301),#302,.T.);
#129=ADVANCED_FACE('7:2534',(#303),#304,.F.);
#130=ADVANCED_FACE('7:2544',(#305),#306,.T.);
#131=ADVANCED_FACE('7:2564',(#307),#308,.T.);
#132=ADVANCED_FACE('7:2574',(#309),#310,.T.);
#133=ADVANCED_FACE('7:2594',(#311),#312,.F.);
#134=ADVANCED_FACE('7:2422',(#313),#314,.F.);
#135=ADVANCED_FACE('7:2425',(#315),#316,.F.);
#136=ADVANCED_FACE('7:2428',(#317),#318,.F.);
#137=ADVANCED_FACE('7:2431',(#319),#320,.F.);
#138=ADVANCED_FACE('7:2434',(#321),#322,.F.);
#139=ADVANCED_FACE('7:4130',(#323),#324,.F.);
#140=ADVANCED_FACE('7:4160',(#325),#326,.F.);
#141=ADVANCED_FACE('7:4180',(#327),#328,.T.);
#142=ADVANCED_FACE('7:4190',(#329),#330,.T.);
#143=ADVANCED_FACE('7:4230',(#331),#332,.T.);
#144=ADVANCED_FACE('7:4260',(#333),#334,.T.);
#146=SURFACE_STYLE_FILL_AREA(#335);
#147=FACE_OUTER_BOUND('',#336,.T.);
#148=CYLINDRICAL_SURFACE('',#337,0.000400000000000001);
#149=FACE_OUTER_BOUND('',#338,.T.);
#150=CYLINDRICAL_SURFACE('',#339,0.0004);
#151=FACE_OUTER_BOUND('',#340,.T.);
#152=CYLINDRICAL_SURFACE('',#341,0.000400000000000001);
#153=FACE_OUTER_BOUND('',#342,.T.);
#154=CYLINDRICAL_SURFACE('',#343,0.000400000000000001);
#155=FACE_OUTER_BOUND('',#344,.T.);
#156=CYLINDRICAL_SURFACE('',#345,0.000400000000000001);
#157=FACE_OUTER_BOUND('',#346,.T.);
#158=CYLINDRICAL_SURFACE('',#347,0.0004);
#159=FACE_OUTER_BOUND('',#348,.T.);
#160=CYLINDRICAL_SURFACE('',#349,0.000400000000000001);
#161=FACE_OUTER_BOUND('',#350,.T.);
#162=CYLINDRICAL_SURFACE('',#351,0.000400000000000001);
#163=FACE_OUTER_BOUND('',#352,.T.);
#164=CYLINDRICAL_SURFACE('',#353,0.000400000000000001);
#165=FACE_OUTER_BOUND('',#354,.T.);
#166=CYLINDRICAL_SURFACE('',#355,0.000400000000000001);
#167=FACE_OUTER_BOUND('',#356,.T.);
#168=CYLINDRICAL_SURFACE('',#357,0.000400000000000001);
#169=FACE_OUTER_BOUND('',#358,.T.);
#170=CYLINDRICAL_SURFACE('',#359,0.000400000000000001);
#171=FACE_OUTER_BOUND('',#360,.T.);
#172=CYLINDRICAL_SURFACE('',#361,0.0004);
#173=FACE_OUTER_BOUND('',#362,.T.);
#174=CYLINDRICAL_SURFACE('',#363,0.0004);
#175=FACE_OUTER_BOUND('',#364,.T.);
#176=CYLINDRICAL_SURFACE('',#365,0.000400000000000001);
#177=FACE_OUTER_BOUND('',#366,.T.);
#178=CYLINDRICAL_SURFACE('',#367,0.000400000000000001);
#179=FACE_OUTER_BOUND('',#368,.T.);
#180=CYLINDRICAL_SURFACE('',#369,0.0004);
#181=FACE_OUTER_BOUND('',#370,.T.);
#182=CYLINDRICAL_SURFACE('',#371,0.000400000000000001);
#183=FACE_OUTER_BOUND('',#372,.T.);
#184=CYLINDRICAL_SURFACE('',#373,0.0004);
#185=FACE_OUTER_BOUND('',#374,.T.);
#186=CYLINDRICAL_SURFACE('',#375,0.000400000000000001);
#187=FACE_OUTER_BOUND('',#376,.T.);
#188=CYLINDRICAL_SURFACE('',#377,0.000400000000000001);
#189=FACE_OUTER_BOUND('',#378,.T.);
#190=CYLINDRICAL_SURFACE('',#379,0.0004);
#191=FACE_OUTER_BOUND('',#380,.T.);
#192=CYLINDRICAL_SURFACE('',#381,0.000400000000000001);
#193=FACE_OUTER_BOUND('',#382,.T.);
#194=CYLINDRICAL_SURFACE('',#383,0.000400000000000001);
#195=FACE_OUTER_BOUND('',#384,.T.);
#196=CYLINDRICAL_SURFACE('',#385,0.0004);
#197=FACE_OUTER_BOUND('',#386,.T.);
#198=CYLINDRICAL_SURFACE('',#387,0.0004);
#199=FACE_OUTER_BOUND('',#388,.T.);
#200=CYLINDRICAL_SURFACE('',#389,0.0004);
#201=FACE_OUTER_BOUND('',#390,.T.);
#202=CYLINDRICAL_SURFACE('',#391,0.0004);
#203=FACE_OUTER_BOUND('',#392,.T.);
#204=CYLINDRICAL_SURFACE('',#393,0.000400000000000001);
#205=FACE_OUTER_BOUND('',#394,.T.);
#206=CYLINDRICAL_SURFACE('',#395,0.000400000000000001);
#207=FACE_OUTER_BOUND('',#396,.T.);
#208=CYLINDRICAL_SURFACE('',#397,0.000400000000000001);
#209=FACE_OUTER_BOUND('',#398,.T.);
#210=CYLINDRICAL_SURFACE('',#399,0.0004);
#211=FACE_OUTER_BOUND('',#400,.T.);
#212=PLANE('',#401);
#213=FACE_OUTER_BOUND('',#402,.T.);
#214=PLANE('',#403);
#215=FACE_OUTER_BOUND('',#404,.T.);
#216=PLANE('',#405);
#217=FACE_OUTER_BOUND('',#406,.T.);
#218=PLANE('',#407);
#219=FACE_OUTER_BOUND('',#408,.T.);
#220=PLANE('',#409);
#221=FACE_OUTER_BOUND('',#410,.T.);
#222=CYLINDRICAL_SURFACE('',#411,0.0004);
#223=FACE_OUTER_BOUND('',#412,.T.);
#224=CYLINDRICAL_SURFACE('',#413,0.000400000000000001);
#225=FACE_OUTER_BOUND('',#414,.T.);
#226=PLANE('',#415);
#227=FACE_OUTER_BOUND('',#416,.T.);
#228=PLANE('',#417);
#229=FACE_OUTER_BOUND('',#418,.T.);
#230=CYLINDRICAL_SURFACE('',#419,0.000400000000000001);
#231=FACE_OUTER_BOUND('',#420,.T.);
#232=CYLINDRICAL_SURFACE('',#421,0.000400000000000001);
#233=FACE_OUTER_BOUND('',#422,.T.);
#234=PLANE('',#423);
#235=FACE_OUTER_BOUND('',#424,.T.);
#236=PLANE('',#425);
#237=FACE_OUTER_BOUND('',#426,.T.);
#238=CYLINDRICAL_SURFACE('',#427,0.0004);
#239=FACE_OUTER_BOUND('',#428,.T.);
#240=CYLINDRICAL_SURFACE('',#429,0.0004);
#241=FACE_OUTER_BOUND('',#430,.T.);
#242=PLANE('',#431);
#243=FACE_OUTER_BOUND('',#432,.T.);
#244=PLANE('',#433);
#245=FACE_OUTER_BOUND('',#434,.T.);
#246=CYLINDRICAL_SURFACE('',#435,0.0004);
#247=FACE_OUTER_BOUND('',#436,.T.);
#248=CYLINDRICAL_SURFACE('',#437,0.0004);
#249=FACE_OUTER_BOUND('',#438,.T.);
#250=CYLINDRICAL_SURFACE('',#439,0.000400000000000001);
#251=FACE_OUTER_BOUND('',#440,.T.);
#252=CYLINDRICAL_SURFACE('',#441,0.000400000000000001);
#253=FACE_OUTER_BOUND('',#442,.T.);
#254=PLANE('',#443);
#255=FACE_OUTER_BOUND('',#444,.T.);
#256=PLANE('',#445);
#257=FACE_OUTER_BOUND('',#446,.T.);
#258=CYLINDRICAL_SURFACE('',#447,0.0004);
#259=FACE_OUTER_BOUND('',#448,.T.);
#260=CYLINDRICAL_SURFACE('',#449,0.000400000000000001);
#261=FACE_OUTER_BOUND('',#450,.T.);
#262=CYLINDRICAL_SURFACE('',#451,0.000400000000000001);
#263=FACE_OUTER_BOUND('',#452,.T.);
#264=CYLINDRICAL_SURFACE('',#453,0.0004);
#265=FACE_OUTER_BOUND('',#454,.T.);
#266=CYLINDRICAL_SURFACE('',#455,0.000400000000000001);
#267=FACE_OUTER_BOUND('',#456,.T.);
#268=CYLINDRICAL_SURFACE('',#457,0.0004);
#269=FACE_OUTER_BOUND('',#458,.T.);
#270=CYLINDRICAL_SURFACE('',#459,0.000400000000000001);
#271=FACE_OUTER_BOUND('',#460,.T.);
#272=CYLINDRICAL_SURFACE('',#461,0.000400000000000001);
#273=FACE_OUTER_BOUND('',#462,.T.);
#274=CYLINDRICAL_SURFACE('',#463,0.0004);
#275=FACE_OUTER_BOUND('',#464,.T.);
#276=CYLINDRICAL_SURFACE('',#465,0.0004);
#277=FACE_OUTER_BOUND('',#466,.T.);
#278=CYLINDRICAL_SURFACE('',#467,0.000400000000000001);
#279=FACE_OUTER_BOUND('',#468,.T.);
#280=CYLINDRICAL_SURFACE('',#469,0.000400000000000001);
#281=FACE_OUTER_BOUND('',#470,.T.);
#282=CYLINDRICAL_SURFACE('',#471,0.000400000000000001);
#283=FACE_OUTER_BOUND('',#472,.T.);
#284=CYLINDRICAL_SURFACE('',#473,0.000400000000000001);
#285=FACE_OUTER_BOUND('',#474,.T.);
#286=CYLINDRICAL_SURFACE('',#475,0.000400000000000001);
#287=FACE_OUTER_BOUND('',#476,.T.);
#288=PLANE('',#477);
#289=FACE_OUTER_BOUND('',#478,.T.);
#290=PLANE('',#479);
#291=FACE_OUTER_BOUND('',#480,.T.);
#292=PLANE('',#481);
#293=FACE_OUTER_BOUND('',#482,.T.);
#294=PLANE('',#483);
#295=FACE_OUTER_BOUND('',#484,.T.);
#296=PLANE('',#485);
#297=FACE_OUTER_BOUND('',#486,.T.);
#298=CYLINDRICAL_SURFACE('',#487,0.000400000000000001);
#299=FACE_OUTER_BOUND('',#488,.T.);
#300=CYLINDRICAL_SURFACE('',#489,0.0004);
#301=FACE_OUTER_BOUND('',#490,.T.);
#302=CYLINDRICAL_SURFACE('',#491,0.000400000000000001);
#303=FACE_OUTER_BOUND('',#492,.T.);
#304=PLANE('',#493);
#305=FACE_OUTER_BOUND('',#494,.T.);
#306=PLANE('',#495);
#307=FACE_OUTER_BOUND('',#496,.T.);
#308=CYLINDRICAL_SURFACE('',#497,0.000400000000000001);
#309=FACE_OUTER_BOUND('',#498,.T.);
#310=PLANE('',#499);
#311=FACE_OUTER_BOUND('',#500,.T.);
#312=PLANE('',#501);
#313=FACE_OUTER_BOUND('',#502,.T.);
#314=PLANE('',#503);
#315=FACE_OUTER_BOUND('',#504,.T.);
#316=PLANE('',#505);
#317=FACE_OUTER_BOUND('',#506,.T.);
#318=PLANE('',#507);
#319=FACE_OUTER_BOUND('',#508,.T.);
#320=PLANE('',#509);
#321=FACE_OUTER_BOUND('',#510,.T.);
#322=PLANE('',#511);
#323=FACE_OUTER_BOUND('',#512,.T.);
#324=PLANE('',#513);
#325=FACE_OUTER_BOUND('',#514,.T.);
#326=PLANE('',#515);
#327=FACE_OUTER_BOUND('',#516,.T.);
#328=CYLINDRICAL_SURFACE('',#517,0.000400000000000001);
#329=FACE_OUTER_BOUND('',#518,.T.);
#330=CYLINDRICAL_SURFACE('',#519,0.0004);
#331=FACE_OUTER_BOUND('',#520,.T.);
#332=PLANE('',#521);
#333=FACE_OUTER_BOUND('',#522,.T.);
#334=CYLINDRICAL_SURFACE('',#523,0.000400000000000001);
#335=FILL_AREA_STYLE('',(#524));
#336=EDGE_LOOP('',(#525,#526,#527,#528,#529,#530,#531,#532));
#337=AXIS2_PLACEMENT_3D('',#533,#534,#535);
#338=EDGE_LOOP('',(#536,#537,#538,#539,#540,#541,#542,#543));
#339=AXIS2_PLACEMENT_3D('',#544,#545,#546);
#340=EDGE_LOOP('',(#547,#548,#549,#550,#551,#552,#553,#554));
#341=AXIS2_PLACEMENT_3D('',#555,#556,#557);
#342=EDGE_LOOP('',(#558,#559,#560,#561,#562,#563,#564,#565));
#343=AXIS2_PLACEMENT_3D('',#566,#567,#568);
#344=EDGE_LOOP('',(#569,#570,#571,#572,#573,#574,#575,#576));
#345=AXIS2_PLACEMENT_3D('',#577,#578,#579);
#346=EDGE_LOOP('',(#580,#581,#582,#583,#584,#585,#586,#587));
#347=AXIS2_PLACEMENT_3D('',#588,#589,#590);
#348=EDGE_LOOP('',(#591,#592,#593,#594,#595,#596,#597,#598));
#349=AXIS2_PLACEMENT_3D('',#599,#600,#601);
#350=EDGE_LOOP('',(#602,#603,#604,#605,#606,#607,#608,#609));
#351=AXIS2_PLACEMENT_3D('',#610,#611,#612);
#352=EDGE_LOOP('',(#613,#614,#615,#616,#617,#618,#619,#620));
#353=AXIS2_PLACEMENT_3D('',#621,#622,#623);
#354=EDGE_LOOP('',(#624,#625,#626,#627,#628,#629,#630,#631));
#355=AXIS2_PLACEMENT_3D('',#632,#633,#634);
#356=EDGE_LOOP('',(#635,#636,#637,#638,#639,#640,#641,#642));
#357=AXIS2_PLACEMENT_3D('',#643,#644,#645);
#358=EDGE_LOOP('',(#646,#647,#648,#649,#650,#651,#652,#653));
#359=AXIS2_PLACEMENT_3D('',#654,#655,#656);
#360=EDGE_LOOP('',(#657,#658,#659,#660,#661,#662,#663,#664));
#361=AXIS2_PLACEMENT_3D('',#665,#666,#667);
#362=EDGE_LOOP('',(#668,#669,#670,#671,#672,#673,#674,#675));
#363=AXIS2_PLACEMENT_3D('',#676,#677,#678);
#364=EDGE_LOOP('',(#679,#680,#681,#682,#683,#684,#685,#686));
#365=AXIS2_PLACEMENT_3D('',#687,#688,#689);
#366=EDGE_LOOP('',(#690,#691,#692,#693,#694,#695,#696,#697));
#367=AXIS2_PLACEMENT_3D('',#698,#699,#700);
#368=EDGE_LOOP('',(#701,#702,#703,#704,#705,#706,#707,#708));
#369=AXIS2_PLACEMENT_3D('',#709,#710,#711);
#370=EDGE_LOOP('',(#712,#713,#714,#715,#716,#717,#718,#719));
#371=AXIS2_PLACEMENT_3D('',#720,#721,#722);
#372=EDGE_LOOP('',(#723,#724,#725,#726,#727,#728,#729,#730));
#373=AXIS2_PLACEMENT_3D('',#731,#732,#733);
#374=EDGE_LOOP('',(#734,#735,#736,#737,#738,#739,#740,#741));
#375=AXIS2_PLACEMENT_3D('',#742,#743,#744);
#376=EDGE_LOOP('',(#745,#746,#747,#748,#749,#750,#751,#752));
#377=AXIS2_PLACEMENT_3D('',#753,#754,#755);
#378=EDGE_LOOP('',(#756,#757,#758,#759,#760,#761,#762,#763));
#379=AXIS2_PLACEMENT_3D('',#764,#765,#766);
#380=EDGE_LOOP('',(#767,#768,#769,#770,#771,#772,#773,#774));
#381=AXIS2_PLACEMENT_3D('',#775,#776,#777);
#382=EDGE_LOOP('',(#778,#779,#780,#781,#782,#783,#784,#785));
#383=AXIS2_PLACEMENT_3D('',#786,#787,#788);
#384=EDGE_LOOP('',(#789,#790,#791,#792,#793,#794,#795,#796));
#385=AXIS2_PLACEMENT_3D('',#797,#798,#799);
#386=EDGE_LOOP('',(#800,#801,#802,#803,#804,#805,#806,#807));
#387=AXIS2_PLACEMENT_3D('',#808,#809,#810);
#388=EDGE_LOOP('',(#811,#812,#813,#814,#815,#816,#817,#818));
#389=AXIS2_PLACEMENT_3D('',#819,#820,#821);
#390=EDGE_LOOP('',(#822,#823,#824,#825,#826,#827,#828,#829));
#391=AXIS2_PLACEMENT_3D('',#830,#831,#832);
#392=EDGE_LOOP('',(#833,#834,#835,#836,#837,#838,#839,#840));
#393=AXIS2_PLACEMENT_3D('',#841,#842,#843);
#394=EDGE_LOOP('',(#844,#845,#846,#847,#848,#849,#850,#851));
#395=AXIS2_PLACEMENT_3D('',#852,#853,#854);
#396=EDGE_LOOP('',(#855,#856,#857,#858,#859,#860,#861,#862));
#397=AXIS2_PLACEMENT_3D('',#863,#864,#865);
#398=EDGE_LOOP('',(#866,#867,#868,#869,#870,#871,#872,#873));
#399=AXIS2_PLACEMENT_3D('',#874,#875,#876);
#400=EDGE_LOOP('',(#877,#878,#879));
#401=AXIS2_PLACEMENT_3D('',#880,#881,#882);
#402=EDGE_LOOP('',(#883,#884,#885));
#403=AXIS2_PLACEMENT_3D('',#886,#887,#888);
#404=EDGE_LOOP('',(#889,#890,#891,#892));
#405=AXIS2_PLACEMENT_3D('',#893,#894,#895);
#406=EDGE_LOOP('',(#896,#897,#898));
#407=AXIS2_PLACEMENT_3D('',#899,#900,#901);
#408=EDGE_LOOP('',(#902,#903,#904));
#409=AXIS2_PLACEMENT_3D('',#905,#906,#907);
#410=EDGE_LOOP('',(#908,#909,#910,#911,#912,#913,#914,#915));
#411=AXIS2_PLACEMENT_3D('',#916,#917,#918);
#412=EDGE_LOOP('',(#919,#920,#921,#922,#923,#924,#925,#926));
#413=AXIS2_PLACEMENT_3D('',#927,#928,#929);
#414=EDGE_LOOP('',(#930,#931,#932,#933,#934,#935,#936,#937));
#415=AXIS2_PLACEMENT_3D('',#938,#939,#940);
#416=EDGE_LOOP('',(#941,#942,#943,#944));
#417=AXIS2_PLACEMENT_3D('',#945,#946,#947);
#418=EDGE_LOOP('',(#948,#949,#950,#951,#952,#953,#954,#955));
#419=AXIS2_PLACEMENT_3D('',#956,#957,#958);
#420=EDGE_LOOP('',(#959,#960,#961,#962,#963,#964,#965,#966));
#421=AXIS2_PLACEMENT_3D('',#967,#968,#969);
#422=EDGE_LOOP('',(#970,#971,#972,#973));
#423=AXIS2_PLACEMENT_3D('',#974,#975,#976);
#424=EDGE_LOOP('',(#977,#978,#979,#980));
#425=AXIS2_PLACEMENT_3D('',#981,#982,#983);
#426=EDGE_LOOP('',(#984,#985,#986,#987,#988,#989,#990,#991));
#427=AXIS2_PLACEMENT_3D('',#992,#993,#994);
#428=EDGE_LOOP('',(#995,#996,#997,#998,#999,#1000,#1001,#1002));
#429=AXIS2_PLACEMENT_3D('',#1003,#1004,#1005);
#430=EDGE_LOOP('',(#1006,#1007,#1008,#1009));
#431=AXIS2_PLACEMENT_3D('',#1010,#1011,#1012);
#432=EDGE_LOOP('',(#1013,#1014,#1015,#1016,#1017,#1018,#1019,#1020));
#433=AXIS2_PLACEMENT_3D('',#1021,#1022,#1023);
#434=EDGE_LOOP('',(#1024,#1025,#1026,#1027,#1028,#1029,#1030,#1031));
#435=AXIS2_PLACEMENT_3D('',#1032,#1033,#1034);
#436=EDGE_LOOP('',(#1035,#1036,#1037,#1038,#1039,#1040,#1041,#1042));
#437=AXIS2_PLACEMENT_3D('',#1043,#1044,#1045);
#438=EDGE_LOOP('',(#1046,#1047,#1048,#1049,#1050,#1051,#1052,#1053));
#439=AXIS2_PLACEMENT_3D('',#1054,#1055,#1056);
#440=EDGE_LOOP('',(#1057,#1058,#1059,#1060,#1061,#1062,#1063,#1064));
#441=AXIS2_PLACEMENT_3D('',#1065,#1066,#1067);
#442=EDGE_LOOP('',(#1068,#1069,#1070,#1071));
#443=AXIS2_PLACEMENT_3D('',#1072,#1073,#1074);
#444=EDGE_LOOP('',(#1075,#1076,#1077,#1078,#1079,#1080,#1081,#1082));
#445=AXIS2_PLACEMENT_3D('',#1083,#1084,#1085);
#446=EDGE_LOOP('',(#1086,#1087,#1088,#1089,#1090,#1091,#1092,#1093));
#447=AXIS2_PLACEMENT_3D('',#1094,#1095,#1096);
#448=EDGE_LOOP('',(#1097,#1098,#1099,#1100,#1101,#1102,#1103,#1104));
#449=AXIS2_PLACEMENT_3D('',#1105,#1106,#1107);
#450=EDGE_LOOP('',(#1108,#1109,#1110,#1111,#1112,#1113,#1114,#1115));
#451=AXIS2_PLACEMENT_3D('',#1116,#1117,#1118);
#452=EDGE_LOOP('',(#1119,#1120,#1121,#1122,#1123,#1124,#1125,#1126));
#453=AXIS2_PLACEMENT_3D('',#1127,#1128,#1129);
#454=EDGE_LOOP('',(#1130,#1131,#1132,#1133,#1134,#1135,#1136,#1137));
#455=AXIS2_PLACEMENT_3D('',#1138,#1139,#1140);
#456=EDGE_LOOP('',(#1141,#1142,#1143,#1144,#1145,#1146,#1147,#1148));
#457=AXIS2_PLACEMENT_3D('',#1149,#1150,#1151);
#458=EDGE_LOOP('',(#1152,#1153,#1154,#1155,#1156,#1157,#1158,#1159));
#459=AXIS2_PLACEMENT_3D('',#1160,#1161,#1162);
#460=EDGE_LOOP('',(#1163,#1164,#1165,#1166,#1167,#1168,#1169,#1170));
#461=AXIS2_PLACEMENT_3D('',#1171,#1172,#1173);
#462=EDGE_LOOP('',(#1174,#1175,#1176,#1177,#1178,#1179,#1180,#1181));
#463=AXIS2_PLACEMENT_3D('',#1182,#1183,#1184);
#464=EDGE_LOOP('',(#1185,#1186,#1187,#1188,#1189,#1190,#1191,#1192));
#465=AXIS2_PLACEMENT_3D('',#1193,#1194,#1195);
#466=EDGE_LOOP('',(#1196,#1197,#1198,#1199,#1200,#1201,#1202,#1203));
#467=AXIS2_PLACEMENT_3D('',#1204,#1205,#1206);
#468=EDGE_LOOP('',(#1207,#1208,#1209,#1210,#1211,#1212,#1213,#1214));
#469=AXIS2_PLACEMENT_3D('',#1215,#1216,#1217);
#470=EDGE_LOOP('',(#1218,#1219,#1220,#1221,#1222,#1223,#1224,#1225));
#471=AXIS2_PLACEMENT_3D('',#1226,#1227,#1228);
#472=EDGE_LOOP('',(#1229,#1230,#1231,#1232,#1233,#1234,#1235,#1236));
#473=AXIS2_PLACEMENT_3D('',#1237,#1238,#1239);
#474=EDGE_LOOP('',(#1240,#1241,#1242,#1243,#1244,#1245,#1246,#1247));
#475=AXIS2_PLACEMENT_3D('',#1248,#1249,#1250);
#476=EDGE_LOOP('',(#1251,#1252,#1253,#1254,#1255,#1256,#1257,#1258));
#477=AXIS2_PLACEMENT_3D('',#1259,#1260,#1261);
#478=EDGE_LOOP('',(#1262,#1263,#1264,#1265));
#479=AXIS2_PLACEMENT_3D('',#1266,#1267,#1268);
#480=EDGE_LOOP('',(#1269,#1270,#1271,#1272));
#481=AXIS2_PLACEMENT_3D('',#1273,#1274,#1275);
#482=EDGE_LOOP('',(#1276,#1277,#1278,#1279));
#483=AXIS2_PLACEMENT_3D('',#1280,#1281,#1282);
#484=EDGE_LOOP('',(#1283,#1284,#1285,#1286));
#485=AXIS2_PLACEMENT_3D('',#1287,#1288,#1289);
#486=EDGE_LOOP('',(#1290,#1291,#1292,#1293,#1294,#1295,#1296,#1297));
#487=AXIS2_PLACEMENT_3D('',#1298,#1299,#1300);
#488=EDGE_LOOP('',(#1301,#1302,#1303,#1304,#1305,#1306,#1307,#1308));
#489=AXIS2_PLACEMENT_3D('',#1309,#1310,#1311);
#490=EDGE_LOOP('',(#1312,#1313,#1314,#1315,#1316,#1317,#1318,#1319));
#491=AXIS2_PLACEMENT_3D('',#1320,#1321,#1322);
#492=EDGE_LOOP('',(#1323,#1324,#1325,#1326));
#493=AXIS2_PLACEMENT_3D('',#1327,#1328,#1329);
#494=EDGE_LOOP('',(#1330,#1331,#1332,#1333));
#495=AXIS2_PLACEMENT_3D('',#1334,#1335,#1336);
#496=EDGE_LOOP('',(#1337,#1338,#1339,#1340,#1341,#1342,#1343,#1344));
#497=AXIS2_PLACEMENT_3D('',#1345,#1346,#1347);
#498=EDGE_LOOP('',(#1348,#1349,#1350,#1351));
#499=AXIS2_PLACEMENT_3D('',#1352,#1353,#1354);
#500=EDGE_LOOP('',(#1355,#1356,#1357,#1358));
#501=AXIS2_PLACEMENT_3D('',#1359,#1360,#1361);
#502=EDGE_LOOP('',(#1362,#1363,#1364));
#503=AXIS2_PLACEMENT_3D('',#1365,#1366,#1367);
#504=EDGE_LOOP('',(#1368,#1369,#1370));
#505=AXIS2_PLACEMENT_3D('',#1371,#1372,#1373);
#506=EDGE_LOOP('',(#1374,#1375,#1376));
#507=AXIS2_PLACEMENT_3D('',#1377,#1378,#1379);
#508=EDGE_LOOP('',(#1380,#1381,#1382,#1383));
#509=AXIS2_PLACEMENT_3D('',#1384,#1385,#1386);
#510=EDGE_LOOP('',(#1387,#1388,#1389));
#511=AXIS2_PLACEMENT_3D('',#1390,#1391,#1392);
#512=EDGE_LOOP('',(#1393,#1394,#1395,#1396));
#513=AXIS2_PLACEMENT_3D('',#1397,#1398,#1399);
#514=EDGE_LOOP('',(#1400,#1401,#1402,#1403));
#515=AXIS2_PLACEMENT_3D('',#1404,#1405,#1406);
#516=EDGE_LOOP('',(#1407,#1408,#1409,#1410,#1411,#1412,#1413,#1414));
#517=AXIS2_PLACEMENT_3D('',#1415,#1416,#1417);
#518=EDGE_LOOP('',(#1418,#1419,#1420,#1421,#1422,#1423,#1424,#1425));
#519=AXIS2_PLACEMENT_3D('',#1426,#1427,#1428);
#520=EDGE_LOOP('',(#1429,#1430,#1431,#1432));
#521=AXIS2_PLACEMENT_3D('',#1433,#1434,#1435);
#522=EDGE_LOOP('',(#1436,#1437,#1438,#1439,#1440,#1441,#1442,#1443));
#523=AXIS2_PLACEMENT_3D('',#1444,#1445,#1446);
#524=FILL_AREA_STYLE_COLOUR('',#1447);
#525=ORIENTED_EDGE('',*,*,#1448,.F.);
#526=ORIENTED_EDGE('',*,*,#1449,.F.);
#527=ORIENTED_EDGE('',*,*,#1450,.T.);
#528=ORIENTED_EDGE('',*,*,#1451,.T.);
#529=ORIENTED_EDGE('',*,*,#1452,.F.);
#530=ORIENTED_EDGE('',*,*,#1453,.F.);
#531=ORIENTED_EDGE('',*,*,#1454,.T.);
#532=ORIENTED_EDGE('',*,*,#1455,.F.);
#533=CARTESIAN_POINT('',(0.01,-0.01,0.01));
#534=DIRECTION('',(-0.577350269189626,0.577350269189626,-0.577350269189626));
#535=DIRECTION('',(-0.707106781186548,-0.707106781186548,0.0));
#536=ORIENTED_EDGE('',*,*,#1456,.F.);
#537=ORIENTED_EDGE('',*,*,#1457,.T.);
#538=ORIENTED_EDGE('',*,*,#1458,.T.);
#539=ORIENTED_EDGE('',*,*,#1459,.T.);
#540=ORIENTED_EDGE('',*,*,#1460,.F.);
#541=ORIENTED_EDGE('',*,*,#1461,.F.);
#542=ORIENTED_EDGE('',*,*,#1462,.F.);
#543=ORIENTED_EDGE('',*,*,#1463,.F.);
#544=CARTESIAN_POINT('',(0.0,0.0,0.01));
#545=DIRECTION('',(-0.577350269189626,-0.577350269189626,-0.577350269189626));
#546=DIRECTION('',(0.707106781186547,-0.707106781186547,0.0));
#547=ORIENTED_EDGE('',*,*,#1464,.F.);
#548=ORIENTED_EDGE('',*,*,#1465,.F.);
#549=ORIENTED_EDGE('',*,*,#1466,.T.);
#550=ORIENTED_EDGE('',*,*,#1467,.F.);
#551=ORIENTED_EDGE('',*,*,#1468,.F.);
#552=ORIENTED_EDGE('',*,*,#1459,.F.);
#553=ORIENTED_EDGE('',*,*,#1469,.T.);
#554=ORIENTED_EDGE('',*,*,#1470,.T.);
#555=CARTESIAN_POINT('',(-0.005,0.005,0.005));
#556=DIRECTION('',(0.577350269189626,-0.577350269189626,0.577350269189626));
#557=DIRECTION('',(0.707106781186548,0.707106781186548,0.0));
#558=ORIENTED_EDGE('',*,*,#1471,.F.);
#559=ORIENTED_EDGE('',*,*,#1472,.T.);
#560=ORIENTED_EDGE('',*,*,#1473,.T.);
#561=ORIENTED_EDGE('',*,*,#1474,.T.);
#562=ORIENTED_EDGE('',*,*,#1475,.T.);
#563=ORIENTED_EDGE('',*,*,#1476,.F.);
#564=ORIENTED_EDGE('',*,*,#1477,.T.);
#565=ORIENTED_EDGE('',*,*,#1478,.T.);
#566=CARTESIAN_POINT('',(0.005,0.005,-0.005));
#567=DIRECTION('',(0.577350269189626,0.577350269189626,-0.577350269189626));
#568=DIRECTION('',(-0.707106781186548,0.707106781186548,0.0));
#569=ORIENTED_EDGE('',*,*,#1479,.F.);
#570=ORIENTED_EDGE('',*,*,#1480,.T.);
#571=ORIENTED_EDGE('',*,*,#1481,.T.);
#572=ORIENTED_EDGE('',*,*,#1482,.T.);
#573=ORIENTED_EDGE('',*,*,#1483,.T.);
#574=ORIENTED_EDGE('',*,*,#1484,.F.);
#575=ORIENTED_EDGE('',*,*,#1485,.T.);
#576=ORIENTED_EDGE('',*,*,#1486,.F.);
#577=CARTESIAN_POINT('',(-0.005,0.005,-0.005));
#578=DIRECTION('',(-0.577350269189626,0.577350269189626,-0.577350269189626));
#579=DIRECTION('',(-0.707106781186548,-0.707106781186548,0.0));
#580=ORIENTED_EDGE('',*,*,#1487,.F.);
#581=ORIENTED_EDGE('',*,*,#1488,.T.);
#582=ORIENTED_EDGE('',*,*,#1489,.F.);
#583=ORIENTED_EDGE('',*,*,#1490,.F.);
#584=ORIENTED_EDGE('',*,*,#1491,.T.);
#585=ORIENTED_EDGE('',*,*,#1492,.T.);
#586=ORIENTED_EDGE('',*,*,#1493,.T.);
#587=ORIENTED_EDGE('',*,*,#1494,.T.);
#588=CARTESIAN_POINT('',(0.0,0.0,-0.01));
#589=DIRECTION('',(0.577350269189626,-0.577350269189626,0.577350269189626));
#590=DIRECTION('',(0.707106781186547,0.707106781186547,0.0));
#591=ORIENTED_EDGE('',*,*,#1495,.F.);
#592=ORIENTED_EDGE('',*,*,#1496,.T.);
#593=ORIENTED_EDGE('',*,*,#1497,.T.);
#594=ORIENTED_EDGE('',*,*,#1498,.T.);
#595=ORIENTED_EDGE('',*,*,#1499,.T.);
#596=ORIENTED_EDGE('',*,*,#1500,.F.);
#597=ORIENTED_EDGE('',*,*,#1501,.F.);
#598=ORIENTED_EDGE('',*,*,#1488,.F.);
#599=CARTESIAN_POINT('',(0.005,0.005,-0.005));
#600=DIRECTION('',(-0.577350269189626,-0.577350269189626,-0.577350269189626));
#601=DIRECTION('',(0.707106781186548,-0.707106781186548,0.0));
#602=ORIENTED_EDGE('',*,*,#1502,.F.);
#603=ORIENTED_EDGE('',*,*,#1503,.F.);
#604=ORIENTED_EDGE('',*,*,#1504,.F.);
#605=ORIENTED_EDGE('',*,*,#1505,.F.);
#606=ORIENTED_EDGE('',*,*,#1506,.F.);
#607=ORIENTED_EDGE('',*,*,#1507,.T.);
#608=ORIENTED_EDGE('',*,*,#1508,.T.);
#609=ORIENTED_EDGE('',*,*,#1509,.T.);
#610=CARTESIAN_POINT('',(0.005,0.005,0.005));
#611=DIRECTION('',(0.577350269189626,0.577350269189626,0.577350269189626));
#612=DIRECTION('',(-0.707106781186548,0.707106781186548,0.0));
#613=ORIENTED_EDGE('',*,*,#1510,.F.);
#614=ORIENTED_EDGE('',*,*,#1482,.F.);
#615=ORIENTED_EDGE('',*,*,#1511,.F.);
#616=ORIENTED_EDGE('',*,*,#1512,.F.);
#617=ORIENTED_EDGE('',*,*,#1513,.F.);
#618=ORIENTED_EDGE('',*,*,#1514,.T.);
#619=ORIENTED_EDGE('',*,*,#1515,.T.);
#620=ORIENTED_EDGE('',*,*,#1516,.T.);
#621=CARTESIAN_POINT('',(-0.005,0.005,-0.005));
#622=DIRECTION('',(0.577350269189626,0.577350269189626,0.577350269189626));
#623=DIRECTION('',(-0.707106781186548,0.707106781186548,0.0));
#624=ORIENTED_EDGE('',*,*,#1517,.F.);
#625=ORIENTED_EDGE('',*,*,#1498,.F.);
#626=ORIENTED_EDGE('',*,*,#1518,.F.);
#627=ORIENTED_EDGE('',*,*,#1473,.F.);
#628=ORIENTED_EDGE('',*,*,#1519,.F.);
#629=ORIENTED_EDGE('',*,*,#1520,.T.);
#630=ORIENTED_EDGE('',*,*,#1521,.T.);
#631=ORIENTED_EDGE('',*,*,#1514,.F.);
#632=CARTESIAN_POINT('',(0.005,0.005,-0.005));
#633=DIRECTION('',(-0.577350269189626,0.577350269189626,0.577350269189626));
#634=DIRECTION('',(-0.707106781186548,-0.707106781186548,0.0));
#635=ORIENTED_EDGE('',*,*,#1522,.F.);
#636=ORIENTED_EDGE('',*,*,#1523,.F.);
#637=ORIENTED_EDGE('',*,*,#1504,.T.);
#638=ORIENTED_EDGE('',*,*,#1524,.F.);
#639=ORIENTED_EDGE('',*,*,#1525,.F.);
#640=ORIENTED_EDGE('',*,*,#1470,.F.);
#641=ORIENTED_EDGE('',*,*,#1526,.T.);
#642=ORIENTED_EDGE('',*,*,#1527,.F.);
#643=CARTESIAN_POINT('',(0.005,0.005,0.005));
#644=DIRECTION('',(-0.577350269189626,-0.577350269189626,0.577350269189626));
#645=DIRECTION('',(0.707106781186548,-0.707106781186548,0.0));
#646=ORIENTED_EDGE('',*,*,#1528,.F.);
#647=ORIENTED_EDGE('',*,*,#1529,.T.);
#648=ORIENTED_EDGE('',*,*,#1467,.T.);
#649=ORIENTED_EDGE('',*,*,#1530,.T.);
#650=ORIENTED_EDGE('',*,*,#1531,.T.);
#651=ORIENTED_EDGE('',*,*,#1532,.F.);
#652=ORIENTED_EDGE('',*,*,#1533,.F.);
#653=ORIENTED_EDGE('',*,*,#1534,.F.);
#654=CARTESIAN_POINT('',(-0.005,0.005,0.005));
#655=DIRECTION('',(-0.577350269189626,-0.577350269189626,-0.577350269189626));
#656=DIRECTION('',(0.707106781186548,-0.707106781186548,0.0));
#657=ORIENTED_EDGE('',*,*,#1535,.F.);
#658=ORIENTED_EDGE('',*,*,#1527,.T.);
#659=ORIENTED_EDGE('',*,*,#1536,.T.);
#660=ORIENTED_EDGE('',*,*,#1457,.F.);
#661=ORIENTED_EDGE('',*,*,#1537,.F.);
#662=ORIENTED_EDGE('',*,*,#1538,.F.);
#663=ORIENTED_EDGE('',*,*,#1454,.F.);
#664=ORIENTED_EDGE('',*,*,#1539,.F.);
#665=CARTESIAN_POINT('',(0.0,0.0,0.01));
#666=DIRECTION('',(0.577350269189626,-0.577350269189626,-0.577350269189626));
#667=DIRECTION('',(0.707106781186547,0.707106781186547,0.0));
#668=ORIENTED_EDGE('',*,*,#1540,.F.);
#669=ORIENTED_EDGE('',*,*,#1541,.F.);
#670=ORIENTED_EDGE('',*,*,#1542,.T.);
#671=ORIENTED_EDGE('',*,*,#1543,.F.);
#672=ORIENTED_EDGE('',*,*,#1544,.T.);
#673=ORIENTED_EDGE('',*,*,#1463,.T.);
#674=ORIENTED_EDGE('',*,*,#1545,.T.);
#675=ORIENTED_EDGE('',*,*,#1546,.T.);
#676=CARTESIAN_POINT('',(8.86782922865684E-20,-0.01,-8.86782922865684E-20));
#677=DIRECTION('',(-0.577350269189626,0.577350269189626,0.577350269189626));
#678=DIRECTION('',(-0.707106781186547,-0.707106781186548,4.12962635648235E-16));
#679=ORIENTED_EDGE('',*,*,#1547,.F.);
#680=ORIENTED_EDGE('',*,*,#1548,.T.);
#681=ORIENTED_EDGE('',*,*,#1524,.T.);
#682=ORIENTED_EDGE('',*,*,#1503,.T.);
#683=ORIENTED_EDGE('',*,*,#1549,.T.);
#684=ORIENTED_EDGE('',*,*,#1550,.F.);
#685=ORIENTED_EDGE('',*,*,#1551,.T.);
#686=ORIENTED_EDGE('',*,*,#1552,.F.);
#687=CARTESIAN_POINT('',(0.005,0.005,0.005));
#688=DIRECTION('',(-0.577350269189626,0.577350269189626,-0.577350269189626));
#689=DIRECTION('',(-0.707106781186548,-0.707106781186548,0.0));
#690=ORIENTED_EDGE('',*,*,#1553,.F.);
#691=ORIENTED_EDGE('',*,*,#1554,.T.);
#692=ORIENTED_EDGE('',*,*,#1555,.T.);
#693=ORIENTED_EDGE('',*,*,#1465,.T.);
#694=ORIENTED_EDGE('',*,*,#1556,.T.);
#695=ORIENTED_EDGE('',*,*,#1557,.F.);
#696=ORIENTED_EDGE('',*,*,#1552,.T.);
#697=ORIENTED_EDGE('',*,*,#1558,.T.);
#698=CARTESIAN_POINT('',(-0.005,0.005,0.005));
#699=DIRECTION('',(0.577350269189626,0.577350269189626,-0.577350269189626));
#700=DIRECTION('',(-0.707106781186548,0.707106781186548,0.0));
#701=ORIENTED_EDGE('',*,*,#1559,.F.);
#702=ORIENTED_EDGE('',*,*,#1560,.T.);
#703=ORIENTED_EDGE('',*,*,#1561,.T.);
#704=ORIENTED_EDGE('',*,*,#1562,.T.);
#705=ORIENTED_EDGE('',*,*,#1563,.F.);
#706=ORIENTED_EDGE('',*,*,#1493,.F.);
#707=ORIENTED_EDGE('',*,*,#1564,.F.);
#708=ORIENTED_EDGE('',*,*,#1565,.F.);
#709=CARTESIAN_POINT('',(0.01,8.86782922865684E-20,8.86782922865684E-20));
#710=DIRECTION('',(-0.577350269189626,-0.577350269189626,-0.577350269189626));
#711=DIRECTION('',(0.707106781186548,-0.707106781186547,-4.12962635648235E-16));
#712=ORIENTED_EDGE('',*,*,#1566,.F.);
#713=ORIENTED_EDGE('',*,*,#1567,.F.);
#714=ORIENTED_EDGE('',*,*,#1511,.T.);
#715=ORIENTED_EDGE('',*,*,#1481,.F.);
#716=ORIENTED_EDGE('',*,*,#1568,.F.);
#717=ORIENTED_EDGE('',*,*,#1569,.F.);
#718=ORIENTED_EDGE('',*,*,#1570,.T.);
#719=ORIENTED_EDGE('',*,*,#1571,.F.);
#720=CARTESIAN_POINT('',(-0.005,0.005,-0.005));
#721=DIRECTION('',(-0.577350269189626,-0.577350269189626,0.577350269189626));
#722=DIRECTION('',(0.707106781186548,-0.707106781186548,0.0));
#723=ORIENTED_EDGE('',*,*,#1572,.F.);
#724=ORIENTED_EDGE('',*,*,#1573,.F.);
#725=ORIENTED_EDGE('',*,*,#1574,.T.);
#726=ORIENTED_EDGE('',*,*,#1575,.T.);
#727=ORIENTED_EDGE('',*,*,#1576,.F.);
#728=ORIENTED_EDGE('',*,*,#1577,.F.);
#729=ORIENTED_EDGE('',*,*,#1578,.T.);
#730=ORIENTED_EDGE('',*,*,#1579,.F.);
#731=CARTESIAN_POINT('',(8.86782922865684E-20,-0.01,8.86782922865684E-20));
#732=DIRECTION('',(-0.577350269189626,0.577350269189626,-0.577350269189626));
#733=DIRECTION('',(-0.707106781186547,-0.707106781186548,-4.12962635648235E-16));
#734=ORIENTED_EDGE('',*,*,#1580,.F.);
#735=ORIENTED_EDGE('',*,*,#1474,.F.);
#736=ORIENTED_EDGE('',*,*,#1518,.T.);
#737=ORIENTED_EDGE('',*,*,#1497,.F.);
#738=ORIENTED_EDGE('',*,*,#1581,.F.);
#739=ORIENTED_EDGE('',*,*,#1562,.F.);
#740=ORIENTED_EDGE('',*,*,#1582,.T.);
#741=ORIENTED_EDGE('',*,*,#1583,.T.);
#742=CARTESIAN_POINT('',(0.005,0.005,-0.005));
#743=DIRECTION('',(0.577350269189626,-0.577350269189626,0.577350269189626));
#744=DIRECTION('',(0.707106781186548,0.707106781186548,0.0));
#745=ORIENTED_EDGE('',*,*,#1584,.F.);
#746=ORIENTED_EDGE('',*,*,#1585,.T.);
#747=ORIENTED_EDGE('',*,*,#1512,.T.);
#748=ORIENTED_EDGE('',*,*,#1567,.T.);
#749=ORIENTED_EDGE('',*,*,#1586,.T.);
#750=ORIENTED_EDGE('',*,*,#1587,.F.);
#751=ORIENTED_EDGE('',*,*,#1588,.F.);
#752=ORIENTED_EDGE('',*,*,#1501,.T.);
#753=CARTESIAN_POINT('',(-0.005,0.005,-0.005));
#754=DIRECTION('',(0.577350269189626,-0.577350269189626,-0.577350269189626));
#755=DIRECTION('',(0.707106781186548,0.707106781186548,0.0));
#756=ORIENTED_EDGE('',*,*,#1589,.F.);
#757=ORIENTED_EDGE('',*,*,#1489,.T.);
#758=ORIENTED_EDGE('',*,*,#1588,.T.);
#759=ORIENTED_EDGE('',*,*,#1590,.F.);
#760=ORIENTED_EDGE('',*,*,#1591,.T.);
#761=ORIENTED_EDGE('',*,*,#1592,.T.);
#762=ORIENTED_EDGE('',*,*,#1577,.T.);
#763=ORIENTED_EDGE('',*,*,#1593,.T.);
#764=CARTESIAN_POINT('',(0.0,0.0,-0.01));
#765=DIRECTION('',(-0.577350269189626,-0.577350269189626,0.577350269189626));
#766=DIRECTION('',(0.707106781186547,-0.707106781186547,0.0));
#767=ORIENTED_EDGE('',*,*,#1594,.F.);
#768=ORIENTED_EDGE('',*,*,#1595,.F.);
#769=ORIENTED_EDGE('',*,*,#1596,.T.);
#770=ORIENTED_EDGE('',*,*,#1597,.F.);
#771=ORIENTED_EDGE('',*,*,#1598,.F.);
#772=ORIENTED_EDGE('',*,*,#1545,.F.);
#773=ORIENTED_EDGE('',*,*,#1462,.T.);
#774=ORIENTED_EDGE('',*,*,#1599,.F.);
#775=CARTESIAN_POINT('',(-0.01,-0.01,0.01));
#776=DIRECTION('',(0.577350269189626,0.577350269189626,-0.577350269189626));
#777=DIRECTION('',(-0.707106781186548,0.707106781186548,0.0));
#778=ORIENTED_EDGE('',*,*,#1600,.F.);
#779=ORIENTED_EDGE('',*,*,#1601,.F.);
#780=ORIENTED_EDGE('',*,*,#1602,.T.);
#781=ORIENTED_EDGE('',*,*,#1603,.F.);
#782=ORIENTED_EDGE('',*,*,#1604,.T.);
#783=ORIENTED_EDGE('',*,*,#1565,.T.);
#784=ORIENTED_EDGE('',*,*,#1605,.T.);
#785=ORIENTED_EDGE('',*,*,#1606,.T.);
#786=CARTESIAN_POINT('',(0.01,-0.01,-0.01));
#787=DIRECTION('',(-0.577350269189626,0.577350269189626,0.577350269189626));
#788=DIRECTION('',(-0.707106781186548,-0.707106781186548,0.0));
#789=ORIENTED_EDGE('',*,*,#1607,.F.);
#790=ORIENTED_EDGE('',*,*,#1575,.F.);
#791=ORIENTED_EDGE('',*,*,#1608,.T.);
#792=ORIENTED_EDGE('',*,*,#1609,.F.);
#793=ORIENTED_EDGE('',*,*,#1610,.F.);
#794=ORIENTED_EDGE('',*,*,#1605,.F.);
#795=ORIENTED_EDGE('',*,*,#1564,.T.);
#796=ORIENTED_EDGE('',*,*,#1492,.F.);
#797=CARTESIAN_POINT('',(8.86782922865684E-20,-0.01,-8.86782922865684E-20));
#798=DIRECTION('',(0.577350269189626,0.577350269189626,-0.577350269189626));
#799=DIRECTION('',(-0.707106781186547,0.707106781186548,4.12962635648235E-16));
#800=ORIENTED_EDGE('',*,*,#1611,.F.);
#801=ORIENTED_EDGE('',*,*,#1542,.F.);
#802=ORIENTED_EDGE('',*,*,#1612,.F.);
#803=ORIENTED_EDGE('',*,*,#1613,.F.);
#804=ORIENTED_EDGE('',*,*,#1614,.T.);
#805=ORIENTED_EDGE('',*,*,#1455,.T.);
#806=ORIENTED_EDGE('',*,*,#1538,.T.);
#807=ORIENTED_EDGE('',*,*,#1615,.T.);
#808=CARTESIAN_POINT('',(8.86782922865684E-20,-0.01,8.86782922865684E-20));
#809=DIRECTION('',(0.577350269189626,0.577350269189626,0.577350269189626));
#810=DIRECTION('',(-0.707106781186547,0.707106781186548,-4.12962635648235E-16));
#811=ORIENTED_EDGE('',*,*,#1616,.F.);
#812=ORIENTED_EDGE('',*,*,#1571,.T.);
#813=ORIENTED_EDGE('',*,*,#1617,.T.);
#814=ORIENTED_EDGE('',*,*,#1618,.F.);
#815=ORIENTED_EDGE('',*,*,#1619,.F.);
#816=ORIENTED_EDGE('',*,*,#1620,.F.);
#817=ORIENTED_EDGE('',*,*,#1578,.F.);
#818=ORIENTED_EDGE('',*,*,#1592,.F.);
#819=CARTESIAN_POINT('',(-0.01,-8.86782922865684E-20,-8.86782922865684E-20));
#820=DIRECTION('',(0.577350269189626,-0.577350269189626,-0.577350269189626));
#821=DIRECTION('',(0.707106781186548,0.707106781186547,4.12962635648235E-16));
#822=ORIENTED_EDGE('',*,*,#1621,.F.);
#823=ORIENTED_EDGE('',*,*,#1534,.T.);
#824=ORIENTED_EDGE('',*,*,#1622,.F.);
#825=ORIENTED_EDGE('',*,*,#1623,.F.);
#826=ORIENTED_EDGE('',*,*,#1624,.T.);
#827=ORIENTED_EDGE('',*,*,#1599,.T.);
#828=ORIENTED_EDGE('',*,*,#1461,.T.);
#829=ORIENTED_EDGE('',*,*,#1625,.T.);
#830=CARTESIAN_POINT('',(-0.01,-8.86782922865684E-20,8.86782922865684E-20));
#831=DIRECTION('',(0.577350269189626,-0.577350269189626,0.577350269189626));
#832=DIRECTION('',(0.707106781186548,0.707106781186547,-4.12962635648235E-16));
#833=ORIENTED_EDGE('',*,*,#1626,.F.);
#834=ORIENTED_EDGE('',*,*,#1530,.F.);
#835=ORIENTED_EDGE('',*,*,#1466,.F.);
#836=ORIENTED_EDGE('',*,*,#1555,.F.);
#837=ORIENTED_EDGE('',*,*,#1627,.F.);
#838=ORIENTED_EDGE('',*,*,#1628,.T.);
#839=ORIENTED_EDGE('',*,*,#1629,.T.);
#840=ORIENTED_EDGE('',*,*,#1630,.F.);
#841=CARTESIAN_POINT('',(-0.005,0.005,0.005));
#842=DIRECTION('',(-0.577350269189626,0.577350269189626,0.577350269189626));
#843=DIRECTION('',(-0.707106781186548,-0.707106781186548,0.0));
#844=ORIENTED_EDGE('',*,*,#1631,.F.);
#845=ORIENTED_EDGE('',*,*,#1632,.F.);
#846=ORIENTED_EDGE('',*,*,#1633,.F.);
#847=ORIENTED_EDGE('',*,*,#1634,.F.);
#848=ORIENTED_EDGE('',*,*,#1635,.T.);
#849=ORIENTED_EDGE('',*,*,#1579,.T.);
#850=ORIENTED_EDGE('',*,*,#1620,.T.);
#851=ORIENTED_EDGE('',*,*,#1636,.T.);
#852=CARTESIAN_POINT('',(-0.01,-0.01,-0.01));
#853=DIRECTION('',(0.577350269189626,0.577350269189626,0.577350269189626));
#854=DIRECTION('',(-0.707106781186548,0.707106781186548,0.0));
#855=ORIENTED_EDGE('',*,*,#1637,.F.);
#856=ORIENTED_EDGE('',*,*,#1638,.T.);
#857=ORIENTED_EDGE('',*,*,#1505,.T.);
#858=ORIENTED_EDGE('',*,*,#1523,.T.);
#859=ORIENTED_EDGE('',*,*,#1639,.T.);
#860=ORIENTED_EDGE('',*,*,#1640,.F.);
#861=ORIENTED_EDGE('',*,*,#1641,.F.);
#862=ORIENTED_EDGE('',*,*,#1642,.T.);
#863=CARTESIAN_POINT('',(0.005,0.005,0.005));
#864=DIRECTION('',(0.577350269189626,-0.577350269189626,-0.577350269189626));
#865=DIRECTION('',(0.707106781186548,0.707106781186548,0.0));
#866=ORIENTED_EDGE('',*,*,#1643,.F.);
#867=ORIENTED_EDGE('',*,*,#1644,.T.);
#868=ORIENTED_EDGE('',*,*,#1641,.T.);
#869=ORIENTED_EDGE('',*,*,#1645,.F.);
#870=ORIENTED_EDGE('',*,*,#1646,.T.);
#871=ORIENTED_EDGE('',*,*,#1539,.T.);
#872=ORIENTED_EDGE('',*,*,#1453,.T.);
#873=ORIENTED_EDGE('',*,*,#1647,.T.);
#874=CARTESIAN_POINT('',(0.01,8.86782922865684E-20,-8.86782922865684E-20));
#875=DIRECTION('',(-0.577350269189626,-0.577350269189626,0.577350269189626));
#876=DIRECTION('',(0.707106781186548,-0.707106781186547,4.12962635648235E-16));
#877=ORIENTED_EDGE('',*,*,#1648,.F.);
#878=ORIENTED_EDGE('',*,*,#1450,.F.);
#879=ORIENTED_EDGE('',*,*,#1649,.F.);
#880=CARTESIAN_POINT('',(0.0,0.0,0.01));
#881=DIRECTION('',(0.0,0.0,1.0));
#882=DIRECTION('',(1.0,0.0,0.0));
#883=ORIENTED_EDGE('',*,*,#1650,.F.);
#884=ORIENTED_EDGE('',*,*,#1651,.F.);
#885=ORIENTED_EDGE('',*,*,#1508,.F.);
#886=CARTESIAN_POINT('',(0.0,0.0,0.01));
#887=DIRECTION('',(0.0,0.0,1.0));
#888=DIRECTION('',(1.0,0.0,0.0));
#889=ORIENTED_EDGE('',*,*,#1526,.F.);
#890=ORIENTED_EDGE('',*,*,#1469,.F.);
#891=ORIENTED_EDGE('',*,*,#1458,.F.);
#892=ORIENTED_EDGE('',*,*,#1536,.F.);
#893=CARTESIAN_POINT('',(0.0,0.0,0.01));
#894=DIRECTION('',(0.0,0.0,1.0));
#895=DIRECTION('',(1.0,0.0,0.0));
#896=ORIENTED_EDGE('',*,*,#1596,.F.);
#897=ORIENTED_EDGE('',*,*,#1652,.F.);
#898=ORIENTED_EDGE('',*,*,#1653,.F.);
#899=CARTESIAN_POINT('',(0.0,0.0,0.01));
#900=DIRECTION('',(0.0,0.0,1.0));
#901=DIRECTION('',(1.0,0.0,0.0));
#902=ORIENTED_EDGE('',*,*,#1654,.F.);
#903=ORIENTED_EDGE('',*,*,#1655,.F.);
#904=ORIENTED_EDGE('',*,*,#1629,.F.);
#905=CARTESIAN_POINT('',(0.0,0.0,0.01));
#906=DIRECTION('',(0.0,0.0,1.0));
#907=DIRECTION('',(1.0,0.0,0.0));
#908=ORIENTED_EDGE('',*,*,#1643,.T.);
#909=ORIENTED_EDGE('',*,*,#1656,.T.);
#910=ORIENTED_EDGE('',*,*,#1657,.F.);
#911=ORIENTED_EDGE('',*,*,#1658,.T.);
#912=ORIENTED_EDGE('',*,*,#1645,.T.);
#913=ORIENTED_EDGE('',*,*,#1659,.T.);
#914=ORIENTED_EDGE('',*,*,#1561,.F.);
#915=ORIENTED_EDGE('',*,*,#1660,.T.);
#916=CARTESIAN_POINT('',(0.01,8.86782922865684E-20,-8.86782922865684E-20));
#917=DIRECTION('',(-0.577350269189626,-0.577350269189626,0.577350269189626));
#918=DIRECTION('',(0.707106781186548,-0.707106781186547,4.12962635648235E-16));
#919=ORIENTED_EDGE('',*,*,#1637,.T.);
#920=ORIENTED_EDGE('',*,*,#1661,.T.);
#921=ORIENTED_EDGE('',*,*,#1582,.F.);
#922=ORIENTED_EDGE('',*,*,#1659,.F.);
#923=ORIENTED_EDGE('',*,*,#1640,.T.);
#924=ORIENTED_EDGE('',*,*,#1662,.T.);
#925=ORIENTED_EDGE('',*,*,#1663,.T.);
#926=ORIENTED_EDGE('',*,*,#1664,.T.);
#927=CARTESIAN_POINT('',(0.005,0.005,0.005));
#928=DIRECTION('',(0.577350269189626,-0.577350269189626,-0.577350269189626));
#929=DIRECTION('',(0.707106781186548,0.707106781186548,0.0));
#930=ORIENTED_EDGE('',*,*,#1665,.T.);
#931=ORIENTED_EDGE('',*,*,#1618,.T.);
#932=ORIENTED_EDGE('',*,*,#1666,.T.);
#933=ORIENTED_EDGE('',*,*,#1622,.T.);
#934=ORIENTED_EDGE('',*,*,#1533,.T.);
#935=ORIENTED_EDGE('',*,*,#1667,.T.);
#936=ORIENTED_EDGE('',*,*,#1569,.T.);
#937=ORIENTED_EDGE('',*,*,#1668,.T.);
#938=CARTESIAN_POINT('',(-0.01,0.0,0.0));
#939=DIRECTION('',(1.0,0.0,0.0));
#940=DIRECTION('',(0.0,1.0,0.0));
#941=ORIENTED_EDGE('',*,*,#1653,.T.);
#942=ORIENTED_EDGE('',*,*,#1669,.F.);
#943=ORIENTED_EDGE('',*,*,#1670,.T.);
#944=ORIENTED_EDGE('',*,*,#1597,.T.);
#945=CARTESIAN_POINT('',(0.0,-0.01,0.0));
#946=DIRECTION('',(0.0,1.0,-0.0));
#947=DIRECTION('',(-1.0,0.0,0.0));
#948=ORIENTED_EDGE('',*,*,#1631,.T.);
#949=ORIENTED_EDGE('',*,*,#1671,.T.);
#950=ORIENTED_EDGE('',*,*,#1672,.T.);
#951=ORIENTED_EDGE('',*,*,#1673,.T.);
#952=ORIENTED_EDGE('',*,*,#1634,.T.);
#953=ORIENTED_EDGE('',*,*,#1674,.F.);
#954=ORIENTED_EDGE('',*,*,#1675,.F.);
#955=ORIENTED_EDGE('',*,*,#1676,.F.);
#956=CARTESIAN_POINT('',(-0.01,-0.01,-0.01));
#957=DIRECTION('',(0.577350269189626,0.577350269189626,0.577350269189626));
#958=DIRECTION('',(-0.707106781186548,0.707106781186548,0.0));
#959=ORIENTED_EDGE('',*,*,#1626,.T.);
#960=ORIENTED_EDGE('',*,*,#1677,.F.);
#961=ORIENTED_EDGE('',*,*,#1678,.T.);
#962=ORIENTED_EDGE('',*,*,#1627,.T.);
#963=ORIENTED_EDGE('',*,*,#1554,.F.);
#964=ORIENTED_EDGE('',*,*,#1679,.F.);
#965=ORIENTED_EDGE('',*,*,#1680,.F.);
#966=ORIENTED_EDGE('',*,*,#1531,.F.);
#967=CARTESIAN_POINT('',(-0.005,0.005,0.005));
#968=DIRECTION('',(-0.577350269189626,0.577350269189626,0.577350269189626));
#969=DIRECTION('',(-0.707106781186548,-0.707106781186548,0.0));
#970=ORIENTED_EDGE('',*,*,#1654,.T.);
#971=ORIENTED_EDGE('',*,*,#1628,.F.);
#972=ORIENTED_EDGE('',*,*,#1678,.F.);
#973=ORIENTED_EDGE('',*,*,#1681,.F.);
#974=CARTESIAN_POINT('',(0.0,0.01,0.0));
#975=DIRECTION('',(0.0,1.0,-0.0));
#976=DIRECTION('',(-1.0,0.0,0.0));
#977=ORIENTED_EDGE('',*,*,#1682,.F.);
#978=ORIENTED_EDGE('',*,*,#1683,.F.);
#979=ORIENTED_EDGE('',*,*,#1485,.F.);
#980=ORIENTED_EDGE('',*,*,#1684,.F.);
#981=CARTESIAN_POINT('',(0.0,0.01,0.0));
#982=DIRECTION('',(0.0,1.0,-0.0));
#983=DIRECTION('',(-1.0,0.0,0.0));
#984=ORIENTED_EDGE('',*,*,#1621,.T.);
#985=ORIENTED_EDGE('',*,*,#1685,.T.);
#986=ORIENTED_EDGE('',*,*,#1686,.F.);
#987=ORIENTED_EDGE('',*,*,#1687,.T.);
#988=ORIENTED_EDGE('',*,*,#1623,.T.);
#989=ORIENTED_EDGE('',*,*,#1666,.F.);
#990=ORIENTED_EDGE('',*,*,#1617,.F.);
#991=ORIENTED_EDGE('',*,*,#1688,.T.);
#992=CARTESIAN_POINT('',(-0.01,-8.86782922865684E-20,8.86782922865684E-20));
#993=DIRECTION('',(0.577350269189626,-0.577350269189626,0.577350269189626));
#994=DIRECTION('',(0.707106781186548,0.707106781186547,-4.12962635648235E-16));
#995=ORIENTED_EDGE('',*,*,#1616,.T.);
#996=ORIENTED_EDGE('',*,*,#1591,.F.);
#997=ORIENTED_EDGE('',*,*,#1689,.F.);
#998=ORIENTED_EDGE('',*,*,#1671,.F.);
#999=ORIENTED_EDGE('',*,*,#1636,.F.);
#1000=ORIENTED_EDGE('',*,*,#1619,.T.);
#1001=ORIENTED_EDGE('',*,*,#1665,.F.);
#1002=ORIENTED_EDGE('',*,*,#1690,.T.);
#1003=CARTESIAN_POINT('',(-0.01,-8.86782922865684E-20,-8.86782922865684E-20));
#1004=DIRECTION('',(0.577350269189626,-0.577350269189626,-0.577350269189626));
#1005=DIRECTION('',(0.707106781186548,0.707106781186547,4.12962635648235E-16));
#1006=ORIENTED_EDGE('',*,*,#1649,.T.);
#1007=ORIENTED_EDGE('',*,*,#1449,.T.);
#1008=ORIENTED_EDGE('',*,*,#1691,.T.);
#1009=ORIENTED_EDGE('',*,*,#1692,.T.);
#1010=CARTESIAN_POINT('',(0.0,-0.01,0.0));
#1011=DIRECTION('',(0.0,1.0,-0.0));
#1012=DIRECTION('',(-1.0,0.0,0.0));
#1013=ORIENTED_EDGE('',*,*,#1693,.T.);
#1014=ORIENTED_EDGE('',*,*,#1609,.T.);
#1015=ORIENTED_EDGE('',*,*,#1694,.T.);
#1016=ORIENTED_EDGE('',*,*,#1612,.T.);
#1017=ORIENTED_EDGE('',*,*,#1541,.T.);
#1018=ORIENTED_EDGE('',*,*,#1695,.T.);
#1019=ORIENTED_EDGE('',*,*,#1573,.T.);
#1020=ORIENTED_EDGE('',*,*,#1696,.T.);
#1021=CARTESIAN_POINT('',(0.0,-0.01,0.0));
#1022=DIRECTION('',(0.0,1.0,-0.0));
#1023=DIRECTION('',(-1.0,0.0,0.0));
#1024=ORIENTED_EDGE('',*,*,#1611,.T.);
#1025=ORIENTED_EDGE('',*,*,#1697,.T.);
#1026=ORIENTED_EDGE('',*,*,#1657,.T.);
#1027=ORIENTED_EDGE('',*,*,#1698,.T.);
#1028=ORIENTED_EDGE('',*,*,#1613,.T.);
#1029=ORIENTED_EDGE('',*,*,#1694,.F.);
#1030=ORIENTED_EDGE('',*,*,#1608,.F.);
#1031=ORIENTED_EDGE('',*,*,#1699,.F.);
#1032=CARTESIAN_POINT('',(8.86782922865684E-20,-0.01,8.86782922865684E-20));
#1033=DIRECTION('',(0.577350269189626,0.577350269189626,0.577350269189626));
#1034=DIRECTION('',(-0.707106781186547,0.707106781186548,-4.12962635648235E-16));
#1035=ORIENTED_EDGE('',*,*,#1607,.T.);
#1036=ORIENTED_EDGE('',*,*,#1491,.F.);
#1037=ORIENTED_EDGE('',*,*,#1700,.F.);
#1038=ORIENTED_EDGE('',*,*,#1701,.F.);
#1039=ORIENTED_EDGE('',*,*,#1606,.F.);
#1040=ORIENTED_EDGE('',*,*,#1610,.T.);
#1041=ORIENTED_EDGE('',*,*,#1693,.F.);
#1042=ORIENTED_EDGE('',*,*,#1702,.F.);
#1043=CARTESIAN_POINT('',(8.86782922865684E-20,-0.01,-8.86782922865684E-20));
#1044=DIRECTION('',(0.577350269189626,0.577350269189626,-0.577350269189626));
#1045=DIRECTION('',(-0.707106781186547,0.707106781186548,4.12962635648235E-16));
#1046=ORIENTED_EDGE('',*,*,#1600,.T.);
#1047=ORIENTED_EDGE('',*,*,#1701,.T.);
#1048=ORIENTED_EDGE('',*,*,#1703,.T.);
#1049=ORIENTED_EDGE('',*,*,#1704,.T.);
#1050=ORIENTED_EDGE('',*,*,#1603,.T.);
#1051=ORIENTED_EDGE('',*,*,#1705,.T.);
#1052=ORIENTED_EDGE('',*,*,#1706,.F.);
#1053=ORIENTED_EDGE('',*,*,#1707,.F.);
#1054=CARTESIAN_POINT('',(0.01,-0.01,-0.01));
#1055=DIRECTION('',(-0.577350269189626,0.577350269189626,0.577350269189626));
#1056=DIRECTION('',(-0.707106781186548,-0.707106781186548,0.0));
#1057=ORIENTED_EDGE('',*,*,#1594,.T.);
#1058=ORIENTED_EDGE('',*,*,#1624,.F.);
#1059=ORIENTED_EDGE('',*,*,#1687,.F.);
#1060=ORIENTED_EDGE('',*,*,#1708,.F.);
#1061=ORIENTED_EDGE('',*,*,#1546,.F.);
#1062=ORIENTED_EDGE('',*,*,#1598,.T.);
#1063=ORIENTED_EDGE('',*,*,#1670,.F.);
#1064=ORIENTED_EDGE('',*,*,#1709,.F.);
#1065=CARTESIAN_POINT('',(-0.01,-0.01,0.01));
#1066=DIRECTION('',(0.577350269189626,0.577350269189626,-0.577350269189626));
#1067=DIRECTION('',(-0.707106781186548,0.707106781186548,0.0));
#1068=ORIENTED_EDGE('',*,*,#1710,.F.);
#1069=ORIENTED_EDGE('',*,*,#1711,.F.);
#1070=ORIENTED_EDGE('',*,*,#1478,.F.);
#1071=ORIENTED_EDGE('',*,*,#1712,.T.);
#1072=CARTESIAN_POINT('',(0.0,0.01,0.0));
#1073=DIRECTION('',(0.0,1.0,-0.0));
#1074=DIRECTION('',(-1.0,0.0,0.0));
#1075=ORIENTED_EDGE('',*,*,#1713,.F.);
#1076=ORIENTED_EDGE('',*,*,#1520,.F.);
#1077=ORIENTED_EDGE('',*,*,#1714,.F.);
#1078=ORIENTED_EDGE('',*,*,#1715,.F.);
#1079=ORIENTED_EDGE('',*,*,#1516,.F.);
#1080=ORIENTED_EDGE('',*,*,#1716,.F.);
#1081=ORIENTED_EDGE('',*,*,#1558,.F.);
#1082=ORIENTED_EDGE('',*,*,#1551,.F.);
#1083=CARTESIAN_POINT('',(0.0,0.01,0.0));
#1084=DIRECTION('',(0.0,1.0,-0.0));
#1085=DIRECTION('',(-1.0,0.0,0.0));
#1086=ORIENTED_EDGE('',*,*,#1589,.T.);
#1087=ORIENTED_EDGE('',*,*,#1717,.T.);
#1088=ORIENTED_EDGE('',*,*,#1672,.F.);
#1089=ORIENTED_EDGE('',*,*,#1689,.T.);
#1090=ORIENTED_EDGE('',*,*,#1590,.T.);
#1091=ORIENTED_EDGE('',*,*,#1718,.T.);
#1092=ORIENTED_EDGE('',*,*,#1719,.F.);
#1093=ORIENTED_EDGE('',*,*,#1720,.T.);
#1094=CARTESIAN_POINT('',(0.0,0.0,-0.01));
#1095=DIRECTION('',(-0.577350269189626,-0.577350269189626,0.577350269189626));
#1096=DIRECTION('',(0.707106781186547,-0.707106781186547,0.0));
#1097=ORIENTED_EDGE('',*,*,#1584,.T.);
#1098=ORIENTED_EDGE('',*,*,#1721,.T.);
#1099=ORIENTED_EDGE('',*,*,#1722,.F.);
#1100=ORIENTED_EDGE('',*,*,#1718,.F.);
#1101=ORIENTED_EDGE('',*,*,#1587,.T.);
#1102=ORIENTED_EDGE('',*,*,#1723,.T.);
#1103=ORIENTED_EDGE('',*,*,#1724,.T.);
#1104=ORIENTED_EDGE('',*,*,#1725,.T.);
#1105=CARTESIAN_POINT('',(-0.005,0.005,-0.005));
#1106=DIRECTION('',(0.577350269189626,-0.577350269189626,-0.577350269189626));
#1107=DIRECTION('',(0.707106781186548,0.707106781186548,0.0));
#1108=ORIENTED_EDGE('',*,*,#1580,.T.);
#1109=ORIENTED_EDGE('',*,*,#1726,.T.);
#1110=ORIENTED_EDGE('',*,*,#1727,.F.);
#1111=ORIENTED_EDGE('',*,*,#1581,.T.);
#1112=ORIENTED_EDGE('',*,*,#1496,.F.);
#1113=ORIENTED_EDGE('',*,*,#1728,.F.);
#1114=ORIENTED_EDGE('',*,*,#1729,.F.);
#1115=ORIENTED_EDGE('',*,*,#1475,.F.);
#1116=CARTESIAN_POINT('',(0.005,0.005,-0.005));
#1117=DIRECTION('',(0.577350269189626,-0.577350269189626,0.577350269189626));
#1118=DIRECTION('',(0.707106781186548,0.707106781186548,0.0));
#1119=ORIENTED_EDGE('',*,*,#1572,.T.);
#1120=ORIENTED_EDGE('',*,*,#1635,.F.);
#1121=ORIENTED_EDGE('',*,*,#1673,.F.);
#1122=ORIENTED_EDGE('',*,*,#1717,.F.);
#1123=ORIENTED_EDGE('',*,*,#1593,.F.);
#1124=ORIENTED_EDGE('',*,*,#1576,.T.);
#1125=ORIENTED_EDGE('',*,*,#1702,.T.);
#1126=ORIENTED_EDGE('',*,*,#1696,.F.);
#1127=CARTESIAN_POINT('',(8.86782922865684E-20,-0.01,8.86782922865684E-20));
#1128=DIRECTION('',(-0.577350269189626,0.577350269189626,-0.577350269189626));
#1129=DIRECTION('',(-0.707106781186547,-0.707106781186548,-4.12962635648235E-16));
#1130=ORIENTED_EDGE('',*,*,#1566,.T.);
#1131=ORIENTED_EDGE('',*,*,#1690,.F.);
#1132=ORIENTED_EDGE('',*,*,#1668,.F.);
#1133=ORIENTED_EDGE('',*,*,#1568,.T.);
#1134=ORIENTED_EDGE('',*,*,#1480,.F.);
#1135=ORIENTED_EDGE('',*,*,#1730,.F.);
#1136=ORIENTED_EDGE('',*,*,#1723,.F.);
#1137=ORIENTED_EDGE('',*,*,#1586,.F.);
#1138=CARTESIAN_POINT('',(-0.005,0.005,-0.005));
#1139=DIRECTION('',(-0.577350269189626,-0.577350269189626,0.577350269189626));
#1140=DIRECTION('',(0.707106781186548,-0.707106781186548,0.0));
#1141=ORIENTED_EDGE('',*,*,#1559,.T.);
#1142=ORIENTED_EDGE('',*,*,#1604,.F.);
#1143=ORIENTED_EDGE('',*,*,#1704,.F.);
#1144=ORIENTED_EDGE('',*,*,#1731,.F.);
#1145=ORIENTED_EDGE('',*,*,#1494,.F.);
#1146=ORIENTED_EDGE('',*,*,#1563,.T.);
#1147=ORIENTED_EDGE('',*,*,#1727,.T.);
#1148=ORIENTED_EDGE('',*,*,#1732,.T.);
#1149=CARTESIAN_POINT('',(0.01,8.86782922865684E-20,8.86782922865684E-20));
#1150=DIRECTION('',(-0.577350269189626,-0.577350269189626,-0.577350269189626));
#1151=DIRECTION('',(0.707106781186548,-0.707106781186547,-4.12962635648235E-16));
#1152=ORIENTED_EDGE('',*,*,#1553,.T.);
#1153=ORIENTED_EDGE('',*,*,#1716,.T.);
#1154=ORIENTED_EDGE('',*,*,#1515,.F.);
#1155=ORIENTED_EDGE('',*,*,#1733,.T.);
#1156=ORIENTED_EDGE('',*,*,#1557,.T.);
#1157=ORIENTED_EDGE('',*,*,#1734,.T.);
#1158=ORIENTED_EDGE('',*,*,#1735,.F.);
#1159=ORIENTED_EDGE('',*,*,#1679,.T.);
#1160=CARTESIAN_POINT('',(-0.005,0.005,0.005));
#1161=DIRECTION('',(0.577350269189626,0.577350269189626,-0.577350269189626));
#1162=DIRECTION('',(-0.707106781186548,0.707106781186548,0.0));
#1163=ORIENTED_EDGE('',*,*,#1547,.T.);
#1164=ORIENTED_EDGE('',*,*,#1733,.F.);
#1165=ORIENTED_EDGE('',*,*,#1521,.F.);
#1166=ORIENTED_EDGE('',*,*,#1713,.T.);
#1167=ORIENTED_EDGE('',*,*,#1550,.T.);
#1168=ORIENTED_EDGE('',*,*,#1736,.T.);
#1169=ORIENTED_EDGE('',*,*,#1663,.F.);
#1170=ORIENTED_EDGE('',*,*,#1737,.T.);
#1171=CARTESIAN_POINT('',(0.005,0.005,0.005));
#1172=DIRECTION('',(-0.577350269189626,0.577350269189626,-0.577350269189626));
#1173=DIRECTION('',(-0.707106781186548,-0.707106781186548,0.0));
#1174=ORIENTED_EDGE('',*,*,#1540,.T.);
#1175=ORIENTED_EDGE('',*,*,#1708,.T.);
#1176=ORIENTED_EDGE('',*,*,#1686,.T.);
#1177=ORIENTED_EDGE('',*,*,#1738,.T.);
#1178=ORIENTED_EDGE('',*,*,#1543,.T.);
#1179=ORIENTED_EDGE('',*,*,#1699,.T.);
#1180=ORIENTED_EDGE('',*,*,#1574,.F.);
#1181=ORIENTED_EDGE('',*,*,#1695,.F.);
#1182=CARTESIAN_POINT('',(8.86782922865684E-20,-0.01,-8.86782922865684E-20));
#1183=DIRECTION('',(-0.577350269189626,0.577350269189626,0.577350269189626));
#1184=DIRECTION('',(-0.707106781186547,-0.707106781186548,4.12962635648235E-16));
#1185=ORIENTED_EDGE('',*,*,#1535,.T.);
#1186=ORIENTED_EDGE('',*,*,#1646,.F.);
#1187=ORIENTED_EDGE('',*,*,#1658,.F.);
#1188=ORIENTED_EDGE('',*,*,#1697,.F.);
#1189=ORIENTED_EDGE('',*,*,#1615,.F.);
#1190=ORIENTED_EDGE('',*,*,#1537,.T.);
#1191=ORIENTED_EDGE('',*,*,#1739,.F.);
#1192=ORIENTED_EDGE('',*,*,#1740,.T.);
#1193=CARTESIAN_POINT('',(0.0,0.0,0.01));
#1194=DIRECTION('',(0.577350269189626,-0.577350269189626,-0.577350269189626));
#1195=DIRECTION('',(0.707106781186547,0.707106781186547,0.0));
#1196=ORIENTED_EDGE('',*,*,#1528,.T.);
#1197=ORIENTED_EDGE('',*,*,#1688,.F.);
#1198=ORIENTED_EDGE('',*,*,#1570,.F.);
#1199=ORIENTED_EDGE('',*,*,#1667,.F.);
#1200=ORIENTED_EDGE('',*,*,#1532,.T.);
#1201=ORIENTED_EDGE('',*,*,#1680,.T.);
#1202=ORIENTED_EDGE('',*,*,#1735,.T.);
#1203=ORIENTED_EDGE('',*,*,#1741,.T.);
#1204=CARTESIAN_POINT('',(-0.005,0.005,0.005));
#1205=DIRECTION('',(-0.577350269189626,-0.577350269189626,-0.577350269189626));
#1206=DIRECTION('',(0.707106781186548,-0.707106781186548,0.0));
#1207=ORIENTED_EDGE('',*,*,#1522,.T.);
#1208=ORIENTED_EDGE('',*,*,#1740,.F.);
#1209=ORIENTED_EDGE('',*,*,#1742,.F.);
#1210=ORIENTED_EDGE('',*,*,#1525,.T.);
#1211=ORIENTED_EDGE('',*,*,#1548,.F.);
#1212=ORIENTED_EDGE('',*,*,#1737,.F.);
#1213=ORIENTED_EDGE('',*,*,#1662,.F.);
#1214=ORIENTED_EDGE('',*,*,#1639,.F.);
#1215=CARTESIAN_POINT('',(0.005,0.005,0.005));
#1216=DIRECTION('',(-0.577350269189626,-0.577350269189626,0.577350269189626));
#1217=DIRECTION('',(0.707106781186548,-0.707106781186548,0.0));
#1218=ORIENTED_EDGE('',*,*,#1517,.T.);
#1219=ORIENTED_EDGE('',*,*,#1743,.F.);
#1220=ORIENTED_EDGE('',*,*,#1714,.T.);
#1221=ORIENTED_EDGE('',*,*,#1519,.T.);
#1222=ORIENTED_EDGE('',*,*,#1472,.F.);
#1223=ORIENTED_EDGE('',*,*,#1744,.F.);
#1224=ORIENTED_EDGE('',*,*,#1745,.F.);
#1225=ORIENTED_EDGE('',*,*,#1499,.F.);
#1226=CARTESIAN_POINT('',(0.005,0.005,-0.005));
#1227=DIRECTION('',(-0.577350269189626,0.577350269189626,0.577350269189626));
#1228=DIRECTION('',(-0.707106781186548,-0.707106781186548,0.0));
#1229=ORIENTED_EDGE('',*,*,#1510,.T.);
#1230=ORIENTED_EDGE('',*,*,#1715,.T.);
#1231=ORIENTED_EDGE('',*,*,#1743,.T.);
#1232=ORIENTED_EDGE('',*,*,#1513,.T.);
#1233=ORIENTED_EDGE('',*,*,#1585,.F.);
#1234=ORIENTED_EDGE('',*,*,#1725,.F.);
#1235=ORIENTED_EDGE('',*,*,#1746,.F.);
#1236=ORIENTED_EDGE('',*,*,#1483,.F.);
#1237=CARTESIAN_POINT('',(-0.005,0.005,-0.005));
#1238=DIRECTION('',(0.577350269189626,0.577350269189626,0.577350269189626));
#1239=DIRECTION('',(-0.707106781186548,0.707106781186548,0.0));
#1240=ORIENTED_EDGE('',*,*,#1502,.T.);
#1241=ORIENTED_EDGE('',*,*,#1747,.T.);
#1242=ORIENTED_EDGE('',*,*,#1748,.T.);
#1243=ORIENTED_EDGE('',*,*,#1506,.T.);
#1244=ORIENTED_EDGE('',*,*,#1638,.F.);
#1245=ORIENTED_EDGE('',*,*,#1664,.F.);
#1246=ORIENTED_EDGE('',*,*,#1736,.F.);
#1247=ORIENTED_EDGE('',*,*,#1549,.F.);
#1248=CARTESIAN_POINT('',(0.005,0.005,0.005));
#1249=DIRECTION('',(0.577350269189626,0.577350269189626,0.577350269189626));
#1250=DIRECTION('',(-0.707106781186548,0.707106781186548,0.0));
#1251=ORIENTED_EDGE('',*,*,#1583,.F.);
#1252=ORIENTED_EDGE('',*,*,#1661,.F.);
#1253=ORIENTED_EDGE('',*,*,#1642,.F.);
#1254=ORIENTED_EDGE('',*,*,#1644,.F.);
#1255=ORIENTED_EDGE('',*,*,#1660,.F.);
#1256=ORIENTED_EDGE('',*,*,#1560,.F.);
#1257=ORIENTED_EDGE('',*,*,#1732,.F.);
#1258=ORIENTED_EDGE('',*,*,#1726,.F.);
#1259=CARTESIAN_POINT('',(0.01,0.0,0.0));
#1260=DIRECTION('',(1.0,0.0,0.0));
#1261=DIRECTION('',(0.0,1.0,0.0));
#1262=ORIENTED_EDGE('',*,*,#1650,.T.);
#1263=ORIENTED_EDGE('',*,*,#1507,.F.);
#1264=ORIENTED_EDGE('',*,*,#1748,.F.);
#1265=ORIENTED_EDGE('',*,*,#1749,.F.);
#1266=CARTESIAN_POINT('',(0.01,0.0,0.0));
#1267=DIRECTION('',(1.0,0.0,0.0));
#1268=DIRECTION('',(0.0,1.0,0.0));
#1269=ORIENTED_EDGE('',*,*,#1648,.T.);
#1270=ORIENTED_EDGE('',*,*,#1692,.F.);
#1271=ORIENTED_EDGE('',*,*,#1750,.F.);
#1272=ORIENTED_EDGE('',*,*,#1451,.F.);
#1273=CARTESIAN_POINT('',(0.01,0.0,0.0));
#1274=DIRECTION('',(1.0,0.0,0.0));
#1275=DIRECTION('',(0.0,1.0,0.0));
#1276=ORIENTED_EDGE('',*,*,#1751,.F.);
#1277=ORIENTED_EDGE('',*,*,#1674,.T.);
#1278=ORIENTED_EDGE('',*,*,#1633,.T.);
#1279=ORIENTED_EDGE('',*,*,#1752,.F.);
#1280=CARTESIAN_POINT('',(0.0,-0.01,0.0));
#1281=DIRECTION('',(0.0,1.0,-0.0));
#1282=DIRECTION('',(-1.0,0.0,0.0));
#1283=ORIENTED_EDGE('',*,*,#1753,.F.);
#1284=ORIENTED_EDGE('',*,*,#1752,.T.);
#1285=ORIENTED_EDGE('',*,*,#1632,.T.);
#1286=ORIENTED_EDGE('',*,*,#1676,.T.);
#1287=CARTESIAN_POINT('',(-0.01,0.0,0.0));
#1288=DIRECTION('',(1.0,0.0,0.0));
#1289=DIRECTION('',(0.0,1.0,0.0));
#1290=ORIENTED_EDGE('',*,*,#1495,.T.);
#1291=ORIENTED_EDGE('',*,*,#1754,.F.);
#1292=ORIENTED_EDGE('',*,*,#1755,.F.);
#1293=ORIENTED_EDGE('',*,*,#1721,.F.);
#1294=ORIENTED_EDGE('',*,*,#1500,.T.);
#1295=ORIENTED_EDGE('',*,*,#1745,.T.);
#1296=ORIENTED_EDGE('',*,*,#1756,.T.);
#1297=ORIENTED_EDGE('',*,*,#1728,.T.);
#1298=CARTESIAN_POINT('',(0.005,0.005,-0.005));
#1299=DIRECTION('',(-0.577350269189626,-0.577350269189626,-0.577350269189626));
#1300=DIRECTION('',(0.707106781186548,-0.707106781186548,0.0));
#1301=ORIENTED_EDGE('',*,*,#1487,.T.);
#1302=ORIENTED_EDGE('',*,*,#1731,.T.);
#1303=ORIENTED_EDGE('',*,*,#1703,.F.);
#1304=ORIENTED_EDGE('',*,*,#1700,.T.);
#1305=ORIENTED_EDGE('',*,*,#1490,.T.);
#1306=ORIENTED_EDGE('',*,*,#1720,.F.);
#1307=ORIENTED_EDGE('',*,*,#1757,.F.);
#1308=ORIENTED_EDGE('',*,*,#1754,.T.);
#1309=CARTESIAN_POINT('',(0.0,0.0,-0.01));
#1310=DIRECTION('',(0.577350269189626,-0.577350269189626,0.577350269189626));
#1311=DIRECTION('',(0.707106781186547,0.707106781186547,0.0));
#1312=ORIENTED_EDGE('',*,*,#1479,.T.);
#1313=ORIENTED_EDGE('',*,*,#1758,.F.);
#1314=ORIENTED_EDGE('',*,*,#1759,.F.);
#1315=ORIENTED_EDGE('',*,*,#1684,.T.);
#1316=ORIENTED_EDGE('',*,*,#1484,.T.);
#1317=ORIENTED_EDGE('',*,*,#1746,.T.);
#1318=ORIENTED_EDGE('',*,*,#1724,.F.);
#1319=ORIENTED_EDGE('',*,*,#1730,.T.);
#1320=CARTESIAN_POINT('',(-0.005,0.005,-0.005));
#1321=DIRECTION('',(-0.577350269189626,0.577350269189626,-0.577350269189626));
#1322=DIRECTION('',(-0.707106781186548,-0.707106781186548,0.0));
#1323=ORIENTED_EDGE('',*,*,#1760,.F.);
#1324=ORIENTED_EDGE('',*,*,#1758,.T.);
#1325=ORIENTED_EDGE('',*,*,#1486,.T.);
#1326=ORIENTED_EDGE('',*,*,#1683,.T.);
#1327=CARTESIAN_POINT('',(-0.01,0.0,0.0));
#1328=DIRECTION('',(1.0,0.0,0.0));
#1329=DIRECTION('',(0.0,1.0,0.0));
#1330=ORIENTED_EDGE('',*,*,#1761,.F.);
#1331=ORIENTED_EDGE('',*,*,#1712,.F.);
#1332=ORIENTED_EDGE('',*,*,#1477,.F.);
#1333=ORIENTED_EDGE('',*,*,#1762,.F.);
#1334=CARTESIAN_POINT('',(0.01,0.0,0.0));
#1335=DIRECTION('',(1.0,0.0,0.0));
#1336=DIRECTION('',(0.0,1.0,0.0));
#1337=ORIENTED_EDGE('',*,*,#1471,.T.);
#1338=ORIENTED_EDGE('',*,*,#1711,.T.);
#1339=ORIENTED_EDGE('',*,*,#1763,.F.);
#1340=ORIENTED_EDGE('',*,*,#1762,.T.);
#1341=ORIENTED_EDGE('',*,*,#1476,.T.);
#1342=ORIENTED_EDGE('',*,*,#1729,.T.);
#1343=ORIENTED_EDGE('',*,*,#1756,.F.);
#1344=ORIENTED_EDGE('',*,*,#1744,.T.);
#1345=CARTESIAN_POINT('',(0.005,0.005,-0.005));
#1346=DIRECTION('',(0.577350269189626,0.577350269189626,-0.577350269189626));
#1347=DIRECTION('',(-0.707106781186548,0.707106781186548,0.0));
#1348=ORIENTED_EDGE('',*,*,#1764,.F.);
#1349=ORIENTED_EDGE('',*,*,#1705,.F.);
#1350=ORIENTED_EDGE('',*,*,#1602,.F.);
#1351=ORIENTED_EDGE('',*,*,#1765,.F.);
#1352=CARTESIAN_POINT('',(0.01,0.0,0.0));
#1353=DIRECTION('',(1.0,0.0,0.0));
#1354=DIRECTION('',(0.0,1.0,0.0));
#1355=ORIENTED_EDGE('',*,*,#1766,.F.);
#1356=ORIENTED_EDGE('',*,*,#1765,.T.);
#1357=ORIENTED_EDGE('',*,*,#1601,.T.);
#1358=ORIENTED_EDGE('',*,*,#1707,.T.);
#1359=CARTESIAN_POINT('',(0.0,-0.01,0.0));
#1360=DIRECTION('',(0.0,1.0,-0.0));
#1361=DIRECTION('',(-1.0,0.0,0.0));
#1362=ORIENTED_EDGE('',*,*,#1764,.T.);
#1363=ORIENTED_EDGE('',*,*,#1766,.T.);
#1364=ORIENTED_EDGE('',*,*,#1706,.T.);
#1365=CARTESIAN_POINT('',(0.0,0.0,-0.01));
#1366=DIRECTION('',(0.0,0.0,1.0));
#1367=DIRECTION('',(1.0,0.0,0.0));
#1368=ORIENTED_EDGE('',*,*,#1761,.T.);
#1369=ORIENTED_EDGE('',*,*,#1763,.T.);
#1370=ORIENTED_EDGE('',*,*,#1710,.T.);
#1371=CARTESIAN_POINT('',(0.0,0.0,-0.01));
#1372=DIRECTION('',(0.0,0.0,1.0));
#1373=DIRECTION('',(1.0,0.0,0.0));
#1374=ORIENTED_EDGE('',*,*,#1759,.T.);
#1375=ORIENTED_EDGE('',*,*,#1760,.T.);
#1376=ORIENTED_EDGE('',*,*,#1682,.T.);
#1377=CARTESIAN_POINT('',(0.0,0.0,-0.01));
#1378=DIRECTION('',(0.0,0.0,1.0));
#1379=DIRECTION('',(1.0,0.0,0.0));
#1380=ORIENTED_EDGE('',*,*,#1755,.T.);
#1381=ORIENTED_EDGE('',*,*,#1757,.T.);
#1382=ORIENTED_EDGE('',*,*,#1719,.T.);
#1383=ORIENTED_EDGE('',*,*,#1722,.T.);
#1384=CARTESIAN_POINT('',(0.0,0.0,-0.01));
#1385=DIRECTION('',(0.0,0.0,1.0));
#1386=DIRECTION('',(1.0,0.0,0.0));
#1387=ORIENTED_EDGE('',*,*,#1751,.T.);
#1388=ORIENTED_EDGE('',*,*,#1753,.T.);
#1389=ORIENTED_EDGE('',*,*,#1675,.T.);
#1390=CARTESIAN_POINT('',(0.0,0.0,-0.01));
#1391=DIRECTION('',(0.0,0.0,1.0));
#1392=DIRECTION('',(1.0,0.0,0.0));
#1393=ORIENTED_EDGE('',*,*,#1655,.T.);
#1394=ORIENTED_EDGE('',*,*,#1681,.T.);
#1395=ORIENTED_EDGE('',*,*,#1677,.T.);
#1396=ORIENTED_EDGE('',*,*,#1630,.T.);
#1397=CARTESIAN_POINT('',(-0.01,0.0,0.0));
#1398=DIRECTION('',(1.0,0.0,0.0));
#1399=DIRECTION('',(0.0,1.0,0.0));
#1400=ORIENTED_EDGE('',*,*,#1652,.T.);
#1401=ORIENTED_EDGE('',*,*,#1595,.T.);
#1402=ORIENTED_EDGE('',*,*,#1709,.T.);
#1403=ORIENTED_EDGE('',*,*,#1669,.T.);
#1404=CARTESIAN_POINT('',(-0.01,0.0,0.0));
#1405=DIRECTION('',(1.0,0.0,0.0));
#1406=DIRECTION('',(0.0,1.0,0.0));
#1407=ORIENTED_EDGE('',*,*,#1464,.T.);
#1408=ORIENTED_EDGE('',*,*,#1742,.T.);
#1409=ORIENTED_EDGE('',*,*,#1767,.F.);
#1410=ORIENTED_EDGE('',*,*,#1468,.T.);
#1411=ORIENTED_EDGE('',*,*,#1529,.F.);
#1412=ORIENTED_EDGE('',*,*,#1741,.F.);
#1413=ORIENTED_EDGE('',*,*,#1734,.F.);
#1414=ORIENTED_EDGE('',*,*,#1556,.F.);
#1415=CARTESIAN_POINT('',(-0.005,0.005,0.005));
#1416=DIRECTION('',(0.577350269189626,-0.577350269189626,0.577350269189626));
#1417=DIRECTION('',(0.707106781186548,0.707106781186548,0.0));
#1418=ORIENTED_EDGE('',*,*,#1456,.T.);
#1419=ORIENTED_EDGE('',*,*,#1544,.F.);
#1420=ORIENTED_EDGE('',*,*,#1738,.F.);
#1421=ORIENTED_EDGE('',*,*,#1685,.F.);
#1422=ORIENTED_EDGE('',*,*,#1625,.F.);
#1423=ORIENTED_EDGE('',*,*,#1460,.T.);
#1424=ORIENTED_EDGE('',*,*,#1767,.T.);
#1425=ORIENTED_EDGE('',*,*,#1739,.T.);
#1426=CARTESIAN_POINT('',(0.0,0.0,0.01));
#1427=DIRECTION('',(-0.577350269189626,-0.577350269189626,-0.577350269189626));
#1428=DIRECTION('',(0.707106781186547,-0.707106781186547,0.0));
#1429=ORIENTED_EDGE('',*,*,#1651,.T.);
#1430=ORIENTED_EDGE('',*,*,#1749,.T.);
#1431=ORIENTED_EDGE('',*,*,#1747,.F.);
#1432=ORIENTED_EDGE('',*,*,#1509,.F.);
#1433=CARTESIAN_POINT('',(0.0,0.01,0.0));
#1434=DIRECTION('',(0.0,1.0,-0.0));
#1435=DIRECTION('',(-1.0,0.0,0.0));
#1436=ORIENTED_EDGE('',*,*,#1448,.T.);
#1437=ORIENTED_EDGE('',*,*,#1614,.F.);
#1438=ORIENTED_EDGE('',*,*,#1698,.F.);
#1439=ORIENTED_EDGE('',*,*,#1656,.F.);
#1440=ORIENTED_EDGE('',*,*,#1647,.F.);
#1441=ORIENTED_EDGE('',*,*,#1452,.T.);
#1442=ORIENTED_EDGE('',*,*,#1750,.T.);
#1443=ORIENTED_EDGE('',*,*,#1691,.F.);
#1444=CARTESIAN_POINT('',(0.01,-0.01,0.01));
#1445=DIRECTION('',(-0.577350269189626,0.577350269189626,-0.577350269189626));
#1446=DIRECTION('',(-0.707106781186548,-0.707106781186548,0.0));
#1447=COLOUR_RGB('',0.560784339904785,0.686274528503418,0.560784339904785);
#1448=EDGE_CURVE('',#1768,#1769,#1770,.T.);
#1449=EDGE_CURVE('7:4528',#1771,#1768,#1772,.T.);
#1450=EDGE_CURVE('7:4368',#1771,#1773,#1774,.T.);
#1451=EDGE_CURVE('7:4508',#1773,#1775,#1776,.T.);
#1452=EDGE_CURVE('',#1777,#1775,#1778,.T.);
#1453=EDGE_CURVE('6:19507',#1779,#1777,#1780,.T.);
#1454=EDGE_CURVE('6:19456',#1779,#1781,#1782,.T.);
#1455=EDGE_CURVE('6:19432',#1769,#1781,#1783,.T.);
#1456=EDGE_CURVE('',#1784,#1785,#1786,.T.);
#1457=EDGE_CURVE('7:4465',#1784,#1787,#1788,.T.);
#1458=EDGE_CURVE('7:4353',#1787,#1789,#1790,.T.);
#1459=EDGE_CURVE('7:4458',#1789,#1791,#1792,.T.);
#1460=EDGE_CURVE('',#1793,#1791,#1794,.T.);
#1461=EDGE_CURVE('6:19387',#1795,#1793,#1796,.T.);
#1462=EDGE_CURVE('6:19369',#1797,#1795,#1798,.T.);
#1463=EDGE_CURVE('6:19378',#1785,#1797,#1799,.T.);
#1464=EDGE_CURVE('',#1800,#1801,#1802,.T.);
#1465=EDGE_CURVE('6:19621',#1803,#1800,#1804,.T.);
#1466=EDGE_CURVE('6:19579',#1803,#1805,#1806,.T.);
#1467=EDGE_CURVE('6:19534',#1807,#1805,#1808,.T.);
#1468=EDGE_CURVE('',#1791,#1807,#1809,.T.);
#1469=EDGE_CURVE('7:4347',#1789,#1810,#1811,.T.);
#1470=EDGE_CURVE('7:4438',#1810,#1801,#1812,.T.);
#1471=EDGE_CURVE('',#1813,#1814,#1815,.T.);
#1472=EDGE_CURVE('6:19012',#1813,#1816,#1817,.T.);
#1473=EDGE_CURVE('6:19012',#1816,#1818,#1819,.T.);
#1474=EDGE_CURVE('6:19045',#1818,#1820,#1821,.T.);
#1475=EDGE_CURVE('6:19045',#1820,#1822,#1823,.T.);
#1476=EDGE_CURVE('',#1824,#1822,#1825,.T.);
#1477=EDGE_CURVE('7:2822',#1824,#1826,#1827,.T.);
#1478=EDGE_CURVE('7:2829',#1826,#1814,#1828,.T.);
#1479=EDGE_CURVE('',#1829,#1830,#1831,.T.);
#1480=EDGE_CURVE('6:18868',#1829,#1832,#1833,.T.);
#1481=EDGE_CURVE('6:18868',#1832,#1834,#1835,.T.);
#1482=EDGE_CURVE('6:18919',#1834,#1836,#1837,.T.);
#1483=EDGE_CURVE('6:18919',#1836,#1838,#1839,.T.);
#1484=EDGE_CURVE('',#1840,#1838,#1841,.T.);
#1485=EDGE_CURVE('7:2782',#1840,#1842,#1843,.T.);
#1486=EDGE_CURVE('7:2792',#1830,#1842,#1844,.T.);
#1487=EDGE_CURVE('',#1845,#1846,#1847,.T.);
#1488=EDGE_CURVE('7:2752',#1845,#1848,#1849,.T.);
#1489=EDGE_CURVE('7:2772',#1850,#1848,#1851,.T.);
#1490=EDGE_CURVE('',#1852,#1850,#1853,.T.);
#1491=EDGE_CURVE('6:18778',#1852,#1854,#1855,.T.);
#1492=EDGE_CURVE('6:18778',#1854,#1856,#1857,.T.);
#1493=EDGE_CURVE('6:18829',#1856,#1858,#1859,.T.);
#1494=EDGE_CURVE('6:18829',#1858,#1846,#1860,.T.);
#1495=EDGE_CURVE('',#1861,#1845,#1862,.T.);
#1496=EDGE_CURVE('6:18967',#1861,#1863,#1864,.T.);
#1497=EDGE_CURVE('6:18967',#1863,#1865,#1866,.T.);
#1498=EDGE_CURVE('6:19018',#1865,#1867,#1868,.T.);
#1499=EDGE_CURVE('6:19018',#1867,#1869,#1870,.T.);
#1500=EDGE_CURVE('',#1871,#1869,#1872,.T.);
#1501=EDGE_CURVE('7:2739',#1848,#1871,#1873,.T.);
#1502=EDGE_CURVE('',#1874,#1875,#1876,.T.);
#1503=EDGE_CURVE('6:19711',#1877,#1874,#1878,.T.);
#1504=EDGE_CURVE('6:19693',#1879,#1877,#1880,.T.);
#1505=EDGE_CURVE('6:19705',#1881,#1879,#1882,.T.);
#1506=EDGE_CURVE('',#1883,#1881,#1884,.T.);
#1507=EDGE_CURVE('7:4485',#1883,#1885,#1886,.T.);
#1508=EDGE_CURVE('7:4362',#1885,#1887,#1888,.T.);
#1509=EDGE_CURVE('7:4498',#1887,#1875,#1889,.T.);
#1510=EDGE_CURVE('',#1836,#1890,#1891,.T.);
#1511=EDGE_CURVE('6:18901',#1892,#1834,#1893,.T.);
#1512=EDGE_CURVE('6:18910',#1894,#1892,#1895,.T.);
#1513=EDGE_CURVE('',#1896,#1894,#1897,.T.);
#1514=EDGE_CURVE('6:22282',#1896,#1898,#1899,.T.);
#1515=EDGE_CURVE('6:22289',#1898,#1900,#1901,.T.);
#1516=EDGE_CURVE('6:22231',#1900,#1890,#1902,.T.);
#1517=EDGE_CURVE('',#1867,#1896,#1903,.T.);
#1518=EDGE_CURVE('6:18997',#1818,#1865,#1904,.T.);
#1519=EDGE_CURVE('',#1905,#1816,#1906,.T.);
#1520=EDGE_CURVE('6:22225',#1905,#1907,#1908,.T.);
#1521=EDGE_CURVE('6:22262',#1907,#1898,#1909,.T.);
#1522=EDGE_CURVE('',#1910,#1911,#1912,.T.);
#1523=EDGE_CURVE('6:19738',#1879,#1910,#1913,.T.);
#1524=EDGE_CURVE('6:19648',#1914,#1877,#1915,.T.);
#1525=EDGE_CURVE('',#1801,#1914,#1916,.T.);
#1526=EDGE_CURVE('7:4344',#1810,#1917,#1918,.T.);
#1527=EDGE_CURVE('7:4445',#1911,#1917,#1919,.T.);
#1528=EDGE_CURVE('',#1920,#1921,#1922,.T.);
#1529=EDGE_CURVE('6:19534',#1920,#1807,#1923,.T.);
#1530=EDGE_CURVE('6:19597',#1805,#1924,#1925,.T.);
#1531=EDGE_CURVE('6:19597',#1924,#1926,#1927,.T.);
#1532=EDGE_CURVE('',#1928,#1926,#1929,.T.);
#1533=EDGE_CURVE('7:239',#1930,#1928,#1931,.T.);
#1534=EDGE_CURVE('7:339',#1921,#1930,#1932,.T.);
#1535=EDGE_CURVE('',#1911,#1933,#1934,.T.);
#1536=EDGE_CURVE('7:4350',#1917,#1787,#1935,.T.);
#1537=EDGE_CURVE('',#1936,#1784,#1937,.T.);
#1538=EDGE_CURVE('6:19480',#1781,#1936,#1938,.T.);
#1539=EDGE_CURVE('6:19474',#1933,#1779,#1939,.T.);
#1540=EDGE_CURVE('',#1940,#1941,#1942,.T.);
#1541=EDGE_CURVE('6:22812',#1943,#1940,#1944,.T.);
#1542=EDGE_CURVE('6:22933',#1943,#1945,#1946,.T.);
#1543=EDGE_CURVE('',#1947,#1945,#1948,.T.);
#1544=EDGE_CURVE('6:19378',#1947,#1785,#1949,.T.);
#1545=EDGE_CURVE('6:19414',#1797,#1950,#1951,.T.);
#1546=EDGE_CURVE('6:19414',#1950,#1941,#1952,.T.);
#1547=EDGE_CURVE('',#1953,#1954,#1955,.T.);
#1548=EDGE_CURVE('6:19648',#1953,#1914,#1956,.T.);
#1549=EDGE_CURVE('6:19711',#1874,#1957,#1958,.T.);
#1550=EDGE_CURVE('',#1959,#1957,#1960,.T.);
#1551=EDGE_CURVE('6:22222',#1959,#1961,#1962,.T.);
#1552=EDGE_CURVE('6:22269',#1954,#1961,#1963,.T.);
#1553=EDGE_CURVE('',#1964,#1965,#1966,.T.);
#1554=EDGE_CURVE('6:19591',#1964,#1967,#1968,.T.);
#1555=EDGE_CURVE('6:19591',#1967,#1803,#1969,.T.);
#1556=EDGE_CURVE('6:19621',#1800,#1970,#1971,.T.);
#1557=EDGE_CURVE('',#1954,#1970,#1972,.T.);
#1558=EDGE_CURVE('6:22228',#1961,#1965,#1973,.T.);
#1559=EDGE_CURVE('',#1974,#1975,#1976,.T.);
#1560=EDGE_CURVE('7:1820',#1974,#1977,#1978,.T.);
#1561=EDGE_CURVE('7:1896',#1977,#1979,#1980,.T.);
#1562=EDGE_CURVE('7:1873',#1979,#1981,#1982,.T.);
#1563=EDGE_CURVE('',#1858,#1981,#1983,.T.);
#1564=EDGE_CURVE('6:18811',#1984,#1856,#1985,.T.);
#1565=EDGE_CURVE('6:18820',#1975,#1984,#1986,.T.);
#1566=EDGE_CURVE('',#1987,#1988,#1989,.T.);
#1567=EDGE_CURVE('6:18946',#1892,#1987,#1990,.T.);
#1568=EDGE_CURVE('',#1991,#1832,#1992,.T.);
#1569=EDGE_CURVE('7:236',#1993,#1991,#1994,.T.);
#1570=EDGE_CURVE('7:332',#1993,#1995,#1996,.T.);
#1571=EDGE_CURVE('7:312',#1988,#1995,#1997,.T.);
#1572=EDGE_CURVE('',#1998,#1999,#2000,.T.);
#1573=EDGE_CURVE('6:22806',#2001,#1998,#2002,.T.);
#1574=EDGE_CURVE('6:22923',#2001,#2003,#2004,.T.);
#1575=EDGE_CURVE('6:22900',#2003,#2005,#2006,.T.);
#1576=EDGE_CURVE('',#2007,#2005,#2008,.T.);
#1577=EDGE_CURVE('6:18769',#2009,#2007,#2010,.T.);
#1578=EDGE_CURVE('6:18724',#2009,#2011,#2012,.T.);
#1579=EDGE_CURVE('6:18700',#1999,#2011,#2013,.T.);
#1580=EDGE_CURVE('',#1820,#2014,#2015,.T.);
#1581=EDGE_CURVE('',#1981,#1863,#2016,.T.);
#1582=EDGE_CURVE('7:1863',#1979,#2017,#2018,.T.);
#1583=EDGE_CURVE('7:1814',#2017,#2014,#2019,.T.);
#1584=EDGE_CURVE('',#2020,#1871,#2021,.T.);
#1585=EDGE_CURVE('6:18910',#2020,#1894,#2022,.T.);
#1586=EDGE_CURVE('6:18946',#1987,#2023,#2024,.T.);
#1587=EDGE_CURVE('',#2025,#2023,#2026,.T.);
#1588=EDGE_CURVE('7:2759',#1848,#2025,#2027,.T.);
#1589=EDGE_CURVE('',#1850,#2028,#2029,.T.);
#1590=EDGE_CURVE('',#2030,#2025,#2031,.T.);
#1591=EDGE_CURVE('6:18739',#2030,#2032,#2033,.T.);
#1592=EDGE_CURVE('6:18739',#2032,#2009,#2034,.T.);
#1593=EDGE_CURVE('6:18769',#2007,#2028,#2035,.T.);
#1594=EDGE_CURVE('',#2036,#2037,#2038,.T.);
#1595=EDGE_CURVE('7:4408',#2039,#2036,#2040,.T.);
#1596=EDGE_CURVE('7:4335',#2039,#2041,#2042,.T.);
#1597=EDGE_CURVE('7:4415',#2043,#2041,#2044,.T.);
#1598=EDGE_CURVE('',#1950,#2043,#2045,.T.);
#1599=EDGE_CURVE('6:19339',#2037,#1795,#2046,.T.);
#1600=EDGE_CURVE('',#2047,#2048,#2049,.T.);
#1601=EDGE_CURVE('7:2859',#2050,#2047,#2051,.T.);
#1602=EDGE_CURVE('7:2839',#2050,#2052,#2053,.T.);
#1603=EDGE_CURVE('',#2054,#2052,#2055,.T.);
#1604=EDGE_CURVE('6:18820',#2054,#1975,#2056,.T.);
#1605=EDGE_CURVE('6:18856',#1984,#2057,#2058,.T.);
#1606=EDGE_CURVE('6:18856',#2057,#2048,#2059,.T.);
#1607=EDGE_CURVE('',#2005,#1854,#2060,.T.);
#1608=EDGE_CURVE('6:22910',#2003,#2061,#2062,.T.);
#1609=EDGE_CURVE('6:22800',#2063,#2061,#2064,.T.);
#1610=EDGE_CURVE('',#2057,#2063,#2065,.T.);
#1611=EDGE_CURVE('',#1945,#2066,#2067,.T.);
#1612=EDGE_CURVE('6:22818',#2068,#1943,#2069,.T.);
#1613=EDGE_CURVE('',#2070,#2068,#2071,.T.);
#1614=EDGE_CURVE('6:19432',#2070,#1769,#2072,.T.);
#1615=EDGE_CURVE('6:19480',#1936,#2066,#2073,.T.);
#1616=EDGE_CURVE('',#1988,#2032,#2074,.T.);
#1617=EDGE_CURVE('7:319',#1995,#2075,#2076,.T.);
#1618=EDGE_CURVE('7:230',#2077,#2075,#2078,.T.);
#1619=EDGE_CURVE('',#2079,#2077,#2080,.T.);
#1620=EDGE_CURVE('6:18745',#2011,#2079,#2081,.T.);
#1621=EDGE_CURVE('',#1921,#2082,#2083,.T.);
#1622=EDGE_CURVE('7:233',#2084,#1930,#2085,.T.);
#1623=EDGE_CURVE('',#2086,#2084,#2087,.T.);
#1624=EDGE_CURVE('6:19339',#2086,#2037,#2088,.T.);
#1625=EDGE_CURVE('6:19387',#1793,#2082,#2089,.T.);
#1626=EDGE_CURVE('',#1924,#2090,#2091,.T.);
#1627=EDGE_CURVE('',#2092,#1967,#2093,.T.);
#1628=EDGE_CURVE('7:4385',#2092,#2094,#2095,.T.);
#1629=EDGE_CURVE('7:4332',#2094,#2096,#2097,.T.);
#1630=EDGE_CURVE('7:4395',#2090,#2096,#2098,.T.);
#1631=EDGE_CURVE('',#2099,#2100,#2101,.T.);
#1632=EDGE_CURVE('7:2729',#2102,#2099,#2103,.T.);
#1633=EDGE_CURVE('7:2712',#2104,#2102,#2105,.T.);
#1634=EDGE_CURVE('',#2106,#2104,#2107,.T.);
#1635=EDGE_CURVE('6:18700',#2106,#1999,#2108,.T.);
#1636=EDGE_CURVE('6:18745',#2079,#2100,#2109,.T.);
#1637=EDGE_CURVE('',#2110,#2111,#2112,.T.);
#1638=EDGE_CURVE('6:19705',#2110,#1881,#2113,.T.);
#1639=EDGE_CURVE('6:19738',#1910,#2114,#2115,.T.);
#1640=EDGE_CURVE('',#2116,#2114,#2117,.T.);
#1641=EDGE_CURVE('7:1886',#2118,#2116,#2119,.T.);
#1642=EDGE_CURVE('7:1817',#2118,#2111,#2120,.T.);
#1643=EDGE_CURVE('',#2121,#2122,#2123,.T.);
#1644=EDGE_CURVE('7:1823',#2121,#2118,#2124,.T.);
#1645=EDGE_CURVE('',#2125,#2116,#2126,.T.);
#1646=EDGE_CURVE('6:19474',#2125,#1933,#2127,.T.);
#1647=EDGE_CURVE('6:19507',#1777,#2122,#2128,.T.);
#1648=EDGE_CURVE('7:4365',#1773,#2129,#2130,.T.);
#1649=EDGE_CURVE('7:4371',#2129,#1771,#2131,.T.);
#1650=EDGE_CURVE('7:4356',#2132,#1885,#2133,.T.);
#1651=EDGE_CURVE('7:4359',#1887,#2132,#2134,.T.);
#1652=EDGE_CURVE('7:4338',#2135,#2039,#2136,.T.);
#1653=EDGE_CURVE('7:4341',#2041,#2135,#2137,.T.);
#1654=EDGE_CURVE('7:4326',#2138,#2094,#2139,.T.);
#1655=EDGE_CURVE('7:4329',#2096,#2138,#2140,.T.);
#1656=EDGE_CURVE('6:19507',#2122,#2141,#2142,.T.);
#1657=EDGE_CURVE('6:19504',#2143,#2141,#2144,.T.);
#1658=EDGE_CURVE('6:19474',#2143,#2125,#2145,.T.);
#1659=EDGE_CURVE('7:1886',#2116,#1979,#2146,.T.);
#1660=EDGE_CURVE('7:1823',#1977,#2121,#2147,.T.);
#1661=EDGE_CURVE('7:1817',#2111,#2017,#2148,.T.);
#1662=EDGE_CURVE('6:19738',#2114,#2149,#2150,.T.);
#1663=EDGE_CURVE('6:19687',#2149,#2151,#2152,.T.);
#1664=EDGE_CURVE('6:19705',#2151,#2110,#2153,.T.);
#1665=EDGE_CURVE('7:230',#2154,#2077,#2155,.T.);
#1666=EDGE_CURVE('7:233',#2075,#2084,#2156,.T.);
#1667=EDGE_CURVE('7:239',#1928,#1993,#2157,.T.);
#1668=EDGE_CURVE('7:236',#1991,#2154,#2158,.T.);
#1669=EDGE_CURVE('7:4425',#2159,#2135,#2160,.T.);
#1670=EDGE_CURVE('7:4415',#2159,#2043,#2161,.T.);
#1671=EDGE_CURVE('6:18745',#2100,#2162,#2163,.T.);
#1672=EDGE_CURVE('6:18766',#2162,#2164,#2165,.T.);
#1673=EDGE_CURVE('6:18700',#2164,#2106,#2166,.T.);
#1674=EDGE_CURVE('7:2712',#2167,#2104,#2168,.T.);
#1675=EDGE_CURVE('7:2648',#2169,#2167,#2170,.T.);
#1676=EDGE_CURVE('7:2729',#2099,#2169,#2171,.T.);
#1677=EDGE_CURVE('7:4395',#2172,#2090,#2173,.T.);
#1678=EDGE_CURVE('7:4385',#2172,#2092,#2174,.T.);
#1679=EDGE_CURVE('6:19591',#2175,#1964,#2176,.T.);
#1680=EDGE_CURVE('6:19597',#1926,#2175,#2177,.T.);
#1681=EDGE_CURVE('7:4378',#2138,#2172,#2178,.T.);
#1682=EDGE_CURVE('7:2642',#2179,#2180,#2181,.T.);
#1683=EDGE_CURVE('7:2799',#1842,#2179,#2182,.T.);
#1684=EDGE_CURVE('7:2782',#2180,#1840,#2183,.T.);
#1685=EDGE_CURVE('6:19387',#2082,#2184,#2185,.T.);
#1686=EDGE_CURVE('6:19363',#2186,#2184,#2187,.T.);
#1687=EDGE_CURVE('6:19339',#2186,#2086,#2188,.T.);
#1688=EDGE_CURVE('7:339',#1995,#1921,#2189,.T.);
#1689=EDGE_CURVE('6:18739',#2162,#2030,#2190,.T.);
#1690=EDGE_CURVE('7:312',#2154,#1988,#2191,.T.);
#1691=EDGE_CURVE('7:4528',#1768,#2192,#2193,.T.);
#1692=EDGE_CURVE('7:4515',#2192,#2129,#2194,.T.);
#1693=EDGE_CURVE('6:22800',#2195,#2063,#2196,.T.);
#1694=EDGE_CURVE('6:22818',#2061,#2068,#2197,.T.);
#1695=EDGE_CURVE('6:22812',#1940,#2001,#2198,.T.);
#1696=EDGE_CURVE('6:22806',#1998,#2195,#2199,.T.);
#1697=EDGE_CURVE('6:19480',#2066,#2143,#2200,.T.);
#1698=EDGE_CURVE('6:19432',#2141,#2070,#2201,.T.);
#1699=EDGE_CURVE('6:22933',#1945,#2003,#2202,.T.);
#1700=EDGE_CURVE('6:18778',#2203,#1852,#2204,.T.);
#1701=EDGE_CURVE('6:18856',#2048,#2203,#2205,.T.);
#1702=EDGE_CURVE('6:22900',#2005,#2195,#2206,.T.);
#1703=EDGE_CURVE('6:18805',#2203,#2207,#2208,.T.);
#1704=EDGE_CURVE('6:18820',#2207,#2054,#2209,.T.);
#1705=EDGE_CURVE('7:2839',#2052,#2210,#2211,.T.);
#1706=EDGE_CURVE('7:2636',#2212,#2210,#2213,.T.);
#1707=EDGE_CURVE('7:2859',#2047,#2212,#2214,.T.);
#1708=EDGE_CURVE('6:19414',#1941,#2186,#2215,.T.);
#1709=EDGE_CURVE('7:4408',#2036,#2159,#2216,.T.);
#1710=EDGE_CURVE('7:2633',#2217,#2218,#2219,.T.);
#1711=EDGE_CURVE('7:2829',#1814,#2217,#2220,.T.);
#1712=EDGE_CURVE('7:2809',#1826,#2218,#2221,.T.);
#1713=EDGE_CURVE('6:22222',#1907,#1959,#2222,.T.);
#1714=EDGE_CURVE('6:22225',#2223,#1905,#2224,.T.);
#1715=EDGE_CURVE('6:22231',#1890,#2223,#2225,.T.);
#1716=EDGE_CURVE('6:22228',#1965,#1900,#2226,.T.);
#1717=EDGE_CURVE('6:18769',#2028,#2164,#2227,.T.);
#1718=EDGE_CURVE('7:2759',#2025,#2228,#2229,.T.);
#1719=EDGE_CURVE('7:2630',#2230,#2228,#2231,.T.);
#1720=EDGE_CURVE('7:2772',#2230,#1850,#2232,.T.);
#1721=EDGE_CURVE('7:2739',#1871,#2233,#2234,.T.);
#1722=EDGE_CURVE('7:2624',#2228,#2233,#2235,.T.);
#1723=EDGE_CURVE('6:18946',#2023,#2236,#2237,.T.);
#1724=EDGE_CURVE('6:18895',#2236,#2238,#2239,.T.);
#1725=EDGE_CURVE('6:18910',#2238,#2020,#2240,.T.);
#1726=EDGE_CURVE('7:1814',#2014,#2241,#2242,.T.);
#1727=EDGE_CURVE('7:1873',#1981,#2241,#2243,.T.);
#1728=EDGE_CURVE('6:18967',#2244,#1861,#2245,.T.);
#1729=EDGE_CURVE('6:19045',#1822,#2244,#2246,.T.);
#1730=EDGE_CURVE('6:18868',#2236,#1829,#2247,.T.);
#1731=EDGE_CURVE('6:18829',#1846,#2207,#2248,.T.);
#1732=EDGE_CURVE('7:1820',#2241,#1974,#2249,.T.);
#1733=EDGE_CURVE('6:22269',#1898,#1954,#2250,.T.);
#1734=EDGE_CURVE('6:19621',#1970,#2251,#2252,.T.);
#1735=EDGE_CURVE('6:19618',#2175,#2251,#2253,.T.);
#1736=EDGE_CURVE('6:19711',#1957,#2151,#2254,.T.);
#1737=EDGE_CURVE('6:19648',#2149,#1953,#2255,.T.);
#1738=EDGE_CURVE('6:19378',#2184,#1947,#2256,.T.);
#1739=EDGE_CURVE('7:4465',#2257,#1784,#2258,.T.);
#1740=EDGE_CURVE('7:4445',#2257,#1911,#2259,.T.);
#1741=EDGE_CURVE('6:19534',#2251,#1920,#2260,.T.);
#1742=EDGE_CURVE('7:4438',#1801,#2257,#2261,.T.);
#1743=EDGE_CURVE('6:22282',#2223,#1896,#2262,.T.);
#1744=EDGE_CURVE('6:19012',#2263,#1813,#2264,.T.);
#1745=EDGE_CURVE('6:19018',#1869,#2263,#2265,.T.);
#1746=EDGE_CURVE('6:18919',#1838,#2238,#2266,.T.);
#1747=EDGE_CURVE('7:4498',#1875,#2267,#2268,.T.);
#1748=EDGE_CURVE('7:4485',#2267,#1883,#2269,.T.);
#1749=EDGE_CURVE('7:4478',#2132,#2267,#2270,.T.);
#1750=EDGE_CURVE('7:4508',#1775,#2192,#2271,.T.);
#1751=EDGE_CURVE('7:2645',#2167,#2272,#2273,.T.);
#1752=EDGE_CURVE('7:2722',#2272,#2102,#2274,.T.);
#1753=EDGE_CURVE('7:2651',#2272,#2169,#2275,.T.);
#1754=EDGE_CURVE('7:2752',#2276,#1845,#2277,.T.);
#1755=EDGE_CURVE('7:2621',#2233,#2276,#2278,.T.);
#1756=EDGE_CURVE('6:19042',#2263,#2244,#2279,.T.);
#1757=EDGE_CURVE('7:2627',#2276,#2230,#2280,.T.);
#1758=EDGE_CURVE('7:2792',#2281,#1830,#2282,.T.);
#1759=EDGE_CURVE('7:2618',#2180,#2281,#2283,.T.);
#1760=EDGE_CURVE('7:2654',#2281,#2179,#2284,.T.);
#1761=EDGE_CURVE('7:2615',#2218,#2285,#2286,.T.);
#1762=EDGE_CURVE('7:2822',#2285,#1824,#2287,.T.);
#1763=EDGE_CURVE('7:2657',#2285,#2217,#2288,.T.);
#1764=EDGE_CURVE('7:2612',#2210,#2289,#2290,.T.);
#1765=EDGE_CURVE('7:2852',#2289,#2050,#2291,.T.);
#1766=EDGE_CURVE('7:2639',#2289,#2212,#2292,.T.);
#1767=EDGE_CURVE('7:4458',#1791,#2257,#2293,.T.);
#1768=VERTEX_POINT('',#2294);
#1769=VERTEX_POINT('',#2295);
#1770=LINE('',#2296,#2297);
#1771=VERTEX_POINT('',#2298);
#1772=ELLIPSE('',#2299,0.000692820323027552,0.000400000000000001);
#1773=VERTEX_POINT('',#2300);
#1774=ELLIPSE('',#2301,0.000692820323027552,0.000400000000000001);
#1775=VERTEX_POINT('',#2302);
#1776=ELLIPSE('',#2303,0.000692820323027552,0.000400000000000001);
#1777=VERTEX_POINT('',#2304);
#1778=LINE('',#2305,#2306);
#1779=VERTEX_POINT('',#2307);
#1780=ELLIPSE('',#2308,0.000489897948556635,0.000400000000000001);
#1781=VERTEX_POINT('',#2309);
#1782=ELLIPSE('',#2310,0.000489897948556635,0.0004);
#1783=ELLIPSE('',#2311,0.000489897948556635,0.000400000000000001);
#1784=VERTEX_POINT('',#2312);
#1785=VERTEX_POINT('',#2313);
#1786=LINE('',#2314,#2315);
#1787=VERTEX_POINT('',#2316);
#1788=ELLIPSE('',#2317,0.000692820323027551,0.0004);
#1789=VERTEX_POINT('',#2318);
#1790=ELLIPSE('',#2319,0.000692820323027551,0.0004);
#1791=VERTEX_POINT('',#2320);
#1792=ELLIPSE('',#2321,0.00069282032302755,0.000400000000000001);
#1793=VERTEX_POINT('',#2322);
#1794=LINE('',#2323,#2324);
#1795=VERTEX_POINT('',#2325);
#1796=ELLIPSE('',#2326,0.000489897948556635,0.0004);
#1797=VERTEX_POINT('',#2327);
#1798=ELLIPSE('',#2328,0.000489897948556635,0.0004);
#1799=ELLIPSE('',#2329,0.000489897948556635,0.0004);
#1800=VERTEX_POINT('',#2330);
#1801=VERTEX_POINT('',#2331);
#1802=LINE('',#2332,#2333);
#1803=VERTEX_POINT('',#2334);
#1804=ELLIPSE('',#2335,0.000489897948556637,0.000400000000000001);
#1805=VERTEX_POINT('',#2336);
#1806=ELLIPSE('',#2337,0.000489897948556636,0.000400000000000001);
#1807=VERTEX_POINT('',#2338);
#1808=ELLIPSE('',#2339,0.000489897948556637,0.000400000000000001);
#1809=LINE('',#2340,#2341);
#1810=VERTEX_POINT('',#2342);
#1811=ELLIPSE('',#2343,0.000692820323027552,0.000400000000000001);
#1812=ELLIPSE('',#2344,0.000692820323027553,0.000400000000000001);
#1813=VERTEX_POINT('',#2345);
#1814=VERTEX_POINT('',#2346);
#1815=LINE('',#2347,#2348);
#1816=VERTEX_POINT('',#2349);
#1817=ELLIPSE('',#2350,0.000489897948556637,0.000400000000000001);
#1818=VERTEX_POINT('',#2351);
#1819=ELLIPSE('',#2352,0.000489897948556637,0.000400000000000001);
#1820=VERTEX_POINT('',#2353);
#1821=ELLIPSE('',#2354,0.000489897948556637,0.000400000000000001);
#1822=VERTEX_POINT('',#2355);
#1823=ELLIPSE('',#2356,0.000489897948556637,0.000400000000000001);
#1824=VERTEX_POINT('',#2357);
#1825=LINE('',#2358,#2359);
#1826=VERTEX_POINT('',#2360);
#1827=ELLIPSE('',#2361,0.000692820323027552,0.000400000000000001);
#1828=ELLIPSE('',#2362,0.000692820323027552,0.000400000000000001);
#1829=VERTEX_POINT('',#2363);
#1830=VERTEX_POINT('',#2364);
#1831=LINE('',#2365,#2366);
#1832=VERTEX_POINT('',#2367);
#1833=ELLIPSE('',#2368,0.000489897948556637,0.000400000000000001);
#1834=VERTEX_POINT('',#2369);
#1835=ELLIPSE('',#2370,0.000489897948556637,0.000400000000000001);
#1836=VERTEX_POINT('',#2371);
#1837=ELLIPSE('',#2372,0.000489897948556637,0.000400000000000001);
#1838=VERTEX_POINT('',#2373);
#1839=ELLIPSE('',#2374,0.000489897948556637,0.000400000000000001);
#1840=VERTEX_POINT('',#2375);
#1841=LINE('',#2376,#2377);
#1842=VERTEX_POINT('',#2378);
#1843=ELLIPSE('',#2379,0.000692820323027552,0.000400000000000001);
#1844=ELLIPSE('',#2380,0.000692820323027552,0.000400000000000001);
#1845=VERTEX_POINT('',#2381);
#1846=VERTEX_POINT('',#2382);
#1847=LINE('',#2383,#2384);
#1848=VERTEX_POINT('',#2385);
#1849=ELLIPSE('',#2386,0.000692820323027551,0.000400000000000001);
#1850=VERTEX_POINT('',#2387);
#1851=ELLIPSE('',#2388,0.000692820323027551,0.0004);
#1852=VERTEX_POINT('',#2389);
#1853=LINE('',#2390,#2391);
#1854=VERTEX_POINT('',#2392);
#1855=ELLIPSE('',#2393,0.000489897948556634,0.0004);
#1856=VERTEX_POINT('',#2394);
#1857=ELLIPSE('',#2395,0.000489897948556634,0.0004);
#1858=VERTEX_POINT('',#2396);
#1859=ELLIPSE('',#2397,0.000489897948556634,0.0004);
#1860=ELLIPSE('',#2398,0.000489897948556634,0.0004);
#1861=VERTEX_POINT('',#2399);
#1862=LINE('',#2400,#2401);
#1863=VERTEX_POINT('',#2402);
#1864=ELLIPSE('',#2403,0.000489897948556637,0.000400000000000001);
#1865=VERTEX_POINT('',#2404);
#1866=ELLIPSE('',#2405,0.000489897948556637,0.000400000000000001);
#1867=VERTEX_POINT('',#2406);
#1868=ELLIPSE('',#2407,0.000489897948556637,0.000400000000000001);
#1869=VERTEX_POINT('',#2408);
#1870=ELLIPSE('',#2409,0.000489897948556637,0.000400000000000001);
#1871=VERTEX_POINT('',#2410);
#1872=LINE('',#2411,#2412);
#1873=ELLIPSE('',#2413,0.000692820323027553,0.000400000000000001);
#1874=VERTEX_POINT('',#2414);
#1875=VERTEX_POINT('',#2415);
#1876=LINE('',#2416,#2417);
#1877=VERTEX_POINT('',#2418);
#1878=ELLIPSE('',#2419,0.000489897948556637,0.000400000000000001);
#1879=VERTEX_POINT('',#2420);
#1880=ELLIPSE('',#2421,0.000489897948556636,0.000400000000000001);
#1881=VERTEX_POINT('',#2422);
#1882=ELLIPSE('',#2423,0.000489897948556637,0.000400000000000001);
#1883=VERTEX_POINT('',#2424);
#1884=LINE('',#2425,#2426);
#1885=VERTEX_POINT('',#2427);
#1886=ELLIPSE('',#2428,0.000692820323027552,0.000400000000000001);
#1887=VERTEX_POINT('',#2429);
#1888=ELLIPSE('',#2430,0.000692820323027552,0.000400000000000001);
#1889=ELLIPSE('',#2431,0.000692820323027552,0.000400000000000001);
#1890=VERTEX_POINT('',#2432);
#1891=LINE('',#2433,#2434);
#1892=VERTEX_POINT('',#2435);
#1893=ELLIPSE('',#2436,0.000489897948556636,0.000400000000000001);
#1894=VERTEX_POINT('',#2437);
#1895=ELLIPSE('',#2438,0.000489897948556637,0.000400000000000001);
#1896=VERTEX_POINT('',#2439);
#1897=LINE('',#2440,#2441);
#1898=VERTEX_POINT('',#2442);
#1899=ELLIPSE('',#2443,0.000692820323027553,0.000400000000000001);
#1900=VERTEX_POINT('',#2444);
#1901=ELLIPSE('',#2445,0.000692820323027553,0.000400000000000001);
#1902=ELLIPSE('',#2446,0.000692820323027552,0.000400000000000001);
#1903=LINE('',#2447,#2448);
#1904=ELLIPSE('',#2449,0.000489897948556636,0.000400000000000001);
#1905=VERTEX_POINT('',#2450);
#1906=LINE('',#2451,#2452);
#1907=VERTEX_POINT('',#2453);
#1908=ELLIPSE('',#2454,0.000692820323027552,0.000400000000000001);
#1909=ELLIPSE('',#2455,0.000692820323027553,0.000400000000000001);
#1910=VERTEX_POINT('',#2456);
#1911=VERTEX_POINT('',#2457);
#1912=LINE('',#2458,#2459);
#1913=ELLIPSE('',#2460,0.000489897948556637,0.000400000000000001);
#1914=VERTEX_POINT('',#2461);
#1915=ELLIPSE('',#2462,0.000489897948556637,0.000400000000000001);
#1916=LINE('',#2463,#2464);
#1917=VERTEX_POINT('',#2465);
#1918=ELLIPSE('',#2466,0.000692820323027552,0.000400000000000001);
#1919=ELLIPSE('',#2467,0.000692820323027551,0.000400000000000001);
#1920=VERTEX_POINT('',#2468);
#1921=VERTEX_POINT('',#2469);
#1922=LINE('',#2470,#2471);
#1923=ELLIPSE('',#2472,0.000489897948556637,0.000400000000000001);
#1924=VERTEX_POINT('',#2473);
#1925=ELLIPSE('',#2474,0.000489897948556637,0.000400000000000001);
#1926=VERTEX_POINT('',#2475);
#1927=ELLIPSE('',#2476,0.000489897948556637,0.000400000000000001);
#1928=VERTEX_POINT('',#2477);
#1929=LINE('',#2478,#2479);
#1930=VERTEX_POINT('',#2480);
#1931=ELLIPSE('',#2481,0.000692820323027552,0.000400000000000001);
#1932=ELLIPSE('',#2482,0.000692820323027553,0.000400000000000001);
#1933=VERTEX_POINT('',#2483);
#1934=LINE('',#2484,#2485);
#1935=ELLIPSE('',#2486,0.000692820323027551,0.0004);
#1936=VERTEX_POINT('',#2487);
#1937=LINE('',#2488,#2489);
#1938=ELLIPSE('',#2490,0.000489897948556635,0.0004);
#1939=ELLIPSE('',#2491,0.000489897948556635,0.0004);
#1940=VERTEX_POINT('',#2492);
#1941=VERTEX_POINT('',#2493);
#1942=LINE('',#2494,#2495);
#1943=VERTEX_POINT('',#2496);
#1944=ELLIPSE('',#2497,0.000692820323027552,0.0004);
#1945=VERTEX_POINT('',#2498);
#1946=ELLIPSE('',#2499,0.000692820323027552,0.0004);
#1947=VERTEX_POINT('',#2500);
#1948=LINE('',#2501,#2502);
#1949=ELLIPSE('',#2503,0.000489897948556635,0.0004);
#1950=VERTEX_POINT('',#2504);
#1951=ELLIPSE('',#2505,0.000489897948556635,0.000400000000000001);
#1952=ELLIPSE('',#2506,0.000489897948556635,0.000400000000000001);
#1953=VERTEX_POINT('',#2507);
#1954=VERTEX_POINT('',#2508);
#1955=LINE('',#2509,#2510);
#1956=ELLIPSE('',#2511,0.000489897948556637,0.000400000000000001);
#1957=VERTEX_POINT('',#2512);
#1958=ELLIPSE('',#2513,0.000489897948556637,0.000400000000000001);
#1959=VERTEX_POINT('',#2514);
#1960=LINE('',#2515,#2516);
#1961=VERTEX_POINT('',#2517);
#1962=ELLIPSE('',#2518,0.000692820323027552,0.000400000000000001);
#1963=ELLIPSE('',#2519,0.000692820323027553,0.000400000000000001);
#1964=VERTEX_POINT('',#2520);
#1965=VERTEX_POINT('',#2521);
#1966=LINE('',#2522,#2523);
#1967=VERTEX_POINT('',#2524);
#1968=ELLIPSE('',#2525,0.000489897948556637,0.000400000000000001);
#1969=ELLIPSE('',#2526,0.000489897948556637,0.000400000000000001);
#1970=VERTEX_POINT('',#2527);
#1971=ELLIPSE('',#2528,0.000489897948556637,0.000400000000000001);
#1972=LINE('',#2529,#2530);
#1973=ELLIPSE('',#2531,0.000692820323027552,0.000400000000000001);
#1974=VERTEX_POINT('',#2532);
#1975=VERTEX_POINT('',#2533);
#1976=LINE('',#2534,#2535);
#1977=VERTEX_POINT('',#2536);
#1978=ELLIPSE('',#2537,0.000692820323027552,0.0004);
#1979=VERTEX_POINT('',#2538);
#1980=ELLIPSE('',#2539,0.000692820323027552,0.0004);
#1981=VERTEX_POINT('',#2540);
#1982=ELLIPSE('',#2541,0.000692820323027553,0.000400000000000001);
#1983=LINE('',#2542,#2543);
#1984=VERTEX_POINT('',#2544);
#1985=ELLIPSE('',#2545,0.000489897948556636,0.0004);
#1986=ELLIPSE('',#2546,0.000489897948556636,0.0004);
#1987=VERTEX_POINT('',#2547);
#1988=VERTEX_POINT('',#2548);
#1989=LINE('',#2549,#2550);
#1990=ELLIPSE('',#2551,0.000489897948556637,0.000400000000000001);
#1991=VERTEX_POINT('',#2552);
#1992=LINE('',#2553,#2554);
#1993=VERTEX_POINT('',#2555);
#1994=ELLIPSE('',#2556,0.000692820323027552,0.000400000000000001);
#1995=VERTEX_POINT('',#2557);
#1996=ELLIPSE('',#2558,0.000692820323027553,0.000400000000000001);
#1997=ELLIPSE('',#2559,0.000692820323027553,0.000400000000000001);
#1998=VERTEX_POINT('',#2560);
#1999=VERTEX_POINT('',#2561);
#2000=LINE('',#2562,#2563);
#2001=VERTEX_POINT('',#2564);
#2002=ELLIPSE('',#2565,0.000692820323027552,0.0004);
#2003=VERTEX_POINT('',#2566);
#2004=ELLIPSE('',#2567,0.000692820323027552,0.0004);
#2005=VERTEX_POINT('',#2568);
#2006=ELLIPSE('',#2569,0.000692820323027552,0.0004);
#2007=VERTEX_POINT('',#2570);
#2008=LINE('',#2571,#2572);
#2009=VERTEX_POINT('',#2573);
#2010=ELLIPSE('',#2574,0.000489897948556634,0.0004);
#2011=VERTEX_POINT('',#2575);
#2012=ELLIPSE('',#2576,0.000489897948556636,0.0004);
#2013=ELLIPSE('',#2577,0.000489897948556636,0.0004);
#2014=VERTEX_POINT('',#2578);
#2015=LINE('',#2579,#2580);
#2016=LINE('',#2581,#2582);
#2017=VERTEX_POINT('',#2583);
#2018=ELLIPSE('',#2584,0.000692820323027553,0.000400000000000001);
#2019=ELLIPSE('',#2585,0.000692820323027552,0.000400000000000001);
#2020=VERTEX_POINT('',#2586);
#2021=LINE('',#2587,#2588);
#2022=ELLIPSE('',#2589,0.000489897948556637,0.000400000000000001);
#2023=VERTEX_POINT('',#2590);
#2024=ELLIPSE('',#2591,0.000489897948556637,0.000400000000000001);
#2025=VERTEX_POINT('',#2592);
#2026=LINE('',#2593,#2594);
#2027=ELLIPSE('',#2595,0.000692820323027551,0.000400000000000001);
#2028=VERTEX_POINT('',#2596);
#2029=LINE('',#2597,#2598);
#2030=VERTEX_POINT('',#2599);
#2031=LINE('',#2600,#2601);
#2032=VERTEX_POINT('',#2602);
#2033=ELLIPSE('',#2603,0.000489897948556634,0.0004);
#2034=ELLIPSE('',#2604,0.000489897948556634,0.0004);
#2035=ELLIPSE('',#2605,0.000489897948556634,0.0004);
#2036=VERTEX_POINT('',#2606);
#2037=VERTEX_POINT('',#2607);
#2038=LINE('',#2608,#2609);
#2039=VERTEX_POINT('',#2610);
#2040=ELLIPSE('',#2611,0.000692820323027552,0.000400000000000001);
#2041=VERTEX_POINT('',#2612);
#2042=ELLIPSE('',#2613,0.000692820323027552,0.000400000000000001);
#2043=VERTEX_POINT('',#2614);
#2044=ELLIPSE('',#2615,0.000692820323027552,0.000400000000000001);
#2045=LINE('',#2616,#2617);
#2046=ELLIPSE('',#2618,0.000489897948556635,0.000400000000000001);
#2047=VERTEX_POINT('',#2619);
#2048=VERTEX_POINT('',#2620);
#2049=LINE('',#2621,#2622);
#2050=VERTEX_POINT('',#2623);
#2051=ELLIPSE('',#2624,0.000692820323027552,0.000400000000000001);
#2052=VERTEX_POINT('',#2625);
#2053=ELLIPSE('',#2626,0.000692820323027552,0.000400000000000001);
#2054=VERTEX_POINT('',#2627);
#2055=LINE('',#2628,#2629);
#2056=ELLIPSE('',#2630,0.000489897948556636,0.0004);
#2057=VERTEX_POINT('',#2631);
#2058=ELLIPSE('',#2632,0.000489897948556636,0.0004);
#2059=ELLIPSE('',#2633,0.000489897948556636,0.0004);
#2060=LINE('',#2634,#2635);
#2061=VERTEX_POINT('',#2636);
#2062=ELLIPSE('',#2637,0.000692820323027552,0.0004);
#2063=VERTEX_POINT('',#2638);
#2064=ELLIPSE('',#2639,0.000692820323027552,0.0004);
#2065=LINE('',#2640,#2641);
#2066=VERTEX_POINT('',#2642);
#2067=LINE('',#2643,#2644);
#2068=VERTEX_POINT('',#2645);
#2069=ELLIPSE('',#2646,0.000692820323027552,0.0004);
#2070=VERTEX_POINT('',#2647);
#2071=LINE('',#2648,#2649);
#2072=ELLIPSE('',#2650,0.000489897948556635,0.000400000000000001);
#2073=ELLIPSE('',#2651,0.000489897948556635,0.0004);
#2074=LINE('',#2652,#2653);
#2075=VERTEX_POINT('',#2654);
#2076=ELLIPSE('',#2655,0.000692820323027552,0.0004);
#2077=VERTEX_POINT('',#2656);
#2078=ELLIPSE('',#2657,0.000692820323027552,0.0004);
#2079=VERTEX_POINT('',#2658);
#2080=LINE('',#2659,#2660);
#2081=ELLIPSE('',#2661,0.000489897948556636,0.0004);
#2082=VERTEX_POINT('',#2662);
#2083=LINE('',#2663,#2664);
#2084=VERTEX_POINT('',#2665);
#2085=ELLIPSE('',#2666,0.000692820323027552,0.0004);
#2086=VERTEX_POINT('',#2667);
#2087=LINE('',#2668,#2669);
#2088=ELLIPSE('',#2670,0.000489897948556635,0.000400000000000001);
#2089=ELLIPSE('',#2671,0.000489897948556635,0.0004);
#2090=VERTEX_POINT('',#2672);
#2091=LINE('',#2673,#2674);
#2092=VERTEX_POINT('',#2675);
#2093=LINE('',#2676,#2677);
#2094=VERTEX_POINT('',#2678);
#2095=ELLIPSE('',#2679,0.000692820323027552,0.000400000000000001);
#2096=VERTEX_POINT('',#2680);
#2097=ELLIPSE('',#2681,0.000692820323027552,0.000400000000000001);
#2098=ELLIPSE('',#2682,0.000692820323027552,0.000400000000000001);
#2099=VERTEX_POINT('',#2683);
#2100=VERTEX_POINT('',#2684);
#2101=LINE('',#2685,#2686);
#2102=VERTEX_POINT('',#2687);
#2103=ELLIPSE('',#2688,0.000692820323027552,0.000400000000000001);
#2104=VERTEX_POINT('',#2689);
#2105=ELLIPSE('',#2690,0.000692820323027552,0.000400000000000001);
#2106=VERTEX_POINT('',#2691);
#2107=LINE('',#2692,#2693);
#2108=ELLIPSE('',#2694,0.000489897948556636,0.0004);
#2109=ELLIPSE('',#2695,0.000489897948556636,0.0004);
#2110=VERTEX_POINT('',#2696);
#2111=VERTEX_POINT('',#2697);
#2112=LINE('',#2698,#2699);
#2113=ELLIPSE('',#2700,0.000489897948556637,0.000400000000000001);
#2114=VERTEX_POINT('',#2701);
#2115=ELLIPSE('',#2702,0.000489897948556637,0.000400000000000001);
#2116=VERTEX_POINT('',#2703);
#2117=LINE('',#2704,#2705);
#2118=VERTEX_POINT('',#2706);
#2119=ELLIPSE('',#2707,0.000692820323027553,0.000400000000000001);
#2120=ELLIPSE('',#2708,0.000692820323027552,0.000400000000000001);
#2121=VERTEX_POINT('',#2709);
#2122=VERTEX_POINT('',#2710);
#2123=LINE('',#2711,#2712);
#2124=ELLIPSE('',#2713,0.000692820323027552,0.0004);
#2125=VERTEX_POINT('',#2714);
#2126=LINE('',#2715,#2716);
#2127=ELLIPSE('',#2717,0.000489897948556635,0.0004);
#2128=ELLIPSE('',#2718,0.000489897948556635,0.000400000000000001);
#2129=VERTEX_POINT('',#2719);
#2130=LINE('',#2720,#2721);
#2131=LINE('',#2722,#2723);
#2132=VERTEX_POINT('',#2724);
#2133=LINE('',#2725,#2726);
#2134=LINE('',#2727,#2728);
#2135=VERTEX_POINT('',#2729);
#2136=LINE('',#2730,#2731);
#2137=LINE('',#2732,#2733);
#2138=VERTEX_POINT('',#2734);
#2139=LINE('',#2735,#2736);
#2140=LINE('',#2737,#2738);
#2141=VERTEX_POINT('',#2739);
#2142=ELLIPSE('',#2740,0.000489897948556635,0.000400000000000001);
#2143=VERTEX_POINT('',#2741);
#2144=ELLIPSE('',#2742,0.000489897948556636,0.0004);
#2145=ELLIPSE('',#2743,0.000489897948556635,0.0004);
#2146=ELLIPSE('',#2744,0.000692820323027553,0.000400000000000001);
#2147=ELLIPSE('',#2745,0.000692820323027552,0.0004);
#2148=ELLIPSE('',#2746,0.000692820323027552,0.000400000000000001);
#2149=VERTEX_POINT('',#2747);
#2150=ELLIPSE('',#2748,0.000489897948556637,0.000400000000000001);
#2151=VERTEX_POINT('',#2749);
#2152=ELLIPSE('',#2750,0.000489897948556636,0.000400000000000001);
#2153=ELLIPSE('',#2751,0.000489897948556637,0.000400000000000001);
#2154=VERTEX_POINT('',#2752);
#2155=ELLIPSE('',#2753,0.000692820323027552,0.0004);
#2156=ELLIPSE('',#2754,0.000692820323027552,0.0004);
#2157=ELLIPSE('',#2755,0.000692820323027552,0.000400000000000001);
#2158=ELLIPSE('',#2756,0.000692820323027552,0.000400000000000001);
#2159=VERTEX_POINT('',#2757);
#2160=LINE('',#2758,#2759);
#2161=ELLIPSE('',#2760,0.000692820323027552,0.000400000000000001);
#2162=VERTEX_POINT('',#2761);
#2163=ELLIPSE('',#2762,0.000489897948556636,0.0004);
#2164=VERTEX_POINT('',#2763);
#2165=ELLIPSE('',#2764,0.000489897948556635,0.0004);
#2166=ELLIPSE('',#2765,0.000489897948556636,0.0004);
#2167=VERTEX_POINT('',#2766);
#2168=ELLIPSE('',#2767,0.000692820323027552,0.000400000000000001);
#2169=VERTEX_POINT('',#2768);
#2170=ELLIPSE('',#2769,0.000692820323027552,0.000400000000000001);
#2171=ELLIPSE('',#2770,0.000692820323027552,0.000400000000000001);
#2172=VERTEX_POINT('',#2771);
#2173=ELLIPSE('',#2772,0.000692820323027552,0.000400000000000001);
#2174=ELLIPSE('',#2773,0.000692820323027552,0.000400000000000001);
#2175=VERTEX_POINT('',#2774);
#2176=ELLIPSE('',#2775,0.000489897948556637,0.000400000000000001);
#2177=ELLIPSE('',#2776,0.000489897948556637,0.000400000000000001);
#2178=LINE('',#2777,#2778);
#2179=VERTEX_POINT('',#2779);
#2180=VERTEX_POINT('',#2780);
#2181=LINE('',#2781,#2782);
#2182=LINE('',#2783,#2784);
#2183=ELLIPSE('',#2785,0.000692820323027552,0.000400000000000001);
#2184=VERTEX_POINT('',#2786);
#2185=ELLIPSE('',#2787,0.000489897948556635,0.0004);
#2186=VERTEX_POINT('',#2788);
#2187=ELLIPSE('',#2789,0.000489897948556636,0.0004);
#2188=ELLIPSE('',#2790,0.000489897948556635,0.000400000000000001);
#2189=ELLIPSE('',#2791,0.000692820323027553,0.000400000000000001);
#2190=ELLIPSE('',#2792,0.000489897948556634,0.0004);
#2191=ELLIPSE('',#2793,0.000692820323027553,0.000400000000000001);
#2192=VERTEX_POINT('',#2794);
#2193=ELLIPSE('',#2795,0.000692820323027552,0.000400000000000001);
#2194=LINE('',#2796,#2797);
#2195=VERTEX_POINT('',#2798);
#2196=ELLIPSE('',#2799,0.000692820323027552,0.0004);
#2197=ELLIPSE('',#2800,0.000692820323027552,0.0004);
#2198=ELLIPSE('',#2801,0.000692820323027552,0.0004);
#2199=ELLIPSE('',#2802,0.000692820323027552,0.0004);
#2200=ELLIPSE('',#2803,0.000489897948556635,0.0004);
#2201=ELLIPSE('',#2804,0.000489897948556635,0.000400000000000001);
#2202=ELLIPSE('',#2805,0.000692820323027552,0.0004);
#2203=VERTEX_POINT('',#2806);
#2204=ELLIPSE('',#2807,0.000489897948556634,0.0004);
#2205=ELLIPSE('',#2808,0.000489897948556636,0.0004);
#2206=ELLIPSE('',#2809,0.000692820323027552,0.0004);
#2207=VERTEX_POINT('',#2810);
#2208=ELLIPSE('',#2811,0.000489897948556635,0.0004);
#2209=ELLIPSE('',#2812,0.000489897948556636,0.0004);
#2210=VERTEX_POINT('',#2813);
#2211=ELLIPSE('',#2814,0.000692820323027552,0.000400000000000001);
#2212=VERTEX_POINT('',#2815);
#2213=ELLIPSE('',#2816,0.000692820323027552,0.000400000000000001);
#2214=ELLIPSE('',#2817,0.000692820323027552,0.000400000000000001);
#2215=ELLIPSE('',#2818,0.000489897948556635,0.000400000000000001);
#2216=ELLIPSE('',#2819,0.000692820323027552,0.000400000000000001);
#2217=VERTEX_POINT('',#2820);
#2218=VERTEX_POINT('',#2821);
#2219=LINE('',#2822,#2823);
#2220=ELLIPSE('',#2824,0.000692820323027552,0.000400000000000001);
#2221=LINE('',#2825,#2826);
#2222=ELLIPSE('',#2827,0.000692820323027552,0.000400000000000001);
#2223=VERTEX_POINT('',#2828);
#2224=ELLIPSE('',#2829,0.000692820323027552,0.000400000000000001);
#2225=ELLIPSE('',#2830,0.000692820323027552,0.000400000000000001);
#2226=ELLIPSE('',#2831,0.000692820323027552,0.000400000000000001);
#2227=ELLIPSE('',#2832,0.000489897948556634,0.0004);
#2228=VERTEX_POINT('',#2833);
#2229=ELLIPSE('',#2834,0.000692820323027551,0.000400000000000001);
#2230=VERTEX_POINT('',#2835);
#2231=ELLIPSE('',#2836,0.000692820323027551,0.0004);
#2232=ELLIPSE('',#2837,0.000692820323027551,0.0004);
#2233=VERTEX_POINT('',#2838);
#2234=ELLIPSE('',#2839,0.000692820323027553,0.000400000000000001);
#2235=ELLIPSE('',#2840,0.000692820323027552,0.000400000000000001);
#2236=VERTEX_POINT('',#2841);
#2237=ELLIPSE('',#2842,0.000489897948556637,0.000400000000000001);
#2238=VERTEX_POINT('',#2843);
#2239=ELLIPSE('',#2844,0.000489897948556636,0.000400000000000001);
#2240=ELLIPSE('',#2845,0.000489897948556637,0.000400000000000001);
#2241=VERTEX_POINT('',#2846);
#2242=ELLIPSE('',#2847,0.000692820323027552,0.000400000000000001);
#2243=ELLIPSE('',#2848,0.000692820323027553,0.000400000000000001);
#2244=VERTEX_POINT('',#2849);
#2245=ELLIPSE('',#2850,0.000489897948556637,0.000400000000000001);
#2246=ELLIPSE('',#2851,0.000489897948556637,0.000400000000000001);
#2247=ELLIPSE('',#2852,0.000489897948556637,0.000400000000000001);
#2248=ELLIPSE('',#2853,0.000489897948556634,0.0004);
#2249=ELLIPSE('',#2854,0.000692820323027552,0.0004);
#2250=ELLIPSE('',#2855,0.000692820323027553,0.000400000000000001);
#2251=VERTEX_POINT('',#2856);
#2252=ELLIPSE('',#2857,0.000489897948556637,0.000400000000000001);
#2253=ELLIPSE('',#2858,0.000489897948556636,0.000400000000000001);
#2254=ELLIPSE('',#2859,0.000489897948556637,0.000400000000000001);
#2255=ELLIPSE('',#2860,0.000489897948556637,0.000400000000000001);
#2256=ELLIPSE('',#2861,0.000489897948556635,0.0004);
#2257=VERTEX_POINT('',#2862);
#2258=ELLIPSE('',#2863,0.000692820323027551,0.0004);
#2259=ELLIPSE('',#2864,0.000692820323027551,0.000400000000000001);
#2260=ELLIPSE('',#2865,0.000489897948556637,0.000400000000000001);
#2261=ELLIPSE('',#2866,0.000692820323027553,0.000400000000000001);
#2262=ELLIPSE('',#2867,0.000692820323027553,0.000400000000000001);
#2263=VERTEX_POINT('',#2868);
#2264=ELLIPSE('',#2869,0.000489897948556637,0.000400000000000001);
#2265=ELLIPSE('',#2870,0.000489897948556637,0.000400000000000001);
#2266=ELLIPSE('',#2871,0.000489897948556637,0.000400000000000001);
#2267=VERTEX_POINT('',#2872);
#2268=ELLIPSE('',#2873,0.000692820323027552,0.000400000000000001);
#2269=ELLIPSE('',#2874,0.000692820323027552,0.000400000000000001);
#2270=LINE('',#2875,#2876);
#2271=ELLIPSE('',#2877,0.000692820323027552,0.000400000000000001);
#2272=VERTEX_POINT('',#2878);
#2273=LINE('',#2879,#2880);
#2274=LINE('',#2881,#2882);
#2275=LINE('',#2883,#2884);
#2276=VERTEX_POINT('',#2885);
#2277=ELLIPSE('',#2886,0.000692820323027551,0.000400000000000001);
#2278=ELLIPSE('',#2887,0.000692820323027552,0.000400000000000001);
#2279=ELLIPSE('',#2888,0.000489897948556636,0.000400000000000001);
#2280=ELLIPSE('',#2889,0.000692820323027551,0.0004);
#2281=VERTEX_POINT('',#2890);
#2282=ELLIPSE('',#2891,0.000692820323027552,0.000400000000000001);
#2283=ELLIPSE('',#2892,0.000692820323027552,0.000400000000000001);
#2284=LINE('',#2893,#2894);
#2285=VERTEX_POINT('',#2895);
#2286=LINE('',#2896,#2897);
#2287=ELLIPSE('',#2898,0.000692820323027552,0.000400000000000001);
#2288=ELLIPSE('',#2899,0.000692820323027552,0.000400000000000001);
#2289=VERTEX_POINT('',#2900);
#2290=LINE('',#2901,#2902);
#2291=LINE('',#2903,#2904);
#2292=LINE('',#2905,#2906);
#2293=ELLIPSE('',#2907,0.00069282032302755,0.000400000000000001);
#2294=CARTESIAN_POINT('',(0.00943431457505076,-0.01,0.00971715728752538));
#2295=CARTESIAN_POINT('',(0.00485857864376269,-0.00542426406871193,0.00514142135623731));
#2296=CARTESIAN_POINT('',(0.00971715728752538,-0.0102828427124746,0.01));
#2297=VECTOR('',#2908,1.0);
#2298=CARTESIAN_POINT('',(0.00951010205144336,-0.01,0.01));
#2299=AXIS2_PLACEMENT_3D('',#2909,#2910,#2911);
#2300=CARTESIAN_POINT('',(0.01,-0.00951010205144336,0.01));
#2301=AXIS2_PLACEMENT_3D('',#2912,#2913,#2914);
#2302=CARTESIAN_POINT('',(0.01,-0.00943431457505076,0.00971715728752538));
#2303=AXIS2_PLACEMENT_3D('',#2915,#2916,#2917);
#2304=CARTESIAN_POINT('',(0.00542426406871193,-0.00485857864376269,0.00514142135623731));
#2305=CARTESIAN_POINT('',(0.0102828427124746,-0.00971715728752538,0.01));
#2306=VECTOR('',#2918,1.0);
#2307=CARTESIAN_POINT('',(0.00524494897427832,-0.00475505102572168,0.00524494897427831));
#2308=AXIS2_PLACEMENT_3D('',#2919,#2920,#2921);
#2309=CARTESIAN_POINT('',(0.00475505102572168,-0.00524494897427832,0.00524494897427832));
#2310=AXIS2_PLACEMENT_3D('',#2922,#2923,#2924);
#2311=AXIS2_PLACEMENT_3D('',#2925,#2926,#2927);
#2312=CARTESIAN_POINT('',(-1.17368328026341E-20,-0.000565685424949238,0.00971715728752538));
#2313=CARTESIAN_POINT('',(-0.00457573593128807,-0.00514142135623731,0.00514142135623731));
#2314=CARTESIAN_POINT('',(0.000282842712474619,-0.000282842712474619,0.01));
#2315=VECTOR('',#2928,1.0);
#2316=CARTESIAN_POINT('',(-6.77626357803441E-21,-0.000489897948556635,0.01));
#2317=AXIS2_PLACEMENT_3D('',#2929,#2930,#2931);
#2318=CARTESIAN_POINT('',(-0.000489897948556636,-1.43896551759999E-18,0.01));
#2319=AXIS2_PLACEMENT_3D('',#2932,#2933,#2934);
#2320=CARTESIAN_POINT('',(-0.000565685424949237,-1.85740852607407E-18,0.00971715728752538));
#2321=AXIS2_PLACEMENT_3D('',#2935,#2936,#2937);
#2322=CARTESIAN_POINT('',(-0.00514142135623731,-0.00457573593128807,0.00514142135623731));
#2323=CARTESIAN_POINT('',(-0.000282842712474619,0.000282842712474619,0.01));
#2324=VECTOR('',#2938,1.0);
#2325=CARTESIAN_POINT('',(-0.00524494897427875,-0.00475505102572182,0.00524494897427817));
#2326=AXIS2_PLACEMENT_3D('',#2939,#2940,#2941);
#2327=CARTESIAN_POINT('',(-0.00475505102572168,-0.00524494897427832,0.00524494897427832));
#2328=AXIS2_PLACEMENT_3D('',#2942,#2943,#2944);
#2329=AXIS2_PLACEMENT_3D('',#2945,#2946,#2947);
#2330=CARTESIAN_POINT('',(-0.00457573593128807,0.00514142135623731,0.00514142135623731));
#2331=CARTESIAN_POINT('',(-4.62350255178932E-20,0.000565685424949239,0.00971715728752538));
#2332=CARTESIAN_POINT('',(-0.00471715728752538,0.00528284271247462,0.005));
#2333=VECTOR('',#2948,1.0);
#2334=CARTESIAN_POINT('',(-0.00475505102572168,0.00524494897427832,0.00524494897427832));
#2335=AXIS2_PLACEMENT_3D('',#2949,#2950,#2951);
#2336=CARTESIAN_POINT('',(-0.00524494897427832,0.00475505102572168,0.00524494897427832));
#2337=AXIS2_PLACEMENT_3D('',#2952,#2953,#2954);
#2338=CARTESIAN_POINT('',(-0.00514142135623731,0.00457573593128807,0.00514142135623731));
#2339=AXIS2_PLACEMENT_3D('',#2955,#2956,#2957);
#2340=CARTESIAN_POINT('',(-0.00528284271247462,0.00471715728752538,0.005));
#2341=VECTOR('',#2958,1.0);
#2342=CARTESIAN_POINT('',(-3.93284009504761E-19,0.000489897948556636,0.01));
#2343=AXIS2_PLACEMENT_3D('',#2959,#2960,#2961);
#2344=AXIS2_PLACEMENT_3D('',#2962,#2963,#2964);
#2345=CARTESIAN_POINT('',(0.00485857864376269,0.00542426406871193,-0.00514142135623731));
#2346=CARTESIAN_POINT('',(0.00943431457505076,0.01,-0.00971715728752538));
#2347=CARTESIAN_POINT('',(0.00471715728752538,0.00528284271247462,-0.005));
#2348=VECTOR('',#2965,1.0);
#2349=CARTESIAN_POINT('',(0.00514142135623731,0.00542426406871193,-0.00485857864376269));
#2350=AXIS2_PLACEMENT_3D('',#2966,#2967,#2968);
#2351=CARTESIAN_POINT('',(0.00524494897427832,0.00524494897427832,-0.00475505102572168));
#2352=AXIS2_PLACEMENT_3D('',#2969,#2970,#2971);
#2353=CARTESIAN_POINT('',(0.00542426406871193,0.00514142135623731,-0.00485857864376269));
#2354=AXIS2_PLACEMENT_3D('',#2972,#2973,#2974);
#2355=CARTESIAN_POINT('',(0.00542426406871193,0.00485857864376269,-0.00514142135623731));
#2356=AXIS2_PLACEMENT_3D('',#2975,#2976,#2977);
#2357=CARTESIAN_POINT('',(0.01,0.00943431457505076,-0.00971715728752538));
#2358=CARTESIAN_POINT('',(0.00528284271247462,0.00471715728752538,-0.005));
#2359=VECTOR('',#2978,1.0);
#2360=CARTESIAN_POINT('',(0.01,0.01,-0.00951010205144336));
#2361=AXIS2_PLACEMENT_3D('',#2979,#2980,#2981);
#2362=AXIS2_PLACEMENT_3D('',#2982,#2983,#2984);
#2363=CARTESIAN_POINT('',(-0.00542426406871193,0.00485857864376269,-0.00514142135623731));
#2364=CARTESIAN_POINT('',(-0.01,0.00943431457505076,-0.00971715728752538));
#2365=CARTESIAN_POINT('',(-0.00528284271247462,0.00471715728752538,-0.005));
#2366=VECTOR('',#2985,1.0);
#2367=CARTESIAN_POINT('',(-0.00542426406871193,0.00514142135623731,-0.00485857864376269));
#2368=AXIS2_PLACEMENT_3D('',#2986,#2987,#2988);
#2369=CARTESIAN_POINT('',(-0.00524494897427832,0.00524494897427832,-0.00475505102572168));
#2370=AXIS2_PLACEMENT_3D('',#2989,#2990,#2991);
#2371=CARTESIAN_POINT('',(-0.00514142135623731,0.00542426406871193,-0.00485857864376269));
#2372=AXIS2_PLACEMENT_3D('',#2992,#2993,#2994);
#2373=CARTESIAN_POINT('',(-0.00485857864376269,0.00542426406871193,-0.00514142135623731));
#2374=AXIS2_PLACEMENT_3D('',#2995,#2996,#2997);
#2375=CARTESIAN_POINT('',(-0.00943431457505076,0.01,-0.00971715728752538));
#2376=CARTESIAN_POINT('',(-0.00471715728752538,0.00528284271247462,-0.005));
#2377=VECTOR('',#2998,1.0);
#2378=CARTESIAN_POINT('',(-0.01,0.01,-0.00951010205144336));
#2379=AXIS2_PLACEMENT_3D('',#2999,#3000,#3001);
#2380=AXIS2_PLACEMENT_3D('',#3002,#3003,#3004);
#2381=CARTESIAN_POINT('',(0.000565685424949238,-2.85445736959471E-19,-0.00971715728752538));
#2382=CARTESIAN_POINT('',(0.00514142135623731,-0.00457573593128807,-0.00514142135623731));
#2383=CARTESIAN_POINT('',(0.000282842712474619,0.000282842712474619,-0.01));
#2384=VECTOR('',#3005,1.0);
#2385=CARTESIAN_POINT('',(0.0,-7.02326799269485E-19,-0.00951010205144336));
#2386=AXIS2_PLACEMENT_3D('',#3006,#3007,#3008);
#2387=CARTESIAN_POINT('',(0.0,-0.000565685424949238,-0.00971715728752538));
#2388=AXIS2_PLACEMENT_3D('',#3009,#3010,#3011);
#2389=CARTESIAN_POINT('',(0.00457573593128807,-0.00514142135623731,-0.00514142135623731));
#2390=CARTESIAN_POINT('',(-0.000282842712474619,-0.000282842712474619,-0.01));
#2391=VECTOR('',#3012,1.0);
#2392=CARTESIAN_POINT('',(0.00457573593128807,-0.00485857864376269,-0.00485857864376269));
#2393=AXIS2_PLACEMENT_3D('',#3013,#3014,#3015);
#2394=CARTESIAN_POINT('',(0.00475505102572168,-0.00475505102572168,-0.00475505102572168));
#2395=AXIS2_PLACEMENT_3D('',#3016,#3017,#3018);
#2396=CARTESIAN_POINT('',(0.00485857864376269,-0.00457573593128807,-0.00485857864376269));
#2397=AXIS2_PLACEMENT_3D('',#3019,#3020,#3021);
#2398=AXIS2_PLACEMENT_3D('',#3022,#3023,#3024);
#2399=CARTESIAN_POINT('',(0.00514142135623731,0.00457573593128807,-0.00514142135623731));
#2400=CARTESIAN_POINT('',(0.00528284271247462,0.00471715728752538,-0.005));
#2401=VECTOR('',#3025,1.0);
#2402=CARTESIAN_POINT('',(0.00485857864376269,0.00457573593128807,-0.00485857864376269));
#2403=AXIS2_PLACEMENT_3D('',#3026,#3027,#3028);
#2404=CARTESIAN_POINT('',(0.00475505102572168,0.00475505102572168,-0.00475505102572168));
#2405=AXIS2_PLACEMENT_3D('',#3029,#3030,#3031);
#2406=CARTESIAN_POINT('',(0.00457573593128807,0.00485857864376269,-0.00485857864376269));
#2407=AXIS2_PLACEMENT_3D('',#3032,#3033,#3034);
#2408=CARTESIAN_POINT('',(0.00457573593128807,0.00514142135623731,-0.00514142135623731));
#2409=AXIS2_PLACEMENT_3D('',#3035,#3036,#3037);
#2410=CARTESIAN_POINT('',(-4.62350255178943E-20,0.000565685424949239,-0.00971715728752538));
#2411=CARTESIAN_POINT('',(0.00471715728752538,0.00528284271247462,-0.005));
#2412=VECTOR('',#3038,1.0);
#2413=AXIS2_PLACEMENT_3D('',#3039,#3040,#3041);
#2414=CARTESIAN_POINT('',(0.00485857864376269,0.00542426406871193,0.00514142135623731));
#2415=CARTESIAN_POINT('',(0.00943431457505076,0.01,0.00971715728752538));
#2416=CARTESIAN_POINT('',(0.00471715728752538,0.00528284271247462,0.005));
#2417=VECTOR('',#3042,1.0);
#2418=CARTESIAN_POINT('',(0.00475505102572168,0.00524494897427832,0.00524494897427832));
#2419=AXIS2_PLACEMENT_3D('',#3043,#3044,#3045);
#2420=CARTESIAN_POINT('',(0.00524494897427832,0.00475505102572168,0.00524494897427832));
#2421=AXIS2_PLACEMENT_3D('',#3046,#3047,#3048);
#2422=CARTESIAN_POINT('',(0.00542426406871193,0.00485857864376269,0.00514142135623731));
#2423=AXIS2_PLACEMENT_3D('',#3049,#3050,#3051);
#2424=CARTESIAN_POINT('',(0.01,0.00943431457505076,0.00971715728752538));
#2425=CARTESIAN_POINT('',(0.00528284271247462,0.00471715728752538,0.005));
#2426=VECTOR('',#3052,1.0);
#2427=CARTESIAN_POINT('',(0.01,0.00951010205144336,0.01));
#2428=AXIS2_PLACEMENT_3D('',#3053,#3054,#3055);
#2429=CARTESIAN_POINT('',(0.00951010205144336,0.01,0.01));
#2430=AXIS2_PLACEMENT_3D('',#3056,#3057,#3058);
#2431=AXIS2_PLACEMENT_3D('',#3059,#3060,#3061);
#2432=CARTESIAN_POINT('',(-0.000565685424949239,0.01,-0.000282842712474619));
#2433=CARTESIAN_POINT('',(-0.00528284271247462,0.00528284271247462,-0.005));
#2434=VECTOR('',#3062,1.0);
#2435=CARTESIAN_POINT('',(-0.00475505102572168,0.00475505102572168,-0.00475505102572168));
#2436=AXIS2_PLACEMENT_3D('',#3063,#3064,#3065);
#2437=CARTESIAN_POINT('',(-0.00457573593128807,0.00485857864376269,-0.00485857864376269));
#2438=AXIS2_PLACEMENT_3D('',#3066,#3067,#3068);
#2439=CARTESIAN_POINT('',(-4.62350255178942E-20,0.00943431457505076,-0.00028284271247462));
#2440=CARTESIAN_POINT('',(-0.00471715728752538,0.00471715728752538,-0.005));
#2441=VECTOR('',#3069,1.0);
#2442=CARTESIAN_POINT('',(-3.93284009504759E-19,0.00951010205144336,-1.71679884265874E-18));
#2443=AXIS2_PLACEMENT_3D('',#3070,#3071,#3072);
#2444=CARTESIAN_POINT('',(-0.000489897948556637,0.01,4.33680868994201E-19));
#2445=AXIS2_PLACEMENT_3D('',#3073,#3074,#3075);
#2446=AXIS2_PLACEMENT_3D('',#3076,#3077,#3078);
#2447=CARTESIAN_POINT('',(0.00471715728752538,0.00471715728752538,-0.005));
#2448=VECTOR('',#3079,1.0);
#2449=AXIS2_PLACEMENT_3D('',#3080,#3081,#3082);
#2450=CARTESIAN_POINT('',(0.000565685424949239,0.01,-0.00028284271247462));
#2451=CARTESIAN_POINT('',(0.00528284271247462,0.00528284271247462,-0.005));
#2452=VECTOR('',#3083,1.0);
#2453=CARTESIAN_POINT('',(0.000489897948556637,0.01,4.33680868994201E-19));
#2454=AXIS2_PLACEMENT_3D('',#3084,#3085,#3086);
#2455=AXIS2_PLACEMENT_3D('',#3087,#3088,#3089);
#2456=CARTESIAN_POINT('',(0.00514142135623731,0.00457573593128807,0.00514142135623731));
#2457=CARTESIAN_POINT('',(0.000565685424949239,-2.85445736959471E-19,0.00971715728752538));
#2458=CARTESIAN_POINT('',(0.00528284271247462,0.00471715728752538,0.005));
#2459=VECTOR('',#3090,1.0);
#2460=AXIS2_PLACEMENT_3D('',#3091,#3092,#3093);
#2461=CARTESIAN_POINT('',(0.00457573593128807,0.00514142135623731,0.00514142135623731));
#2462=AXIS2_PLACEMENT_3D('',#3094,#3095,#3096);
#2463=CARTESIAN_POINT('',(0.00471715728752538,0.00528284271247462,0.005));
#2464=VECTOR('',#3097,1.0);
#2465=CARTESIAN_POINT('',(0.000489897948556636,-1.64802173072581E-19,0.01));
#2466=AXIS2_PLACEMENT_3D('',#3098,#3099,#3100);
#2467=AXIS2_PLACEMENT_3D('',#3101,#3102,#3103);
#2468=CARTESIAN_POINT('',(-0.00485857864376269,0.00457573593128807,0.00485857864376269));
#2469=CARTESIAN_POINT('',(-0.00943431457505076,2.06082679440448E-18,0.00028284271247462));
#2470=CARTESIAN_POINT('',(-0.00471715728752538,0.00471715728752538,0.005));
#2471=VECTOR('',#3104,1.0);
#2472=AXIS2_PLACEMENT_3D('',#3105,#3106,#3107);
#2473=CARTESIAN_POINT('',(-0.00542426406871193,0.00485857864376269,0.00514142135623731));
#2474=AXIS2_PLACEMENT_3D('',#3108,#3109,#3110);
#2475=CARTESIAN_POINT('',(-0.00542426406871193,0.00514142135623731,0.00485857864376269));
#2476=AXIS2_PLACEMENT_3D('',#3111,#3112,#3113);
#2477=CARTESIAN_POINT('',(-0.01,0.000565685424949239,0.000282842712474619));
#2478=CARTESIAN_POINT('',(-0.00528284271247462,0.00528284271247462,0.005));
#2479=VECTOR('',#3114,1.0);
#2480=CARTESIAN_POINT('',(-0.01,1.92299931465466E-18,0.000489897948556637));
#2481=AXIS2_PLACEMENT_3D('',#3115,#3116,#3117);
#2482=AXIS2_PLACEMENT_3D('',#3118,#3119,#3120);
#2483=CARTESIAN_POINT('',(0.00514142135623731,-0.00457573593128807,0.00514142135623731));
#2484=CARTESIAN_POINT('',(0.000282842712474619,0.000282842712474619,0.01));
#2485=VECTOR('',#3121,1.0);
#2486=AXIS2_PLACEMENT_3D('',#3122,#3123,#3124);
#2487=CARTESIAN_POINT('',(0.00457573593128807,-0.00514142135623731,0.00514142135623731));
#2488=CARTESIAN_POINT('',(-0.000282842712474619,-0.000282842712474619,0.01));
#2489=VECTOR('',#3125,1.0);
#2490=AXIS2_PLACEMENT_3D('',#3126,#3127,#3128);
#2491=AXIS2_PLACEMENT_3D('',#3129,#3130,#3131);
#2492=CARTESIAN_POINT('',(-0.000565685424949238,-0.01,0.000282842712474619));
#2493=CARTESIAN_POINT('',(-0.00514142135623731,-0.00542426406871193,0.00485857864376269));
#2494=CARTESIAN_POINT('',(-0.000282842712474619,-0.0102828427124746,-4.04405927550858E-19));
#2495=VECTOR('',#3132,1.0);
#2496=CARTESIAN_POINT('',(3.44681836622932E-20,-0.01,0.000489897948556636));
#2497=AXIS2_PLACEMENT_3D('',#3133,#3134,#3135);
#2498=CARTESIAN_POINT('',(3.44681836622932E-20,-0.00943431457505076,0.00028284271247462));
#2499=AXIS2_PLACEMENT_3D('',#3136,#3137,#3138);
#2500=CARTESIAN_POINT('',(-0.00457573593128807,-0.00485857864376269,0.00485857864376269));
#2501=CARTESIAN_POINT('',(0.000282842712474619,-0.00971715728752538,-7.37472834938405E-19));
#2502=VECTOR('',#3139,1.0);
#2503=AXIS2_PLACEMENT_3D('',#3140,#3141,#3142);
#2504=CARTESIAN_POINT('',(-0.00485857864376269,-0.00542426406871193,0.00514142135623731));
#2505=AXIS2_PLACEMENT_3D('',#3143,#3144,#3145);
#2506=AXIS2_PLACEMENT_3D('',#3146,#3147,#3148);
#2507=CARTESIAN_POINT('',(0.00457573593128807,0.00485857864376269,0.00485857864376269));
#2508=CARTESIAN_POINT('',(-4.62350255178946E-20,0.00943431457505076,0.000282842712474619));
#2509=CARTESIAN_POINT('',(0.00471715728752538,0.00471715728752538,0.005));
#2510=VECTOR('',#3149,1.0);
#2511=AXIS2_PLACEMENT_3D('',#3150,#3151,#3152);
#2512=CARTESIAN_POINT('',(0.00514142135623731,0.00542426406871193,0.00485857864376269));
#2513=AXIS2_PLACEMENT_3D('',#3153,#3154,#3155);
#2514=CARTESIAN_POINT('',(0.000565685424949239,0.01,0.000282842712474619));
#2515=CARTESIAN_POINT('',(0.00528284271247462,0.00528284271247462,0.005));
#2516=VECTOR('',#3156,1.0);
#2517=CARTESIAN_POINT('',(-3.93284009504761E-19,0.01,0.000489897948556637));
#2518=AXIS2_PLACEMENT_3D('',#3157,#3158,#3159);
#2519=AXIS2_PLACEMENT_3D('',#3160,#3161,#3162);
#2520=CARTESIAN_POINT('',(-0.00514142135623731,0.00542426406871193,0.00485857864376269));
#2521=CARTESIAN_POINT('',(-0.000565685424949239,0.01,0.000282842712474619));
#2522=CARTESIAN_POINT('',(-0.00528284271247462,0.00528284271247462,0.005));
#2523=VECTOR('',#3163,1.0);
#2524=CARTESIAN_POINT('',(-0.00485857864376269,0.00542426406871193,0.00514142135623731));
#2525=AXIS2_PLACEMENT_3D('',#3164,#3165,#3166);
#2526=AXIS2_PLACEMENT_3D('',#3167,#3168,#3169);
#2527=CARTESIAN_POINT('',(-0.00457573593128807,0.00485857864376269,0.00485857864376269));
#2528=AXIS2_PLACEMENT_3D('',#3170,#3171,#3172);
#2529=CARTESIAN_POINT('',(-0.00471715728752538,0.00471715728752538,0.005));
#2530=VECTOR('',#3173,1.0);
#2531=AXIS2_PLACEMENT_3D('',#3174,#3175,#3176);
#2532=CARTESIAN_POINT('',(0.01,-0.000565685424949238,-0.000282842712474619));
#2533=CARTESIAN_POINT('',(0.00542426406871193,-0.00514142135623731,-0.00485857864376269));
#2534=CARTESIAN_POINT('',(0.0102828427124746,-0.000282842712474619,1.65361032561254E-19));
#2535=VECTOR('',#3177,1.0);
#2536=CARTESIAN_POINT('',(0.01,-0.000489897948556636,2.71050543121376E-20));
#2537=AXIS2_PLACEMENT_3D('',#3178,#3179,#3180);
#2538=CARTESIAN_POINT('',(0.00951010205144336,2.03722276780983E-18,1.07690109221321E-18));
#2539=AXIS2_PLACEMENT_3D('',#3181,#3182,#3183);
#2540=CARTESIAN_POINT('',(0.00943431457505076,2.25866761868521E-18,-0.000282842712474621));
#2541=AXIS2_PLACEMENT_3D('',#3184,#3185,#3186);
#2542=CARTESIAN_POINT('',(0.00971715728752538,0.000282842712474619,5.42836860933808E-19));
#2543=VECTOR('',#3187,1.0);
#2544=CARTESIAN_POINT('',(0.00524494897427832,-0.00524494897427832,-0.00475505102572168));
#2545=AXIS2_PLACEMENT_3D('',#3188,#3189,#3190);
#2546=AXIS2_PLACEMENT_3D('',#3191,#3192,#3193);
#2547=CARTESIAN_POINT('',(-0.00485857864376269,0.00457573593128807,-0.00485857864376269));
#2548=CARTESIAN_POINT('',(-0.00943431457505076,2.06082679440448E-18,-0.000282842712474619));
#2549=CARTESIAN_POINT('',(-0.00471715728752538,0.00471715728752538,-0.005));
#2550=VECTOR('',#3194,1.0);
#2551=AXIS2_PLACEMENT_3D('',#3195,#3196,#3197);
#2552=CARTESIAN_POINT('',(-0.01,0.000565685424949239,-0.000282842712474619));
#2553=CARTESIAN_POINT('',(-0.00528284271247462,0.00528284271247462,-0.005));
#2554=VECTOR('',#3198,1.0);
#2555=CARTESIAN_POINT('',(-0.01,0.000489897948556637,4.33680868994201E-19));
#2556=AXIS2_PLACEMENT_3D('',#3199,#3200,#3201);
#2557=CARTESIAN_POINT('',(-0.00951010205144336,1.92299931465466E-18,1.29540276309705E-18));
#2558=AXIS2_PLACEMENT_3D('',#3202,#3203,#3204);
#2559=AXIS2_PLACEMENT_3D('',#3205,#3206,#3207);
#2560=CARTESIAN_POINT('',(-0.000565685424949238,-0.01,-0.000282842712474618));
#2561=CARTESIAN_POINT('',(-0.00514142135623731,-0.00542426406871193,-0.00485857864376269));
#2562=CARTESIAN_POINT('',(-0.000282842712474619,-0.0102828427124746,-1.88737914186277E-19));
#2563=VECTOR('',#3208,1.0);
#2564=CARTESIAN_POINT('',(-0.000489897948556636,-0.01,2.71050543121376E-20));
#2565=AXIS2_PLACEMENT_3D('',#3209,#3210,#3211);
#2566=CARTESIAN_POINT('',(3.44681836622932E-20,-0.00951010205144336,-7.6475584809344E-19));
#2567=AXIS2_PLACEMENT_3D('',#3212,#3213,#3214);
#2568=CARTESIAN_POINT('',(3.44681836622932E-20,-0.00943431457505076,-0.000282842712474619));
#2569=AXIS2_PLACEMENT_3D('',#3215,#3216,#3217);
#2570=CARTESIAN_POINT('',(-0.00457573593128807,-0.00485857864376269,-0.00485857864376269));
#2571=CARTESIAN_POINT('',(0.000282842712474619,-0.00971715728752538,1.88737914186277E-19));
#2572=VECTOR('',#3218,1.0);
#2573=CARTESIAN_POINT('',(-0.00475505102572168,-0.00475505102572168,-0.00475505102572168));
#2574=AXIS2_PLACEMENT_3D('',#3219,#3220,#3221);
#2575=CARTESIAN_POINT('',(-0.00524494897427832,-0.00524494897427832,-0.00475505102572168));
#2576=AXIS2_PLACEMENT_3D('',#3222,#3223,#3224);
#2577=AXIS2_PLACEMENT_3D('',#3225,#3226,#3227);
#2578=CARTESIAN_POINT('',(0.01,0.000565685424949239,-0.000282842712474619));
#2579=CARTESIAN_POINT('',(0.00528284271247462,0.00528284271247462,-0.005));
#2580=VECTOR('',#3228,1.0);
#2581=CARTESIAN_POINT('',(0.00471715728752538,0.00471715728752538,-0.005));
#2582=VECTOR('',#3229,1.0);
#2583=CARTESIAN_POINT('',(0.01,0.000489897948556637,4.33680868994201E-19));
#2584=AXIS2_PLACEMENT_3D('',#3230,#3231,#3232);
#2585=AXIS2_PLACEMENT_3D('',#3233,#3234,#3235);
#2586=CARTESIAN_POINT('',(-0.00457573593128807,0.00514142135623731,-0.00514142135623731));
#2587=CARTESIAN_POINT('',(-0.00471715728752538,0.00528284271247462,-0.005));
#2588=VECTOR('',#3236,1.0);
#2589=AXIS2_PLACEMENT_3D('',#3237,#3238,#3239);
#2590=CARTESIAN_POINT('',(-0.00514142135623731,0.00457573593128807,-0.00514142135623731));
#2591=AXIS2_PLACEMENT_3D('',#3240,#3241,#3242);
#2592=CARTESIAN_POINT('',(-0.000565685424949239,-2.85445736959471E-19,-0.00971715728752538));
#2593=CARTESIAN_POINT('',(-0.00528284271247462,0.00471715728752538,-0.005));
#2594=VECTOR('',#3243,1.0);
#2595=AXIS2_PLACEMENT_3D('',#3244,#3245,#3246);
#2596=CARTESIAN_POINT('',(-0.00457573593128807,-0.00514142135623731,-0.00514142135623731));
#2597=CARTESIAN_POINT('',(0.000282842712474619,-0.000282842712474618,-0.01));
#2598=VECTOR('',#3247,1.0);
#2599=CARTESIAN_POINT('',(-0.00514142135623731,-0.00457573593128807,-0.00514142135623731));
#2600=CARTESIAN_POINT('',(-0.000282842712474618,0.000282842712474619,-0.01));
#2601=VECTOR('',#3248,1.0);
#2602=CARTESIAN_POINT('',(-0.00485857864376269,-0.00457573593128807,-0.00485857864376269));
#2603=AXIS2_PLACEMENT_3D('',#3249,#3250,#3251);
#2604=AXIS2_PLACEMENT_3D('',#3252,#3253,#3254);
#2605=AXIS2_PLACEMENT_3D('',#3255,#3256,#3257);
#2606=CARTESIAN_POINT('',(-0.01,-0.00943431457505076,0.00971715728752538));
#2607=CARTESIAN_POINT('',(-0.00542426406871193,-0.00485857864376269,0.00514142135623731));
#2608=CARTESIAN_POINT('',(-0.0102828427124746,-0.00971715728752538,0.01));
#2609=VECTOR('',#3258,1.0);
#2610=CARTESIAN_POINT('',(-0.01,-0.00951010205144336,0.01));
#2611=AXIS2_PLACEMENT_3D('',#3259,#3260,#3261);
#2612=CARTESIAN_POINT('',(-0.00951010205144336,-0.01,0.01));
#2613=AXIS2_PLACEMENT_3D('',#3262,#3263,#3264);
#2614=CARTESIAN_POINT('',(-0.00943431457505076,-0.01,0.00971715728752538));
#2615=AXIS2_PLACEMENT_3D('',#3265,#3266,#3267);
#2616=CARTESIAN_POINT('',(-0.00971715728752538,-0.0102828427124746,0.01));
#2617=VECTOR('',#3268,1.0);
#2618=AXIS2_PLACEMENT_3D('',#3269,#3270,#3271);
#2619=CARTESIAN_POINT('',(0.00943431457505076,-0.01,-0.00971715728752538));
#2620=CARTESIAN_POINT('',(0.00485857864376269,-0.00542426406871193,-0.00514142135623731));
#2621=CARTESIAN_POINT('',(0.00971715728752538,-0.0102828427124746,-0.01));
#2622=VECTOR('',#3272,1.0);
#2623=CARTESIAN_POINT('',(0.01,-0.01,-0.00951010205144336));
#2624=AXIS2_PLACEMENT_3D('',#3273,#3274,#3275);
#2625=CARTESIAN_POINT('',(0.01,-0.00943431457505076,-0.00971715728752538));
#2626=AXIS2_PLACEMENT_3D('',#3276,#3277,#3278);
#2627=CARTESIAN_POINT('',(0.00542426406871193,-0.00485857864376269,-0.00514142135623731));
#2628=CARTESIAN_POINT('',(0.0102828427124746,-0.00971715728752538,-0.01));
#2629=VECTOR('',#3279,1.0);
#2630=AXIS2_PLACEMENT_3D('',#3280,#3281,#3282);
#2631=CARTESIAN_POINT('',(0.00514142135623731,-0.00542426406871193,-0.00485857864376269));
#2632=AXIS2_PLACEMENT_3D('',#3283,#3284,#3285);
#2633=AXIS2_PLACEMENT_3D('',#3286,#3287,#3288);
#2634=CARTESIAN_POINT('',(-0.000282842712474619,-0.00971715728752538,-5.03069808033272E-20));
#2635=VECTOR('',#3289,1.0);
#2636=CARTESIAN_POINT('',(0.000489897948556636,-0.01,1.0842021724855E-19));
#2637=AXIS2_PLACEMENT_3D('',#3290,#3291,#3292);
#2638=CARTESIAN_POINT('',(0.000565685424949238,-0.01,-0.000282842712474619));
#2639=AXIS2_PLACEMENT_3D('',#3293,#3294,#3295);
#2640=CARTESIAN_POINT('',(0.000282842712474619,-0.0102828427124746,-3.83373888190875E-19));
#2641=VECTOR('',#3296,1.0);
#2642=CARTESIAN_POINT('',(0.00457573593128807,-0.00485857864376269,0.00485857864376269));
#2643=CARTESIAN_POINT('',(-0.000282842712474619,-0.00971715728752538,5.19459979308785E-19));
#2644=VECTOR('',#3297,1.0);
#2645=CARTESIAN_POINT('',(0.000565685424949238,-0.01,0.00028284271247462));
#2646=AXIS2_PLACEMENT_3D('',#3298,#3299,#3300);
#2647=CARTESIAN_POINT('',(0.00514142135623731,-0.00542426406871193,0.00485857864376269));
#2648=CARTESIAN_POINT('',(0.000282842712474619,-0.0102828427124746,8.96935807681338E-19));
#2649=VECTOR('',#3301,1.0);
#2650=AXIS2_PLACEMENT_3D('',#3302,#3303,#3304);
#2651=AXIS2_PLACEMENT_3D('',#3305,#3306,#3307);
#2652=CARTESIAN_POINT('',(-0.00971715728752538,0.000282842712474619,-5.03069808033273E-20));
#2653=VECTOR('',#3308,1.0);
#2654=CARTESIAN_POINT('',(-0.01,-0.000489897948556636,1.0842021724855E-19));
#2655=AXIS2_PLACEMENT_3D('',#3309,#3310,#3311);
#2656=CARTESIAN_POINT('',(-0.01,-0.000565685424949238,-0.000282842712474619));
#2657=AXIS2_PLACEMENT_3D('',#3312,#3313,#3314);
#2658=CARTESIAN_POINT('',(-0.00542426406871193,-0.00514142135623731,-0.00485857864376269));
#2659=CARTESIAN_POINT('',(-0.0102828427124746,-0.000282842712474619,-3.83373888190875E-19));
#2660=VECTOR('',#3315,1.0);
#2661=AXIS2_PLACEMENT_3D('',#3316,#3317,#3318);
#2662=CARTESIAN_POINT('',(-0.00485857864376269,-0.00457573593128807,0.00485857864376269));
#2663=CARTESIAN_POINT('',(-0.00971715728752538,0.000282842712474619,7.36300413805886E-19));
#2664=VECTOR('',#3319,1.0);
#2665=CARTESIAN_POINT('',(-0.01,-0.000565685424949238,0.000282842712474621));
#2666=AXIS2_PLACEMENT_3D('',#3320,#3321,#3322);
#2667=CARTESIAN_POINT('',(-0.00542426406871193,-0.00514142135623731,0.00485857864376269));
#2668=CARTESIAN_POINT('',(-0.0102828427124746,-0.00028284271247462,1.11377624217844E-18));
#2669=VECTOR('',#3323,1.0);
#2670=AXIS2_PLACEMENT_3D('',#3324,#3325,#3326);
#2671=AXIS2_PLACEMENT_3D('',#3327,#3328,#3329);
#2672=CARTESIAN_POINT('',(-0.01,0.00943431457505076,0.00971715728752538));
#2673=CARTESIAN_POINT('',(-0.00528284271247462,0.00471715728752538,0.005));
#2674=VECTOR('',#3330,1.0);
#2675=CARTESIAN_POINT('',(-0.00943431457505076,0.01,0.00971715728752538));
#2676=CARTESIAN_POINT('',(-0.00471715728752538,0.00528284271247462,0.005));
#2677=VECTOR('',#3331,1.0);
#2678=CARTESIAN_POINT('',(-0.00951010205144336,0.01,0.01));
#2679=AXIS2_PLACEMENT_3D('',#3332,#3333,#3334);
#2680=CARTESIAN_POINT('',(-0.01,0.00951010205144336,0.01));
#2681=AXIS2_PLACEMENT_3D('',#3335,#3336,#3337);
#2682=AXIS2_PLACEMENT_3D('',#3338,#3339,#3340);
#2683=CARTESIAN_POINT('',(-0.01,-0.00943431457505076,-0.00971715728752538));
#2684=CARTESIAN_POINT('',(-0.00542426406871193,-0.00485857864376269,-0.00514142135623731));
#2685=CARTESIAN_POINT('',(-0.0102828427124746,-0.00971715728752538,-0.01));
#2686=VECTOR('',#3341,1.0);
#2687=CARTESIAN_POINT('',(-0.01,-0.01,-0.00951010205144336));
#2688=AXIS2_PLACEMENT_3D('',#3342,#3343,#3344);
#2689=CARTESIAN_POINT('',(-0.00943431457505076,-0.01,-0.00971715728752538));
#2690=AXIS2_PLACEMENT_3D('',#3345,#3346,#3347);
#2691=CARTESIAN_POINT('',(-0.00485857864376269,-0.00542426406871193,-0.00514142135623731));
#2692=CARTESIAN_POINT('',(-0.00971715728752538,-0.0102828427124746,-0.01));
#2693=VECTOR('',#3348,1.0);
#2694=AXIS2_PLACEMENT_3D('',#3349,#3350,#3351);
#2695=AXIS2_PLACEMENT_3D('',#3352,#3353,#3354);
#2696=CARTESIAN_POINT('',(0.00542426406871193,0.00514142135623731,0.00485857864376269));
#2697=CARTESIAN_POINT('',(0.01,0.000565685424949239,0.000282842712474619));
#2698=CARTESIAN_POINT('',(0.00528284271247462,0.00528284271247462,0.005));
#2699=VECTOR('',#3355,1.0);
#2700=AXIS2_PLACEMENT_3D('',#3356,#3357,#3358);
#2701=CARTESIAN_POINT('',(0.00485857864376269,0.00457573593128807,0.00485857864376269));
#2702=AXIS2_PLACEMENT_3D('',#3359,#3360,#3361);
#2703=CARTESIAN_POINT('',(0.00943431457505076,2.27040445148784E-18,0.000282842712474618));
#2704=CARTESIAN_POINT('',(0.00471715728752538,0.00471715728752538,0.005));
#2705=VECTOR('',#3362,1.0);
#2706=CARTESIAN_POINT('',(0.01,2.04399903138786E-18,0.000489897948556637));
#2707=AXIS2_PLACEMENT_3D('',#3363,#3364,#3365);
#2708=AXIS2_PLACEMENT_3D('',#3366,#3367,#3368);
#2709=CARTESIAN_POINT('',(0.01,-0.000565685424949238,0.000282842712474619));
#2710=CARTESIAN_POINT('',(0.00542426406871193,-0.00514142135623731,0.00485857864376269));
#2711=CARTESIAN_POINT('',(0.0102828427124746,-0.000282842712474619,-4.04405927550858E-19));
#2712=VECTOR('',#3369,1.0);
#2713=AXIS2_PLACEMENT_3D('',#3370,#3371,#3372);
#2714=CARTESIAN_POINT('',(0.00485857864376269,-0.00457573593128807,0.00485857864376269));
#2715=CARTESIAN_POINT('',(0.00971715728752538,0.000282842712474619,-7.37472834938405E-19));
#2716=VECTOR('',#3373,1.0);
#2717=AXIS2_PLACEMENT_3D('',#3374,#3375,#3376);
#2718=AXIS2_PLACEMENT_3D('',#3377,#3378,#3379);
#2719=CARTESIAN_POINT('',(0.01,-0.01,0.01));
#2720=CARTESIAN_POINT('',(0.01,0.0,0.01));
#2721=VECTOR('',#3380,1.0);
#2722=CARTESIAN_POINT('',(0.0,-0.01,0.01));
#2723=VECTOR('',#3381,1.0);
#2724=CARTESIAN_POINT('',(0.01,0.01,0.01));
#2725=CARTESIAN_POINT('',(0.01,0.0,0.01));
#2726=VECTOR('',#3382,1.0);
#2727=CARTESIAN_POINT('',(0.0,0.01,0.01));
#2728=VECTOR('',#3383,1.0);
#2729=CARTESIAN_POINT('',(-0.01,-0.01,0.01));
#2730=CARTESIAN_POINT('',(-0.01,0.0,0.01));
#2731=VECTOR('',#3384,1.0);
#2732=CARTESIAN_POINT('',(0.0,-0.01,0.01));
#2733=VECTOR('',#3385,1.0);
#2734=CARTESIAN_POINT('',(-0.01,0.01,0.01));
#2735=CARTESIAN_POINT('',(0.0,0.01,0.01));
#2736=VECTOR('',#3386,1.0);
#2737=CARTESIAN_POINT('',(-0.01,0.0,0.01));
#2738=VECTOR('',#3387,1.0);
#2739=CARTESIAN_POINT('',(0.00524494897427832,-0.00524494897427832,0.00475505102572168));
#2740=AXIS2_PLACEMENT_3D('',#3388,#3389,#3390);
#2741=CARTESIAN_POINT('',(0.00475505102572168,-0.00475505102572168,0.00475505102572168));
#2742=AXIS2_PLACEMENT_3D('',#3391,#3392,#3393);
#2743=AXIS2_PLACEMENT_3D('',#3394,#3395,#3396);
#2744=AXIS2_PLACEMENT_3D('',#3397,#3398,#3399);
#2745=AXIS2_PLACEMENT_3D('',#3400,#3401,#3402);
#2746=AXIS2_PLACEMENT_3D('',#3403,#3404,#3405);
#2747=CARTESIAN_POINT('',(0.00475505102572168,0.00475505102572168,0.00475505102572168));
#2748=AXIS2_PLACEMENT_3D('',#3406,#3407,#3408);
#2749=CARTESIAN_POINT('',(0.00524494897427832,0.00524494897427832,0.00475505102572168));
#2750=AXIS2_PLACEMENT_3D('',#3409,#3410,#3411);
#2751=AXIS2_PLACEMENT_3D('',#3412,#3413,#3414);
#2752=CARTESIAN_POINT('',(-0.01,1.92299931465466E-18,-0.000489897948556637));
#2753=AXIS2_PLACEMENT_3D('',#3415,#3416,#3417);
#2754=AXIS2_PLACEMENT_3D('',#3418,#3419,#3420);
#2755=AXIS2_PLACEMENT_3D('',#3421,#3422,#3423);
#2756=AXIS2_PLACEMENT_3D('',#3424,#3425,#3426);
#2757=CARTESIAN_POINT('',(-0.01,-0.01,0.00951010205144336));
#2758=CARTESIAN_POINT('',(-0.01,-0.01,0.0));
#2759=VECTOR('',#3427,1.0);
#2760=AXIS2_PLACEMENT_3D('',#3428,#3429,#3430);
#2761=CARTESIAN_POINT('',(-0.00524494897427832,-0.00475505102572168,-0.00524494897427832));
#2762=AXIS2_PLACEMENT_3D('',#3431,#3432,#3433);
#2763=CARTESIAN_POINT('',(-0.00475505102572168,-0.00524494897427832,-0.00524494897427832));
#2764=AXIS2_PLACEMENT_3D('',#3434,#3435,#3436);
#2765=AXIS2_PLACEMENT_3D('',#3437,#3438,#3439);
#2766=CARTESIAN_POINT('',(-0.00951010205144336,-0.01,-0.01));
#2767=AXIS2_PLACEMENT_3D('',#3440,#3441,#3442);
#2768=CARTESIAN_POINT('',(-0.01,-0.00951010205144336,-0.01));
#2769=AXIS2_PLACEMENT_3D('',#3443,#3444,#3445);
#2770=AXIS2_PLACEMENT_3D('',#3446,#3447,#3448);
#2771=CARTESIAN_POINT('',(-0.01,0.01,0.00951010205144336));
#2772=AXIS2_PLACEMENT_3D('',#3449,#3450,#3451);
#2773=AXIS2_PLACEMENT_3D('',#3452,#3453,#3454);
#2774=CARTESIAN_POINT('',(-0.00524494897427832,0.00524494897427832,0.00475505102572168));
#2775=AXIS2_PLACEMENT_3D('',#3455,#3456,#3457);
#2776=AXIS2_PLACEMENT_3D('',#3458,#3459,#3460);
#2777=CARTESIAN_POINT('',(-0.01,0.01,0.0));
#2778=VECTOR('',#3461,1.0);
#2779=CARTESIAN_POINT('',(-0.01,0.01,-0.01));
#2780=CARTESIAN_POINT('',(-0.00951010205144336,0.01,-0.01));
#2781=CARTESIAN_POINT('',(0.0,0.01,-0.01));
#2782=VECTOR('',#3462,1.0);
#2783=CARTESIAN_POINT('',(-0.01,0.01,0.0));
#2784=VECTOR('',#3463,1.0);
#2785=AXIS2_PLACEMENT_3D('',#3464,#3465,#3466);
#2786=CARTESIAN_POINT('',(-0.00475505102572168,-0.00475505102572168,0.00475505102572168));
#2787=AXIS2_PLACEMENT_3D('',#3467,#3468,#3469);
#2788=CARTESIAN_POINT('',(-0.00524494897427832,-0.00524494897427832,0.00475505102572168));
#2789=AXIS2_PLACEMENT_3D('',#3470,#3471,#3472);
#2790=AXIS2_PLACEMENT_3D('',#3473,#3474,#3475);
#2791=AXIS2_PLACEMENT_3D('',#3476,#3477,#3478);
#2792=AXIS2_PLACEMENT_3D('',#3479,#3480,#3481);
#2793=AXIS2_PLACEMENT_3D('',#3482,#3483,#3484);
#2794=CARTESIAN_POINT('',(0.01,-0.01,0.00951010205144336));
#2795=AXIS2_PLACEMENT_3D('',#3485,#3486,#3487);
#2796=CARTESIAN_POINT('',(0.01,-0.01,0.0));
#2797=VECTOR('',#3488,1.0);
#2798=CARTESIAN_POINT('',(3.44681836622932E-20,-0.01,-0.000489897948556636));
#2799=AXIS2_PLACEMENT_3D('',#3489,#3490,#3491);
#2800=AXIS2_PLACEMENT_3D('',#3492,#3493,#3494);
#2801=AXIS2_PLACEMENT_3D('',#3495,#3496,#3497);
#2802=AXIS2_PLACEMENT_3D('',#3498,#3499,#3500);
#2803=AXIS2_PLACEMENT_3D('',#3501,#3502,#3503);
#2804=AXIS2_PLACEMENT_3D('',#3504,#3505,#3506);
#2805=AXIS2_PLACEMENT_3D('',#3507,#3508,#3509);
#2806=CARTESIAN_POINT('',(0.00475505102572168,-0.00524494897427832,-0.00524494897427832));
#2807=AXIS2_PLACEMENT_3D('',#3510,#3511,#3512);
#2808=AXIS2_PLACEMENT_3D('',#3513,#3514,#3515);
#2809=AXIS2_PLACEMENT_3D('',#3516,#3517,#3518);
#2810=CARTESIAN_POINT('',(0.00524494897427832,-0.00475505102572168,-0.00524494897427832));
#2811=AXIS2_PLACEMENT_3D('',#3519,#3520,#3521);
#2812=AXIS2_PLACEMENT_3D('',#3522,#3523,#3524);
#2813=CARTESIAN_POINT('',(0.01,-0.00951010205144336,-0.01));
#2814=AXIS2_PLACEMENT_3D('',#3525,#3526,#3527);
#2815=CARTESIAN_POINT('',(0.00951010205144336,-0.01,-0.01));
#2816=AXIS2_PLACEMENT_3D('',#3528,#3529,#3530);
#2817=AXIS2_PLACEMENT_3D('',#3531,#3532,#3533);
#2818=AXIS2_PLACEMENT_3D('',#3534,#3535,#3536);
#2819=AXIS2_PLACEMENT_3D('',#3537,#3538,#3539);
#2820=CARTESIAN_POINT('',(0.00951010205144336,0.01,-0.01));
#2821=CARTESIAN_POINT('',(0.01,0.01,-0.01));
#2822=CARTESIAN_POINT('',(0.0,0.01,-0.01));
#2823=VECTOR('',#3540,1.0);
#2824=AXIS2_PLACEMENT_3D('',#3541,#3542,#3543);
#2825=CARTESIAN_POINT('',(0.01,0.01,0.0));
#2826=VECTOR('',#3544,1.0);
#2827=AXIS2_PLACEMENT_3D('',#3545,#3546,#3547);
#2828=CARTESIAN_POINT('',(-3.93284009504761E-19,0.01,-0.000489897948556637));
#2829=AXIS2_PLACEMENT_3D('',#3548,#3549,#3550);
#2830=AXIS2_PLACEMENT_3D('',#3551,#3552,#3553);
#2831=AXIS2_PLACEMENT_3D('',#3554,#3555,#3556);
#2832=AXIS2_PLACEMENT_3D('',#3557,#3558,#3559);
#2833=CARTESIAN_POINT('',(-0.000489897948556636,-1.64802173072581E-19,-0.01));
#2834=AXIS2_PLACEMENT_3D('',#3560,#3561,#3562);
#2835=CARTESIAN_POINT('',(0.0,-0.000489897948556635,-0.01));
#2836=AXIS2_PLACEMENT_3D('',#3563,#3564,#3565);
#2837=AXIS2_PLACEMENT_3D('',#3566,#3567,#3568);
#2838=CARTESIAN_POINT('',(-3.93284009504761E-19,0.000489897948556636,-0.01));
#2839=AXIS2_PLACEMENT_3D('',#3569,#3570,#3571);
#2840=AXIS2_PLACEMENT_3D('',#3572,#3573,#3574);
#2841=CARTESIAN_POINT('',(-0.00524494897427832,0.00475505102572168,-0.00524494897427832));
#2842=AXIS2_PLACEMENT_3D('',#3575,#3576,#3577);
#2843=CARTESIAN_POINT('',(-0.00475505102572183,0.00524494897427817,-0.00524494897427875));
#2844=AXIS2_PLACEMENT_3D('',#3578,#3579,#3580);
#2845=AXIS2_PLACEMENT_3D('',#3581,#3582,#3583);
#2846=CARTESIAN_POINT('',(0.01,2.03722276780983E-18,-0.000489897948556637));
#2847=AXIS2_PLACEMENT_3D('',#3584,#3585,#3586);
#2848=AXIS2_PLACEMENT_3D('',#3587,#3588,#3589);
#2849=CARTESIAN_POINT('',(0.00524494897427832,0.00475505102572168,-0.00524494897427832));
#2850=AXIS2_PLACEMENT_3D('',#3590,#3591,#3592);
#2851=AXIS2_PLACEMENT_3D('',#3593,#3594,#3595);
#2852=AXIS2_PLACEMENT_3D('',#3596,#3597,#3598);
#2853=AXIS2_PLACEMENT_3D('',#3599,#3600,#3601);
#2854=AXIS2_PLACEMENT_3D('',#3602,#3603,#3604);
#2855=AXIS2_PLACEMENT_3D('',#3605,#3606,#3607);
#2856=CARTESIAN_POINT('',(-0.00475505102572168,0.00475505102572168,0.00475505102572168));
#2857=AXIS2_PLACEMENT_3D('',#3608,#3609,#3610);
#2858=AXIS2_PLACEMENT_3D('',#3611,#3612,#3613);
#2859=AXIS2_PLACEMENT_3D('',#3614,#3615,#3616);
#2860=AXIS2_PLACEMENT_3D('',#3617,#3618,#3619);
#2861=AXIS2_PLACEMENT_3D('',#3620,#3621,#3622);
#2862=CARTESIAN_POINT('',(-6.77626357803443E-21,-2.02894408677851E-18,0.00951010205144336));
#2863=AXIS2_PLACEMENT_3D('',#3623,#3624,#3625);
#2864=AXIS2_PLACEMENT_3D('',#3626,#3627,#3628);
#2865=AXIS2_PLACEMENT_3D('',#3629,#3630,#3631);
#2866=AXIS2_PLACEMENT_3D('',#3632,#3633,#3634);
#2867=AXIS2_PLACEMENT_3D('',#3635,#3636,#3637);
#2868=CARTESIAN_POINT('',(0.00475505102572168,0.00524494897427832,-0.00524494897427832));
#2869=AXIS2_PLACEMENT_3D('',#3638,#3639,#3640);
#2870=AXIS2_PLACEMENT_3D('',#3641,#3642,#3643);
#2871=AXIS2_PLACEMENT_3D('',#3644,#3645,#3646);
#2872=CARTESIAN_POINT('',(0.01,0.01,0.00951010205144336));
#2873=AXIS2_PLACEMENT_3D('',#3647,#3648,#3649);
#2874=AXIS2_PLACEMENT_3D('',#3650,#3651,#3652);
#2875=CARTESIAN_POINT('',(0.01,0.01,0.0));
#2876=VECTOR('',#3653,1.0);
#2877=AXIS2_PLACEMENT_3D('',#3654,#3655,#3656);
#2878=CARTESIAN_POINT('',(-0.01,-0.01,-0.01));
#2879=CARTESIAN_POINT('',(0.0,-0.01,-0.01));
#2880=VECTOR('',#3657,1.0);
#2881=CARTESIAN_POINT('',(-0.01,-0.01,0.0));
#2882=VECTOR('',#3658,1.0);
#2883=CARTESIAN_POINT('',(-0.01,0.0,-0.01));
#2884=VECTOR('',#3659,1.0);
#2885=CARTESIAN_POINT('',(0.000489897948556636,-1.64802173072581E-19,-0.01));
#2886=AXIS2_PLACEMENT_3D('',#3660,#3661,#3662);
#2887=AXIS2_PLACEMENT_3D('',#3663,#3664,#3665);
#2888=AXIS2_PLACEMENT_3D('',#3666,#3667,#3668);
#2889=AXIS2_PLACEMENT_3D('',#3669,#3670,#3671);
#2890=CARTESIAN_POINT('',(-0.01,0.00951010205144336,-0.01));
#2891=AXIS2_PLACEMENT_3D('',#3672,#3673,#3674);
#2892=AXIS2_PLACEMENT_3D('',#3675,#3676,#3677);
#2893=CARTESIAN_POINT('',(-0.01,0.0,-0.01));
#2894=VECTOR('',#3678,1.0);
#2895=CARTESIAN_POINT('',(0.01,0.00951010205144336,-0.01));
#2896=CARTESIAN_POINT('',(0.01,0.0,-0.01));
#2897=VECTOR('',#3679,1.0);
#2898=AXIS2_PLACEMENT_3D('',#3680,#3681,#3682);
#2899=AXIS2_PLACEMENT_3D('',#3683,#3684,#3685);
#2900=CARTESIAN_POINT('',(0.01,-0.01,-0.01));
#2901=CARTESIAN_POINT('',(0.01,0.0,-0.01));
#2902=VECTOR('',#3686,1.0);
#2903=CARTESIAN_POINT('',(0.01,-0.01,0.0));
#2904=VECTOR('',#3687,1.0);
#2905=CARTESIAN_POINT('',(0.0,-0.01,-0.01));
#2906=VECTOR('',#3688,1.0);
#2907=AXIS2_PLACEMENT_3D('',#3689,#3690,#3691);
#2908=DIRECTION('',(-0.577350269189626,0.577350269189626,-0.577350269189626));
#2909=CARTESIAN_POINT('',(0.01,-0.01,0.01));
#2910=DIRECTION('',(-0.0,-1.0,0.0));
#2911=DIRECTION('',(-0.707106781186547,0.0,-0.707106781186548));
#2912=CARTESIAN_POINT('',(0.01,-0.01,0.01));
#2913=DIRECTION('',(-0.0,0.0,-1.0));
#2914=DIRECTION('',(-0.707106781186547,0.707106781186547,0.0));
#2915=CARTESIAN_POINT('',(0.01,-0.01,0.01));
#2916=DIRECTION('',(-1.0,-0.0,0.0));
#2917=DIRECTION('',(0.0,-0.707106781186547,0.707106781186548));
#2918=DIRECTION('',(0.577350269189626,-0.577350269189626,0.577350269189626));
#2919=CARTESIAN_POINT('',(0.005,-0.005,0.005));
#2920=DIRECTION('',(-2.50385766456195E-15,0.707106781186547,-0.707106781186547));
#2921=DIRECTION('',(-1.0,-1.54918289202046E-15,1.99180657545487E-15));
#2922=CARTESIAN_POINT('',(0.005,-0.005,0.005));
#2923=DIRECTION('',(0.707106781186548,-0.707106781186548,0.0));
#2924=DIRECTION('',(0.0,0.0,1.0));
#2925=CARTESIAN_POINT('',(0.005,-0.005,0.005));
#2926=DIRECTION('',(-0.707106781186547,2.50385766456195E-15,-0.707106781186547));
#2927=DIRECTION('',(-1.54918289202046E-15,-1.0,-1.99180657545487E-15));
#2928=DIRECTION('',(-0.577350269189626,-0.577350269189626,-0.577350269189626));
#2929=CARTESIAN_POINT('',(0.0,0.0,0.01));
#2930=DIRECTION('',(-1.0,5.53279604293017E-17,5.53279604293017E-17));
#2931=DIRECTION('',(7.82455520175604E-17,0.707106781186548,0.707106781186547));
#2932=CARTESIAN_POINT('',(0.0,0.0,0.01));
#2933=DIRECTION('',(-0.0,0.0,-1.0));
#2934=DIRECTION('',(-0.707106781186548,-0.707106781186548,0.0));
#2935=CARTESIAN_POINT('',(8.67361737988404E-19,-8.67361737988404E-19,0.01));
#2936=DIRECTION('',(1.21721512944464E-15,-1.0,1.21721512944464E-15));
#2937=DIRECTION('',(0.707106781186548,1.72140214438633E-15,0.707106781186548));
#2938=DIRECTION('',(0.577350269189626,0.577350269189626,0.577350269189626));
#2939=CARTESIAN_POINT('',(-0.005,-0.005,0.005));
#2940=DIRECTION('',(-0.707106781186548,-1.25192883228097E-15,-0.707106781186548));
#2941=DIRECTION('',(1.24487910965929E-15,-1.0,5.25615624078369E-16));
#2942=CARTESIAN_POINT('',(-0.005,-0.005,0.005));
#2943=DIRECTION('',(-0.707106781186548,-0.707106781186548,0.0));
#2944=DIRECTION('',(0.0,0.0,1.0));
#2945=CARTESIAN_POINT('',(-0.005,-0.005,0.005));
#2946=DIRECTION('',(0.0,-0.707106781186547,-0.707106781186547));
#2947=DIRECTION('',(1.0,-3.87295723005112E-16,3.87295723005112E-16));
#2948=DIRECTION('',(0.577350269189626,-0.577350269189626,0.577350269189626));
#2949=CARTESIAN_POINT('',(-0.005,0.005,0.005));
#2950=DIRECTION('',(2.50385766456193E-15,0.707106781186547,-0.707106781186547));
#2951=DIRECTION('',(1.0,-1.99180657545486E-15,1.54918289202045E-15));
#2952=CARTESIAN_POINT('',(-0.005,0.005,0.005));
#2953=DIRECTION('',(0.707106781186547,-0.707106781186547,-1.73740026848802E-32));
#2954=DIRECTION('',(1.2285275114832E-32,-1.2285275114832E-32,1.0));
#2955=CARTESIAN_POINT('',(-0.005,0.005,0.005));
#2956=DIRECTION('',(-0.707106781186548,-1.25192883228096E-15,-0.707106781186548));
#2957=DIRECTION('',(-9.40575327298127E-16,1.0,-8.29919406439524E-16));
#2958=DIRECTION('',(-0.577350269189626,0.577350269189626,-0.577350269189626));
#2959=CARTESIAN_POINT('',(0.0,0.0,0.01));
#2960=DIRECTION('',(-0.0,0.0,-1.0));
#2961=DIRECTION('',(-0.707106781186547,0.707106781186547,0.0));
#2962=CARTESIAN_POINT('',(-8.67361737988404E-19,-8.67361737988404E-19,0.01));
#2963=DIRECTION('',(-1.0,8.85247366868825E-16,-8.85247366868825E-16));
#2964=DIRECTION('',(-1.25192883228096E-15,-0.707106781186547,0.707106781186548));
#2965=DIRECTION('',(0.577350269189626,0.577350269189626,-0.577350269189626));
#2966=CARTESIAN_POINT('',(0.005,0.005,-0.005));
#2967=DIRECTION('',(0.707106781186548,1.25192883228096E-15,-0.707106781186548));
#2968=DIRECTION('',(9.40575327298127E-16,-1.0,-8.29919406439524E-16));
#2969=CARTESIAN_POINT('',(0.005,0.005,-0.005));
#2970=DIRECTION('',(0.707106781186548,1.25192883228096E-15,-0.707106781186548));
#2971=DIRECTION('',(9.40575327298127E-16,-1.0,-8.29919406439524E-16));
#2972=CARTESIAN_POINT('',(0.005,0.005,-0.005));
#2973=DIRECTION('',(2.50385766456193E-15,0.707106781186547,-0.707106781186547));
#2974=DIRECTION('',(1.0,-1.99180657545486E-15,1.54918289202045E-15));
#2975=CARTESIAN_POINT('',(0.005,0.005,-0.005));
#2976=DIRECTION('',(2.50385766456193E-15,0.707106781186547,-0.707106781186547));
#2977=DIRECTION('',(1.0,-1.99180657545486E-15,1.54918289202045E-15));
#2978=DIRECTION('',(-0.577350269189626,-0.577350269189626,0.577350269189626));
#2979=CARTESIAN_POINT('',(0.01,0.01,-0.01));
#2980=DIRECTION('',(-1.0,0.0,-0.0));
#2981=DIRECTION('',(0.0,0.707106781186547,-0.707106781186548));
#2982=CARTESIAN_POINT('',(0.01,0.01,-0.01));
#2983=DIRECTION('',(-0.0,-1.0,0.0));
#2984=DIRECTION('',(-0.707106781186547,0.0,0.707106781186548));
#2985=DIRECTION('',(-0.577350269189626,0.577350269189626,-0.577350269189626));
#2986=CARTESIAN_POINT('',(-0.005,0.005,-0.005));
#2987=DIRECTION('',(-1.25192883228096E-15,0.707106781186548,-0.707106781186548));
#2988=DIRECTION('',(1.0,9.40575327298127E-16,-8.29919406439524E-16));
#2989=CARTESIAN_POINT('',(-0.005,0.005,-0.005));
#2990=DIRECTION('',(-1.25192883228096E-15,0.707106781186548,-0.707106781186548));
#2991=DIRECTION('',(1.0,9.40575327298127E-16,-8.29919406439524E-16));
#2992=CARTESIAN_POINT('',(-0.005,0.005,-0.005));
#2993=DIRECTION('',(-0.707106781186547,2.50385766456193E-15,-0.707106781186547));
#2994=DIRECTION('',(1.99180657545486E-15,1.0,1.54918289202045E-15));
#2995=CARTESIAN_POINT('',(-0.005,0.005,-0.005));
#2996=DIRECTION('',(-0.707106781186547,2.50385766456193E-15,-0.707106781186547));
#2997=DIRECTION('',(1.99180657545486E-15,1.0,1.54918289202045E-15));
#2998=DIRECTION('',(0.577350269189626,-0.577350269189626,0.577350269189626));
#2999=CARTESIAN_POINT('',(-0.01,0.01,-0.01));
#3000=DIRECTION('',(-0.0,-1.0,0.0));
#3001=DIRECTION('',(-0.707106781186547,0.0,-0.707106781186548));
#3002=CARTESIAN_POINT('',(-0.01,0.01,-0.01));
#3003=DIRECTION('',(-1.0,-0.0,0.0));
#3004=DIRECTION('',(0.0,-0.707106781186547,0.707106781186548));
#3005=DIRECTION('',(0.577350269189626,-0.577350269189626,0.577350269189626));
#3006=CARTESIAN_POINT('',(0.0,0.0,-0.01));
#3007=DIRECTION('',(-3.87295723005112E-16,-1.0,-3.87295723005112E-16));
#3008=DIRECTION('',(0.707106781186548,-5.47718864122923E-16,0.707106781186548));
#3009=CARTESIAN_POINT('',(0.0,0.0,-0.01));
#3010=DIRECTION('',(-1.0,0.0,-0.0));
#3011=DIRECTION('',(0.0,0.707106781186548,-0.707106781186547));
#3012=DIRECTION('',(-0.577350269189626,0.577350269189626,-0.577350269189626));
#3013=CARTESIAN_POINT('',(0.005,-0.005,-0.005));
#3014=DIRECTION('',(5.00771532912387E-15,0.707106781186548,-0.707106781186548));
#3015=DIRECTION('',(-1.0,3.87295723005112E-15,-3.2090217048995E-15));
#3016=CARTESIAN_POINT('',(0.005,-0.005,-0.005));
#3017=DIRECTION('',(5.00771532912387E-15,0.707106781186548,-0.707106781186548));
#3018=DIRECTION('',(-1.0,3.87295723005112E-15,-3.2090217048995E-15));
#3019=CARTESIAN_POINT('',(0.005,-0.005,-0.005));
#3020=DIRECTION('',(-0.707106781186548,-5.00771532912387E-15,-0.707106781186548));
#3021=DIRECTION('',(3.87295723005112E-15,-1.0,3.2090217048995E-15));
#3022=CARTESIAN_POINT('',(0.005,-0.005,-0.005));
#3023=DIRECTION('',(-0.707106781186548,-5.00771532912387E-15,-0.707106781186548));
#3024=DIRECTION('',(3.87295723005112E-15,-1.0,3.2090217048995E-15));
#3025=DIRECTION('',(-0.577350269189626,-0.577350269189626,-0.577350269189626));
#3026=CARTESIAN_POINT('',(0.005,0.005,-0.005));
#3027=DIRECTION('',(-0.707106781186548,-1.25192883228096E-15,-0.707106781186548));
#3028=DIRECTION('',(-9.40575327298127E-16,1.0,-8.29919406439524E-16));
#3029=CARTESIAN_POINT('',(0.005,0.005,-0.005));
#3030=DIRECTION('',(-0.707106781186548,-1.25192883228096E-15,-0.707106781186548));
#3031=DIRECTION('',(-9.40575327298127E-16,1.0,-8.29919406439524E-16));
#3032=CARTESIAN_POINT('',(0.005,0.005,-0.005));
#3033=DIRECTION('',(-2.50385766456193E-15,-0.707106781186547,-0.707106781186547));
#3034=DIRECTION('',(-1.0,1.99180657545486E-15,1.54918289202045E-15));
#3035=CARTESIAN_POINT('',(0.005,0.005,-0.005));
#3036=DIRECTION('',(-2.50385766456193E-15,-0.707106781186547,-0.707106781186547));
#3037=DIRECTION('',(-1.0,1.99180657545486E-15,1.54918289202045E-15));
#3038=DIRECTION('',(0.577350269189626,0.577350269189626,0.577350269189626));
#3039=CARTESIAN_POINT('',(-8.67361737988404E-19,-8.67361737988404E-19,-0.01));
#3040=DIRECTION('',(-1.0,8.85247366868825E-16,8.85247366868825E-16));
#3041=DIRECTION('',(-1.25192883228096E-15,-0.707106781186547,-0.707106781186548));
#3042=DIRECTION('',(0.577350269189626,0.577350269189626,0.577350269189626));
#3043=CARTESIAN_POINT('',(0.005,0.005,0.005));
#3044=DIRECTION('',(-0.707106781186547,2.50385766456193E-15,-0.707106781186547));
#3045=DIRECTION('',(1.99180657545486E-15,1.0,1.54918289202045E-15));
#3046=CARTESIAN_POINT('',(0.005,0.005,0.005));
#3047=DIRECTION('',(-0.707106781186547,-0.707106781186547,-1.73740026848802E-32));
#3048=DIRECTION('',(-1.2285275114832E-32,-1.2285275114832E-32,1.0));
#3049=CARTESIAN_POINT('',(0.005,0.005,0.005));
#3050=DIRECTION('',(1.25192883228096E-15,-0.707106781186548,-0.707106781186548));
#3051=DIRECTION('',(-1.0,-9.40575327298127E-16,-8.29919406439524E-16));
#3052=DIRECTION('',(-0.577350269189626,-0.577350269189626,-0.577350269189626));
#3053=CARTESIAN_POINT('',(0.01,0.01,0.01));
#3054=DIRECTION('',(-1.0,0.0,0.0));
#3055=DIRECTION('',(0.0,0.707106781186547,0.707106781186548));
#3056=CARTESIAN_POINT('',(0.01,0.01,0.01));
#3057=DIRECTION('',(-0.0,0.0,-1.0));
#3058=DIRECTION('',(-0.707106781186547,-0.707106781186547,0.0));
#3059=CARTESIAN_POINT('',(0.01,0.01,0.01));
#3060=DIRECTION('',(-0.0,-1.0,0.0));
#3061=DIRECTION('',(-0.707106781186547,0.0,-0.707106781186548));
#3062=DIRECTION('',(0.577350269189626,0.577350269189626,0.577350269189626));
#3063=CARTESIAN_POINT('',(-0.005,0.005,-0.005));
#3064=DIRECTION('',(-0.707106781186547,-0.707106781186547,-1.73740026848802E-32));
#3065=DIRECTION('',(-1.2285275114832E-32,-1.2285275114832E-32,1.0));
#3066=CARTESIAN_POINT('',(-0.005,0.005,-0.005));
#3067=DIRECTION('',(1.25192883228096E-15,-0.707106781186548,-0.707106781186548));
#3068=DIRECTION('',(-1.0,-9.40575327298127E-16,-8.29919406439524E-16));
#3069=DIRECTION('',(-0.577350269189626,-0.577350269189626,-0.577350269189626));
#3070=CARTESIAN_POINT('',(-8.67361737988404E-19,0.01,8.67361737988404E-19));
#3071=DIRECTION('',(-1.0,-8.85247366868825E-16,-8.85247366868825E-16));
#3072=DIRECTION('',(1.25192883228096E-15,-0.707106781186547,-0.707106781186548));
#3073=CARTESIAN_POINT('',(0.0,0.01,0.0));
#3074=DIRECTION('',(-8.85247366868827E-16,-8.85247366868827E-16,-1.0));
#3075=DIRECTION('',(0.707106781186548,0.707106781186548,-1.25192883228097E-15));
#3076=CARTESIAN_POINT('',(0.0,0.01,0.0));
#3077=DIRECTION('',(-0.0,-1.0,0.0));
#3078=DIRECTION('',(-0.707106781186547,0.0,-0.707106781186548));
#3079=DIRECTION('',(-0.577350269189626,0.577350269189626,0.577350269189626));
#3080=CARTESIAN_POINT('',(0.005,0.005,-0.005));
#3081=DIRECTION('',(0.707106781186547,-0.707106781186547,-1.73740026848802E-32));
#3082=DIRECTION('',(1.2285275114832E-32,-1.2285275114832E-32,1.0));
#3083=DIRECTION('',(0.577350269189626,-0.577350269189626,-0.577350269189626));
#3084=CARTESIAN_POINT('',(0.0,0.01,0.0));
#3085=DIRECTION('',(-0.0,-1.0,0.0));
#3086=DIRECTION('',(-0.707106781186547,0.0,0.707106781186548));
#3087=CARTESIAN_POINT('',(0.0,0.01,0.0));
#3088=DIRECTION('',(8.85247366868827E-16,-8.85247366868827E-16,-1.0));
#3089=DIRECTION('',(-0.707106781186548,0.707106781186548,-1.25192883228097E-15));
#3090=DIRECTION('',(-0.577350269189626,-0.577350269189626,0.577350269189626));
#3091=CARTESIAN_POINT('',(0.005,0.005,0.005));
#3092=DIRECTION('',(0.707106781186547,-2.50385766456193E-15,-0.707106781186547));
#3093=DIRECTION('',(-1.99180657545486E-15,-1.0,1.54918289202045E-15));
#3094=CARTESIAN_POINT('',(0.005,0.005,0.005));
#3095=DIRECTION('',(-1.25192883228096E-15,0.707106781186548,-0.707106781186548));
#3096=DIRECTION('',(1.0,9.40575327298127E-16,-8.29919406439524E-16));
#3097=DIRECTION('',(0.577350269189626,0.577350269189626,-0.577350269189626));
#3098=CARTESIAN_POINT('',(0.0,0.0,0.01));
#3099=DIRECTION('',(0.0,0.0,-1.0));
#3100=DIRECTION('',(0.707106781186547,0.707106781186547,0.0));
#3101=CARTESIAN_POINT('',(0.0,0.0,0.01));
#3102=DIRECTION('',(-3.87295723005112E-16,-1.0,3.87295723005112E-16));
#3103=DIRECTION('',(0.707106781186548,-5.47718864122923E-16,-0.707106781186548));
#3104=DIRECTION('',(-0.577350269189626,-0.577350269189626,-0.577350269189626));
#3105=CARTESIAN_POINT('',(-0.005,0.005,0.005));
#3106=DIRECTION('',(-0.707106781186548,-1.25192883228096E-15,-0.707106781186548));
#3107=DIRECTION('',(-9.40575327298127E-16,1.0,-8.29919406439524E-16));
#3108=CARTESIAN_POINT('',(-0.005,0.005,0.005));
#3109=DIRECTION('',(-2.50385766456193E-15,-0.707106781186547,-0.707106781186547));
#3110=DIRECTION('',(-1.0,1.99180657545486E-15,1.54918289202045E-15));
#3111=CARTESIAN_POINT('',(-0.005,0.005,0.005));
#3112=DIRECTION('',(-2.50385766456193E-15,-0.707106781186547,-0.707106781186547));
#3113=DIRECTION('',(-1.0,1.99180657545486E-15,1.54918289202045E-15));
#3114=DIRECTION('',(0.577350269189626,0.577350269189626,0.577350269189626));
#3115=CARTESIAN_POINT('',(-0.01,0.0,0.0));
#3116=DIRECTION('',(-1.0,-0.0,0.0));
#3117=DIRECTION('',(0.0,-0.707106781186547,-0.707106781186548));
#3118=CARTESIAN_POINT('',(-0.01,1.73472347597681E-18,1.73472347597681E-18));
#3119=DIRECTION('',(4.42623683434413E-16,-1.0,4.42623683434413E-16));
#3120=DIRECTION('',(0.707106781186548,6.25964416140483E-16,0.707106781186547));
#3121=DIRECTION('',(0.577350269189626,-0.577350269189626,-0.577350269189626));
#3122=CARTESIAN_POINT('',(0.0,0.0,0.01));
#3123=DIRECTION('',(0.0,-0.0,-1.0));
#3124=DIRECTION('',(0.707106781186548,-0.707106781186548,0.0));
#3125=DIRECTION('',(-0.577350269189626,0.577350269189626,0.577350269189626));
#3126=CARTESIAN_POINT('',(0.005,-0.005,0.005));
#3127=DIRECTION('',(1.25192883228097E-15,-0.707106781186548,-0.707106781186548));
#3128=DIRECTION('',(1.0,1.24487910965929E-15,5.25615624078369E-16));
#3129=CARTESIAN_POINT('',(0.005,-0.005,0.005));
#3130=DIRECTION('',(0.707106781186547,0.0,-0.707106781186547));
#3131=DIRECTION('',(3.87295723005112E-16,1.0,3.87295723005112E-16));
#3132=DIRECTION('',(-0.577350269189626,0.577350269189626,0.577350269189626));
#3133=CARTESIAN_POINT('',(8.86782922865684E-20,-0.01,-8.86782922865684E-20));
#3134=DIRECTION('',(-0.0,-1.0,0.0));
#3135=DIRECTION('',(-0.707106781186547,0.0,0.707106781186547));
#3136=CARTESIAN_POINT('',(3.44681836622932E-20,-0.01,3.44681836622932E-20));
#3137=DIRECTION('',(-1.0,2.01490177904875E-17,2.01490177904875E-17));
#3138=DIRECTION('',(2.84950142278042E-17,0.707106781186547,0.707106781186548));
#3139=DIRECTION('',(0.577350269189626,-0.577350269189626,-0.577350269189626));
#3140=CARTESIAN_POINT('',(-0.005,-0.005,0.005));
#3141=DIRECTION('',(0.0,-0.707106781186547,-0.707106781186547));
#3142=DIRECTION('',(1.0,-3.87295723005112E-16,3.87295723005112E-16));
#3143=CARTESIAN_POINT('',(-0.005,-0.005,0.005));
#3144=DIRECTION('',(0.707106781186547,2.50385766456195E-15,-0.707106781186547));
#3145=DIRECTION('',(-1.54918289202046E-15,1.0,1.99180657545487E-15));
#3146=CARTESIAN_POINT('',(-0.005,-0.005,0.005));
#3147=DIRECTION('',(0.707106781186547,2.50385766456195E-15,-0.707106781186547));
#3148=DIRECTION('',(-1.54918289202046E-15,1.0,1.99180657545487E-15));
#3149=DIRECTION('',(-0.577350269189626,0.577350269189626,-0.577350269189626));
#3150=CARTESIAN_POINT('',(0.005,0.005,0.005));
#3151=DIRECTION('',(-1.25192883228096E-15,0.707106781186548,-0.707106781186548));
#3152=DIRECTION('',(1.0,9.40575327298127E-16,-8.29919406439524E-16));
#3153=CARTESIAN_POINT('',(0.005,0.005,0.005));
#3154=DIRECTION('',(-0.707106781186547,2.50385766456193E-15,-0.707106781186547));
#3155=DIRECTION('',(1.99180657545486E-15,1.0,1.54918289202045E-15));
#3156=DIRECTION('',(0.577350269189626,-0.577350269189626,0.577350269189626));
#3157=CARTESIAN_POINT('',(0.0,0.01,0.0));
#3158=DIRECTION('',(-0.0,-1.0,0.0));
#3159=DIRECTION('',(-0.707106781186547,0.0,-0.707106781186548));
#3160=CARTESIAN_POINT('',(-8.67361737988404E-19,0.01,-8.67361737988404E-19));
#3161=DIRECTION('',(-1.0,-8.85247366868825E-16,8.85247366868825E-16));
#3162=DIRECTION('',(1.25192883228096E-15,-0.707106781186547,0.707106781186548));
#3163=DIRECTION('',(0.577350269189626,0.577350269189626,-0.577350269189626));
#3164=CARTESIAN_POINT('',(-0.005,0.005,0.005));
#3165=DIRECTION('',(0.707106781186548,1.25192883228096E-15,-0.707106781186548));
#3166=DIRECTION('',(9.40575327298127E-16,-1.0,-8.29919406439524E-16));
#3167=CARTESIAN_POINT('',(-0.005,0.005,0.005));
#3168=DIRECTION('',(0.707106781186548,1.25192883228096E-15,-0.707106781186548));
#3169=DIRECTION('',(9.40575327298127E-16,-1.0,-8.29919406439524E-16));
#3170=CARTESIAN_POINT('',(-0.005,0.005,0.005));
#3171=DIRECTION('',(2.50385766456193E-15,0.707106781186547,-0.707106781186547));
#3172=DIRECTION('',(1.0,-1.99180657545486E-15,1.54918289202045E-15));
#3173=DIRECTION('',(-0.577350269189626,-0.577350269189626,0.577350269189626));
#3174=CARTESIAN_POINT('',(0.0,0.01,0.0));
#3175=DIRECTION('',(-0.0,-1.0,0.0));
#3176=DIRECTION('',(-0.707106781186547,0.0,0.707106781186548));
#3177=DIRECTION('',(-0.577350269189626,-0.577350269189626,-0.577350269189626));
#3178=CARTESIAN_POINT('',(0.01,8.86782922865684E-20,8.86782922865684E-20));
#3179=DIRECTION('',(-1.0,-0.0,0.0));
#3180=DIRECTION('',(0.0,-0.707106781186547,-0.707106781186547));
#3181=CARTESIAN_POINT('',(0.01,0.0,0.0));
#3182=DIRECTION('',(-5.53279604293017E-17,-5.53279604293017E-17,-1.0));
#3183=DIRECTION('',(0.707106781186547,0.707106781186548,-7.82455520175603E-17));
#3184=CARTESIAN_POINT('',(0.01,1.73472347597681E-18,-1.73472347597681E-18));
#3185=DIRECTION('',(-6.08607564722317E-16,-1.0,-6.08607564722317E-16));
#3186=DIRECTION('',(0.707106781186548,-8.60701072193162E-16,0.707106781186547));
#3187=DIRECTION('',(0.577350269189626,0.577350269189626,0.577350269189626));
#3188=CARTESIAN_POINT('',(0.005,-0.005,-0.005));
#3189=DIRECTION('',(-0.707106781186547,-0.707106781186547,0.0));
#3190=DIRECTION('',(3.04303782361159E-16,-3.04303782361159E-16,1.0));
#3191=CARTESIAN_POINT('',(0.005,-0.005,-0.005));
#3192=DIRECTION('',(0.0,-0.707106781186548,-0.707106781186548));
#3193=DIRECTION('',(1.0,-3.3196776257581E-16,3.3196776257581E-16));
#3194=DIRECTION('',(-0.577350269189626,-0.577350269189626,0.577350269189626));
#3195=CARTESIAN_POINT('',(-0.005,0.005,-0.005));
#3196=DIRECTION('',(0.707106781186547,-2.50385766456193E-15,-0.707106781186547));
#3197=DIRECTION('',(-1.99180657545486E-15,-1.0,1.54918289202045E-15));
#3198=DIRECTION('',(0.577350269189626,0.577350269189626,-0.577350269189626));
#3199=CARTESIAN_POINT('',(-0.01,0.0,0.0));
#3200=DIRECTION('',(-1.0,-0.0,0.0));
#3201=DIRECTION('',(0.0,-0.707106781186547,0.707106781186548));
#3202=CARTESIAN_POINT('',(-0.01,0.0,0.0));
#3203=DIRECTION('',(8.85247366868827E-16,8.85247366868827E-16,-1.0));
#3204=DIRECTION('',(-0.707106781186548,-0.707106781186548,-1.25192883228097E-15));
#3205=CARTESIAN_POINT('',(-0.01,1.73472347597681E-18,-1.73472347597681E-18));
#3206=DIRECTION('',(4.42623683434413E-16,-1.0,-4.42623683434413E-16));
#3207=DIRECTION('',(0.707106781186548,6.25964416140483E-16,-0.707106781186547));
#3208=DIRECTION('',(-0.577350269189626,0.577350269189626,-0.577350269189626));
#3209=CARTESIAN_POINT('',(8.86782922865684E-20,-0.01,8.86782922865684E-20));
#3210=DIRECTION('',(-0.0,-1.0,0.0));
#3211=DIRECTION('',(-0.707106781186547,0.0,-0.707106781186547));
#3212=CARTESIAN_POINT('',(0.0,-0.01,0.0));
#3213=DIRECTION('',(-5.53279604293017E-17,5.53279604293017E-17,-1.0));
#3214=DIRECTION('',(0.707106781186548,-0.707106781186547,-7.82455520175603E-17));
#3215=CARTESIAN_POINT('',(3.44681836622932E-20,-0.01,-3.44681836622932E-20));
#3216=DIRECTION('',(-1.0,2.01490177904875E-17,-2.01490177904875E-17));
#3217=DIRECTION('',(2.84950142278042E-17,0.707106781186547,-0.707106781186548));
#3218=DIRECTION('',(0.577350269189626,-0.577350269189626,0.577350269189626));
#3219=CARTESIAN_POINT('',(-0.005,-0.005,-0.005));
#3220=DIRECTION('',(-5.00771532912387E-15,0.707106781186548,-0.707106781186548));
#3221=DIRECTION('',(-1.0,-3.87295723005112E-15,3.2090217048995E-15));
#3222=CARTESIAN_POINT('',(-0.005,-0.005,-0.005));
#3223=DIRECTION('',(0.707106781186547,-0.707106781186547,0.0));
#3224=DIRECTION('',(-3.04303782361159E-16,-3.04303782361159E-16,1.0));
#3225=CARTESIAN_POINT('',(-0.005,-0.005,-0.005));
#3226=DIRECTION('',(-0.707106781186548,0.0,-0.707106781186548));
#3227=DIRECTION('',(-3.3196776257581E-16,-1.0,3.3196776257581E-16));
#3228=DIRECTION('',(0.577350269189626,-0.577350269189626,0.577350269189626));
#3229=DIRECTION('',(-0.577350269189626,0.577350269189626,-0.577350269189626));
#3230=CARTESIAN_POINT('',(0.01,0.0,0.0));
#3231=DIRECTION('',(-8.85247366868827E-16,8.85247366868827E-16,-1.0));
#3232=DIRECTION('',(0.707106781186548,-0.707106781186548,-1.25192883228097E-15));
#3233=CARTESIAN_POINT('',(0.01,0.0,0.0));
#3234=DIRECTION('',(-1.0,0.0,-0.0));
#3235=DIRECTION('',(0.0,0.707106781186547,-0.707106781186548));
#3236=DIRECTION('',(0.577350269189626,-0.577350269189626,-0.577350269189626));
#3237=CARTESIAN_POINT('',(-0.005,0.005,-0.005));
#3238=DIRECTION('',(1.25192883228096E-15,-0.707106781186548,-0.707106781186548));
#3239=DIRECTION('',(-1.0,-9.40575327298127E-16,-8.29919406439524E-16));
#3240=CARTESIAN_POINT('',(-0.005,0.005,-0.005));
#3241=DIRECTION('',(0.707106781186547,-2.50385766456193E-15,-0.707106781186547));
#3242=DIRECTION('',(-1.99180657545486E-15,-1.0,1.54918289202045E-15));
#3243=DIRECTION('',(-0.577350269189626,0.577350269189626,0.577350269189626));
#3244=CARTESIAN_POINT('',(0.0,0.0,-0.01));
#3245=DIRECTION('',(3.87295723005112E-16,-1.0,-3.87295723005112E-16));
#3246=DIRECTION('',(0.707106781186548,5.47718864122923E-16,-0.707106781186548));
#3247=DIRECTION('',(-0.577350269189626,-0.577350269189626,0.577350269189626));
#3248=DIRECTION('',(0.577350269189626,0.577350269189626,-0.577350269189626));
#3249=CARTESIAN_POINT('',(-0.005,-0.005,-0.005));
#3250=DIRECTION('',(0.707106781186548,-5.00771532912387E-15,-0.707106781186548));
#3251=DIRECTION('',(3.87295723005112E-15,1.0,-3.2090217048995E-15));
#3252=CARTESIAN_POINT('',(-0.005,-0.005,-0.005));
#3253=DIRECTION('',(0.707106781186548,-5.00771532912387E-15,-0.707106781186548));
#3254=DIRECTION('',(3.87295723005112E-15,1.0,-3.2090217048995E-15));
#3255=CARTESIAN_POINT('',(-0.005,-0.005,-0.005));
#3256=DIRECTION('',(-5.00771532912387E-15,0.707106781186548,-0.707106781186548));
#3257=DIRECTION('',(-1.0,-3.87295723005112E-15,3.2090217048995E-15));
#3258=DIRECTION('',(0.577350269189626,0.577350269189626,-0.577350269189626));
#3259=CARTESIAN_POINT('',(-0.01,-0.01,0.01));
#3260=DIRECTION('',(-1.0,0.0,-0.0));
#3261=DIRECTION('',(0.0,0.707106781186547,-0.707106781186548));
#3262=CARTESIAN_POINT('',(-0.01,-0.01,0.01));
#3263=DIRECTION('',(0.0,0.0,-1.0));
#3264=DIRECTION('',(0.707106781186547,0.707106781186547,0.0));
#3265=CARTESIAN_POINT('',(-0.01,-0.01,0.01));
#3266=DIRECTION('',(-0.0,-1.0,0.0));
#3267=DIRECTION('',(-0.707106781186547,0.0,0.707106781186548));
#3268=DIRECTION('',(-0.577350269189626,-0.577350269189626,0.577350269189626));
#3269=CARTESIAN_POINT('',(-0.005,-0.005,0.005));
#3270=DIRECTION('',(2.50385766456195E-15,0.707106781186547,-0.707106781186547));
#3271=DIRECTION('',(-1.0,1.54918289202046E-15,-1.99180657545487E-15));
#3272=DIRECTION('',(-0.577350269189626,0.577350269189626,0.577350269189626));
#3273=CARTESIAN_POINT('',(0.01,-0.01,-0.01));
#3274=DIRECTION('',(-0.0,-1.0,0.0));
#3275=DIRECTION('',(-0.707106781186547,0.0,0.707106781186548));
#3276=CARTESIAN_POINT('',(0.01,-0.01,-0.01));
#3277=DIRECTION('',(-1.0,-0.0,0.0));
#3278=DIRECTION('',(0.0,-0.707106781186547,-0.707106781186548));
#3279=DIRECTION('',(0.577350269189626,-0.577350269189626,-0.577350269189626));
#3280=CARTESIAN_POINT('',(0.005,-0.005,-0.005));
#3281=DIRECTION('',(0.0,-0.707106781186548,-0.707106781186548));
#3282=DIRECTION('',(1.0,-3.3196776257581E-16,3.3196776257581E-16));
#3283=CARTESIAN_POINT('',(0.005,-0.005,-0.005));
#3284=DIRECTION('',(0.707106781186548,0.0,-0.707106781186548));
#3285=DIRECTION('',(-3.3196776257581E-16,1.0,-3.3196776257581E-16));
#3286=CARTESIAN_POINT('',(0.005,-0.005,-0.005));
#3287=DIRECTION('',(0.707106781186548,0.0,-0.707106781186548));
#3288=DIRECTION('',(-3.3196776257581E-16,1.0,-3.3196776257581E-16));
#3289=DIRECTION('',(0.577350269189626,0.577350269189626,-0.577350269189626));
#3290=CARTESIAN_POINT('',(-1.20370621524202E-35,-0.01,-1.20370621524202E-35));
#3291=DIRECTION('',(1.65983881287905E-16,1.65983881287905E-16,-1.0));
#3292=DIRECTION('',(-0.707106781186548,-0.707106781186547,-2.34736656052681E-16));
#3293=CARTESIAN_POINT('',(8.86782922865684E-20,-0.01,-8.86782922865684E-20));
#3294=DIRECTION('',(-0.0,-1.0,0.0));
#3295=DIRECTION('',(-0.707106781186547,0.0,0.707106781186547));
#3296=DIRECTION('',(-0.577350269189626,-0.577350269189626,0.577350269189626));
#3297=DIRECTION('',(0.577350269189626,0.577350269189626,0.577350269189626));
#3298=CARTESIAN_POINT('',(8.86782922865684E-20,-0.01,8.86782922865684E-20));
#3299=DIRECTION('',(-0.0,-1.0,0.0));
#3300=DIRECTION('',(-0.707106781186547,0.0,-0.707106781186547));
#3301=DIRECTION('',(-0.577350269189626,-0.577350269189626,-0.577350269189626));
#3302=CARTESIAN_POINT('',(0.005,-0.005,0.005));
#3303=DIRECTION('',(-0.707106781186547,2.50385766456195E-15,-0.707106781186547));
#3304=DIRECTION('',(-1.54918289202046E-15,-1.0,-1.99180657545487E-15));
#3305=CARTESIAN_POINT('',(0.005,-0.005,0.005));
#3306=DIRECTION('',(1.25192883228097E-15,-0.707106781186548,-0.707106781186548));
#3307=DIRECTION('',(1.0,1.24487910965929E-15,5.25615624078369E-16));
#3308=DIRECTION('',(0.577350269189626,-0.577350269189626,-0.577350269189626));
#3309=CARTESIAN_POINT('',(-0.01,1.20370621524202E-35,-1.20370621524202E-35));
#3310=DIRECTION('',(1.65983881287905E-16,-1.65983881287905E-16,-1.0));
#3311=DIRECTION('',(-0.707106781186547,0.707106781186548,-2.34736656052681E-16));
#3312=CARTESIAN_POINT('',(-0.01,-8.86782922865684E-20,-8.86782922865684E-20));
#3313=DIRECTION('',(-1.0,0.0,0.0));
#3314=DIRECTION('',(0.0,0.707106781186547,0.707106781186547));
#3315=DIRECTION('',(-0.577350269189626,0.577350269189626,0.577350269189626));
#3316=CARTESIAN_POINT('',(-0.005,-0.005,-0.005));
#3317=DIRECTION('',(0.0,-0.707106781186548,-0.707106781186548));
#3318=DIRECTION('',(1.0,3.3196776257581E-16,-3.3196776257581E-16));
#3319=DIRECTION('',(0.577350269189626,-0.577350269189626,0.577350269189626));
#3320=CARTESIAN_POINT('',(-0.01,-8.86782922865684E-20,8.86782922865684E-20));
#3321=DIRECTION('',(-1.0,0.0,-0.0));
#3322=DIRECTION('',(0.0,0.707106781186547,-0.707106781186547));
#3323=DIRECTION('',(-0.577350269189626,0.577350269189626,-0.577350269189626));
#3324=CARTESIAN_POINT('',(-0.005,-0.005,0.005));
#3325=DIRECTION('',(2.50385766456195E-15,0.707106781186547,-0.707106781186547));
#3326=DIRECTION('',(-1.0,1.54918289202046E-15,-1.99180657545487E-15));
#3327=CARTESIAN_POINT('',(-0.005,-0.005,0.005));
#3328=DIRECTION('',(-0.707106781186548,-1.25192883228097E-15,-0.707106781186548));
#3329=DIRECTION('',(1.24487910965929E-15,-1.0,5.25615624078369E-16));
#3330=DIRECTION('',(-0.577350269189626,0.577350269189626,0.577350269189626));
#3331=DIRECTION('',(0.577350269189626,-0.577350269189626,-0.577350269189626));
#3332=CARTESIAN_POINT('',(-0.01,0.01,0.01));
#3333=DIRECTION('',(-0.0,-1.0,0.0));
#3334=DIRECTION('',(-0.707106781186547,0.0,0.707106781186548));
#3335=CARTESIAN_POINT('',(-0.01,0.01,0.01));
#3336=DIRECTION('',(0.0,-0.0,-1.0));
#3337=DIRECTION('',(0.707106781186547,-0.707106781186547,0.0));
#3338=CARTESIAN_POINT('',(-0.01,0.01,0.01));
#3339=DIRECTION('',(-1.0,-0.0,0.0));
#3340=DIRECTION('',(0.0,-0.707106781186547,-0.707106781186548));
#3341=DIRECTION('',(0.577350269189626,0.577350269189626,0.577350269189626));
#3342=CARTESIAN_POINT('',(-0.01,-0.01,-0.01));
#3343=DIRECTION('',(-1.0,0.0,0.0));
#3344=DIRECTION('',(0.0,0.707106781186547,0.707106781186548));
#3345=CARTESIAN_POINT('',(-0.01,-0.01,-0.01));
#3346=DIRECTION('',(-0.0,-1.0,0.0));
#3347=DIRECTION('',(-0.707106781186547,0.0,-0.707106781186548));
#3348=DIRECTION('',(-0.577350269189626,-0.577350269189626,-0.577350269189626));
#3349=CARTESIAN_POINT('',(-0.005,-0.005,-0.005));
#3350=DIRECTION('',(-0.707106781186548,0.0,-0.707106781186548));
#3351=DIRECTION('',(-3.3196776257581E-16,-1.0,3.3196776257581E-16));
#3352=CARTESIAN_POINT('',(-0.005,-0.005,-0.005));
#3353=DIRECTION('',(0.0,-0.707106781186548,-0.707106781186548));
#3354=DIRECTION('',(1.0,3.3196776257581E-16,-3.3196776257581E-16));
#3355=DIRECTION('',(0.577350269189626,-0.577350269189626,-0.577350269189626));
#3356=CARTESIAN_POINT('',(0.005,0.005,0.005));
#3357=DIRECTION('',(1.25192883228096E-15,-0.707106781186548,-0.707106781186548));
#3358=DIRECTION('',(-1.0,-9.40575327298127E-16,-8.29919406439524E-16));
#3359=CARTESIAN_POINT('',(0.005,0.005,0.005));
#3360=DIRECTION('',(0.707106781186547,-2.50385766456193E-15,-0.707106781186547));
#3361=DIRECTION('',(-1.99180657545486E-15,-1.0,1.54918289202045E-15));
#3362=DIRECTION('',(-0.577350269189626,0.577350269189626,0.577350269189626));
#3363=CARTESIAN_POINT('',(0.01,1.73472347597681E-18,1.73472347597681E-18));
#3364=DIRECTION('',(-6.6393552515162E-16,-1.0,6.6393552515162E-16));
#3365=DIRECTION('',(0.707106781186548,-9.38946624210724E-16,-0.707106781186547));
#3366=CARTESIAN_POINT('',(0.01,0.0,0.0));
#3367=DIRECTION('',(-1.0,0.0,0.0));
#3368=DIRECTION('',(0.0,0.707106781186547,0.707106781186548));
#3369=DIRECTION('',(-0.577350269189626,-0.577350269189626,0.577350269189626));
#3370=CARTESIAN_POINT('',(0.01,8.86782922865684E-20,-8.86782922865684E-20));
#3371=DIRECTION('',(-1.0,-0.0,0.0));
#3372=DIRECTION('',(0.0,-0.707106781186547,0.707106781186547));
#3373=DIRECTION('',(0.577350269189626,0.577350269189626,-0.577350269189626));
#3374=CARTESIAN_POINT('',(0.005,-0.005,0.005));
#3375=DIRECTION('',(0.707106781186547,0.0,-0.707106781186547));
#3376=DIRECTION('',(3.87295723005112E-16,1.0,3.87295723005112E-16));
#3377=CARTESIAN_POINT('',(0.005,-0.005,0.005));
#3378=DIRECTION('',(-2.50385766456195E-15,0.707106781186547,-0.707106781186547));
#3379=DIRECTION('',(-1.0,-1.54918289202046E-15,1.99180657545487E-15));
#3380=DIRECTION('',(0.0,-1.0,0.0));
#3381=DIRECTION('',(-1.0,0.0,0.0));
#3382=DIRECTION('',(0.0,-1.0,0.0));
#3383=DIRECTION('',(1.0,-0.0,0.0));
#3384=DIRECTION('',(0.0,1.0,0.0));
#3385=DIRECTION('',(-1.0,0.0,0.0));
#3386=DIRECTION('',(1.0,-0.0,0.0));
#3387=DIRECTION('',(0.0,1.0,0.0));
#3388=CARTESIAN_POINT('',(0.005,-0.005,0.005));
#3389=DIRECTION('',(-2.50385766456195E-15,0.707106781186547,-0.707106781186547));
#3390=DIRECTION('',(-1.0,-1.54918289202046E-15,1.99180657545487E-15));
#3391=CARTESIAN_POINT('',(0.005,-0.005,0.005));
#3392=DIRECTION('',(-0.707106781186547,-0.707106781186547,0.0));
#3393=DIRECTION('',(-3.04303782361159E-16,3.04303782361159E-16,1.0));
#3394=CARTESIAN_POINT('',(0.005,-0.005,0.005));
#3395=DIRECTION('',(0.707106781186547,0.0,-0.707106781186547));
#3396=DIRECTION('',(3.87295723005112E-16,1.0,3.87295723005112E-16));
#3397=CARTESIAN_POINT('',(0.01,1.73472347597681E-18,1.73472347597681E-18));
#3398=DIRECTION('',(-6.6393552515162E-16,-1.0,6.6393552515162E-16));
#3399=DIRECTION('',(0.707106781186548,-9.38946624210724E-16,-0.707106781186547));
#3400=CARTESIAN_POINT('',(0.01,8.86782922865684E-20,-8.86782922865684E-20));
#3401=DIRECTION('',(-1.0,-0.0,0.0));
#3402=DIRECTION('',(0.0,-0.707106781186547,0.707106781186547));
#3403=CARTESIAN_POINT('',(0.01,0.0,0.0));
#3404=DIRECTION('',(-1.0,0.0,0.0));
#3405=DIRECTION('',(0.0,0.707106781186547,0.707106781186548));
#3406=CARTESIAN_POINT('',(0.005,0.005,0.005));
#3407=DIRECTION('',(0.707106781186547,-2.50385766456193E-15,-0.707106781186547));
#3408=DIRECTION('',(-1.99180657545486E-15,-1.0,1.54918289202045E-15));
#3409=CARTESIAN_POINT('',(0.005,0.005,0.005));
#3410=DIRECTION('',(0.707106781186547,-0.707106781186547,1.73740026848802E-32));
#3411=DIRECTION('',(-1.2285275114832E-32,1.2285275114832E-32,1.0));
#3412=CARTESIAN_POINT('',(0.005,0.005,0.005));
#3413=DIRECTION('',(1.25192883228096E-15,-0.707106781186548,-0.707106781186548));
#3414=DIRECTION('',(-1.0,-9.40575327298127E-16,-8.29919406439524E-16));
#3415=CARTESIAN_POINT('',(-0.01,-8.86782922865684E-20,-8.86782922865684E-20));
#3416=DIRECTION('',(-1.0,0.0,0.0));
#3417=DIRECTION('',(0.0,0.707106781186547,0.707106781186547));
#3418=CARTESIAN_POINT('',(-0.01,-8.86782922865684E-20,8.86782922865684E-20));
#3419=DIRECTION('',(-1.0,0.0,-0.0));
#3420=DIRECTION('',(0.0,0.707106781186547,-0.707106781186547));
#3421=CARTESIAN_POINT('',(-0.01,0.0,0.0));
#3422=DIRECTION('',(-1.0,-0.0,0.0));
#3423=DIRECTION('',(0.0,-0.707106781186547,-0.707106781186548));
#3424=CARTESIAN_POINT('',(-0.01,0.0,0.0));
#3425=DIRECTION('',(-1.0,-0.0,0.0));
#3426=DIRECTION('',(0.0,-0.707106781186547,0.707106781186548));
#3427=DIRECTION('',(-0.0,0.0,1.0));
#3428=CARTESIAN_POINT('',(-0.01,-0.01,0.01));
#3429=DIRECTION('',(-0.0,-1.0,0.0));
#3430=DIRECTION('',(-0.707106781186547,0.0,0.707106781186548));
#3431=CARTESIAN_POINT('',(-0.005,-0.005,-0.005));
#3432=DIRECTION('',(0.0,-0.707106781186548,-0.707106781186548));
#3433=DIRECTION('',(1.0,3.3196776257581E-16,-3.3196776257581E-16));
#3434=CARTESIAN_POINT('',(-0.005,-0.005,-0.005));
#3435=DIRECTION('',(-0.707106781186548,-0.707106781186548,0.0));
#3436=DIRECTION('',(0.0,0.0,1.0));
#3437=CARTESIAN_POINT('',(-0.005,-0.005,-0.005));
#3438=DIRECTION('',(-0.707106781186548,0.0,-0.707106781186548));
#3439=DIRECTION('',(-3.3196776257581E-16,-1.0,3.3196776257581E-16));
#3440=CARTESIAN_POINT('',(-0.01,-0.01,-0.01));
#3441=DIRECTION('',(-0.0,-1.0,0.0));
#3442=DIRECTION('',(-0.707106781186547,0.0,-0.707106781186548));
#3443=CARTESIAN_POINT('',(-0.01,-0.01,-0.01));
#3444=DIRECTION('',(-0.0,0.0,-1.0));
#3445=DIRECTION('',(-0.707106781186547,-0.707106781186547,0.0));
#3446=CARTESIAN_POINT('',(-0.01,-0.01,-0.01));
#3447=DIRECTION('',(-1.0,0.0,0.0));
#3448=DIRECTION('',(0.0,0.707106781186547,0.707106781186548));
#3449=CARTESIAN_POINT('',(-0.01,0.01,0.01));
#3450=DIRECTION('',(-1.0,-0.0,0.0));
#3451=DIRECTION('',(0.0,-0.707106781186547,-0.707106781186548));
#3452=CARTESIAN_POINT('',(-0.01,0.01,0.01));
#3453=DIRECTION('',(-0.0,-1.0,0.0));
#3454=DIRECTION('',(-0.707106781186547,0.0,0.707106781186548));
#3455=CARTESIAN_POINT('',(-0.005,0.005,0.005));
#3456=DIRECTION('',(0.707106781186548,1.25192883228096E-15,-0.707106781186548));
#3457=DIRECTION('',(9.40575327298127E-16,-1.0,-8.29919406439524E-16));
#3458=CARTESIAN_POINT('',(-0.005,0.005,0.005));
#3459=DIRECTION('',(-2.50385766456193E-15,-0.707106781186547,-0.707106781186547));
#3460=DIRECTION('',(-1.0,1.99180657545486E-15,1.54918289202045E-15));
#3461=DIRECTION('',(0.0,-0.0,-1.0));
#3462=DIRECTION('',(1.0,-0.0,0.0));
#3463=DIRECTION('',(0.0,-0.0,-1.0));
#3464=CARTESIAN_POINT('',(-0.01,0.01,-0.01));
#3465=DIRECTION('',(-0.0,-1.0,0.0));
#3466=DIRECTION('',(-0.707106781186547,0.0,-0.707106781186548));
#3467=CARTESIAN_POINT('',(-0.005,-0.005,0.005));
#3468=DIRECTION('',(-0.707106781186548,-1.25192883228097E-15,-0.707106781186548));
#3469=DIRECTION('',(1.24487910965929E-15,-1.0,5.25615624078369E-16));
#3470=CARTESIAN_POINT('',(-0.005,-0.005,0.005));
#3471=DIRECTION('',(0.707106781186547,-0.707106781186547,0.0));
#3472=DIRECTION('',(3.04303782361159E-16,3.04303782361159E-16,1.0));
#3473=CARTESIAN_POINT('',(-0.005,-0.005,0.005));
#3474=DIRECTION('',(2.50385766456195E-15,0.707106781186547,-0.707106781186547));
#3475=DIRECTION('',(-1.0,1.54918289202046E-15,-1.99180657545487E-15));
#3476=CARTESIAN_POINT('',(-0.01,1.73472347597681E-18,1.73472347597681E-18));
#3477=DIRECTION('',(4.42623683434413E-16,-1.0,4.42623683434413E-16));
#3478=DIRECTION('',(0.707106781186548,6.25964416140483E-16,0.707106781186547));
#3479=CARTESIAN_POINT('',(-0.005,-0.005,-0.005));
#3480=DIRECTION('',(0.707106781186548,-5.00771532912387E-15,-0.707106781186548));
#3481=DIRECTION('',(3.87295723005112E-15,1.0,-3.2090217048995E-15));
#3482=CARTESIAN_POINT('',(-0.01,1.73472347597681E-18,-1.73472347597681E-18));
#3483=DIRECTION('',(4.42623683434413E-16,-1.0,-4.42623683434413E-16));
#3484=DIRECTION('',(0.707106781186548,6.25964416140483E-16,-0.707106781186547));
#3485=CARTESIAN_POINT('',(0.01,-0.01,0.01));
#3486=DIRECTION('',(-0.0,-1.0,0.0));
#3487=DIRECTION('',(-0.707106781186547,0.0,-0.707106781186548));
#3488=DIRECTION('',(-0.0,0.0,1.0));
#3489=CARTESIAN_POINT('',(8.86782922865684E-20,-0.01,-8.86782922865684E-20));
#3490=DIRECTION('',(-0.0,-1.0,0.0));
#3491=DIRECTION('',(-0.707106781186547,0.0,0.707106781186547));
#3492=CARTESIAN_POINT('',(8.86782922865684E-20,-0.01,8.86782922865684E-20));
#3493=DIRECTION('',(-0.0,-1.0,0.0));
#3494=DIRECTION('',(-0.707106781186547,0.0,-0.707106781186547));
#3495=CARTESIAN_POINT('',(8.86782922865684E-20,-0.01,-8.86782922865684E-20));
#3496=DIRECTION('',(-0.0,-1.0,0.0));
#3497=DIRECTION('',(-0.707106781186547,0.0,0.707106781186547));
#3498=CARTESIAN_POINT('',(8.86782922865684E-20,-0.01,8.86782922865684E-20));
#3499=DIRECTION('',(-0.0,-1.0,0.0));
#3500=DIRECTION('',(-0.707106781186547,0.0,-0.707106781186547));
#3501=CARTESIAN_POINT('',(0.005,-0.005,0.005));
#3502=DIRECTION('',(1.25192883228097E-15,-0.707106781186548,-0.707106781186548));
#3503=DIRECTION('',(1.0,1.24487910965929E-15,5.25615624078369E-16));
#3504=CARTESIAN_POINT('',(0.005,-0.005,0.005));
#3505=DIRECTION('',(-0.707106781186547,2.50385766456195E-15,-0.707106781186547));
#3506=DIRECTION('',(-1.54918289202046E-15,-1.0,-1.99180657545487E-15));
#3507=CARTESIAN_POINT('',(3.44681836622932E-20,-0.01,3.44681836622932E-20));
#3508=DIRECTION('',(-1.0,2.01490177904875E-17,2.01490177904875E-17));
#3509=DIRECTION('',(2.84950142278042E-17,0.707106781186547,0.707106781186548));
#3510=CARTESIAN_POINT('',(0.005,-0.005,-0.005));
#3511=DIRECTION('',(5.00771532912387E-15,0.707106781186548,-0.707106781186548));
#3512=DIRECTION('',(-1.0,3.87295723005112E-15,-3.2090217048995E-15));
#3513=CARTESIAN_POINT('',(0.005,-0.005,-0.005));
#3514=DIRECTION('',(0.707106781186548,0.0,-0.707106781186548));
#3515=DIRECTION('',(-3.3196776257581E-16,1.0,-3.3196776257581E-16));
#3516=CARTESIAN_POINT('',(3.44681836622932E-20,-0.01,-3.44681836622932E-20));
#3517=DIRECTION('',(-1.0,2.01490177904875E-17,-2.01490177904875E-17));
#3518=DIRECTION('',(2.84950142278042E-17,0.707106781186547,-0.707106781186548));
#3519=CARTESIAN_POINT('',(0.005,-0.005,-0.005));
#3520=DIRECTION('',(0.707106781186548,-0.707106781186548,0.0));
#3521=DIRECTION('',(0.0,0.0,1.0));
#3522=CARTESIAN_POINT('',(0.005,-0.005,-0.005));
#3523=DIRECTION('',(0.0,-0.707106781186548,-0.707106781186548));
#3524=DIRECTION('',(1.0,-3.3196776257581E-16,3.3196776257581E-16));
#3525=CARTESIAN_POINT('',(0.01,-0.01,-0.01));
#3526=DIRECTION('',(-1.0,-0.0,0.0));
#3527=DIRECTION('',(0.0,-0.707106781186547,-0.707106781186548));
#3528=CARTESIAN_POINT('',(0.01,-0.01,-0.01));
#3529=DIRECTION('',(0.0,-0.0,-1.0));
#3530=DIRECTION('',(0.707106781186547,-0.707106781186547,0.0));
#3531=CARTESIAN_POINT('',(0.01,-0.01,-0.01));
#3532=DIRECTION('',(-0.0,-1.0,0.0));
#3533=DIRECTION('',(-0.707106781186547,0.0,0.707106781186548));
#3534=CARTESIAN_POINT('',(-0.005,-0.005,0.005));
#3535=DIRECTION('',(0.707106781186547,2.50385766456195E-15,-0.707106781186547));
#3536=DIRECTION('',(-1.54918289202046E-15,1.0,1.99180657545487E-15));
#3537=CARTESIAN_POINT('',(-0.01,-0.01,0.01));
#3538=DIRECTION('',(-1.0,0.0,-0.0));
#3539=DIRECTION('',(0.0,0.707106781186547,-0.707106781186548));
#3540=DIRECTION('',(1.0,-0.0,0.0));
#3541=CARTESIAN_POINT('',(0.01,0.01,-0.01));
#3542=DIRECTION('',(-0.0,-1.0,0.0));
#3543=DIRECTION('',(-0.707106781186547,0.0,0.707106781186548));
#3544=DIRECTION('',(0.0,-0.0,-1.0));
#3545=CARTESIAN_POINT('',(0.0,0.01,0.0));
#3546=DIRECTION('',(-0.0,-1.0,0.0));
#3547=DIRECTION('',(-0.707106781186547,0.0,-0.707106781186548));
#3548=CARTESIAN_POINT('',(0.0,0.01,0.0));
#3549=DIRECTION('',(-0.0,-1.0,0.0));
#3550=DIRECTION('',(-0.707106781186547,0.0,0.707106781186548));
#3551=CARTESIAN_POINT('',(0.0,0.01,0.0));
#3552=DIRECTION('',(-0.0,-1.0,0.0));
#3553=DIRECTION('',(-0.707106781186547,0.0,-0.707106781186548));
#3554=CARTESIAN_POINT('',(0.0,0.01,0.0));
#3555=DIRECTION('',(-0.0,-1.0,0.0));
#3556=DIRECTION('',(-0.707106781186547,0.0,0.707106781186548));
#3557=CARTESIAN_POINT('',(-0.005,-0.005,-0.005));
#3558=DIRECTION('',(-5.00771532912387E-15,0.707106781186548,-0.707106781186548));
#3559=DIRECTION('',(-1.0,-3.87295723005112E-15,3.2090217048995E-15));
#3560=CARTESIAN_POINT('',(0.0,0.0,-0.01));
#3561=DIRECTION('',(3.87295723005112E-16,-1.0,-3.87295723005112E-16));
#3562=DIRECTION('',(0.707106781186548,5.47718864122923E-16,-0.707106781186548));
#3563=CARTESIAN_POINT('',(0.0,0.0,-0.01));
#3564=DIRECTION('',(0.0,0.0,-1.0));
#3565=DIRECTION('',(0.707106781186548,0.707106781186548,0.0));
#3566=CARTESIAN_POINT('',(0.0,0.0,-0.01));
#3567=DIRECTION('',(-1.0,0.0,-0.0));
#3568=DIRECTION('',(0.0,0.707106781186548,-0.707106781186547));
#3569=CARTESIAN_POINT('',(-8.67361737988404E-19,-8.67361737988404E-19,-0.01));
#3570=DIRECTION('',(-1.0,8.85247366868825E-16,8.85247366868825E-16));
#3571=DIRECTION('',(-1.25192883228096E-15,-0.707106781186547,-0.707106781186548));
#3572=CARTESIAN_POINT('',(0.0,0.0,-0.01));
#3573=DIRECTION('',(0.0,-0.0,-1.0));
#3574=DIRECTION('',(0.707106781186547,-0.707106781186547,0.0));
#3575=CARTESIAN_POINT('',(-0.005,0.005,-0.005));
#3576=DIRECTION('',(0.707106781186547,-2.50385766456193E-15,-0.707106781186547));
#3577=DIRECTION('',(-1.99180657545486E-15,-1.0,1.54918289202045E-15));
#3578=CARTESIAN_POINT('',(-0.005,0.005,-0.005));
#3579=DIRECTION('',(0.707106781186547,-0.707106781186547,1.73740026848802E-32));
#3580=DIRECTION('',(-1.2285275114832E-32,1.2285275114832E-32,1.0));
#3581=CARTESIAN_POINT('',(-0.005,0.005,-0.005));
#3582=DIRECTION('',(1.25192883228096E-15,-0.707106781186548,-0.707106781186548));
#3583=DIRECTION('',(-1.0,-9.40575327298127E-16,-8.29919406439524E-16));
#3584=CARTESIAN_POINT('',(0.01,0.0,0.0));
#3585=DIRECTION('',(-1.0,0.0,-0.0));
#3586=DIRECTION('',(0.0,0.707106781186547,-0.707106781186548));
#3587=CARTESIAN_POINT('',(0.01,1.73472347597681E-18,-1.73472347597681E-18));
#3588=DIRECTION('',(-6.08607564722317E-16,-1.0,-6.08607564722317E-16));
#3589=DIRECTION('',(0.707106781186548,-8.60701072193162E-16,0.707106781186547));
#3590=CARTESIAN_POINT('',(0.005,0.005,-0.005));
#3591=DIRECTION('',(-0.707106781186548,-1.25192883228096E-15,-0.707106781186548));
#3592=DIRECTION('',(-9.40575327298127E-16,1.0,-8.29919406439524E-16));
#3593=CARTESIAN_POINT('',(0.005,0.005,-0.005));
#3594=DIRECTION('',(2.50385766456193E-15,0.707106781186547,-0.707106781186547));
#3595=DIRECTION('',(1.0,-1.99180657545486E-15,1.54918289202045E-15));
#3596=CARTESIAN_POINT('',(-0.005,0.005,-0.005));
#3597=DIRECTION('',(-1.25192883228096E-15,0.707106781186548,-0.707106781186548));
#3598=DIRECTION('',(1.0,9.40575327298127E-16,-8.29919406439524E-16));
#3599=CARTESIAN_POINT('',(0.005,-0.005,-0.005));
#3600=DIRECTION('',(-0.707106781186548,-5.00771532912387E-15,-0.707106781186548));
#3601=DIRECTION('',(3.87295723005112E-15,-1.0,3.2090217048995E-15));
#3602=CARTESIAN_POINT('',(0.01,8.86782922865684E-20,8.86782922865684E-20));
#3603=DIRECTION('',(-1.0,-0.0,0.0));
#3604=DIRECTION('',(0.0,-0.707106781186547,-0.707106781186547));
#3605=CARTESIAN_POINT('',(-8.67361737988404E-19,0.01,-8.67361737988404E-19));
#3606=DIRECTION('',(-1.0,-8.85247366868825E-16,8.85247366868825E-16));
#3607=DIRECTION('',(1.25192883228096E-15,-0.707106781186547,0.707106781186548));
#3608=CARTESIAN_POINT('',(-0.005,0.005,0.005));
#3609=DIRECTION('',(2.50385766456193E-15,0.707106781186547,-0.707106781186547));
#3610=DIRECTION('',(1.0,-1.99180657545486E-15,1.54918289202045E-15));
#3611=CARTESIAN_POINT('',(-0.005,0.005,0.005));
#3612=DIRECTION('',(-0.707106781186547,-0.707106781186547,1.73740026848802E-32));
#3613=DIRECTION('',(1.2285275114832E-32,1.2285275114832E-32,1.0));
#3614=CARTESIAN_POINT('',(0.005,0.005,0.005));
#3615=DIRECTION('',(-0.707106781186547,2.50385766456193E-15,-0.707106781186547));
#3616=DIRECTION('',(1.99180657545486E-15,1.0,1.54918289202045E-15));
#3617=CARTESIAN_POINT('',(0.005,0.005,0.005));
#3618=DIRECTION('',(-1.25192883228096E-15,0.707106781186548,-0.707106781186548));
#3619=DIRECTION('',(1.0,9.40575327298127E-16,-8.29919406439524E-16));
#3620=CARTESIAN_POINT('',(-0.005,-0.005,0.005));
#3621=DIRECTION('',(0.0,-0.707106781186547,-0.707106781186547));
#3622=DIRECTION('',(1.0,-3.87295723005112E-16,3.87295723005112E-16));
#3623=CARTESIAN_POINT('',(0.0,0.0,0.01));
#3624=DIRECTION('',(-1.0,5.53279604293017E-17,5.53279604293017E-17));
#3625=DIRECTION('',(7.82455520175604E-17,0.707106781186548,0.707106781186547));
#3626=CARTESIAN_POINT('',(0.0,0.0,0.01));
#3627=DIRECTION('',(-3.87295723005112E-16,-1.0,3.87295723005112E-16));
#3628=DIRECTION('',(0.707106781186548,-5.47718864122923E-16,-0.707106781186548));
#3629=CARTESIAN_POINT('',(-0.005,0.005,0.005));
#3630=DIRECTION('',(-0.707106781186548,-1.25192883228096E-15,-0.707106781186548));
#3631=DIRECTION('',(-9.40575327298127E-16,1.0,-8.29919406439524E-16));
#3632=CARTESIAN_POINT('',(-8.67361737988404E-19,-8.67361737988404E-19,0.01));
#3633=DIRECTION('',(-1.0,8.85247366868825E-16,-8.85247366868825E-16));
#3634=DIRECTION('',(-1.25192883228096E-15,-0.707106781186547,0.707106781186548));
#3635=CARTESIAN_POINT('',(-8.67361737988404E-19,0.01,8.67361737988404E-19));
#3636=DIRECTION('',(-1.0,-8.85247366868825E-16,-8.85247366868825E-16));
#3637=DIRECTION('',(1.25192883228096E-15,-0.707106781186547,-0.707106781186548));
#3638=CARTESIAN_POINT('',(0.005,0.005,-0.005));
#3639=DIRECTION('',(0.707106781186548,1.25192883228096E-15,-0.707106781186548));
#3640=DIRECTION('',(9.40575327298127E-16,-1.0,-8.29919406439524E-16));
#3641=CARTESIAN_POINT('',(0.005,0.005,-0.005));
#3642=DIRECTION('',(-2.50385766456193E-15,-0.707106781186547,-0.707106781186547));
#3643=DIRECTION('',(-1.0,1.99180657545486E-15,1.54918289202045E-15));
#3644=CARTESIAN_POINT('',(-0.005,0.005,-0.005));
#3645=DIRECTION('',(-0.707106781186547,2.50385766456193E-15,-0.707106781186547));
#3646=DIRECTION('',(1.99180657545486E-15,1.0,1.54918289202045E-15));
#3647=CARTESIAN_POINT('',(0.01,0.01,0.01));
#3648=DIRECTION('',(-0.0,-1.0,0.0));
#3649=DIRECTION('',(-0.707106781186547,0.0,-0.707106781186548));
#3650=CARTESIAN_POINT('',(0.01,0.01,0.01));
#3651=DIRECTION('',(-1.0,0.0,0.0));
#3652=DIRECTION('',(0.0,0.707106781186547,0.707106781186548));
#3653=DIRECTION('',(0.0,-0.0,-1.0));
#3654=CARTESIAN_POINT('',(0.01,-0.01,0.01));
#3655=DIRECTION('',(-1.0,-0.0,0.0));
#3656=DIRECTION('',(0.0,-0.707106781186547,0.707106781186548));
#3657=DIRECTION('',(-1.0,0.0,0.0));
#3658=DIRECTION('',(-0.0,0.0,1.0));
#3659=DIRECTION('',(0.0,1.0,0.0));
#3660=CARTESIAN_POINT('',(0.0,0.0,-0.01));
#3661=DIRECTION('',(-3.87295723005112E-16,-1.0,-3.87295723005112E-16));
#3662=DIRECTION('',(0.707106781186548,-5.47718864122923E-16,0.707106781186548));
#3663=CARTESIAN_POINT('',(0.0,0.0,-0.01));
#3664=DIRECTION('',(-0.0,0.0,-1.0));
#3665=DIRECTION('',(-0.707106781186547,-0.707106781186547,0.0));
#3666=CARTESIAN_POINT('',(0.005,0.005,-0.005));
#3667=DIRECTION('',(-0.707106781186547,-0.707106781186547,1.73740026848802E-32));
#3668=DIRECTION('',(1.2285275114832E-32,1.2285275114832E-32,1.0));
#3669=CARTESIAN_POINT('',(0.0,0.0,-0.01));
#3670=DIRECTION('',(-0.0,0.0,-1.0));
#3671=DIRECTION('',(-0.707106781186548,0.707106781186548,0.0));
#3672=CARTESIAN_POINT('',(-0.01,0.01,-0.01));
#3673=DIRECTION('',(-1.0,-0.0,0.0));
#3674=DIRECTION('',(0.0,-0.707106781186547,0.707106781186548));
#3675=CARTESIAN_POINT('',(-0.01,0.01,-0.01));
#3676=DIRECTION('',(-0.0,0.0,-1.0));
#3677=DIRECTION('',(-0.707106781186547,0.707106781186547,0.0));
#3678=DIRECTION('',(0.0,1.0,0.0));
#3679=DIRECTION('',(0.0,-1.0,0.0));
#3680=CARTESIAN_POINT('',(0.01,0.01,-0.01));
#3681=DIRECTION('',(-1.0,0.0,-0.0));
#3682=DIRECTION('',(0.0,0.707106781186547,-0.707106781186548));
#3683=CARTESIAN_POINT('',(0.01,0.01,-0.01));
#3684=DIRECTION('',(0.0,0.0,-1.0));
#3685=DIRECTION('',(0.707106781186547,0.707106781186547,0.0));
#3686=DIRECTION('',(0.0,-1.0,0.0));
#3687=DIRECTION('',(-0.0,0.0,1.0));
#3688=DIRECTION('',(-1.0,0.0,0.0));
#3689=CARTESIAN_POINT('',(8.67361737988404E-19,-8.67361737988404E-19,0.01));
#3690=DIRECTION('',(1.21721512944464E-15,-1.0,1.21721512944464E-15));
#3691=DIRECTION('',(0.707106781186548,1.72140214438633E-15,0.707106781186548));
#3692=PRESENTATION_LAYER_ASSIGNMENT('9','\X2\56FE5C42\X0\0',(#25));
ENDSEC;
END-ISO-10303-21;
