ISO-10303-21;
HEADER;
FILE_DESCRIPTION(('STEP AP214'),'1');
FILE_NAME('Fluorite08.stp','2026-06-24T14:37:36',(' '),(' '),'Spatial InterOp 3D',' ',' ');
FILE_SCHEMA(('AUTOMOTIVE_DESIGN { 1 0 10303 214 1 1 1 1 }'));
ENDSEC;
DATA;
#1=MECHANICAL_DESIGN_GEOMETRIC_PRESENTATION_REPRESENTATION(' ',(#10),#6);
#2=PRODUCT_DEFINITION_CONTEXT('',#11,'design');
#3=APPLICATION_PROTOCOL_DEFINITION('INTERNATIONAL STANDARD','automotive_design',1994,#11);
#4=PRODUCT_CATEGORY_RELATIONSHIP('NONE','NONE',#12,#13);
#5=SHAPE_DEFINITION_REPRESENTATION(#14,#15);
#6= (GEOMETRIC_REPRESENTATION_CONTEXT(3)GLOBAL_UNCERTAINTY_ASSIGNED_CONTEXT((#18))GLOBAL_UNIT_ASSIGNED_CONTEXT((#20,#21,#22))REPRESENTATION_CONTEXT('NONE','WORKSPACE'));
#10=STYLED_ITEM('',(#24),#25);
#11=APPLICATION_CONTEXT(' ');
#12=PRODUCT_CATEGORY('part','NONE');
#13=PRODUCT_RELATED_PRODUCT_CATEGORY('detail',' ',(#26));
#14=PRODUCT_DEFINITION_SHAPE('NONE','NONE',#27);
#15=ADVANCED_BREP_SHAPE_REPRESENTATION('\X2\5B9E4F53\X0\555',(#25,#28),#6);
#18=UNCERTAINTY_MEASURE_WITH_UNIT(LENGTH_MEASURE(1.0E-08),#20,'','');
#20= (CONVERSION_BASED_UNIT('METRE',#31)LENGTH_UNIT()NAMED_UNIT(#34));
#21= (NAMED_UNIT(#36)PLANE_ANGLE_UNIT()SI_UNIT($,.RADIAN.));
#22= (NAMED_UNIT(#36)SOLID_ANGLE_UNIT()SI_UNIT($,.STERADIAN.));
#24=PRESENTATION_STYLE_ASSIGNMENT((#42));
#25=MANIFOLD_SOLID_BREP('\X2\5B9E4F53\X0\555',#43);
#26=PRODUCT('\X2\5B9E4F53\X0\555','','PART--DESC',(#44));
#27=PRODUCT_DEFINITION('','NONE',#45,#2);
#28=AXIS2_PLACEMENT_3D('',#46,#47,#48);
#31=LENGTH_MEASURE_WITH_UNIT(LENGTH_MEASURE(1.0),#49);
#34=DIMENSIONAL_EXPONENTS(1.0,0.0,0.0,0.0,0.0,0.0,0.0);
#36=DIMENSIONAL_EXPONENTS(0.0,0.0,0.0,0.0,0.0,0.0,0.0);
#42=SURFACE_STYLE_USAGE(.BOTH.,#50);
#43=CLOSED_SHELL('',(#51,#52,#53,#54,#55,#56,#57,#58,#59,#60,#61,#62,#63,#64,#65,#66,#67,#68,#69,#70,#71,#72,#73,#74,#75,#76,#77,#78,#79,#80,#81,#82,#83,#84,#85,#86,#87,#88,#89,#90,#91,#92,#93,#94,#95,#96,#97,#98,#99,#100,#101,#102,#103,#104,#105,#106,#107,#108,#109,#110,#111,#112,#113,#114,#115,#116,#117,#118,#119,#120,#121,#122,#123,#124,#125,#126,#127,#128,#129,#130,#131,#132,#133,#134,#135,#136,#137,#138,#139,#140,#141,#142,#143,#144));
#44=PRODUCT_CONTEXT('',#11,'mechanical');
#45=PRODUCT_DEFINITION_FORMATION_WITH_SPECIFIED_SOURCE(' ','NONE',#26,.NOT_KNOWN.);
#46=CARTESIAN_POINT('',(0.0,0.0,0.0));
#47=DIRECTION('',(0.0,0.0,1.0));
#48=DIRECTION('',(1.0,0.0,0.0));
#49= (NAMED_UNIT(#34)LENGTH_UNIT()SI_UNIT($,.METRE.));
#50=SURFACE_SIDE_STYLE('',(#146));
#51=ADVANCED_FACE('5:28053',(#147),#148,.T.);
#52=ADVANCED_FACE('5:28033',(#149),#150,.T.);
#53=ADVANCED_FACE('5:27963',(#151),#152,.T.);
#54=ADVANCED_FACE('5:27953',(#153),#154,.T.);
#55=ADVANCED_FACE('5:26427',(#155),#156,.T.);
#56=ADVANCED_FACE('5:26337',(#157),#158,.T.);
#57=ADVANCED_FACE('5:26297',(#159),#160,.T.);
#58=ADVANCED_FACE('5:26277',(#161),#162,.T.);
#59=ADVANCED_FACE('5:26394',(#163),#164,.T.);
#60=ADVANCED_FACE('5:28080',(#165),#166,.T.);
#61=ADVANCED_FACE('5:24679',(#167),#168,.T.);
#62=ADVANCED_FACE('5:24659',(#169),#170,.T.);
#63=ADVANCED_FACE('5:27990',(#171),#172,.T.);
#64=ADVANCED_FACE('5:21771',(#173),#174,.T.);
#65=ADVANCED_FACE('5:21751',(#175),#176,.T.);
#66=ADVANCED_FACE('5:27940',(#177),#178,.T.);
#67=ADVANCED_FACE('5:27970',(#179),#180,.T.);
#68=ADVANCED_FACE('5:22429',(#181),#182,.T.);
#69=ADVANCED_FACE('5:21738',(#183),#184,.T.);
#70=ADVANCED_FACE('5:21758',(#185),#186,.T.);
#71=ADVANCED_FACE('5:23830',(#187),#188,.T.);
#72=ADVANCED_FACE('5:24666',(#189),#190,.T.);
#73=ADVANCED_FACE('5:22419',(#191),#192,.T.);
#74=ADVANCED_FACE('5:23810',(#193),#194,.T.);
#75=ADVANCED_FACE('5:26284',(#195),#196,.T.);
#76=ADVANCED_FACE('5:24686',(#197),#198,.T.);
#77=ADVANCED_FACE('5:26304',(#199),#200,.T.);
#78=ADVANCED_FACE('5:26354',(#201),#202,.T.);
#79=ADVANCED_FACE('5:22412',(#203),#204,.T.);
#80=ADVANCED_FACE('5:22442',(#205),#206,.T.);
#81=ADVANCED_FACE('5:23823',(#207),#208,.T.);
#82=ADVANCED_FACE('5:23843',(#209),#210,.T.);
#83=ADVANCED_FACE('5:27917',(#211),#212,.T.);
#84=ADVANCED_FACE('5:27914',(#213),#214,.T.);
#85=ADVANCED_FACE('5:27911',(#215),#216,.T.);
#86=ADVANCED_FACE('5:27908',(#217),#218,.T.);
#87=ADVANCED_FACE('5:27905',(#219),#220,.T.);
#88=ADVANCED_FACE('5:23843',(#221),#222,.T.);
#89=ADVANCED_FACE('5:23823',(#223),#224,.T.);
#90=ADVANCED_FACE('5:28020',(#225),#226,.F.);
#91=ADVANCED_FACE('5:22333',(#227),#228,.F.);
#92=ADVANCED_FACE('5:22442',(#229),#230,.T.);
#93=ADVANCED_FACE('5:22412',(#231),#232,.T.);
#94=ADVANCED_FACE('5:26354',(#233),#234,.T.);
#95=ADVANCED_FACE('5:28060',(#235),#236,.T.);
#96=ADVANCED_FACE('5:26324',(#237),#238,.T.);
#97=ADVANCED_FACE('5:21703',(#239),#240,.T.);
#98=ADVANCED_FACE('5:26304',(#241),#242,.T.);
#99=ADVANCED_FACE('5:24686',(#243),#244,.T.);
#100=ADVANCED_FACE('5:26284',(#245),#246,.T.);
#101=ADVANCED_FACE('5:23810',(#247),#248,.T.);
#102=ADVANCED_FACE('5:22419',(#249),#250,.T.);
#103=ADVANCED_FACE('5:24666',(#251),#252,.T.);
#104=ADVANCED_FACE('5:23830',(#253),#254,.T.);
#105=ADVANCED_FACE('5:21758',(#255),#256,.T.);
#106=ADVANCED_FACE('5:21738',(#257),#258,.T.);
#107=ADVANCED_FACE('5:22429',(#259),#260,.T.);
#108=ADVANCED_FACE('5:27970',(#261),#262,.T.);
#109=ADVANCED_FACE('5:27940',(#263),#264,.T.);
#110=ADVANCED_FACE('5:21751',(#265),#266,.T.);
#111=ADVANCED_FACE('5:21771',(#267),#268,.T.);
#112=ADVANCED_FACE('5:27990',(#269),#270,.T.);
#113=ADVANCED_FACE('5:23775',(#271),#272,.T.);
#114=ADVANCED_FACE('5:27980',(#273),#274,.T.);
#115=ADVANCED_FACE('5:28010',(#275),#276,.T.);
#116=ADVANCED_FACE('5:24659',(#277),#278,.T.);
#117=ADVANCED_FACE('5:24679',(#279),#280,.T.);
#118=ADVANCED_FACE('5:26414',(#281),#282,.F.);
#119=ADVANCED_FACE('5:28080',(#283),#284,.T.);
#120=ADVANCED_FACE('5:26394',(#285),#286,.T.);
#121=ADVANCED_FACE('5:28040',(#287),#288,.F.);
#122=ADVANCED_FACE('5:28070',(#289),#290,.F.);
#123=ADVANCED_FACE('5:24649',(#291),#292,.F.);
#124=ADVANCED_FACE('5:26277',(#293),#294,.T.);
#125=ADVANCED_FACE('5:26297',(#295),#296,.T.);
#126=ADVANCED_FACE('5:26317',(#297),#298,.T.);
#127=ADVANCED_FACE('5:26337',(#299),#300,.T.);
#128=ADVANCED_FACE('5:26347',(#301),#302,.T.);
#129=ADVANCED_FACE('5:26367',(#303),#304,.F.);
#130=ADVANCED_FACE('5:26377',(#305),#306,.F.);
#131=ADVANCED_FACE('5:26387',(#307),#308,.T.);
#132=ADVANCED_FACE('5:26407',(#309),#310,.F.);
#133=ADVANCED_FACE('5:26427',(#311),#312,.T.);
#134=ADVANCED_FACE('5:26255',(#313),#314,.F.);
#135=ADVANCED_FACE('5:26258',(#315),#316,.F.);
#136=ADVANCED_FACE('5:26261',(#317),#318,.F.);
#137=ADVANCED_FACE('5:26264',(#319),#320,.F.);
#138=ADVANCED_FACE('5:26267',(#321),#322,.F.);
#139=ADVANCED_FACE('5:27953',(#323),#324,.T.);
#140=ADVANCED_FACE('5:27963',(#325),#326,.T.);
#141=ADVANCED_FACE('5:28003',(#327),#328,.T.);
#142=ADVANCED_FACE('5:28033',(#329),#330,.T.);
#143=ADVANCED_FACE('5:28053',(#331),#332,.T.);
#144=ADVANCED_FACE('5:28093',(#333),#334,.F.);
#146=SURFACE_STYLE_FILL_AREA(#335);
#147=FACE_OUTER_BOUND('',#336,.T.);
#148=CYLINDRICAL_SURFACE('',#337,0.0008);
#149=FACE_OUTER_BOUND('',#338,.T.);
#150=CYLINDRICAL_SURFACE('',#339,0.000800000000000001);
#151=FACE_OUTER_BOUND('',#340,.T.);
#152=CYLINDRICAL_SURFACE('',#341,0.0008);
#153=FACE_OUTER_BOUND('',#342,.T.);
#154=CYLINDRICAL_SURFACE('',#343,0.0008);
#155=FACE_OUTER_BOUND('',#344,.T.);
#156=CYLINDRICAL_SURFACE('',#345,0.000800000000000001);
#157=FACE_OUTER_BOUND('',#346,.T.);
#158=CYLINDRICAL_SURFACE('',#347,0.0008);
#159=FACE_OUTER_BOUND('',#348,.T.);
#160=CYLINDRICAL_SURFACE('',#349,0.0008);
#161=FACE_OUTER_BOUND('',#350,.T.);
#162=CYLINDRICAL_SURFACE('',#351,0.0008);
#163=FACE_OUTER_BOUND('',#352,.T.);
#164=CYLINDRICAL_SURFACE('',#353,0.0008);
#165=FACE_OUTER_BOUND('',#354,.T.);
#166=CYLINDRICAL_SURFACE('',#355,0.000800000000000001);
#167=FACE_OUTER_BOUND('',#356,.T.);
#168=CYLINDRICAL_SURFACE('',#357,0.0008);
#169=FACE_OUTER_BOUND('',#358,.T.);
#170=CYLINDRICAL_SURFACE('',#359,0.0008);
#171=FACE_OUTER_BOUND('',#360,.T.);
#172=CYLINDRICAL_SURFACE('',#361,0.0008);
#173=FACE_OUTER_BOUND('',#362,.T.);
#174=CYLINDRICAL_SURFACE('',#363,0.0008);
#175=FACE_OUTER_BOUND('',#364,.T.);
#176=CYLINDRICAL_SURFACE('',#365,0.0008);
#177=FACE_OUTER_BOUND('',#366,.T.);
#178=CYLINDRICAL_SURFACE('',#367,0.0008);
#179=FACE_OUTER_BOUND('',#368,.T.);
#180=CYLINDRICAL_SURFACE('',#369,0.0008);
#181=FACE_OUTER_BOUND('',#370,.T.);
#182=CYLINDRICAL_SURFACE('',#371,0.000800000000000001);
#183=FACE_OUTER_BOUND('',#372,.T.);
#184=CYLINDRICAL_SURFACE('',#373,0.0008);
#185=FACE_OUTER_BOUND('',#374,.T.);
#186=CYLINDRICAL_SURFACE('',#375,0.0008);
#187=FACE_OUTER_BOUND('',#376,.T.);
#188=CYLINDRICAL_SURFACE('',#377,0.000800000000000001);
#189=FACE_OUTER_BOUND('',#378,.T.);
#190=CYLINDRICAL_SURFACE('',#379,0.000800000000000001);
#191=FACE_OUTER_BOUND('',#380,.T.);
#192=CYLINDRICAL_SURFACE('',#381,0.000800000000000001);
#193=FACE_OUTER_BOUND('',#382,.T.);
#194=CYLINDRICAL_SURFACE('',#383,0.0008);
#195=FACE_OUTER_BOUND('',#384,.T.);
#196=CYLINDRICAL_SURFACE('',#385,0.0008);
#197=FACE_OUTER_BOUND('',#386,.T.);
#198=CYLINDRICAL_SURFACE('',#387,0.000800000000000001);
#199=FACE_OUTER_BOUND('',#388,.T.);
#200=CYLINDRICAL_SURFACE('',#389,0.0008);
#201=FACE_OUTER_BOUND('',#390,.T.);
#202=CYLINDRICAL_SURFACE('',#391,0.000800000000000001);
#203=FACE_OUTER_BOUND('',#392,.T.);
#204=CYLINDRICAL_SURFACE('',#393,0.000800000000000001);
#205=FACE_OUTER_BOUND('',#394,.T.);
#206=CYLINDRICAL_SURFACE('',#395,0.000800000000000001);
#207=FACE_OUTER_BOUND('',#396,.T.);
#208=CYLINDRICAL_SURFACE('',#397,0.0008);
#209=FACE_OUTER_BOUND('',#398,.T.);
#210=CYLINDRICAL_SURFACE('',#399,0.000800000000000001);
#211=FACE_OUTER_BOUND('',#400,.T.);
#212=PLANE('',#401);
#213=FACE_OUTER_BOUND('',#402,.T.);
#214=PLANE('',#403);
#215=FACE_OUTER_BOUND('',#404,.T.);
#216=PLANE('',#405);
#217=FACE_OUTER_BOUND('',#406,.T.);
#218=PLANE('',#407);
#219=FACE_OUTER_BOUND('',#408,.T.);
#220=PLANE('',#409);
#221=FACE_OUTER_BOUND('',#410,.T.);
#222=CYLINDRICAL_SURFACE('',#411,0.000800000000000001);
#223=FACE_OUTER_BOUND('',#412,.T.);
#224=CYLINDRICAL_SURFACE('',#413,0.0008);
#225=FACE_OUTER_BOUND('',#414,.T.);
#226=PLANE('',#415);
#227=FACE_OUTER_BOUND('',#416,.T.);
#228=PLANE('',#417);
#229=FACE_OUTER_BOUND('',#418,.T.);
#230=CYLINDRICAL_SURFACE('',#419,0.000800000000000001);
#231=FACE_OUTER_BOUND('',#420,.T.);
#232=CYLINDRICAL_SURFACE('',#421,0.000800000000000001);
#233=FACE_OUTER_BOUND('',#422,.T.);
#234=CYLINDRICAL_SURFACE('',#423,0.000800000000000001);
#235=FACE_OUTER_BOUND('',#424,.T.);
#236=PLANE('',#425);
#237=FACE_OUTER_BOUND('',#426,.T.);
#238=PLANE('',#427);
#239=FACE_OUTER_BOUND('',#428,.T.);
#240=PLANE('',#429);
#241=FACE_OUTER_BOUND('',#430,.T.);
#242=CYLINDRICAL_SURFACE('',#431,0.0008);
#243=FACE_OUTER_BOUND('',#432,.T.);
#244=CYLINDRICAL_SURFACE('',#433,0.000800000000000001);
#245=FACE_OUTER_BOUND('',#434,.T.);
#246=CYLINDRICAL_SURFACE('',#435,0.0008);
#247=FACE_OUTER_BOUND('',#436,.T.);
#248=CYLINDRICAL_SURFACE('',#437,0.0008);
#249=FACE_OUTER_BOUND('',#438,.T.);
#250=CYLINDRICAL_SURFACE('',#439,0.000800000000000001);
#251=FACE_OUTER_BOUND('',#440,.T.);
#252=CYLINDRICAL_SURFACE('',#441,0.000800000000000001);
#253=FACE_OUTER_BOUND('',#442,.T.);
#254=CYLINDRICAL_SURFACE('',#443,0.000800000000000001);
#255=FACE_OUTER_BOUND('',#444,.T.);
#256=CYLINDRICAL_SURFACE('',#445,0.0008);
#257=FACE_OUTER_BOUND('',#446,.T.);
#258=CYLINDRICAL_SURFACE('',#447,0.0008);
#259=FACE_OUTER_BOUND('',#448,.T.);
#260=CYLINDRICAL_SURFACE('',#449,0.000800000000000001);
#261=FACE_OUTER_BOUND('',#450,.T.);
#262=CYLINDRICAL_SURFACE('',#451,0.0008);
#263=FACE_OUTER_BOUND('',#452,.T.);
#264=CYLINDRICAL_SURFACE('',#453,0.0008);
#265=FACE_OUTER_BOUND('',#454,.T.);
#266=CYLINDRICAL_SURFACE('',#455,0.0008);
#267=FACE_OUTER_BOUND('',#456,.T.);
#268=CYLINDRICAL_SURFACE('',#457,0.0008);
#269=FACE_OUTER_BOUND('',#458,.T.);
#270=CYLINDRICAL_SURFACE('',#459,0.0008);
#271=FACE_OUTER_BOUND('',#460,.T.);
#272=PLANE('',#461);
#273=FACE_OUTER_BOUND('',#462,.T.);
#274=PLANE('',#463);
#275=FACE_OUTER_BOUND('',#464,.T.);
#276=PLANE('',#465);
#277=FACE_OUTER_BOUND('',#466,.T.);
#278=CYLINDRICAL_SURFACE('',#467,0.0008);
#279=FACE_OUTER_BOUND('',#468,.T.);
#280=CYLINDRICAL_SURFACE('',#469,0.0008);
#281=FACE_OUTER_BOUND('',#470,.T.);
#282=PLANE('',#471);
#283=FACE_OUTER_BOUND('',#472,.T.);
#284=CYLINDRICAL_SURFACE('',#473,0.000800000000000001);
#285=FACE_OUTER_BOUND('',#474,.T.);
#286=CYLINDRICAL_SURFACE('',#475,0.0008);
#287=FACE_OUTER_BOUND('',#476,.T.);
#288=PLANE('',#477);
#289=FACE_OUTER_BOUND('',#478,.T.);
#290=PLANE('',#479);
#291=FACE_OUTER_BOUND('',#480,.T.);
#292=PLANE('',#481);
#293=FACE_OUTER_BOUND('',#482,.T.);
#294=CYLINDRICAL_SURFACE('',#483,0.0008);
#295=FACE_OUTER_BOUND('',#484,.T.);
#296=CYLINDRICAL_SURFACE('',#485,0.0008);
#297=FACE_OUTER_BOUND('',#486,.T.);
#298=PLANE('',#487);
#299=FACE_OUTER_BOUND('',#488,.T.);
#300=CYLINDRICAL_SURFACE('',#489,0.0008);
#301=FACE_OUTER_BOUND('',#490,.T.);
#302=PLANE('',#491);
#303=FACE_OUTER_BOUND('',#492,.T.);
#304=PLANE('',#493);
#305=FACE_OUTER_BOUND('',#494,.T.);
#306=PLANE('',#495);
#307=FACE_OUTER_BOUND('',#496,.T.);
#308=PLANE('',#497);
#309=FACE_OUTER_BOUND('',#498,.T.);
#310=PLANE('',#499);
#311=FACE_OUTER_BOUND('',#500,.T.);
#312=CYLINDRICAL_SURFACE('',#501,0.000800000000000001);
#313=FACE_OUTER_BOUND('',#502,.T.);
#314=PLANE('',#503);
#315=FACE_OUTER_BOUND('',#504,.T.);
#316=PLANE('',#505);
#317=FACE_OUTER_BOUND('',#506,.T.);
#318=PLANE('',#507);
#319=FACE_OUTER_BOUND('',#508,.T.);
#320=PLANE('',#509);
#321=FACE_OUTER_BOUND('',#510,.T.);
#322=PLANE('',#511);
#323=FACE_OUTER_BOUND('',#512,.T.);
#324=CYLINDRICAL_SURFACE('',#513,0.0008);
#325=FACE_OUTER_BOUND('',#514,.T.);
#326=CYLINDRICAL_SURFACE('',#515,0.0008);
#327=FACE_OUTER_BOUND('',#516,.T.);
#328=PLANE('',#517);
#329=FACE_OUTER_BOUND('',#518,.T.);
#330=CYLINDRICAL_SURFACE('',#519,0.000800000000000001);
#331=FACE_OUTER_BOUND('',#520,.T.);
#332=CYLINDRICAL_SURFACE('',#521,0.0008);
#333=FACE_OUTER_BOUND('',#522,.T.);
#334=PLANE('',#523);
#335=FILL_AREA_STYLE('',(#524));
#336=EDGE_LOOP('',(#525,#526,#527,#528,#529,#530,#531,#532));
#337=AXIS2_PLACEMENT_3D('',#533,#534,#535);
#338=EDGE_LOOP('',(#536,#537,#538,#539,#540,#541,#542,#543));
#339=AXIS2_PLACEMENT_3D('',#544,#545,#546);
#340=EDGE_LOOP('',(#547,#548,#549,#550,#551,#552,#553,#554));
#341=AXIS2_PLACEMENT_3D('',#555,#556,#557);
#342=EDGE_LOOP('',(#558,#559,#560,#561,#562,#563,#564,#565));
#343=AXIS2_PLACEMENT_3D('',#566,#567,#568);
#344=EDGE_LOOP('',(#569,#570,#571,#572,#573,#574,#575,#576));
#345=AXIS2_PLACEMENT_3D('',#577,#578,#579);
#346=EDGE_LOOP('',(#580,#581,#582,#583,#584,#585,#586,#587));
#347=AXIS2_PLACEMENT_3D('',#588,#589,#590);
#348=EDGE_LOOP('',(#591,#592,#593,#594,#595,#596,#597,#598));
#349=AXIS2_PLACEMENT_3D('',#599,#600,#601);
#350=EDGE_LOOP('',(#602,#603,#604,#605,#606,#607,#608,#609));
#351=AXIS2_PLACEMENT_3D('',#610,#611,#612);
#352=EDGE_LOOP('',(#613,#614,#615,#616,#617,#618,#619,#620));
#353=AXIS2_PLACEMENT_3D('',#621,#622,#623);
#354=EDGE_LOOP('',(#624,#625,#626,#627,#628,#629,#630,#631));
#355=AXIS2_PLACEMENT_3D('',#632,#633,#634);
#356=EDGE_LOOP('',(#635,#636,#637,#638,#639,#640,#641,#642));
#357=AXIS2_PLACEMENT_3D('',#643,#644,#645);
#358=EDGE_LOOP('',(#646,#647,#648,#649,#650,#651,#652,#653));
#359=AXIS2_PLACEMENT_3D('',#654,#655,#656);
#360=EDGE_LOOP('',(#657,#658,#659,#660,#661,#662,#663,#664));
#361=AXIS2_PLACEMENT_3D('',#665,#666,#667);
#362=EDGE_LOOP('',(#668,#669,#670,#671,#672,#673,#674,#675));
#363=AXIS2_PLACEMENT_3D('',#676,#677,#678);
#364=EDGE_LOOP('',(#679,#680,#681,#682,#683,#684,#685,#686));
#365=AXIS2_PLACEMENT_3D('',#687,#688,#689);
#366=EDGE_LOOP('',(#690,#691,#692,#693,#694,#695,#696,#697));
#367=AXIS2_PLACEMENT_3D('',#698,#699,#700);
#368=EDGE_LOOP('',(#701,#702,#703,#704,#705,#706,#707,#708));
#369=AXIS2_PLACEMENT_3D('',#709,#710,#711);
#370=EDGE_LOOP('',(#712,#713,#714,#715,#716,#717,#718,#719));
#371=AXIS2_PLACEMENT_3D('',#720,#721,#722);
#372=EDGE_LOOP('',(#723,#724,#725,#726,#727,#728,#729,#730));
#373=AXIS2_PLACEMENT_3D('',#731,#732,#733);
#374=EDGE_LOOP('',(#734,#735,#736,#737,#738,#739,#740,#741));
#375=AXIS2_PLACEMENT_3D('',#742,#743,#744);
#376=EDGE_LOOP('',(#745,#746,#747,#748,#749,#750,#751,#752));
#377=AXIS2_PLACEMENT_3D('',#753,#754,#755);
#378=EDGE_LOOP('',(#756,#757,#758,#759,#760,#761,#762,#763));
#379=AXIS2_PLACEMENT_3D('',#764,#765,#766);
#380=EDGE_LOOP('',(#767,#768,#769,#770,#771,#772,#773,#774));
#381=AXIS2_PLACEMENT_3D('',#775,#776,#777);
#382=EDGE_LOOP('',(#778,#779,#780,#781,#782,#783,#784,#785));
#383=AXIS2_PLACEMENT_3D('',#786,#787,#788);
#384=EDGE_LOOP('',(#789,#790,#791,#792,#793,#794,#795,#796));
#385=AXIS2_PLACEMENT_3D('',#797,#798,#799);
#386=EDGE_LOOP('',(#800,#801,#802,#803,#804,#805,#806,#807));
#387=AXIS2_PLACEMENT_3D('',#808,#809,#810);
#388=EDGE_LOOP('',(#811,#812,#813,#814,#815,#816,#817,#818));
#389=AXIS2_PLACEMENT_3D('',#819,#820,#821);
#390=EDGE_LOOP('',(#822,#823,#824,#825,#826,#827,#828,#829));
#391=AXIS2_PLACEMENT_3D('',#830,#831,#832);
#392=EDGE_LOOP('',(#833,#834,#835,#836,#837,#838,#839,#840));
#393=AXIS2_PLACEMENT_3D('',#841,#842,#843);
#394=EDGE_LOOP('',(#844,#845,#846,#847,#848,#849,#850,#851));
#395=AXIS2_PLACEMENT_3D('',#852,#853,#854);
#396=EDGE_LOOP('',(#855,#856,#857,#858,#859,#860,#861,#862));
#397=AXIS2_PLACEMENT_3D('',#863,#864,#865);
#398=EDGE_LOOP('',(#866,#867,#868,#869,#870,#871,#872,#873));
#399=AXIS2_PLACEMENT_3D('',#874,#875,#876);
#400=EDGE_LOOP('',(#877,#878,#879));
#401=AXIS2_PLACEMENT_3D('',#880,#881,#882);
#402=EDGE_LOOP('',(#883,#884,#885));
#403=AXIS2_PLACEMENT_3D('',#886,#887,#888);
#404=EDGE_LOOP('',(#889,#890,#891));
#405=AXIS2_PLACEMENT_3D('',#892,#893,#894);
#406=EDGE_LOOP('',(#895,#896,#897));
#407=AXIS2_PLACEMENT_3D('',#898,#899,#900);
#408=EDGE_LOOP('',(#901,#902,#903,#904));
#409=AXIS2_PLACEMENT_3D('',#905,#906,#907);
#410=EDGE_LOOP('',(#908,#909,#910,#911,#912,#913,#914,#915));
#411=AXIS2_PLACEMENT_3D('',#916,#917,#918);
#412=EDGE_LOOP('',(#919,#920,#921,#922,#923,#924,#925,#926));
#413=AXIS2_PLACEMENT_3D('',#927,#928,#929);
#414=EDGE_LOOP('',(#930,#931,#932,#933));
#415=AXIS2_PLACEMENT_3D('',#934,#935,#936);
#416=EDGE_LOOP('',(#937,#938,#939,#940,#941,#942,#943,#944));
#417=AXIS2_PLACEMENT_3D('',#945,#946,#947);
#418=EDGE_LOOP('',(#948,#949,#950,#951,#952,#953,#954,#955));
#419=AXIS2_PLACEMENT_3D('',#956,#957,#958);
#420=EDGE_LOOP('',(#959,#960,#961,#962,#963,#964,#965,#966));
#421=AXIS2_PLACEMENT_3D('',#967,#968,#969);
#422=EDGE_LOOP('',(#970,#971,#972,#973,#974,#975,#976,#977));
#423=AXIS2_PLACEMENT_3D('',#978,#979,#980);
#424=EDGE_LOOP('',(#981,#982,#983,#984));
#425=AXIS2_PLACEMENT_3D('',#985,#986,#987);
#426=EDGE_LOOP('',(#988,#989,#990,#991));
#427=AXIS2_PLACEMENT_3D('',#992,#993,#994);
#428=EDGE_LOOP('',(#995,#996,#997,#998,#999,#1000,#1001,#1002));
#429=AXIS2_PLACEMENT_3D('',#1003,#1004,#1005);
#430=EDGE_LOOP('',(#1006,#1007,#1008,#1009,#1010,#1011,#1012,#1013));
#431=AXIS2_PLACEMENT_3D('',#1014,#1015,#1016);
#432=EDGE_LOOP('',(#1017,#1018,#1019,#1020,#1021,#1022,#1023,#1024));
#433=AXIS2_PLACEMENT_3D('',#1025,#1026,#1027);
#434=EDGE_LOOP('',(#1028,#1029,#1030,#1031,#1032,#1033,#1034,#1035));
#435=AXIS2_PLACEMENT_3D('',#1036,#1037,#1038);
#436=EDGE_LOOP('',(#1039,#1040,#1041,#1042,#1043,#1044,#1045,#1046));
#437=AXIS2_PLACEMENT_3D('',#1047,#1048,#1049);
#438=EDGE_LOOP('',(#1050,#1051,#1052,#1053,#1054,#1055,#1056,#1057));
#439=AXIS2_PLACEMENT_3D('',#1058,#1059,#1060);
#440=EDGE_LOOP('',(#1061,#1062,#1063,#1064,#1065,#1066,#1067,#1068));
#441=AXIS2_PLACEMENT_3D('',#1069,#1070,#1071);
#442=EDGE_LOOP('',(#1072,#1073,#1074,#1075,#1076,#1077,#1078,#1079));
#443=AXIS2_PLACEMENT_3D('',#1080,#1081,#1082);
#444=EDGE_LOOP('',(#1083,#1084,#1085,#1086,#1087,#1088,#1089,#1090));
#445=AXIS2_PLACEMENT_3D('',#1091,#1092,#1093);
#446=EDGE_LOOP('',(#1094,#1095,#1096,#1097,#1098,#1099,#1100,#1101));
#447=AXIS2_PLACEMENT_3D('',#1102,#1103,#1104);
#448=EDGE_LOOP('',(#1105,#1106,#1107,#1108,#1109,#1110,#1111,#1112));
#449=AXIS2_PLACEMENT_3D('',#1113,#1114,#1115);
#450=EDGE_LOOP('',(#1116,#1117,#1118,#1119,#1120,#1121,#1122,#1123));
#451=AXIS2_PLACEMENT_3D('',#1124,#1125,#1126);
#452=EDGE_LOOP('',(#1127,#1128,#1129,#1130,#1131,#1132,#1133,#1134));
#453=AXIS2_PLACEMENT_3D('',#1135,#1136,#1137);
#454=EDGE_LOOP('',(#1138,#1139,#1140,#1141,#1142,#1143,#1144,#1145));
#455=AXIS2_PLACEMENT_3D('',#1146,#1147,#1148);
#456=EDGE_LOOP('',(#1149,#1150,#1151,#1152,#1153,#1154,#1155,#1156));
#457=AXIS2_PLACEMENT_3D('',#1157,#1158,#1159);
#458=EDGE_LOOP('',(#1160,#1161,#1162,#1163,#1164,#1165,#1166,#1167));
#459=AXIS2_PLACEMENT_3D('',#1168,#1169,#1170);
#460=EDGE_LOOP('',(#1171,#1172,#1173,#1174,#1175,#1176,#1177,#1178));
#461=AXIS2_PLACEMENT_3D('',#1179,#1180,#1181);
#462=EDGE_LOOP('',(#1182,#1183,#1184,#1185));
#463=AXIS2_PLACEMENT_3D('',#1186,#1187,#1188);
#464=EDGE_LOOP('',(#1189,#1190,#1191,#1192));
#465=AXIS2_PLACEMENT_3D('',#1193,#1194,#1195);
#466=EDGE_LOOP('',(#1196,#1197,#1198,#1199,#1200,#1201,#1202,#1203));
#467=AXIS2_PLACEMENT_3D('',#1204,#1205,#1206);
#468=EDGE_LOOP('',(#1207,#1208,#1209,#1210,#1211,#1212,#1213,#1214));
#469=AXIS2_PLACEMENT_3D('',#1215,#1216,#1217);
#470=EDGE_LOOP('',(#1218,#1219,#1220,#1221));
#471=AXIS2_PLACEMENT_3D('',#1222,#1223,#1224);
#472=EDGE_LOOP('',(#1225,#1226,#1227,#1228,#1229,#1230,#1231,#1232));
#473=AXIS2_PLACEMENT_3D('',#1233,#1234,#1235);
#474=EDGE_LOOP('',(#1236,#1237,#1238,#1239,#1240,#1241,#1242,#1243));
#475=AXIS2_PLACEMENT_3D('',#1244,#1245,#1246);
#476=EDGE_LOOP('',(#1247,#1248,#1249,#1250));
#477=AXIS2_PLACEMENT_3D('',#1251,#1252,#1253);
#478=EDGE_LOOP('',(#1254,#1255,#1256,#1257));
#479=AXIS2_PLACEMENT_3D('',#1258,#1259,#1260);
#480=EDGE_LOOP('',(#1261,#1262,#1263,#1264,#1265,#1266,#1267,#1268));
#481=AXIS2_PLACEMENT_3D('',#1269,#1270,#1271);
#482=EDGE_LOOP('',(#1272,#1273,#1274,#1275,#1276,#1277,#1278,#1279));
#483=AXIS2_PLACEMENT_3D('',#1280,#1281,#1282);
#484=EDGE_LOOP('',(#1283,#1284,#1285,#1286,#1287,#1288,#1289,#1290));
#485=AXIS2_PLACEMENT_3D('',#1291,#1292,#1293);
#486=EDGE_LOOP('',(#1294,#1295,#1296,#1297));
#487=AXIS2_PLACEMENT_3D('',#1298,#1299,#1300);
#488=EDGE_LOOP('',(#1301,#1302,#1303,#1304,#1305,#1306,#1307,#1308));
#489=AXIS2_PLACEMENT_3D('',#1309,#1310,#1311);
#490=EDGE_LOOP('',(#1312,#1313,#1314,#1315));
#491=AXIS2_PLACEMENT_3D('',#1316,#1317,#1318);
#492=EDGE_LOOP('',(#1319,#1320,#1321,#1322));
#493=AXIS2_PLACEMENT_3D('',#1323,#1324,#1325);
#494=EDGE_LOOP('',(#1326,#1327,#1328,#1329));
#495=AXIS2_PLACEMENT_3D('',#1330,#1331,#1332);
#496=EDGE_LOOP('',(#1333,#1334,#1335,#1336));
#497=AXIS2_PLACEMENT_3D('',#1337,#1338,#1339);
#498=EDGE_LOOP('',(#1340,#1341,#1342,#1343));
#499=AXIS2_PLACEMENT_3D('',#1344,#1345,#1346);
#500=EDGE_LOOP('',(#1347,#1348,#1349,#1350,#1351,#1352,#1353,#1354));
#501=AXIS2_PLACEMENT_3D('',#1355,#1356,#1357);
#502=EDGE_LOOP('',(#1358,#1359,#1360));
#503=AXIS2_PLACEMENT_3D('',#1361,#1362,#1363);
#504=EDGE_LOOP('',(#1364,#1365,#1366));
#505=AXIS2_PLACEMENT_3D('',#1367,#1368,#1369);
#506=EDGE_LOOP('',(#1370,#1371,#1372));
#507=AXIS2_PLACEMENT_3D('',#1373,#1374,#1375);
#508=EDGE_LOOP('',(#1376,#1377,#1378));
#509=AXIS2_PLACEMENT_3D('',#1379,#1380,#1381);
#510=EDGE_LOOP('',(#1382,#1383,#1384,#1385));
#511=AXIS2_PLACEMENT_3D('',#1386,#1387,#1388);
#512=EDGE_LOOP('',(#1389,#1390,#1391,#1392,#1393,#1394,#1395,#1396));
#513=AXIS2_PLACEMENT_3D('',#1397,#1398,#1399);
#514=EDGE_LOOP('',(#1400,#1401,#1402,#1403,#1404,#1405,#1406,#1407));
#515=AXIS2_PLACEMENT_3D('',#1408,#1409,#1410);
#516=EDGE_LOOP('',(#1411,#1412,#1413,#1414));
#517=AXIS2_PLACEMENT_3D('',#1415,#1416,#1417);
#518=EDGE_LOOP('',(#1418,#1419,#1420,#1421,#1422,#1423,#1424,#1425));
#519=AXIS2_PLACEMENT_3D('',#1426,#1427,#1428);
#520=EDGE_LOOP('',(#1429,#1430,#1431,#1432,#1433,#1434,#1435,#1436));
#521=AXIS2_PLACEMENT_3D('',#1437,#1438,#1439);
#522=EDGE_LOOP('',(#1440,#1441,#1442,#1443));
#523=AXIS2_PLACEMENT_3D('',#1444,#1445,#1446);
#524=FILL_AREA_STYLE_COLOUR('',#1447);
#525=ORIENTED_EDGE('',*,*,#1448,.F.);
#526=ORIENTED_EDGE('',*,*,#1449,.F.);
#527=ORIENTED_EDGE('',*,*,#1450,.F.);
#528=ORIENTED_EDGE('',*,*,#1451,.F.);
#529=ORIENTED_EDGE('',*,*,#1452,.F.);
#530=ORIENTED_EDGE('',*,*,#1453,.T.);
#531=ORIENTED_EDGE('',*,*,#1454,.T.);
#532=ORIENTED_EDGE('',*,*,#1455,.F.);
#533=CARTESIAN_POINT('',(-0.005,0.005,0.005));
#534=DIRECTION('',(-0.577350269189626,0.577350269189626,0.577350269189626));
#535=DIRECTION('',(-0.707106781186547,-0.707106781186547,0.0));
#536=ORIENTED_EDGE('',*,*,#1456,.F.);
#537=ORIENTED_EDGE('',*,*,#1457,.F.);
#538=ORIENTED_EDGE('',*,*,#1458,.T.);
#539=ORIENTED_EDGE('',*,*,#1459,.T.);
#540=ORIENTED_EDGE('',*,*,#1460,.F.);
#541=ORIENTED_EDGE('',*,*,#1461,.F.);
#542=ORIENTED_EDGE('',*,*,#1462,.T.);
#543=ORIENTED_EDGE('',*,*,#1463,.F.);
#544=CARTESIAN_POINT('',(0.01,-0.01,0.01));
#545=DIRECTION('',(-0.577350269189626,0.577350269189626,-0.577350269189626));
#546=DIRECTION('',(-0.707106781186548,-0.707106781186548,0.0));
#547=ORIENTED_EDGE('',*,*,#1464,.F.);
#548=ORIENTED_EDGE('',*,*,#1465,.T.);
#549=ORIENTED_EDGE('',*,*,#1466,.T.);
#550=ORIENTED_EDGE('',*,*,#1467,.T.);
#551=ORIENTED_EDGE('',*,*,#1468,.F.);
#552=ORIENTED_EDGE('',*,*,#1469,.F.);
#553=ORIENTED_EDGE('',*,*,#1470,.F.);
#554=ORIENTED_EDGE('',*,*,#1471,.F.);
#555=CARTESIAN_POINT('',(0.0,0.0,0.01));
#556=DIRECTION('',(-0.577350269189626,-0.577350269189626,-0.577350269189626));
#557=DIRECTION('',(0.707106781186547,-0.707106781186547,0.0));
#558=ORIENTED_EDGE('',*,*,#1472,.F.);
#559=ORIENTED_EDGE('',*,*,#1473,.F.);
#560=ORIENTED_EDGE('',*,*,#1450,.T.);
#561=ORIENTED_EDGE('',*,*,#1474,.F.);
#562=ORIENTED_EDGE('',*,*,#1475,.F.);
#563=ORIENTED_EDGE('',*,*,#1467,.F.);
#564=ORIENTED_EDGE('',*,*,#1476,.T.);
#565=ORIENTED_EDGE('',*,*,#1477,.T.);
#566=CARTESIAN_POINT('',(-0.005,0.005,0.005));
#567=DIRECTION('',(0.577350269189626,-0.577350269189626,0.577350269189626));
#568=DIRECTION('',(0.707106781186547,0.707106781186547,0.0));
#569=ORIENTED_EDGE('',*,*,#1478,.F.);
#570=ORIENTED_EDGE('',*,*,#1479,.F.);
#571=ORIENTED_EDGE('',*,*,#1480,.F.);
#572=ORIENTED_EDGE('',*,*,#1481,.F.);
#573=ORIENTED_EDGE('',*,*,#1482,.T.);
#574=ORIENTED_EDGE('',*,*,#1483,.T.);
#575=ORIENTED_EDGE('',*,*,#1484,.T.);
#576=ORIENTED_EDGE('',*,*,#1485,.T.);
#577=CARTESIAN_POINT('',(-0.01,-0.01,-0.01));
#578=DIRECTION('',(0.577350269189626,0.577350269189626,0.577350269189626));
#579=DIRECTION('',(-0.707106781186548,0.707106781186548,0.0));
#580=ORIENTED_EDGE('',*,*,#1486,.F.);
#581=ORIENTED_EDGE('',*,*,#1487,.T.);
#582=ORIENTED_EDGE('',*,*,#1488,.T.);
#583=ORIENTED_EDGE('',*,*,#1489,.T.);
#584=ORIENTED_EDGE('',*,*,#1490,.T.);
#585=ORIENTED_EDGE('',*,*,#1491,.F.);
#586=ORIENTED_EDGE('',*,*,#1492,.T.);
#587=ORIENTED_EDGE('',*,*,#1493,.T.);
#588=CARTESIAN_POINT('',(0.005,0.005,-0.005));
#589=DIRECTION('',(0.577350269189626,0.577350269189626,-0.577350269189626));
#590=DIRECTION('',(-0.707106781186547,0.707106781186547,0.0));
#591=ORIENTED_EDGE('',*,*,#1494,.F.);
#592=ORIENTED_EDGE('',*,*,#1495,.T.);
#593=ORIENTED_EDGE('',*,*,#1496,.F.);
#594=ORIENTED_EDGE('',*,*,#1497,.F.);
#595=ORIENTED_EDGE('',*,*,#1498,.T.);
#596=ORIENTED_EDGE('',*,*,#1499,.T.);
#597=ORIENTED_EDGE('',*,*,#1500,.T.);
#598=ORIENTED_EDGE('',*,*,#1501,.T.);
#599=CARTESIAN_POINT('',(0.0,0.0,-0.01));
#600=DIRECTION('',(0.577350269189626,-0.577350269189626,0.577350269189626));
#601=DIRECTION('',(0.707106781186547,0.707106781186547,0.0));
#602=ORIENTED_EDGE('',*,*,#1502,.F.);
#603=ORIENTED_EDGE('',*,*,#1503,.T.);
#604=ORIENTED_EDGE('',*,*,#1504,.T.);
#605=ORIENTED_EDGE('',*,*,#1505,.T.);
#606=ORIENTED_EDGE('',*,*,#1506,.T.);
#607=ORIENTED_EDGE('',*,*,#1507,.F.);
#608=ORIENTED_EDGE('',*,*,#1508,.F.);
#609=ORIENTED_EDGE('',*,*,#1495,.F.);
#610=CARTESIAN_POINT('',(0.005,0.005,-0.005));
#611=DIRECTION('',(-0.577350269189626,-0.577350269189626,-0.577350269189626));
#612=DIRECTION('',(0.707106781186547,-0.707106781186547,0.0));
#613=ORIENTED_EDGE('',*,*,#1509,.F.);
#614=ORIENTED_EDGE('',*,*,#1510,.T.);
#615=ORIENTED_EDGE('',*,*,#1511,.T.);
#616=ORIENTED_EDGE('',*,*,#1512,.T.);
#617=ORIENTED_EDGE('',*,*,#1513,.T.);
#618=ORIENTED_EDGE('',*,*,#1514,.F.);
#619=ORIENTED_EDGE('',*,*,#1515,.T.);
#620=ORIENTED_EDGE('',*,*,#1516,.F.);
#621=CARTESIAN_POINT('',(-0.005,0.005,-0.005));
#622=DIRECTION('',(-0.577350269189626,0.577350269189626,-0.577350269189626));
#623=DIRECTION('',(-0.707106781186547,-0.707106781186547,0.0));
#624=ORIENTED_EDGE('',*,*,#1517,.F.);
#625=ORIENTED_EDGE('',*,*,#1518,.F.);
#626=ORIENTED_EDGE('',*,*,#1519,.T.);
#627=ORIENTED_EDGE('',*,*,#1520,.F.);
#628=ORIENTED_EDGE('',*,*,#1521,.F.);
#629=ORIENTED_EDGE('',*,*,#1522,.F.);
#630=ORIENTED_EDGE('',*,*,#1470,.T.);
#631=ORIENTED_EDGE('',*,*,#1523,.F.);
#632=CARTESIAN_POINT('',(-0.01,-0.01,0.01));
#633=DIRECTION('',(0.577350269189626,0.577350269189626,-0.577350269189626));
#634=DIRECTION('',(-0.707106781186548,0.707106781186548,0.0));
#635=ORIENTED_EDGE('',*,*,#1524,.F.);
#636=ORIENTED_EDGE('',*,*,#1525,.F.);
#637=ORIENTED_EDGE('',*,*,#1526,.T.);
#638=ORIENTED_EDGE('',*,*,#1511,.F.);
#639=ORIENTED_EDGE('',*,*,#1527,.F.);
#640=ORIENTED_EDGE('',*,*,#1528,.F.);
#641=ORIENTED_EDGE('',*,*,#1529,.T.);
#642=ORIENTED_EDGE('',*,*,#1530,.F.);
#643=CARTESIAN_POINT('',(-0.005,0.005,-0.005));
#644=DIRECTION('',(-0.577350269189626,-0.577350269189626,0.577350269189626));
#645=DIRECTION('',(0.707106781186547,-0.707106781186547,0.0));
#646=ORIENTED_EDGE('',*,*,#1531,.F.);
#647=ORIENTED_EDGE('',*,*,#1532,.T.);
#648=ORIENTED_EDGE('',*,*,#1474,.T.);
#649=ORIENTED_EDGE('',*,*,#1449,.T.);
#650=ORIENTED_EDGE('',*,*,#1533,.T.);
#651=ORIENTED_EDGE('',*,*,#1534,.F.);
#652=ORIENTED_EDGE('',*,*,#1535,.F.);
#653=ORIENTED_EDGE('',*,*,#1536,.F.);
#654=CARTESIAN_POINT('',(-0.005,0.005,0.005));
#655=DIRECTION('',(-0.577350269189626,-0.577350269189626,-0.577350269189626));
#656=DIRECTION('',(0.707106781186547,-0.707106781186547,0.0));
#657=ORIENTED_EDGE('',*,*,#1537,.F.);
#658=ORIENTED_EDGE('',*,*,#1538,.F.);
#659=ORIENTED_EDGE('',*,*,#1539,.F.);
#660=ORIENTED_EDGE('',*,*,#1540,.F.);
#661=ORIENTED_EDGE('',*,*,#1541,.F.);
#662=ORIENTED_EDGE('',*,*,#1542,.T.);
#663=ORIENTED_EDGE('',*,*,#1543,.T.);
#664=ORIENTED_EDGE('',*,*,#1544,.T.);
#665=CARTESIAN_POINT('',(0.005,0.005,0.005));
#666=DIRECTION('',(0.577350269189626,0.577350269189626,0.577350269189626));
#667=DIRECTION('',(-0.707106781186547,0.707106781186547,0.0));
#668=ORIENTED_EDGE('',*,*,#1545,.F.);
#669=ORIENTED_EDGE('',*,*,#1512,.F.);
#670=ORIENTED_EDGE('',*,*,#1526,.F.);
#671=ORIENTED_EDGE('',*,*,#1546,.F.);
#672=ORIENTED_EDGE('',*,*,#1547,.F.);
#673=ORIENTED_EDGE('',*,*,#1548,.T.);
#674=ORIENTED_EDGE('',*,*,#1549,.T.);
#675=ORIENTED_EDGE('',*,*,#1550,.T.);
#676=CARTESIAN_POINT('',(-0.005,0.005,-0.005));
#677=DIRECTION('',(0.577350269189626,0.577350269189626,0.577350269189626));
#678=DIRECTION('',(-0.707106781186547,0.707106781186547,0.0));
#679=ORIENTED_EDGE('',*,*,#1551,.F.);
#680=ORIENTED_EDGE('',*,*,#1505,.F.);
#681=ORIENTED_EDGE('',*,*,#1552,.F.);
#682=ORIENTED_EDGE('',*,*,#1488,.F.);
#683=ORIENTED_EDGE('',*,*,#1553,.F.);
#684=ORIENTED_EDGE('',*,*,#1554,.T.);
#685=ORIENTED_EDGE('',*,*,#1555,.T.);
#686=ORIENTED_EDGE('',*,*,#1548,.F.);
#687=CARTESIAN_POINT('',(0.005,0.005,-0.005));
#688=DIRECTION('',(-0.577350269189626,0.577350269189626,0.577350269189626));
#689=DIRECTION('',(-0.707106781186547,-0.707106781186547,0.0));
#690=ORIENTED_EDGE('',*,*,#1556,.F.);
#691=ORIENTED_EDGE('',*,*,#1557,.F.);
#692=ORIENTED_EDGE('',*,*,#1539,.T.);
#693=ORIENTED_EDGE('',*,*,#1558,.F.);
#694=ORIENTED_EDGE('',*,*,#1559,.F.);
#695=ORIENTED_EDGE('',*,*,#1477,.F.);
#696=ORIENTED_EDGE('',*,*,#1560,.T.);
#697=ORIENTED_EDGE('',*,*,#1561,.F.);
#698=CARTESIAN_POINT('',(0.005,0.005,0.005));
#699=DIRECTION('',(-0.577350269189626,-0.577350269189626,0.577350269189626));
#700=DIRECTION('',(0.707106781186547,-0.707106781186547,0.0));
#701=ORIENTED_EDGE('',*,*,#1562,.F.);
#702=ORIENTED_EDGE('',*,*,#1561,.T.);
#703=ORIENTED_EDGE('',*,*,#1563,.T.);
#704=ORIENTED_EDGE('',*,*,#1465,.F.);
#705=ORIENTED_EDGE('',*,*,#1564,.F.);
#706=ORIENTED_EDGE('',*,*,#1565,.F.);
#707=ORIENTED_EDGE('',*,*,#1462,.F.);
#708=ORIENTED_EDGE('',*,*,#1566,.F.);
#709=CARTESIAN_POINT('',(0.0,0.0,0.01));
#710=DIRECTION('',(0.577350269189626,-0.577350269189626,-0.577350269189626));
#711=DIRECTION('',(0.707106781186547,0.707106781186547,0.0));
#712=ORIENTED_EDGE('',*,*,#1567,.F.);
#713=ORIENTED_EDGE('',*,*,#1568,.F.);
#714=ORIENTED_EDGE('',*,*,#1569,.T.);
#715=ORIENTED_EDGE('',*,*,#1570,.F.);
#716=ORIENTED_EDGE('',*,*,#1571,.T.);
#717=ORIENTED_EDGE('',*,*,#1471,.T.);
#718=ORIENTED_EDGE('',*,*,#1522,.T.);
#719=ORIENTED_EDGE('',*,*,#1572,.T.);
#720=CARTESIAN_POINT('',(1.77356584573137E-19,-0.01,-1.77356584573137E-19));
#721=DIRECTION('',(-0.577350269189626,0.577350269189626,0.577350269189626));
#722=DIRECTION('',(-0.707106781186547,-0.707106781186548,4.12962635648235E-16));
#723=ORIENTED_EDGE('',*,*,#1573,.F.);
#724=ORIENTED_EDGE('',*,*,#1574,.T.);
#725=ORIENTED_EDGE('',*,*,#1558,.T.);
#726=ORIENTED_EDGE('',*,*,#1538,.T.);
#727=ORIENTED_EDGE('',*,*,#1575,.T.);
#728=ORIENTED_EDGE('',*,*,#1576,.F.);
#729=ORIENTED_EDGE('',*,*,#1577,.T.);
#730=ORIENTED_EDGE('',*,*,#1578,.F.);
#731=CARTESIAN_POINT('',(0.005,0.005,0.005));
#732=DIRECTION('',(-0.577350269189626,0.577350269189626,-0.577350269189626));
#733=DIRECTION('',(-0.707106781186547,-0.707106781186547,0.0));
#734=ORIENTED_EDGE('',*,*,#1579,.F.);
#735=ORIENTED_EDGE('',*,*,#1580,.T.);
#736=ORIENTED_EDGE('',*,*,#1451,.T.);
#737=ORIENTED_EDGE('',*,*,#1473,.T.);
#738=ORIENTED_EDGE('',*,*,#1581,.T.);
#739=ORIENTED_EDGE('',*,*,#1582,.F.);
#740=ORIENTED_EDGE('',*,*,#1578,.T.);
#741=ORIENTED_EDGE('',*,*,#1583,.T.);
#742=CARTESIAN_POINT('',(-0.005,0.005,0.005));
#743=DIRECTION('',(0.577350269189626,0.577350269189626,-0.577350269189626));
#744=DIRECTION('',(-0.707106781186547,0.707106781186547,0.0));
#745=ORIENTED_EDGE('',*,*,#1584,.F.);
#746=ORIENTED_EDGE('',*,*,#1585,.T.);
#747=ORIENTED_EDGE('',*,*,#1586,.T.);
#748=ORIENTED_EDGE('',*,*,#1587,.T.);
#749=ORIENTED_EDGE('',*,*,#1588,.F.);
#750=ORIENTED_EDGE('',*,*,#1500,.F.);
#751=ORIENTED_EDGE('',*,*,#1589,.F.);
#752=ORIENTED_EDGE('',*,*,#1590,.F.);
#753=CARTESIAN_POINT('',(0.01,1.77356584573137E-19,1.77356584573137E-19));
#754=DIRECTION('',(-0.577350269189626,-0.577350269189626,-0.577350269189626));
#755=DIRECTION('',(0.707106781186548,-0.707106781186547,-4.12962635648235E-16));
#756=ORIENTED_EDGE('',*,*,#1591,.F.);
#757=ORIENTED_EDGE('',*,*,#1536,.T.);
#758=ORIENTED_EDGE('',*,*,#1592,.F.);
#759=ORIENTED_EDGE('',*,*,#1593,.F.);
#760=ORIENTED_EDGE('',*,*,#1594,.T.);
#761=ORIENTED_EDGE('',*,*,#1523,.T.);
#762=ORIENTED_EDGE('',*,*,#1469,.T.);
#763=ORIENTED_EDGE('',*,*,#1595,.T.);
#764=CARTESIAN_POINT('',(-0.01,-1.77356584573137E-19,1.77356584573137E-19));
#765=DIRECTION('',(0.577350269189626,-0.577350269189626,0.577350269189626));
#766=DIRECTION('',(0.707106781186548,0.707106781186547,-4.12962635648235E-16));
#767=ORIENTED_EDGE('',*,*,#1596,.F.);
#768=ORIENTED_EDGE('',*,*,#1597,.F.);
#769=ORIENTED_EDGE('',*,*,#1598,.T.);
#770=ORIENTED_EDGE('',*,*,#1599,.T.);
#771=ORIENTED_EDGE('',*,*,#1600,.F.);
#772=ORIENTED_EDGE('',*,*,#1601,.F.);
#773=ORIENTED_EDGE('',*,*,#1602,.T.);
#774=ORIENTED_EDGE('',*,*,#1483,.F.);
#775=CARTESIAN_POINT('',(1.77356584573137E-19,-0.01,1.77356584573137E-19));
#776=DIRECTION('',(-0.577350269189626,0.577350269189626,-0.577350269189626));
#777=DIRECTION('',(-0.707106781186547,-0.707106781186548,-4.12962635648235E-16));
#778=ORIENTED_EDGE('',*,*,#1603,.F.);
#779=ORIENTED_EDGE('',*,*,#1489,.F.);
#780=ORIENTED_EDGE('',*,*,#1552,.T.);
#781=ORIENTED_EDGE('',*,*,#1504,.F.);
#782=ORIENTED_EDGE('',*,*,#1604,.F.);
#783=ORIENTED_EDGE('',*,*,#1587,.F.);
#784=ORIENTED_EDGE('',*,*,#1605,.T.);
#785=ORIENTED_EDGE('',*,*,#1606,.T.);
#786=CARTESIAN_POINT('',(0.005,0.005,-0.005));
#787=DIRECTION('',(0.577350269189626,-0.577350269189626,0.577350269189626));
#788=DIRECTION('',(0.707106781186547,0.707106781186547,0.0));
#789=ORIENTED_EDGE('',*,*,#1607,.F.);
#790=ORIENTED_EDGE('',*,*,#1608,.T.);
#791=ORIENTED_EDGE('',*,*,#1546,.T.);
#792=ORIENTED_EDGE('',*,*,#1525,.T.);
#793=ORIENTED_EDGE('',*,*,#1609,.T.);
#794=ORIENTED_EDGE('',*,*,#1610,.F.);
#795=ORIENTED_EDGE('',*,*,#1611,.F.);
#796=ORIENTED_EDGE('',*,*,#1508,.T.);
#797=CARTESIAN_POINT('',(-0.005,0.005,-0.005));
#798=DIRECTION('',(0.577350269189626,-0.577350269189626,-0.577350269189626));
#799=DIRECTION('',(0.707106781186547,0.707106781186547,0.0));
#800=ORIENTED_EDGE('',*,*,#1612,.F.);
#801=ORIENTED_EDGE('',*,*,#1530,.T.);
#802=ORIENTED_EDGE('',*,*,#1613,.T.);
#803=ORIENTED_EDGE('',*,*,#1614,.F.);
#804=ORIENTED_EDGE('',*,*,#1615,.F.);
#805=ORIENTED_EDGE('',*,*,#1484,.F.);
#806=ORIENTED_EDGE('',*,*,#1602,.F.);
#807=ORIENTED_EDGE('',*,*,#1616,.F.);
#808=CARTESIAN_POINT('',(-0.01,-1.77356584573137E-19,-1.77356584573137E-19));
#809=DIRECTION('',(0.577350269189626,-0.577350269189626,-0.577350269189626));
#810=DIRECTION('',(0.707106781186548,0.707106781186547,4.12962635648235E-16));
#811=ORIENTED_EDGE('',*,*,#1617,.F.);
#812=ORIENTED_EDGE('',*,*,#1496,.T.);
#813=ORIENTED_EDGE('',*,*,#1611,.T.);
#814=ORIENTED_EDGE('',*,*,#1618,.F.);
#815=ORIENTED_EDGE('',*,*,#1619,.T.);
#816=ORIENTED_EDGE('',*,*,#1616,.T.);
#817=ORIENTED_EDGE('',*,*,#1601,.T.);
#818=ORIENTED_EDGE('',*,*,#1620,.T.);
#819=CARTESIAN_POINT('',(0.0,0.0,-0.01));
#820=DIRECTION('',(-0.577350269189626,-0.577350269189626,0.577350269189626));
#821=DIRECTION('',(0.707106781186547,-0.707106781186547,0.0));
#822=ORIENTED_EDGE('',*,*,#1621,.F.);
#823=ORIENTED_EDGE('',*,*,#1622,.F.);
#824=ORIENTED_EDGE('',*,*,#1623,.T.);
#825=ORIENTED_EDGE('',*,*,#1624,.F.);
#826=ORIENTED_EDGE('',*,*,#1625,.T.);
#827=ORIENTED_EDGE('',*,*,#1590,.T.);
#828=ORIENTED_EDGE('',*,*,#1626,.T.);
#829=ORIENTED_EDGE('',*,*,#1627,.T.);
#830=CARTESIAN_POINT('',(0.01,-0.01,-0.01));
#831=DIRECTION('',(-0.577350269189626,0.577350269189626,0.577350269189626));
#832=DIRECTION('',(-0.707106781186548,-0.707106781186548,0.0));
#833=ORIENTED_EDGE('',*,*,#1628,.F.);
#834=ORIENTED_EDGE('',*,*,#1599,.F.);
#835=ORIENTED_EDGE('',*,*,#1629,.T.);
#836=ORIENTED_EDGE('',*,*,#1630,.F.);
#837=ORIENTED_EDGE('',*,*,#1631,.F.);
#838=ORIENTED_EDGE('',*,*,#1626,.F.);
#839=ORIENTED_EDGE('',*,*,#1589,.T.);
#840=ORIENTED_EDGE('',*,*,#1499,.F.);
#841=CARTESIAN_POINT('',(1.77356584573137E-19,-0.01,-1.77356584573137E-19));
#842=DIRECTION('',(0.577350269189626,0.577350269189626,-0.577350269189626));
#843=DIRECTION('',(-0.707106781186547,0.707106781186548,4.12962635648235E-16));
#844=ORIENTED_EDGE('',*,*,#1632,.F.);
#845=ORIENTED_EDGE('',*,*,#1569,.F.);
#846=ORIENTED_EDGE('',*,*,#1633,.F.);
#847=ORIENTED_EDGE('',*,*,#1634,.F.);
#848=ORIENTED_EDGE('',*,*,#1635,.T.);
#849=ORIENTED_EDGE('',*,*,#1463,.T.);
#850=ORIENTED_EDGE('',*,*,#1565,.T.);
#851=ORIENTED_EDGE('',*,*,#1636,.T.);
#852=CARTESIAN_POINT('',(1.77356584573137E-19,-0.01,1.77356584573137E-19));
#853=DIRECTION('',(0.577350269189626,0.577350269189626,0.577350269189626));
#854=DIRECTION('',(-0.707106781186547,0.707106781186548,-4.12962635648235E-16));
#855=ORIENTED_EDGE('',*,*,#1637,.F.);
#856=ORIENTED_EDGE('',*,*,#1638,.T.);
#857=ORIENTED_EDGE('',*,*,#1540,.T.);
#858=ORIENTED_EDGE('',*,*,#1557,.T.);
#859=ORIENTED_EDGE('',*,*,#1639,.T.);
#860=ORIENTED_EDGE('',*,*,#1640,.F.);
#861=ORIENTED_EDGE('',*,*,#1641,.F.);
#862=ORIENTED_EDGE('',*,*,#1642,.T.);
#863=CARTESIAN_POINT('',(0.005,0.005,0.005));
#864=DIRECTION('',(0.577350269189626,-0.577350269189626,-0.577350269189626));
#865=DIRECTION('',(0.707106781186547,0.707106781186547,0.0));
#866=ORIENTED_EDGE('',*,*,#1643,.F.);
#867=ORIENTED_EDGE('',*,*,#1644,.T.);
#868=ORIENTED_EDGE('',*,*,#1641,.T.);
#869=ORIENTED_EDGE('',*,*,#1645,.F.);
#870=ORIENTED_EDGE('',*,*,#1646,.T.);
#871=ORIENTED_EDGE('',*,*,#1566,.T.);
#872=ORIENTED_EDGE('',*,*,#1461,.T.);
#873=ORIENTED_EDGE('',*,*,#1647,.T.);
#874=CARTESIAN_POINT('',(0.01,1.77356584573137E-19,-1.77356584573137E-19));
#875=DIRECTION('',(-0.577350269189626,-0.577350269189626,0.577350269189626));
#876=DIRECTION('',(0.707106781186548,-0.707106781186547,4.12962635648235E-16));
#877=ORIENTED_EDGE('',*,*,#1648,.F.);
#878=ORIENTED_EDGE('',*,*,#1649,.F.);
#879=ORIENTED_EDGE('',*,*,#1519,.F.);
#880=CARTESIAN_POINT('',(0.0,0.0,0.01));
#881=DIRECTION('',(0.0,0.0,1.0));
#882=DIRECTION('',(1.0,0.0,0.0));
#883=ORIENTED_EDGE('',*,*,#1650,.F.);
#884=ORIENTED_EDGE('',*,*,#1454,.F.);
#885=ORIENTED_EDGE('',*,*,#1651,.F.);
#886=CARTESIAN_POINT('',(0.0,0.0,0.01));
#887=DIRECTION('',(0.0,0.0,1.0));
#888=DIRECTION('',(1.0,0.0,0.0));
#889=ORIENTED_EDGE('',*,*,#1652,.F.);
#890=ORIENTED_EDGE('',*,*,#1458,.F.);
#891=ORIENTED_EDGE('',*,*,#1653,.F.);
#892=CARTESIAN_POINT('',(0.0,0.0,0.01));
#893=DIRECTION('',(0.0,0.0,1.0));
#894=DIRECTION('',(1.0,0.0,0.0));
#895=ORIENTED_EDGE('',*,*,#1654,.F.);
#896=ORIENTED_EDGE('',*,*,#1655,.F.);
#897=ORIENTED_EDGE('',*,*,#1543,.F.);
#898=CARTESIAN_POINT('',(0.0,0.0,0.01));
#899=DIRECTION('',(0.0,0.0,1.0));
#900=DIRECTION('',(1.0,0.0,0.0));
#901=ORIENTED_EDGE('',*,*,#1560,.F.);
#902=ORIENTED_EDGE('',*,*,#1476,.F.);
#903=ORIENTED_EDGE('',*,*,#1466,.F.);
#904=ORIENTED_EDGE('',*,*,#1563,.F.);
#905=CARTESIAN_POINT('',(0.0,0.0,0.01));
#906=DIRECTION('',(0.0,0.0,1.0));
#907=DIRECTION('',(1.0,0.0,0.0));
#908=ORIENTED_EDGE('',*,*,#1643,.T.);
#909=ORIENTED_EDGE('',*,*,#1656,.T.);
#910=ORIENTED_EDGE('',*,*,#1657,.F.);
#911=ORIENTED_EDGE('',*,*,#1658,.T.);
#912=ORIENTED_EDGE('',*,*,#1645,.T.);
#913=ORIENTED_EDGE('',*,*,#1659,.T.);
#914=ORIENTED_EDGE('',*,*,#1586,.F.);
#915=ORIENTED_EDGE('',*,*,#1660,.T.);
#916=CARTESIAN_POINT('',(0.01,1.77356584573137E-19,-1.77356584573137E-19));
#917=DIRECTION('',(-0.577350269189626,-0.577350269189626,0.577350269189626));
#918=DIRECTION('',(0.707106781186548,-0.707106781186547,4.12962635648235E-16));
#919=ORIENTED_EDGE('',*,*,#1637,.T.);
#920=ORIENTED_EDGE('',*,*,#1661,.T.);
#921=ORIENTED_EDGE('',*,*,#1605,.F.);
#922=ORIENTED_EDGE('',*,*,#1659,.F.);
#923=ORIENTED_EDGE('',*,*,#1640,.T.);
#924=ORIENTED_EDGE('',*,*,#1662,.T.);
#925=ORIENTED_EDGE('',*,*,#1663,.T.);
#926=ORIENTED_EDGE('',*,*,#1664,.T.);
#927=CARTESIAN_POINT('',(0.005,0.005,0.005));
#928=DIRECTION('',(0.577350269189626,-0.577350269189626,-0.577350269189626));
#929=DIRECTION('',(0.707106781186547,0.707106781186547,0.0));
#930=ORIENTED_EDGE('',*,*,#1653,.T.);
#931=ORIENTED_EDGE('',*,*,#1457,.T.);
#932=ORIENTED_EDGE('',*,*,#1665,.T.);
#933=ORIENTED_EDGE('',*,*,#1666,.T.);
#934=CARTESIAN_POINT('',(0.0,-0.01,0.0));
#935=DIRECTION('',(0.0,1.0,-0.0));
#936=DIRECTION('',(-1.0,0.0,0.0));
#937=ORIENTED_EDGE('',*,*,#1667,.T.);
#938=ORIENTED_EDGE('',*,*,#1630,.T.);
#939=ORIENTED_EDGE('',*,*,#1668,.T.);
#940=ORIENTED_EDGE('',*,*,#1633,.T.);
#941=ORIENTED_EDGE('',*,*,#1568,.T.);
#942=ORIENTED_EDGE('',*,*,#1669,.T.);
#943=ORIENTED_EDGE('',*,*,#1597,.T.);
#944=ORIENTED_EDGE('',*,*,#1670,.T.);
#945=CARTESIAN_POINT('',(0.0,-0.01,0.0));
#946=DIRECTION('',(0.0,1.0,-0.0));
#947=DIRECTION('',(-1.0,0.0,0.0));
#948=ORIENTED_EDGE('',*,*,#1632,.T.);
#949=ORIENTED_EDGE('',*,*,#1671,.T.);
#950=ORIENTED_EDGE('',*,*,#1657,.T.);
#951=ORIENTED_EDGE('',*,*,#1672,.T.);
#952=ORIENTED_EDGE('',*,*,#1634,.T.);
#953=ORIENTED_EDGE('',*,*,#1668,.F.);
#954=ORIENTED_EDGE('',*,*,#1629,.F.);
#955=ORIENTED_EDGE('',*,*,#1673,.F.);
#956=CARTESIAN_POINT('',(1.77356584573137E-19,-0.01,1.77356584573137E-19));
#957=DIRECTION('',(0.577350269189626,0.577350269189626,0.577350269189626));
#958=DIRECTION('',(-0.707106781186547,0.707106781186548,-4.12962635648235E-16));
#959=ORIENTED_EDGE('',*,*,#1628,.T.);
#960=ORIENTED_EDGE('',*,*,#1498,.F.);
#961=ORIENTED_EDGE('',*,*,#1674,.F.);
#962=ORIENTED_EDGE('',*,*,#1675,.F.);
#963=ORIENTED_EDGE('',*,*,#1627,.F.);
#964=ORIENTED_EDGE('',*,*,#1631,.T.);
#965=ORIENTED_EDGE('',*,*,#1667,.F.);
#966=ORIENTED_EDGE('',*,*,#1676,.F.);
#967=CARTESIAN_POINT('',(1.77356584573137E-19,-0.01,-1.77356584573137E-19));
#968=DIRECTION('',(0.577350269189626,0.577350269189626,-0.577350269189626));
#969=DIRECTION('',(-0.707106781186547,0.707106781186548,4.12962635648235E-16));
#970=ORIENTED_EDGE('',*,*,#1621,.T.);
#971=ORIENTED_EDGE('',*,*,#1675,.T.);
#972=ORIENTED_EDGE('',*,*,#1677,.T.);
#973=ORIENTED_EDGE('',*,*,#1678,.T.);
#974=ORIENTED_EDGE('',*,*,#1624,.T.);
#975=ORIENTED_EDGE('',*,*,#1679,.T.);
#976=ORIENTED_EDGE('',*,*,#1680,.F.);
#977=ORIENTED_EDGE('',*,*,#1681,.F.);
#978=CARTESIAN_POINT('',(0.01,-0.01,-0.01));
#979=DIRECTION('',(-0.577350269189626,0.577350269189626,0.577350269189626));
#980=DIRECTION('',(-0.707106781186548,-0.707106781186548,0.0));
#981=ORIENTED_EDGE('',*,*,#1651,.T.);
#982=ORIENTED_EDGE('',*,*,#1453,.F.);
#983=ORIENTED_EDGE('',*,*,#1682,.F.);
#984=ORIENTED_EDGE('',*,*,#1683,.F.);
#985=CARTESIAN_POINT('',(0.0,0.01,0.0));
#986=DIRECTION('',(0.0,1.0,-0.0));
#987=DIRECTION('',(-1.0,0.0,0.0));
#988=ORIENTED_EDGE('',*,*,#1684,.F.);
#989=ORIENTED_EDGE('',*,*,#1685,.F.);
#990=ORIENTED_EDGE('',*,*,#1493,.F.);
#991=ORIENTED_EDGE('',*,*,#1686,.T.);
#992=CARTESIAN_POINT('',(0.0,0.01,0.0));
#993=DIRECTION('',(0.0,1.0,-0.0));
#994=DIRECTION('',(-1.0,0.0,0.0));
#995=ORIENTED_EDGE('',*,*,#1687,.F.);
#996=ORIENTED_EDGE('',*,*,#1554,.F.);
#997=ORIENTED_EDGE('',*,*,#1688,.F.);
#998=ORIENTED_EDGE('',*,*,#1689,.F.);
#999=ORIENTED_EDGE('',*,*,#1550,.F.);
#1000=ORIENTED_EDGE('',*,*,#1690,.F.);
#1001=ORIENTED_EDGE('',*,*,#1583,.F.);
#1002=ORIENTED_EDGE('',*,*,#1577,.F.);
#1003=CARTESIAN_POINT('',(0.0,0.01,0.0));
#1004=DIRECTION('',(0.0,1.0,-0.0));
#1005=DIRECTION('',(-1.0,0.0,0.0));
#1006=ORIENTED_EDGE('',*,*,#1617,.T.);
#1007=ORIENTED_EDGE('',*,*,#1691,.T.);
#1008=ORIENTED_EDGE('',*,*,#1692,.F.);
#1009=ORIENTED_EDGE('',*,*,#1693,.T.);
#1010=ORIENTED_EDGE('',*,*,#1618,.T.);
#1011=ORIENTED_EDGE('',*,*,#1694,.T.);
#1012=ORIENTED_EDGE('',*,*,#1695,.F.);
#1013=ORIENTED_EDGE('',*,*,#1696,.T.);
#1014=CARTESIAN_POINT('',(0.0,0.0,-0.01));
#1015=DIRECTION('',(-0.577350269189626,-0.577350269189626,0.577350269189626));
#1016=DIRECTION('',(0.707106781186547,-0.707106781186547,0.0));
#1017=ORIENTED_EDGE('',*,*,#1612,.T.);
#1018=ORIENTED_EDGE('',*,*,#1619,.F.);
#1019=ORIENTED_EDGE('',*,*,#1693,.F.);
#1020=ORIENTED_EDGE('',*,*,#1697,.F.);
#1021=ORIENTED_EDGE('',*,*,#1485,.F.);
#1022=ORIENTED_EDGE('',*,*,#1615,.T.);
#1023=ORIENTED_EDGE('',*,*,#1698,.F.);
#1024=ORIENTED_EDGE('',*,*,#1699,.T.);
#1025=CARTESIAN_POINT('',(-0.01,-1.77356584573137E-19,-1.77356584573137E-19));
#1026=DIRECTION('',(0.577350269189626,-0.577350269189626,-0.577350269189626));
#1027=DIRECTION('',(0.707106781186548,0.707106781186547,4.12962635648235E-16));
#1028=ORIENTED_EDGE('',*,*,#1607,.T.);
#1029=ORIENTED_EDGE('',*,*,#1700,.T.);
#1030=ORIENTED_EDGE('',*,*,#1701,.F.);
#1031=ORIENTED_EDGE('',*,*,#1694,.F.);
#1032=ORIENTED_EDGE('',*,*,#1610,.T.);
#1033=ORIENTED_EDGE('',*,*,#1702,.T.);
#1034=ORIENTED_EDGE('',*,*,#1703,.T.);
#1035=ORIENTED_EDGE('',*,*,#1704,.T.);
#1036=CARTESIAN_POINT('',(-0.005,0.005,-0.005));
#1037=DIRECTION('',(0.577350269189626,-0.577350269189626,-0.577350269189626));
#1038=DIRECTION('',(0.707106781186547,0.707106781186547,0.0));
#1039=ORIENTED_EDGE('',*,*,#1603,.T.);
#1040=ORIENTED_EDGE('',*,*,#1705,.T.);
#1041=ORIENTED_EDGE('',*,*,#1706,.F.);
#1042=ORIENTED_EDGE('',*,*,#1604,.T.);
#1043=ORIENTED_EDGE('',*,*,#1503,.F.);
#1044=ORIENTED_EDGE('',*,*,#1707,.F.);
#1045=ORIENTED_EDGE('',*,*,#1708,.F.);
#1046=ORIENTED_EDGE('',*,*,#1490,.F.);
#1047=CARTESIAN_POINT('',(0.005,0.005,-0.005));
#1048=DIRECTION('',(0.577350269189626,-0.577350269189626,0.577350269189626));
#1049=DIRECTION('',(0.707106781186547,0.707106781186547,0.0));
#1050=ORIENTED_EDGE('',*,*,#1596,.T.);
#1051=ORIENTED_EDGE('',*,*,#1482,.F.);
#1052=ORIENTED_EDGE('',*,*,#1709,.F.);
#1053=ORIENTED_EDGE('',*,*,#1691,.F.);
#1054=ORIENTED_EDGE('',*,*,#1620,.F.);
#1055=ORIENTED_EDGE('',*,*,#1600,.T.);
#1056=ORIENTED_EDGE('',*,*,#1676,.T.);
#1057=ORIENTED_EDGE('',*,*,#1670,.F.);
#1058=CARTESIAN_POINT('',(1.77356584573137E-19,-0.01,1.77356584573137E-19));
#1059=DIRECTION('',(-0.577350269189626,0.577350269189626,-0.577350269189626));
#1060=DIRECTION('',(-0.707106781186547,-0.707106781186548,-4.12962635648235E-16));
#1061=ORIENTED_EDGE('',*,*,#1591,.T.);
#1062=ORIENTED_EDGE('',*,*,#1710,.T.);
#1063=ORIENTED_EDGE('',*,*,#1711,.F.);
#1064=ORIENTED_EDGE('',*,*,#1712,.T.);
#1065=ORIENTED_EDGE('',*,*,#1593,.T.);
#1066=ORIENTED_EDGE('',*,*,#1713,.F.);
#1067=ORIENTED_EDGE('',*,*,#1613,.F.);
#1068=ORIENTED_EDGE('',*,*,#1714,.T.);
#1069=CARTESIAN_POINT('',(-0.01,-1.77356584573137E-19,1.77356584573137E-19));
#1070=DIRECTION('',(0.577350269189626,-0.577350269189626,0.577350269189626));
#1071=DIRECTION('',(0.707106781186548,0.707106781186547,-4.12962635648235E-16));
#1072=ORIENTED_EDGE('',*,*,#1584,.T.);
#1073=ORIENTED_EDGE('',*,*,#1625,.F.);
#1074=ORIENTED_EDGE('',*,*,#1678,.F.);
#1075=ORIENTED_EDGE('',*,*,#1715,.F.);
#1076=ORIENTED_EDGE('',*,*,#1501,.F.);
#1077=ORIENTED_EDGE('',*,*,#1588,.T.);
#1078=ORIENTED_EDGE('',*,*,#1706,.T.);
#1079=ORIENTED_EDGE('',*,*,#1716,.T.);
#1080=CARTESIAN_POINT('',(0.01,1.77356584573137E-19,1.77356584573137E-19));
#1081=DIRECTION('',(-0.577350269189626,-0.577350269189626,-0.577350269189626));
#1082=DIRECTION('',(0.707106781186548,-0.707106781186547,-4.12962635648235E-16));
#1083=ORIENTED_EDGE('',*,*,#1579,.T.);
#1084=ORIENTED_EDGE('',*,*,#1690,.T.);
#1085=ORIENTED_EDGE('',*,*,#1549,.F.);
#1086=ORIENTED_EDGE('',*,*,#1717,.T.);
#1087=ORIENTED_EDGE('',*,*,#1582,.T.);
#1088=ORIENTED_EDGE('',*,*,#1718,.T.);
#1089=ORIENTED_EDGE('',*,*,#1719,.F.);
#1090=ORIENTED_EDGE('',*,*,#1720,.T.);
#1091=CARTESIAN_POINT('',(-0.005,0.005,0.005));
#1092=DIRECTION('',(0.577350269189626,0.577350269189626,-0.577350269189626));
#1093=DIRECTION('',(-0.707106781186547,0.707106781186547,0.0));
#1094=ORIENTED_EDGE('',*,*,#1573,.T.);
#1095=ORIENTED_EDGE('',*,*,#1717,.F.);
#1096=ORIENTED_EDGE('',*,*,#1555,.F.);
#1097=ORIENTED_EDGE('',*,*,#1687,.T.);
#1098=ORIENTED_EDGE('',*,*,#1576,.T.);
#1099=ORIENTED_EDGE('',*,*,#1721,.T.);
#1100=ORIENTED_EDGE('',*,*,#1663,.F.);
#1101=ORIENTED_EDGE('',*,*,#1722,.T.);
#1102=CARTESIAN_POINT('',(0.005,0.005,0.005));
#1103=DIRECTION('',(-0.577350269189626,0.577350269189626,-0.577350269189626));
#1104=DIRECTION('',(-0.707106781186547,-0.707106781186547,0.0));
#1105=ORIENTED_EDGE('',*,*,#1567,.T.);
#1106=ORIENTED_EDGE('',*,*,#1723,.T.);
#1107=ORIENTED_EDGE('',*,*,#1711,.T.);
#1108=ORIENTED_EDGE('',*,*,#1724,.T.);
#1109=ORIENTED_EDGE('',*,*,#1570,.T.);
#1110=ORIENTED_EDGE('',*,*,#1673,.T.);
#1111=ORIENTED_EDGE('',*,*,#1598,.F.);
#1112=ORIENTED_EDGE('',*,*,#1669,.F.);
#1113=CARTESIAN_POINT('',(1.77356584573137E-19,-0.01,-1.77356584573137E-19));
#1114=DIRECTION('',(-0.577350269189626,0.577350269189626,0.577350269189626));
#1115=DIRECTION('',(-0.707106781186547,-0.707106781186548,4.12962635648235E-16));
#1116=ORIENTED_EDGE('',*,*,#1562,.T.);
#1117=ORIENTED_EDGE('',*,*,#1646,.F.);
#1118=ORIENTED_EDGE('',*,*,#1658,.F.);
#1119=ORIENTED_EDGE('',*,*,#1671,.F.);
#1120=ORIENTED_EDGE('',*,*,#1636,.F.);
#1121=ORIENTED_EDGE('',*,*,#1564,.T.);
#1122=ORIENTED_EDGE('',*,*,#1725,.F.);
#1123=ORIENTED_EDGE('',*,*,#1726,.T.);
#1124=CARTESIAN_POINT('',(0.0,0.0,0.01));
#1125=DIRECTION('',(0.577350269189626,-0.577350269189626,-0.577350269189626));
#1126=DIRECTION('',(0.707106781186547,0.707106781186547,0.0));
#1127=ORIENTED_EDGE('',*,*,#1556,.T.);
#1128=ORIENTED_EDGE('',*,*,#1726,.F.);
#1129=ORIENTED_EDGE('',*,*,#1727,.F.);
#1130=ORIENTED_EDGE('',*,*,#1559,.T.);
#1131=ORIENTED_EDGE('',*,*,#1574,.F.);
#1132=ORIENTED_EDGE('',*,*,#1722,.F.);
#1133=ORIENTED_EDGE('',*,*,#1662,.F.);
#1134=ORIENTED_EDGE('',*,*,#1639,.F.);
#1135=CARTESIAN_POINT('',(0.005,0.005,0.005));
#1136=DIRECTION('',(-0.577350269189626,-0.577350269189626,0.577350269189626));
#1137=DIRECTION('',(0.707106781186547,-0.707106781186547,0.0));
#1138=ORIENTED_EDGE('',*,*,#1551,.T.);
#1139=ORIENTED_EDGE('',*,*,#1728,.F.);
#1140=ORIENTED_EDGE('',*,*,#1688,.T.);
#1141=ORIENTED_EDGE('',*,*,#1553,.T.);
#1142=ORIENTED_EDGE('',*,*,#1487,.F.);
#1143=ORIENTED_EDGE('',*,*,#1729,.F.);
#1144=ORIENTED_EDGE('',*,*,#1730,.F.);
#1145=ORIENTED_EDGE('',*,*,#1506,.F.);
#1146=CARTESIAN_POINT('',(0.005,0.005,-0.005));
#1147=DIRECTION('',(-0.577350269189626,0.577350269189626,0.577350269189626));
#1148=DIRECTION('',(-0.707106781186547,-0.707106781186547,0.0));
#1149=ORIENTED_EDGE('',*,*,#1545,.T.);
#1150=ORIENTED_EDGE('',*,*,#1689,.T.);
#1151=ORIENTED_EDGE('',*,*,#1728,.T.);
#1152=ORIENTED_EDGE('',*,*,#1547,.T.);
#1153=ORIENTED_EDGE('',*,*,#1608,.F.);
#1154=ORIENTED_EDGE('',*,*,#1704,.F.);
#1155=ORIENTED_EDGE('',*,*,#1731,.F.);
#1156=ORIENTED_EDGE('',*,*,#1513,.F.);
#1157=CARTESIAN_POINT('',(-0.005,0.005,-0.005));
#1158=DIRECTION('',(0.577350269189626,0.577350269189626,0.577350269189626));
#1159=DIRECTION('',(-0.707106781186547,0.707106781186547,0.0));
#1160=ORIENTED_EDGE('',*,*,#1537,.T.);
#1161=ORIENTED_EDGE('',*,*,#1732,.T.);
#1162=ORIENTED_EDGE('',*,*,#1733,.T.);
#1163=ORIENTED_EDGE('',*,*,#1541,.T.);
#1164=ORIENTED_EDGE('',*,*,#1638,.F.);
#1165=ORIENTED_EDGE('',*,*,#1664,.F.);
#1166=ORIENTED_EDGE('',*,*,#1721,.F.);
#1167=ORIENTED_EDGE('',*,*,#1575,.F.);
#1168=CARTESIAN_POINT('',(0.005,0.005,0.005));
#1169=DIRECTION('',(0.577350269189626,0.577350269189626,0.577350269189626));
#1170=DIRECTION('',(-0.707106781186547,0.707106781186547,0.0));
#1171=ORIENTED_EDGE('',*,*,#1606,.F.);
#1172=ORIENTED_EDGE('',*,*,#1661,.F.);
#1173=ORIENTED_EDGE('',*,*,#1642,.F.);
#1174=ORIENTED_EDGE('',*,*,#1644,.F.);
#1175=ORIENTED_EDGE('',*,*,#1660,.F.);
#1176=ORIENTED_EDGE('',*,*,#1585,.F.);
#1177=ORIENTED_EDGE('',*,*,#1716,.F.);
#1178=ORIENTED_EDGE('',*,*,#1705,.F.);
#1179=CARTESIAN_POINT('',(0.01,0.0,0.0));
#1180=DIRECTION('',(1.0,0.0,0.0));
#1181=DIRECTION('',(0.0,1.0,0.0));
#1182=ORIENTED_EDGE('',*,*,#1654,.T.);
#1183=ORIENTED_EDGE('',*,*,#1542,.F.);
#1184=ORIENTED_EDGE('',*,*,#1733,.F.);
#1185=ORIENTED_EDGE('',*,*,#1734,.F.);
#1186=CARTESIAN_POINT('',(0.01,0.0,0.0));
#1187=DIRECTION('',(1.0,0.0,0.0));
#1188=DIRECTION('',(0.0,1.0,0.0));
#1189=ORIENTED_EDGE('',*,*,#1652,.T.);
#1190=ORIENTED_EDGE('',*,*,#1666,.F.);
#1191=ORIENTED_EDGE('',*,*,#1735,.F.);
#1192=ORIENTED_EDGE('',*,*,#1459,.F.);
#1193=CARTESIAN_POINT('',(0.01,0.0,0.0));
#1194=DIRECTION('',(1.0,0.0,0.0));
#1195=DIRECTION('',(0.0,1.0,0.0));
#1196=ORIENTED_EDGE('',*,*,#1531,.T.);
#1197=ORIENTED_EDGE('',*,*,#1714,.F.);
#1198=ORIENTED_EDGE('',*,*,#1529,.F.);
#1199=ORIENTED_EDGE('',*,*,#1736,.F.);
#1200=ORIENTED_EDGE('',*,*,#1534,.T.);
#1201=ORIENTED_EDGE('',*,*,#1737,.T.);
#1202=ORIENTED_EDGE('',*,*,#1719,.T.);
#1203=ORIENTED_EDGE('',*,*,#1738,.T.);
#1204=CARTESIAN_POINT('',(-0.005,0.005,0.005));
#1205=DIRECTION('',(-0.577350269189626,-0.577350269189626,-0.577350269189626));
#1206=DIRECTION('',(0.707106781186547,-0.707106781186547,0.0));
#1207=ORIENTED_EDGE('',*,*,#1524,.T.);
#1208=ORIENTED_EDGE('',*,*,#1699,.F.);
#1209=ORIENTED_EDGE('',*,*,#1739,.F.);
#1210=ORIENTED_EDGE('',*,*,#1527,.T.);
#1211=ORIENTED_EDGE('',*,*,#1510,.F.);
#1212=ORIENTED_EDGE('',*,*,#1740,.F.);
#1213=ORIENTED_EDGE('',*,*,#1702,.F.);
#1214=ORIENTED_EDGE('',*,*,#1609,.F.);
#1215=CARTESIAN_POINT('',(-0.005,0.005,-0.005));
#1216=DIRECTION('',(-0.577350269189626,-0.577350269189626,0.577350269189626));
#1217=DIRECTION('',(0.707106781186547,-0.707106781186547,0.0));
#1218=ORIENTED_EDGE('',*,*,#1741,.F.);
#1219=ORIENTED_EDGE('',*,*,#1742,.T.);
#1220=ORIENTED_EDGE('',*,*,#1480,.T.);
#1221=ORIENTED_EDGE('',*,*,#1743,.F.);
#1222=CARTESIAN_POINT('',(0.0,-0.01,0.0));
#1223=DIRECTION('',(0.0,1.0,-0.0));
#1224=DIRECTION('',(-1.0,0.0,0.0));
#1225=ORIENTED_EDGE('',*,*,#1517,.T.);
#1226=ORIENTED_EDGE('',*,*,#1594,.F.);
#1227=ORIENTED_EDGE('',*,*,#1712,.F.);
#1228=ORIENTED_EDGE('',*,*,#1723,.F.);
#1229=ORIENTED_EDGE('',*,*,#1572,.F.);
#1230=ORIENTED_EDGE('',*,*,#1521,.T.);
#1231=ORIENTED_EDGE('',*,*,#1744,.F.);
#1232=ORIENTED_EDGE('',*,*,#1745,.F.);
#1233=CARTESIAN_POINT('',(-0.01,-0.01,0.01));
#1234=DIRECTION('',(0.577350269189626,0.577350269189626,-0.577350269189626));
#1235=DIRECTION('',(-0.707106781186548,0.707106781186548,0.0));
#1236=ORIENTED_EDGE('',*,*,#1509,.T.);
#1237=ORIENTED_EDGE('',*,*,#1746,.F.);
#1238=ORIENTED_EDGE('',*,*,#1747,.F.);
#1239=ORIENTED_EDGE('',*,*,#1748,.T.);
#1240=ORIENTED_EDGE('',*,*,#1514,.T.);
#1241=ORIENTED_EDGE('',*,*,#1731,.T.);
#1242=ORIENTED_EDGE('',*,*,#1703,.F.);
#1243=ORIENTED_EDGE('',*,*,#1740,.T.);
#1244=CARTESIAN_POINT('',(-0.005,0.005,-0.005));
#1245=DIRECTION('',(-0.577350269189626,0.577350269189626,-0.577350269189626));
#1246=DIRECTION('',(-0.707106781186547,-0.707106781186547,0.0));
#1247=ORIENTED_EDGE('',*,*,#1650,.T.);
#1248=ORIENTED_EDGE('',*,*,#1683,.T.);
#1249=ORIENTED_EDGE('',*,*,#1749,.T.);
#1250=ORIENTED_EDGE('',*,*,#1455,.T.);
#1251=CARTESIAN_POINT('',(-0.01,0.0,0.0));
#1252=DIRECTION('',(1.0,0.0,0.0));
#1253=DIRECTION('',(0.0,1.0,0.0));
#1254=ORIENTED_EDGE('',*,*,#1648,.T.);
#1255=ORIENTED_EDGE('',*,*,#1518,.T.);
#1256=ORIENTED_EDGE('',*,*,#1745,.T.);
#1257=ORIENTED_EDGE('',*,*,#1750,.T.);
#1258=CARTESIAN_POINT('',(-0.01,0.0,0.0));
#1259=DIRECTION('',(1.0,0.0,0.0));
#1260=DIRECTION('',(0.0,1.0,0.0));
#1261=ORIENTED_EDGE('',*,*,#1535,.T.);
#1262=ORIENTED_EDGE('',*,*,#1736,.T.);
#1263=ORIENTED_EDGE('',*,*,#1528,.T.);
#1264=ORIENTED_EDGE('',*,*,#1739,.T.);
#1265=ORIENTED_EDGE('',*,*,#1698,.T.);
#1266=ORIENTED_EDGE('',*,*,#1614,.T.);
#1267=ORIENTED_EDGE('',*,*,#1713,.T.);
#1268=ORIENTED_EDGE('',*,*,#1592,.T.);
#1269=CARTESIAN_POINT('',(-0.01,0.0,0.0));
#1270=DIRECTION('',(1.0,0.0,0.0));
#1271=DIRECTION('',(0.0,1.0,0.0));
#1272=ORIENTED_EDGE('',*,*,#1502,.T.);
#1273=ORIENTED_EDGE('',*,*,#1751,.F.);
#1274=ORIENTED_EDGE('',*,*,#1752,.F.);
#1275=ORIENTED_EDGE('',*,*,#1700,.F.);
#1276=ORIENTED_EDGE('',*,*,#1507,.T.);
#1277=ORIENTED_EDGE('',*,*,#1730,.T.);
#1278=ORIENTED_EDGE('',*,*,#1753,.T.);
#1279=ORIENTED_EDGE('',*,*,#1707,.T.);
#1280=CARTESIAN_POINT('',(0.005,0.005,-0.005));
#1281=DIRECTION('',(-0.577350269189626,-0.577350269189626,-0.577350269189626));
#1282=DIRECTION('',(0.707106781186547,-0.707106781186547,0.0));
#1283=ORIENTED_EDGE('',*,*,#1494,.T.);
#1284=ORIENTED_EDGE('',*,*,#1715,.T.);
#1285=ORIENTED_EDGE('',*,*,#1677,.F.);
#1286=ORIENTED_EDGE('',*,*,#1674,.T.);
#1287=ORIENTED_EDGE('',*,*,#1497,.T.);
#1288=ORIENTED_EDGE('',*,*,#1696,.F.);
#1289=ORIENTED_EDGE('',*,*,#1754,.F.);
#1290=ORIENTED_EDGE('',*,*,#1751,.T.);
#1291=CARTESIAN_POINT('',(0.0,0.0,-0.01));
#1292=DIRECTION('',(0.577350269189626,-0.577350269189626,0.577350269189626));
#1293=DIRECTION('',(0.707106781186547,0.707106781186547,0.0));
#1294=ORIENTED_EDGE('',*,*,#1755,.F.);
#1295=ORIENTED_EDGE('',*,*,#1686,.F.);
#1296=ORIENTED_EDGE('',*,*,#1492,.F.);
#1297=ORIENTED_EDGE('',*,*,#1756,.F.);
#1298=CARTESIAN_POINT('',(0.01,0.0,0.0));
#1299=DIRECTION('',(1.0,0.0,0.0));
#1300=DIRECTION('',(0.0,1.0,0.0));
#1301=ORIENTED_EDGE('',*,*,#1486,.T.);
#1302=ORIENTED_EDGE('',*,*,#1685,.T.);
#1303=ORIENTED_EDGE('',*,*,#1757,.F.);
#1304=ORIENTED_EDGE('',*,*,#1756,.T.);
#1305=ORIENTED_EDGE('',*,*,#1491,.T.);
#1306=ORIENTED_EDGE('',*,*,#1708,.T.);
#1307=ORIENTED_EDGE('',*,*,#1753,.F.);
#1308=ORIENTED_EDGE('',*,*,#1729,.T.);
#1309=CARTESIAN_POINT('',(0.005,0.005,-0.005));
#1310=DIRECTION('',(0.577350269189626,0.577350269189626,-0.577350269189626));
#1311=DIRECTION('',(-0.707106781186547,0.707106781186547,0.0));
#1312=ORIENTED_EDGE('',*,*,#1758,.F.);
#1313=ORIENTED_EDGE('',*,*,#1679,.F.);
#1314=ORIENTED_EDGE('',*,*,#1623,.F.);
#1315=ORIENTED_EDGE('',*,*,#1759,.F.);
#1316=CARTESIAN_POINT('',(0.01,0.0,0.0));
#1317=DIRECTION('',(1.0,0.0,0.0));
#1318=DIRECTION('',(0.0,1.0,0.0));
#1319=ORIENTED_EDGE('',*,*,#1760,.F.);
#1320=ORIENTED_EDGE('',*,*,#1759,.T.);
#1321=ORIENTED_EDGE('',*,*,#1622,.T.);
#1322=ORIENTED_EDGE('',*,*,#1681,.T.);
#1323=CARTESIAN_POINT('',(0.0,-0.01,0.0));
#1324=DIRECTION('',(0.0,1.0,-0.0));
#1325=DIRECTION('',(-1.0,0.0,0.0));
#1326=ORIENTED_EDGE('',*,*,#1761,.F.);
#1327=ORIENTED_EDGE('',*,*,#1746,.T.);
#1328=ORIENTED_EDGE('',*,*,#1516,.T.);
#1329=ORIENTED_EDGE('',*,*,#1762,.T.);
#1330=CARTESIAN_POINT('',(-0.01,0.0,0.0));
#1331=DIRECTION('',(1.0,0.0,0.0));
#1332=DIRECTION('',(0.0,1.0,0.0));
#1333=ORIENTED_EDGE('',*,*,#1763,.F.);
#1334=ORIENTED_EDGE('',*,*,#1762,.F.);
#1335=ORIENTED_EDGE('',*,*,#1515,.F.);
#1336=ORIENTED_EDGE('',*,*,#1748,.F.);
#1337=CARTESIAN_POINT('',(0.0,0.01,0.0));
#1338=DIRECTION('',(0.0,1.0,-0.0));
#1339=DIRECTION('',(-1.0,0.0,0.0));
#1340=ORIENTED_EDGE('',*,*,#1764,.F.);
#1341=ORIENTED_EDGE('',*,*,#1743,.T.);
#1342=ORIENTED_EDGE('',*,*,#1479,.T.);
#1343=ORIENTED_EDGE('',*,*,#1765,.T.);
#1344=CARTESIAN_POINT('',(-0.01,0.0,0.0));
#1345=DIRECTION('',(1.0,0.0,0.0));
#1346=DIRECTION('',(0.0,1.0,0.0));
#1347=ORIENTED_EDGE('',*,*,#1478,.T.);
#1348=ORIENTED_EDGE('',*,*,#1697,.T.);
#1349=ORIENTED_EDGE('',*,*,#1692,.T.);
#1350=ORIENTED_EDGE('',*,*,#1709,.T.);
#1351=ORIENTED_EDGE('',*,*,#1481,.T.);
#1352=ORIENTED_EDGE('',*,*,#1742,.F.);
#1353=ORIENTED_EDGE('',*,*,#1766,.F.);
#1354=ORIENTED_EDGE('',*,*,#1765,.F.);
#1355=CARTESIAN_POINT('',(-0.01,-0.01,-0.01));
#1356=DIRECTION('',(0.577350269189626,0.577350269189626,0.577350269189626));
#1357=DIRECTION('',(-0.707106781186548,0.707106781186548,0.0));
#1358=ORIENTED_EDGE('',*,*,#1764,.T.);
#1359=ORIENTED_EDGE('',*,*,#1766,.T.);
#1360=ORIENTED_EDGE('',*,*,#1741,.T.);
#1361=CARTESIAN_POINT('',(0.0,0.0,-0.01));
#1362=DIRECTION('',(0.0,0.0,1.0));
#1363=DIRECTION('',(1.0,0.0,0.0));
#1364=ORIENTED_EDGE('',*,*,#1761,.T.);
#1365=ORIENTED_EDGE('',*,*,#1763,.T.);
#1366=ORIENTED_EDGE('',*,*,#1747,.T.);
#1367=CARTESIAN_POINT('',(0.0,0.0,-0.01));
#1368=DIRECTION('',(0.0,0.0,1.0));
#1369=DIRECTION('',(1.0,0.0,0.0));
#1370=ORIENTED_EDGE('',*,*,#1758,.T.);
#1371=ORIENTED_EDGE('',*,*,#1760,.T.);
#1372=ORIENTED_EDGE('',*,*,#1680,.T.);
#1373=CARTESIAN_POINT('',(0.0,0.0,-0.01));
#1374=DIRECTION('',(0.0,0.0,1.0));
#1375=DIRECTION('',(1.0,0.0,0.0));
#1376=ORIENTED_EDGE('',*,*,#1755,.T.);
#1377=ORIENTED_EDGE('',*,*,#1757,.T.);
#1378=ORIENTED_EDGE('',*,*,#1684,.T.);
#1379=CARTESIAN_POINT('',(0.0,0.0,-0.01));
#1380=DIRECTION('',(0.0,0.0,1.0));
#1381=DIRECTION('',(1.0,0.0,0.0));
#1382=ORIENTED_EDGE('',*,*,#1752,.T.);
#1383=ORIENTED_EDGE('',*,*,#1754,.T.);
#1384=ORIENTED_EDGE('',*,*,#1695,.T.);
#1385=ORIENTED_EDGE('',*,*,#1701,.T.);
#1386=CARTESIAN_POINT('',(0.0,0.0,-0.01));
#1387=DIRECTION('',(0.0,0.0,1.0));
#1388=DIRECTION('',(1.0,0.0,0.0));
#1389=ORIENTED_EDGE('',*,*,#1472,.T.);
#1390=ORIENTED_EDGE('',*,*,#1727,.T.);
#1391=ORIENTED_EDGE('',*,*,#1767,.F.);
#1392=ORIENTED_EDGE('',*,*,#1475,.T.);
#1393=ORIENTED_EDGE('',*,*,#1532,.F.);
#1394=ORIENTED_EDGE('',*,*,#1738,.F.);
#1395=ORIENTED_EDGE('',*,*,#1718,.F.);
#1396=ORIENTED_EDGE('',*,*,#1581,.F.);
#1397=CARTESIAN_POINT('',(-0.005,0.005,0.005));
#1398=DIRECTION('',(0.577350269189626,-0.577350269189626,0.577350269189626));
#1399=DIRECTION('',(0.707106781186547,0.707106781186547,0.0));
#1400=ORIENTED_EDGE('',*,*,#1464,.T.);
#1401=ORIENTED_EDGE('',*,*,#1571,.F.);
#1402=ORIENTED_EDGE('',*,*,#1724,.F.);
#1403=ORIENTED_EDGE('',*,*,#1710,.F.);
#1404=ORIENTED_EDGE('',*,*,#1595,.F.);
#1405=ORIENTED_EDGE('',*,*,#1468,.T.);
#1406=ORIENTED_EDGE('',*,*,#1767,.T.);
#1407=ORIENTED_EDGE('',*,*,#1725,.T.);
#1408=CARTESIAN_POINT('',(0.0,0.0,0.01));
#1409=DIRECTION('',(-0.577350269189626,-0.577350269189626,-0.577350269189626));
#1410=DIRECTION('',(0.707106781186547,-0.707106781186547,0.0));
#1411=ORIENTED_EDGE('',*,*,#1655,.T.);
#1412=ORIENTED_EDGE('',*,*,#1734,.T.);
#1413=ORIENTED_EDGE('',*,*,#1732,.F.);
#1414=ORIENTED_EDGE('',*,*,#1544,.F.);
#1415=CARTESIAN_POINT('',(0.0,0.01,0.0));
#1416=DIRECTION('',(0.0,1.0,-0.0));
#1417=DIRECTION('',(-1.0,0.0,0.0));
#1418=ORIENTED_EDGE('',*,*,#1456,.T.);
#1419=ORIENTED_EDGE('',*,*,#1635,.F.);
#1420=ORIENTED_EDGE('',*,*,#1672,.F.);
#1421=ORIENTED_EDGE('',*,*,#1656,.F.);
#1422=ORIENTED_EDGE('',*,*,#1647,.F.);
#1423=ORIENTED_EDGE('',*,*,#1460,.T.);
#1424=ORIENTED_EDGE('',*,*,#1735,.T.);
#1425=ORIENTED_EDGE('',*,*,#1665,.F.);
#1426=CARTESIAN_POINT('',(0.01,-0.01,0.01));
#1427=DIRECTION('',(-0.577350269189626,0.577350269189626,-0.577350269189626));
#1428=DIRECTION('',(-0.707106781186548,-0.707106781186548,0.0));
#1429=ORIENTED_EDGE('',*,*,#1448,.T.);
#1430=ORIENTED_EDGE('',*,*,#1749,.F.);
#1431=ORIENTED_EDGE('',*,*,#1682,.T.);
#1432=ORIENTED_EDGE('',*,*,#1452,.T.);
#1433=ORIENTED_EDGE('',*,*,#1580,.F.);
#1434=ORIENTED_EDGE('',*,*,#1720,.F.);
#1435=ORIENTED_EDGE('',*,*,#1737,.F.);
#1436=ORIENTED_EDGE('',*,*,#1533,.F.);
#1437=CARTESIAN_POINT('',(-0.005,0.005,0.005));
#1438=DIRECTION('',(-0.577350269189626,0.577350269189626,0.577350269189626));
#1439=DIRECTION('',(-0.707106781186547,-0.707106781186547,0.0));
#1440=ORIENTED_EDGE('',*,*,#1649,.T.);
#1441=ORIENTED_EDGE('',*,*,#1750,.F.);
#1442=ORIENTED_EDGE('',*,*,#1744,.T.);
#1443=ORIENTED_EDGE('',*,*,#1520,.T.);
#1444=CARTESIAN_POINT('',(0.0,-0.01,0.0));
#1445=DIRECTION('',(0.0,1.0,-0.0));
#1446=DIRECTION('',(-1.0,0.0,0.0));
#1447=COLOUR_RGB('',0.560784339904785,0.686274528503418,0.560784339904785);
#1448=EDGE_CURVE('',#1768,#1769,#1770,.T.);
#1449=EDGE_CURVE('5:19280',#1771,#1768,#1772,.T.);
#1450=EDGE_CURVE('5:19262',#1773,#1771,#1774,.T.);
#1451=EDGE_CURVE('5:19274',#1775,#1773,#1776,.T.);
#1452=EDGE_CURVE('',#1777,#1775,#1778,.T.);
#1453=EDGE_CURVE('5:28328',#1777,#1779,#1780,.T.);
#1454=EDGE_CURVE('5:28192',#1779,#1781,#1782,.T.);
#1455=EDGE_CURVE('5:28308',#1769,#1781,#1783,.T.);
#1456=EDGE_CURVE('',#1784,#1785,#1786,.T.);
#1457=EDGE_CURVE('5:28301',#1787,#1784,#1788,.T.);
#1458=EDGE_CURVE('5:28183',#1787,#1789,#1790,.T.);
#1459=EDGE_CURVE('5:28281',#1789,#1791,#1792,.T.);
#1460=EDGE_CURVE('',#1793,#1791,#1794,.T.);
#1461=EDGE_CURVE('5:19190',#1795,#1793,#1796,.T.);
#1462=EDGE_CURVE('5:19139',#1795,#1797,#1798,.T.);
#1463=EDGE_CURVE('5:19115',#1785,#1797,#1799,.T.);
#1464=EDGE_CURVE('',#1800,#1801,#1802,.T.);
#1465=EDGE_CURVE('5:28238',#1800,#1803,#1804,.T.);
#1466=EDGE_CURVE('5:28168',#1803,#1805,#1806,.T.);
#1467=EDGE_CURVE('5:28231',#1805,#1807,#1808,.T.);
#1468=EDGE_CURVE('',#1809,#1807,#1810,.T.);
#1469=EDGE_CURVE('5:19070',#1811,#1809,#1812,.T.);
#1470=EDGE_CURVE('5:19052',#1813,#1811,#1814,.T.);
#1471=EDGE_CURVE('5:19061',#1801,#1813,#1815,.T.);
#1472=EDGE_CURVE('',#1816,#1817,#1818,.T.);
#1473=EDGE_CURVE('5:19304',#1773,#1816,#1819,.T.);
#1474=EDGE_CURVE('5:19217',#1820,#1771,#1821,.T.);
#1475=EDGE_CURVE('',#1807,#1820,#1822,.T.);
#1476=EDGE_CURVE('5:28162',#1805,#1823,#1824,.T.);
#1477=EDGE_CURVE('5:28211',#1823,#1817,#1825,.T.);
#1478=EDGE_CURVE('',#1826,#1827,#1828,.T.);
#1479=EDGE_CURVE('5:26682',#1829,#1826,#1830,.T.);
#1480=EDGE_CURVE('5:26695',#1831,#1829,#1832,.T.);
#1481=EDGE_CURVE('',#1833,#1831,#1834,.T.);
#1482=EDGE_CURVE('5:18383',#1833,#1835,#1836,.T.);
#1483=EDGE_CURVE('5:18383',#1835,#1837,#1838,.T.);
#1484=EDGE_CURVE('5:18428',#1837,#1839,#1840,.T.);
#1485=EDGE_CURVE('5:18428',#1839,#1827,#1841,.T.);
#1486=EDGE_CURVE('',#1842,#1843,#1844,.T.);
#1487=EDGE_CURVE('5:18695',#1842,#1845,#1846,.T.);
#1488=EDGE_CURVE('5:18695',#1845,#1847,#1848,.T.);
#1489=EDGE_CURVE('5:18728',#1847,#1849,#1850,.T.);
#1490=EDGE_CURVE('5:18728',#1849,#1851,#1852,.T.);
#1491=EDGE_CURVE('',#1853,#1851,#1854,.T.);
#1492=EDGE_CURVE('5:26595',#1853,#1855,#1856,.T.);
#1493=EDGE_CURVE('5:26602',#1855,#1843,#1857,.T.);
#1494=EDGE_CURVE('',#1858,#1859,#1860,.T.);
#1495=EDGE_CURVE('5:26555',#1858,#1861,#1862,.T.);
#1496=EDGE_CURVE('5:26575',#1863,#1861,#1864,.T.);
#1497=EDGE_CURVE('',#1865,#1863,#1866,.T.);
#1498=EDGE_CURVE('5:18461',#1865,#1867,#1868,.T.);
#1499=EDGE_CURVE('5:18461',#1867,#1869,#1870,.T.);
#1500=EDGE_CURVE('5:18512',#1869,#1871,#1872,.T.);
#1501=EDGE_CURVE('5:18512',#1871,#1859,#1873,.T.);
#1502=EDGE_CURVE('',#1874,#1858,#1875,.T.);
#1503=EDGE_CURVE('5:18650',#1874,#1876,#1877,.T.);
#1504=EDGE_CURVE('5:18650',#1876,#1878,#1879,.T.);
#1505=EDGE_CURVE('5:18701',#1878,#1880,#1881,.T.);
#1506=EDGE_CURVE('5:18701',#1880,#1882,#1883,.T.);
#1507=EDGE_CURVE('',#1884,#1882,#1885,.T.);
#1508=EDGE_CURVE('5:26542',#1861,#1884,#1886,.T.);
#1509=EDGE_CURVE('',#1887,#1888,#1889,.T.);
#1510=EDGE_CURVE('5:18551',#1887,#1890,#1891,.T.);
#1511=EDGE_CURVE('5:18551',#1890,#1892,#1893,.T.);
#1512=EDGE_CURVE('5:18602',#1892,#1894,#1895,.T.);
#1513=EDGE_CURVE('5:18602',#1894,#1896,#1897,.T.);
#1514=EDGE_CURVE('',#1898,#1896,#1899,.T.);
#1515=EDGE_CURVE('5:26665',#1898,#1900,#1901,.T.);
#1516=EDGE_CURVE('5:26645',#1888,#1900,#1902,.T.);
#1517=EDGE_CURVE('',#1903,#1904,#1905,.T.);
#1518=EDGE_CURVE('5:28351',#1906,#1903,#1907,.T.);
#1519=EDGE_CURVE('5:28204',#1906,#1908,#1909,.T.);
#1520=EDGE_CURVE('5:28358',#1910,#1908,#1911,.T.);
#1521=EDGE_CURVE('',#1912,#1910,#1913,.T.);
#1522=EDGE_CURVE('5:19097',#1813,#1912,#1914,.T.);
#1523=EDGE_CURVE('5:19022',#1904,#1811,#1915,.T.);
#1524=EDGE_CURVE('',#1916,#1917,#1918,.T.);
#1525=EDGE_CURVE('5:18629',#1919,#1916,#1920,.T.);
#1526=EDGE_CURVE('5:18584',#1919,#1892,#1921,.T.);
#1527=EDGE_CURVE('',#1922,#1890,#1923,.T.);
#1528=EDGE_CURVE('5:24848',#1924,#1922,#1925,.T.);
#1529=EDGE_CURVE('5:24937',#1924,#1926,#1927,.T.);
#1530=EDGE_CURVE('5:24957',#1917,#1926,#1928,.T.);
#1531=EDGE_CURVE('',#1929,#1930,#1931,.T.);
#1532=EDGE_CURVE('5:19217',#1929,#1820,#1932,.T.);
#1533=EDGE_CURVE('5:19280',#1768,#1933,#1934,.T.);
#1534=EDGE_CURVE('',#1935,#1933,#1936,.T.);
#1535=EDGE_CURVE('5:24845',#1937,#1935,#1938,.T.);
#1536=EDGE_CURVE('5:24924',#1930,#1937,#1939,.T.);
#1537=EDGE_CURVE('',#1940,#1941,#1942,.T.);
#1538=EDGE_CURVE('5:19394',#1943,#1940,#1944,.T.);
#1539=EDGE_CURVE('5:19376',#1945,#1943,#1946,.T.);
#1540=EDGE_CURVE('5:19388',#1947,#1945,#1948,.T.);
#1541=EDGE_CURVE('',#1949,#1947,#1950,.T.);
#1542=EDGE_CURVE('5:28258',#1949,#1951,#1952,.T.);
#1543=EDGE_CURVE('5:28177',#1951,#1953,#1954,.T.);
#1544=EDGE_CURVE('5:28271',#1953,#1941,#1955,.T.);
#1545=EDGE_CURVE('',#1894,#1956,#1957,.T.);
#1546=EDGE_CURVE('5:18593',#1958,#1919,#1959,.T.);
#1547=EDGE_CURVE('',#1960,#1958,#1961,.T.);
#1548=EDGE_CURVE('5:21965',#1960,#1962,#1963,.T.);
#1549=EDGE_CURVE('5:21972',#1962,#1964,#1965,.T.);
#1550=EDGE_CURVE('5:21914',#1964,#1956,#1966,.T.);
#1551=EDGE_CURVE('',#1880,#1960,#1967,.T.);
#1552=EDGE_CURVE('5:18680',#1847,#1878,#1968,.T.);
#1553=EDGE_CURVE('',#1969,#1845,#1970,.T.);
#1554=EDGE_CURVE('5:21908',#1969,#1971,#1972,.T.);
#1555=EDGE_CURVE('5:21945',#1971,#1962,#1973,.T.);
#1556=EDGE_CURVE('',#1974,#1975,#1976,.T.);
#1557=EDGE_CURVE('5:19421',#1945,#1974,#1977,.T.);
#1558=EDGE_CURVE('5:19331',#1978,#1943,#1979,.T.);
#1559=EDGE_CURVE('',#1817,#1978,#1980,.T.);
#1560=EDGE_CURVE('5:28159',#1823,#1981,#1982,.T.);
#1561=EDGE_CURVE('5:28218',#1975,#1981,#1983,.T.);
#1562=EDGE_CURVE('',#1975,#1984,#1985,.T.);
#1563=EDGE_CURVE('5:28165',#1981,#1803,#1986,.T.);
#1564=EDGE_CURVE('',#1987,#1800,#1988,.T.);
#1565=EDGE_CURVE('5:19163',#1797,#1987,#1989,.T.);
#1566=EDGE_CURVE('5:19157',#1984,#1795,#1990,.T.);
#1567=EDGE_CURVE('',#1991,#1992,#1993,.T.);
#1568=EDGE_CURVE('5:22495',#1994,#1991,#1995,.T.);
#1569=EDGE_CURVE('5:22616',#1994,#1996,#1997,.T.);
#1570=EDGE_CURVE('',#1998,#1996,#1999,.T.);
#1571=EDGE_CURVE('5:19061',#1998,#1801,#2000,.T.);
#1572=EDGE_CURVE('5:19097',#1912,#1992,#2001,.T.);
#1573=EDGE_CURVE('',#2002,#2003,#2004,.T.);
#1574=EDGE_CURVE('5:19331',#2002,#1978,#2005,.T.);
#1575=EDGE_CURVE('5:19394',#1940,#2006,#2007,.T.);
#1576=EDGE_CURVE('',#2008,#2006,#2009,.T.);
#1577=EDGE_CURVE('5:21905',#2008,#2010,#2011,.T.);
#1578=EDGE_CURVE('5:21952',#2003,#2010,#2012,.T.);
#1579=EDGE_CURVE('',#2013,#2014,#2015,.T.);
#1580=EDGE_CURVE('5:19274',#2013,#1775,#2016,.T.);
#1581=EDGE_CURVE('5:19304',#1816,#2017,#2018,.T.);
#1582=EDGE_CURVE('',#2003,#2017,#2019,.T.);
#1583=EDGE_CURVE('5:21911',#2010,#2014,#2020,.T.);
#1584=EDGE_CURVE('',#2021,#2022,#2023,.T.);
#1585=EDGE_CURVE('5:24035',#2021,#2024,#2025,.T.);
#1586=EDGE_CURVE('5:24111',#2024,#2026,#2027,.T.);
#1587=EDGE_CURVE('5:24088',#2026,#2028,#2029,.T.);
#1588=EDGE_CURVE('',#1871,#2028,#2030,.T.);
#1589=EDGE_CURVE('5:18494',#2031,#1869,#2032,.T.);
#1590=EDGE_CURVE('5:18503',#2022,#2031,#2033,.T.);
#1591=EDGE_CURVE('',#1930,#2034,#2035,.T.);
#1592=EDGE_CURVE('5:24851',#2036,#1937,#2037,.T.);
#1593=EDGE_CURVE('',#2038,#2036,#2039,.T.);
#1594=EDGE_CURVE('5:19022',#2038,#1904,#2040,.T.);
#1595=EDGE_CURVE('5:19070',#1809,#2034,#2041,.T.);
#1596=EDGE_CURVE('',#2042,#1835,#2043,.T.);
#1597=EDGE_CURVE('5:22489',#2044,#2042,#2045,.T.);
#1598=EDGE_CURVE('5:22606',#2044,#2046,#2047,.T.);
#1599=EDGE_CURVE('5:22583',#2046,#2048,#2049,.T.);
#1600=EDGE_CURVE('',#2050,#2048,#2051,.T.);
#1601=EDGE_CURVE('5:18452',#2052,#2050,#2053,.T.);
#1602=EDGE_CURVE('5:18407',#2052,#1837,#2054,.T.);
#1603=EDGE_CURVE('',#1849,#2055,#2056,.T.);
#1604=EDGE_CURVE('',#2028,#1876,#2057,.T.);
#1605=EDGE_CURVE('5:24078',#2026,#2058,#2059,.T.);
#1606=EDGE_CURVE('5:24029',#2058,#2055,#2060,.T.);
#1607=EDGE_CURVE('',#2061,#1884,#2062,.T.);
#1608=EDGE_CURVE('5:18593',#2061,#1958,#2063,.T.);
#1609=EDGE_CURVE('5:18629',#1916,#2064,#2065,.T.);
#1610=EDGE_CURVE('',#2066,#2064,#2067,.T.);
#1611=EDGE_CURVE('5:26562',#1861,#2066,#2068,.T.);
#1612=EDGE_CURVE('',#1917,#2069,#2070,.T.);
#1613=EDGE_CURVE('5:24944',#1926,#2071,#2072,.T.);
#1614=EDGE_CURVE('5:24854',#2073,#2071,#2074,.T.);
#1615=EDGE_CURVE('',#1839,#2073,#2075,.T.);
#1616=EDGE_CURVE('5:18422',#2069,#2052,#2076,.T.);
#1617=EDGE_CURVE('',#1863,#2077,#2078,.T.);
#1618=EDGE_CURVE('',#2079,#2066,#2080,.T.);
#1619=EDGE_CURVE('5:18422',#2079,#2069,#2081,.T.);
#1620=EDGE_CURVE('5:18452',#2050,#2077,#2082,.T.);
#1621=EDGE_CURVE('',#2083,#2084,#2085,.T.);
#1622=EDGE_CURVE('5:26632',#2086,#2083,#2087,.T.);
#1623=EDGE_CURVE('5:26612',#2086,#2088,#2089,.T.);
#1624=EDGE_CURVE('',#2090,#2088,#2091,.T.);
#1625=EDGE_CURVE('5:18503',#2090,#2022,#2092,.T.);
#1626=EDGE_CURVE('5:18539',#2031,#2093,#2094,.T.);
#1627=EDGE_CURVE('5:18539',#2093,#2084,#2095,.T.);
#1628=EDGE_CURVE('',#2048,#1867,#2096,.T.);
#1629=EDGE_CURVE('5:22593',#2046,#2097,#2098,.T.);
#1630=EDGE_CURVE('5:22483',#2099,#2097,#2100,.T.);
#1631=EDGE_CURVE('',#2093,#2099,#2101,.T.);
#1632=EDGE_CURVE('',#1996,#2102,#2103,.T.);
#1633=EDGE_CURVE('5:22501',#2104,#1994,#2105,.T.);
#1634=EDGE_CURVE('',#2106,#2104,#2107,.T.);
#1635=EDGE_CURVE('5:19115',#2106,#1785,#2108,.T.);
#1636=EDGE_CURVE('5:19163',#1987,#2102,#2109,.T.);
#1637=EDGE_CURVE('',#2110,#2111,#2112,.T.);
#1638=EDGE_CURVE('5:19388',#2110,#1947,#2113,.T.);
#1639=EDGE_CURVE('5:19421',#1974,#2114,#2115,.T.);
#1640=EDGE_CURVE('',#2116,#2114,#2117,.T.);
#1641=EDGE_CURVE('5:24101',#2118,#2116,#2119,.T.);
#1642=EDGE_CURVE('5:24032',#2118,#2111,#2120,.T.);
#1643=EDGE_CURVE('',#2121,#2122,#2123,.T.);
#1644=EDGE_CURVE('5:24038',#2121,#2118,#2124,.T.);
#1645=EDGE_CURVE('',#2125,#2116,#2126,.T.);
#1646=EDGE_CURVE('5:19157',#2125,#1984,#2127,.T.);
#1647=EDGE_CURVE('5:19190',#1793,#2122,#2128,.T.);
#1648=EDGE_CURVE('5:28198',#2129,#1906,#2130,.T.);
#1649=EDGE_CURVE('5:28201',#1908,#2129,#2131,.T.);
#1650=EDGE_CURVE('5:28189',#1781,#2132,#2133,.T.);
#1651=EDGE_CURVE('5:28195',#2132,#1779,#2134,.T.);
#1652=EDGE_CURVE('5:28180',#1789,#2135,#2136,.T.);
#1653=EDGE_CURVE('5:28186',#2135,#1787,#2137,.T.);
#1654=EDGE_CURVE('5:28171',#2138,#1951,#2139,.T.);
#1655=EDGE_CURVE('5:28174',#1953,#2138,#2140,.T.);
#1656=EDGE_CURVE('5:19190',#2122,#2141,#2142,.T.);
#1657=EDGE_CURVE('5:19187',#2143,#2141,#2144,.T.);
#1658=EDGE_CURVE('5:19157',#2143,#2125,#2145,.T.);
#1659=EDGE_CURVE('5:24101',#2116,#2026,#2146,.T.);
#1660=EDGE_CURVE('5:24038',#2024,#2121,#2147,.T.);
#1661=EDGE_CURVE('5:24032',#2111,#2058,#2148,.T.);
#1662=EDGE_CURVE('5:19421',#2114,#2149,#2150,.T.);
#1663=EDGE_CURVE('5:19370',#2149,#2151,#2152,.T.);
#1664=EDGE_CURVE('5:19388',#2151,#2110,#2153,.T.);
#1665=EDGE_CURVE('5:28301',#1784,#2154,#2155,.T.);
#1666=EDGE_CURVE('5:28288',#2154,#2135,#2156,.T.);
#1667=EDGE_CURVE('5:22483',#2157,#2099,#2158,.T.);
#1668=EDGE_CURVE('5:22501',#2097,#2104,#2159,.T.);
#1669=EDGE_CURVE('5:22495',#1991,#2044,#2160,.T.);
#1670=EDGE_CURVE('5:22489',#2042,#2157,#2161,.T.);
#1671=EDGE_CURVE('5:19163',#2102,#2143,#2162,.T.);
#1672=EDGE_CURVE('5:19115',#2141,#2106,#2163,.T.);
#1673=EDGE_CURVE('5:22616',#1996,#2046,#2164,.T.);
#1674=EDGE_CURVE('5:18461',#2165,#1865,#2166,.T.);
#1675=EDGE_CURVE('5:18539',#2084,#2165,#2167,.T.);
#1676=EDGE_CURVE('5:22583',#2048,#2157,#2168,.T.);
#1677=EDGE_CURVE('5:18488',#2165,#2169,#2170,.T.);
#1678=EDGE_CURVE('5:18503',#2169,#2090,#2171,.T.);
#1679=EDGE_CURVE('5:26612',#2088,#2172,#2173,.T.);
#1680=EDGE_CURVE('5:26481',#2174,#2172,#2175,.T.);
#1681=EDGE_CURVE('5:26632',#2083,#2174,#2176,.T.);
#1682=EDGE_CURVE('5:28328',#2177,#1777,#2178,.T.);
#1683=EDGE_CURVE('5:28321',#2132,#2177,#2179,.T.);
#1684=EDGE_CURVE('5:26478',#2180,#2181,#2182,.T.);
#1685=EDGE_CURVE('5:26602',#1843,#2180,#2183,.T.);
#1686=EDGE_CURVE('5:26582',#1855,#2181,#2184,.T.);
#1687=EDGE_CURVE('5:21905',#1971,#2008,#2185,.T.);
#1688=EDGE_CURVE('5:21908',#2186,#1969,#2187,.T.);
#1689=EDGE_CURVE('5:21914',#1956,#2186,#2188,.T.);
#1690=EDGE_CURVE('5:21911',#2014,#1964,#2189,.T.);
#1691=EDGE_CURVE('5:18452',#2077,#2190,#2191,.T.);
#1692=EDGE_CURVE('5:18449',#2192,#2190,#2193,.T.);
#1693=EDGE_CURVE('5:18422',#2192,#2079,#2194,.T.);
#1694=EDGE_CURVE('5:26562',#2066,#2195,#2196,.T.);
#1695=EDGE_CURVE('5:26475',#2197,#2195,#2198,.T.);
#1696=EDGE_CURVE('5:26575',#2197,#1863,#2199,.T.);
#1697=EDGE_CURVE('5:18428',#1827,#2192,#2200,.T.);
#1698=EDGE_CURVE('5:24854',#2201,#2073,#2202,.T.);
#1699=EDGE_CURVE('5:24957',#2201,#1917,#2203,.T.);
#1700=EDGE_CURVE('5:26542',#1884,#2204,#2205,.T.);
#1701=EDGE_CURVE('5:26469',#2195,#2204,#2206,.T.);
#1702=EDGE_CURVE('5:18629',#2064,#2207,#2208,.T.);
#1703=EDGE_CURVE('5:18578',#2207,#2209,#2210,.T.);
#1704=EDGE_CURVE('5:18593',#2209,#2061,#2211,.T.);
#1705=EDGE_CURVE('5:24029',#2055,#2212,#2213,.T.);
#1706=EDGE_CURVE('5:24088',#2028,#2212,#2214,.T.);
#1707=EDGE_CURVE('5:18650',#2215,#1874,#2216,.T.);
#1708=EDGE_CURVE('5:18728',#1851,#2215,#2217,.T.);
#1709=EDGE_CURVE('5:18383',#2190,#1833,#2218,.T.);
#1710=EDGE_CURVE('5:19070',#2034,#2219,#2220,.T.);
#1711=EDGE_CURVE('5:19046',#2221,#2219,#2222,.T.);
#1712=EDGE_CURVE('5:19022',#2221,#2038,#2223,.T.);
#1713=EDGE_CURVE('5:24851',#2071,#2036,#2224,.T.);
#1714=EDGE_CURVE('5:24924',#1926,#1930,#2225,.T.);
#1715=EDGE_CURVE('5:18512',#1859,#2169,#2226,.T.);
#1716=EDGE_CURVE('5:24035',#2212,#2021,#2227,.T.);
#1717=EDGE_CURVE('5:21952',#1962,#2003,#2228,.T.);
#1718=EDGE_CURVE('5:19304',#2017,#2229,#2230,.T.);
#1719=EDGE_CURVE('5:19301',#2231,#2229,#2232,.T.);
#1720=EDGE_CURVE('5:19274',#2231,#2013,#2233,.T.);
#1721=EDGE_CURVE('5:19394',#2006,#2151,#2234,.T.);
#1722=EDGE_CURVE('5:19331',#2149,#2002,#2235,.T.);
#1723=EDGE_CURVE('5:19097',#1992,#2221,#2236,.T.);
#1724=EDGE_CURVE('5:19061',#2219,#1998,#2237,.T.);
#1725=EDGE_CURVE('5:28238',#2238,#1800,#2239,.T.);
#1726=EDGE_CURVE('5:28218',#2238,#1975,#2240,.T.);
#1727=EDGE_CURVE('5:28211',#1817,#2238,#2241,.T.);
#1728=EDGE_CURVE('5:21965',#2186,#1960,#2242,.T.);
#1729=EDGE_CURVE('5:18695',#2243,#1842,#2244,.T.);
#1730=EDGE_CURVE('5:18701',#1882,#2243,#2245,.T.);
#1731=EDGE_CURVE('5:18602',#1896,#2209,#2246,.T.);
#1732=EDGE_CURVE('5:28271',#1941,#2247,#2248,.T.);
#1733=EDGE_CURVE('5:28258',#2247,#1949,#2249,.T.);
#1734=EDGE_CURVE('5:28251',#2138,#2247,#2250,.T.);
#1735=EDGE_CURVE('5:28281',#1791,#2154,#2251,.T.);
#1736=EDGE_CURVE('5:24845',#1935,#1924,#2252,.T.);
#1737=EDGE_CURVE('5:19280',#1933,#2231,#2253,.T.);
#1738=EDGE_CURVE('5:19217',#2229,#1929,#2254,.T.);
#1739=EDGE_CURVE('5:24848',#1922,#2201,#2255,.T.);
#1740=EDGE_CURVE('5:18551',#2207,#1887,#2256,.T.);
#1741=EDGE_CURVE('5:26457',#2257,#2258,#2259,.T.);
#1742=EDGE_CURVE('5:26695',#2257,#1831,#2260,.T.);
#1743=EDGE_CURVE('5:26675',#2258,#1829,#2261,.T.);
#1744=EDGE_CURVE('5:28358',#2262,#1910,#2263,.T.);
#1745=EDGE_CURVE('5:28351',#1903,#2262,#2264,.T.);
#1746=EDGE_CURVE('5:26645',#2265,#1888,#2266,.T.);
#1747=EDGE_CURVE('5:26454',#2267,#2265,#2268,.T.);
#1748=EDGE_CURVE('5:26665',#2267,#1898,#2269,.T.);
#1749=EDGE_CURVE('5:28308',#2177,#1769,#2270,.T.);
#1750=EDGE_CURVE('5:28338',#2262,#2129,#2271,.T.);
#1751=EDGE_CURVE('5:26555',#2272,#1858,#2273,.T.);
#1752=EDGE_CURVE('5:26466',#2204,#2272,#2274,.T.);
#1753=EDGE_CURVE('5:18725',#2243,#2215,#2275,.T.);
#1754=EDGE_CURVE('5:26472',#2272,#2197,#2276,.T.);
#1755=EDGE_CURVE('5:26463',#2181,#2277,#2278,.T.);
#1756=EDGE_CURVE('5:26595',#2277,#1853,#2279,.T.);
#1757=EDGE_CURVE('5:26490',#2277,#2180,#2280,.T.);
#1758=EDGE_CURVE('5:26460',#2172,#2281,#2282,.T.);
#1759=EDGE_CURVE('5:26625',#2281,#2086,#2283,.T.);
#1760=EDGE_CURVE('5:26487',#2281,#2174,#2284,.T.);
#1761=EDGE_CURVE('5:26448',#2265,#2285,#2286,.T.);
#1762=EDGE_CURVE('5:26652',#1900,#2285,#2287,.T.);
#1763=EDGE_CURVE('5:26451',#2285,#2267,#2288,.T.);
#1764=EDGE_CURVE('5:26445',#2258,#2289,#2290,.T.);
#1765=EDGE_CURVE('5:26682',#1826,#2289,#2291,.T.);
#1766=EDGE_CURVE('5:26484',#2289,#2257,#2292,.T.);
#1767=EDGE_CURVE('5:28231',#1807,#2238,#2293,.T.);
#1768=VERTEX_POINT('',#2294);
#1769=VERTEX_POINT('',#2295);
#1770=LINE('',#2296,#2297);
#1771=VERTEX_POINT('',#2298);
#1772=ELLIPSE('',#2299,0.000979795897113271,0.0008);
#1773=VERTEX_POINT('',#2300);
#1774=ELLIPSE('',#2301,0.000979795897113271,0.0008);
#1775=VERTEX_POINT('',#2302);
#1776=ELLIPSE('',#2303,0.000979795897113271,0.0008);
#1777=VERTEX_POINT('',#2304);
#1778=LINE('',#2305,#2306);
#1779=VERTEX_POINT('',#2307);
#1780=ELLIPSE('',#2308,0.0013856406460551,0.0008);
#1781=VERTEX_POINT('',#2309);
#1782=ELLIPSE('',#2310,0.0013856406460551,0.0008);
#1783=ELLIPSE('',#2311,0.0013856406460551,0.0008);
#1784=VERTEX_POINT('',#2312);
#1785=VERTEX_POINT('',#2313);
#1786=LINE('',#2314,#2315);
#1787=VERTEX_POINT('',#2316);
#1788=ELLIPSE('',#2317,0.0013856406460551,0.000800000000000001);
#1789=VERTEX_POINT('',#2318);
#1790=ELLIPSE('',#2319,0.0013856406460551,0.000800000000000001);
#1791=VERTEX_POINT('',#2320);
#1792=ELLIPSE('',#2321,0.0013856406460551,0.000800000000000001);
#1793=VERTEX_POINT('',#2322);
#1794=LINE('',#2323,#2324);
#1795=VERTEX_POINT('',#2325);
#1796=ELLIPSE('',#2326,0.000979795897113271,0.000800000000000001);
#1797=VERTEX_POINT('',#2327);
#1798=ELLIPSE('',#2328,0.000979795897113273,0.0008);
#1799=ELLIPSE('',#2329,0.000979795897113271,0.000800000000000001);
#1800=VERTEX_POINT('',#2330);
#1801=VERTEX_POINT('',#2331);
#1802=LINE('',#2332,#2333);
#1803=VERTEX_POINT('',#2334);
#1804=ELLIPSE('',#2335,0.0013856406460551,0.0008);
#1805=VERTEX_POINT('',#2336);
#1806=ELLIPSE('',#2337,0.0013856406460551,0.0008);
#1807=VERTEX_POINT('',#2338);
#1808=ELLIPSE('',#2339,0.0013856406460551,0.0008);
#1809=VERTEX_POINT('',#2340);
#1810=LINE('',#2341,#2342);
#1811=VERTEX_POINT('',#2343);
#1812=ELLIPSE('',#2344,0.00097979589711327,0.0008);
#1813=VERTEX_POINT('',#2345);
#1814=ELLIPSE('',#2346,0.000979795897113273,0.0008);
#1815=ELLIPSE('',#2347,0.00097979589711327,0.0008);
#1816=VERTEX_POINT('',#2348);
#1817=VERTEX_POINT('',#2349);
#1818=LINE('',#2350,#2351);
#1819=ELLIPSE('',#2352,0.000979795897113271,0.0008);
#1820=VERTEX_POINT('',#2353);
#1821=ELLIPSE('',#2354,0.000979795897113271,0.0008);
#1822=LINE('',#2355,#2356);
#1823=VERTEX_POINT('',#2357);
#1824=ELLIPSE('',#2358,0.0013856406460551,0.0008);
#1825=ELLIPSE('',#2359,0.0013856406460551,0.0008);
#1826=VERTEX_POINT('',#2360);
#1827=VERTEX_POINT('',#2361);
#1828=LINE('',#2362,#2363);
#1829=VERTEX_POINT('',#2364);
#1830=ELLIPSE('',#2365,0.0013856406460551,0.000800000000000001);
#1831=VERTEX_POINT('',#2366);
#1832=ELLIPSE('',#2367,0.0013856406460551,0.000800000000000001);
#1833=VERTEX_POINT('',#2368);
#1834=LINE('',#2369,#2370);
#1835=VERTEX_POINT('',#2371);
#1836=ELLIPSE('',#2372,0.000979795897113273,0.000800000000000001);
#1837=VERTEX_POINT('',#2373);
#1838=ELLIPSE('',#2374,0.000979795897113273,0.000800000000000001);
#1839=VERTEX_POINT('',#2375);
#1840=ELLIPSE('',#2376,0.000979795897113273,0.000800000000000001);
#1841=ELLIPSE('',#2377,0.000979795897113273,0.000800000000000001);
#1842=VERTEX_POINT('',#2378);
#1843=VERTEX_POINT('',#2379);
#1844=LINE('',#2380,#2381);
#1845=VERTEX_POINT('',#2382);
#1846=ELLIPSE('',#2383,0.000979795897113271,0.0008);
#1847=VERTEX_POINT('',#2384);
#1848=ELLIPSE('',#2385,0.000979795897113271,0.0008);
#1849=VERTEX_POINT('',#2386);
#1850=ELLIPSE('',#2387,0.000979795897113271,0.0008);
#1851=VERTEX_POINT('',#2388);
#1852=ELLIPSE('',#2389,0.000979795897113271,0.0008);
#1853=VERTEX_POINT('',#2390);
#1854=LINE('',#2391,#2392);
#1855=VERTEX_POINT('',#2393);
#1856=ELLIPSE('',#2394,0.0013856406460551,0.0008);
#1857=ELLIPSE('',#2395,0.0013856406460551,0.0008);
#1858=VERTEX_POINT('',#2396);
#1859=VERTEX_POINT('',#2397);
#1860=LINE('',#2398,#2399);
#1861=VERTEX_POINT('',#2400);
#1862=ELLIPSE('',#2401,0.0013856406460551,0.0008);
#1863=VERTEX_POINT('',#2402);
#1864=ELLIPSE('',#2403,0.0013856406460551,0.0008);
#1865=VERTEX_POINT('',#2404);
#1866=LINE('',#2405,#2406);
#1867=VERTEX_POINT('',#2407);
#1868=ELLIPSE('',#2408,0.000979795897113271,0.0008);
#1869=VERTEX_POINT('',#2409);
#1870=ELLIPSE('',#2410,0.000979795897113271,0.0008);
#1871=VERTEX_POINT('',#2411);
#1872=ELLIPSE('',#2412,0.000979795897113271,0.0008);
#1873=ELLIPSE('',#2413,0.000979795897113271,0.0008);
#1874=VERTEX_POINT('',#2414);
#1875=LINE('',#2415,#2416);
#1876=VERTEX_POINT('',#2417);
#1877=ELLIPSE('',#2418,0.000979795897113271,0.0008);
#1878=VERTEX_POINT('',#2419);
#1879=ELLIPSE('',#2420,0.000979795897113271,0.0008);
#1880=VERTEX_POINT('',#2421);
#1881=ELLIPSE('',#2422,0.000979795897113271,0.0008);
#1882=VERTEX_POINT('',#2423);
#1883=ELLIPSE('',#2424,0.000979795897113271,0.0008);
#1884=VERTEX_POINT('',#2425);
#1885=LINE('',#2426,#2427);
#1886=ELLIPSE('',#2428,0.0013856406460551,0.0008);
#1887=VERTEX_POINT('',#2429);
#1888=VERTEX_POINT('',#2430);
#1889=LINE('',#2431,#2432);
#1890=VERTEX_POINT('',#2433);
#1891=ELLIPSE('',#2434,0.000979795897113271,0.0008);
#1892=VERTEX_POINT('',#2435);
#1893=ELLIPSE('',#2436,0.000979795897113271,0.0008);
#1894=VERTEX_POINT('',#2437);
#1895=ELLIPSE('',#2438,0.000979795897113271,0.0008);
#1896=VERTEX_POINT('',#2439);
#1897=ELLIPSE('',#2440,0.000979795897113271,0.0008);
#1898=VERTEX_POINT('',#2441);
#1899=LINE('',#2442,#2443);
#1900=VERTEX_POINT('',#2444);
#1901=ELLIPSE('',#2445,0.0013856406460551,0.0008);
#1902=ELLIPSE('',#2446,0.0013856406460551,0.0008);
#1903=VERTEX_POINT('',#2447);
#1904=VERTEX_POINT('',#2448);
#1905=LINE('',#2449,#2450);
#1906=VERTEX_POINT('',#2451);
#1907=ELLIPSE('',#2452,0.0013856406460551,0.000800000000000001);
#1908=VERTEX_POINT('',#2453);
#1909=ELLIPSE('',#2454,0.0013856406460551,0.000800000000000001);
#1910=VERTEX_POINT('',#2455);
#1911=ELLIPSE('',#2456,0.0013856406460551,0.000800000000000001);
#1912=VERTEX_POINT('',#2457);
#1913=LINE('',#2458,#2459);
#1914=ELLIPSE('',#2460,0.000979795897113271,0.000800000000000001);
#1915=ELLIPSE('',#2461,0.000979795897113271,0.000800000000000001);
#1916=VERTEX_POINT('',#2462);
#1917=VERTEX_POINT('',#2463);
#1918=LINE('',#2464,#2465);
#1919=VERTEX_POINT('',#2466);
#1920=ELLIPSE('',#2467,0.000979795897113271,0.0008);
#1921=ELLIPSE('',#2468,0.000979795897113271,0.0008);
#1922=VERTEX_POINT('',#2469);
#1923=LINE('',#2470,#2471);
#1924=VERTEX_POINT('',#2472);
#1925=ELLIPSE('',#2473,0.0013856406460551,0.0008);
#1926=VERTEX_POINT('',#2474);
#1927=ELLIPSE('',#2475,0.0013856406460551,0.0008);
#1928=ELLIPSE('',#2476,0.0013856406460551,0.0008);
#1929=VERTEX_POINT('',#2477);
#1930=VERTEX_POINT('',#2478);
#1931=LINE('',#2479,#2480);
#1932=ELLIPSE('',#2481,0.000979795897113271,0.0008);
#1933=VERTEX_POINT('',#2482);
#1934=ELLIPSE('',#2483,0.000979795897113271,0.0008);
#1935=VERTEX_POINT('',#2484);
#1936=LINE('',#2485,#2486);
#1937=VERTEX_POINT('',#2487);
#1938=ELLIPSE('',#2488,0.0013856406460551,0.0008);
#1939=ELLIPSE('',#2489,0.0013856406460551,0.0008);
#1940=VERTEX_POINT('',#2490);
#1941=VERTEX_POINT('',#2491);
#1942=LINE('',#2492,#2493);
#1943=VERTEX_POINT('',#2494);
#1944=ELLIPSE('',#2495,0.000979795897113271,0.0008);
#1945=VERTEX_POINT('',#2496);
#1946=ELLIPSE('',#2497,0.000979795897113271,0.0008);
#1947=VERTEX_POINT('',#2498);
#1948=ELLIPSE('',#2499,0.000979795897113271,0.0008);
#1949=VERTEX_POINT('',#2500);
#1950=LINE('',#2501,#2502);
#1951=VERTEX_POINT('',#2503);
#1952=ELLIPSE('',#2504,0.0013856406460551,0.0008);
#1953=VERTEX_POINT('',#2505);
#1954=ELLIPSE('',#2506,0.0013856406460551,0.0008);
#1955=ELLIPSE('',#2507,0.0013856406460551,0.0008);
#1956=VERTEX_POINT('',#2508);
#1957=LINE('',#2509,#2510);
#1958=VERTEX_POINT('',#2511);
#1959=ELLIPSE('',#2512,0.000979795897113271,0.0008);
#1960=VERTEX_POINT('',#2513);
#1961=LINE('',#2514,#2515);
#1962=VERTEX_POINT('',#2516);
#1963=ELLIPSE('',#2517,0.0013856406460551,0.0008);
#1964=VERTEX_POINT('',#2518);
#1965=ELLIPSE('',#2519,0.0013856406460551,0.0008);
#1966=ELLIPSE('',#2520,0.0013856406460551,0.0008);
#1967=LINE('',#2521,#2522);
#1968=ELLIPSE('',#2523,0.000979795897113271,0.0008);
#1969=VERTEX_POINT('',#2524);
#1970=LINE('',#2525,#2526);
#1971=VERTEX_POINT('',#2527);
#1972=ELLIPSE('',#2528,0.0013856406460551,0.0008);
#1973=ELLIPSE('',#2529,0.0013856406460551,0.0008);
#1974=VERTEX_POINT('',#2530);
#1975=VERTEX_POINT('',#2531);
#1976=LINE('',#2532,#2533);
#1977=ELLIPSE('',#2534,0.000979795897113271,0.0008);
#1978=VERTEX_POINT('',#2535);
#1979=ELLIPSE('',#2536,0.000979795897113271,0.0008);
#1980=LINE('',#2537,#2538);
#1981=VERTEX_POINT('',#2539);
#1982=ELLIPSE('',#2540,0.0013856406460551,0.0008);
#1983=ELLIPSE('',#2541,0.0013856406460551,0.0008);
#1984=VERTEX_POINT('',#2542);
#1985=LINE('',#2543,#2544);
#1986=ELLIPSE('',#2545,0.0013856406460551,0.0008);
#1987=VERTEX_POINT('',#2546);
#1988=LINE('',#2547,#2548);
#1989=ELLIPSE('',#2549,0.00097979589711327,0.0008);
#1990=ELLIPSE('',#2550,0.00097979589711327,0.0008);
#1991=VERTEX_POINT('',#2551);
#1992=VERTEX_POINT('',#2552);
#1993=LINE('',#2553,#2554);
#1994=VERTEX_POINT('',#2555);
#1995=ELLIPSE('',#2556,0.0013856406460551,0.000800000000000001);
#1996=VERTEX_POINT('',#2557);
#1997=ELLIPSE('',#2558,0.0013856406460551,0.000800000000000001);
#1998=VERTEX_POINT('',#2559);
#1999=LINE('',#2560,#2561);
#2000=ELLIPSE('',#2562,0.00097979589711327,0.0008);
#2001=ELLIPSE('',#2563,0.000979795897113271,0.000800000000000001);
#2002=VERTEX_POINT('',#2564);
#2003=VERTEX_POINT('',#2565);
#2004=LINE('',#2566,#2567);
#2005=ELLIPSE('',#2568,0.000979795897113271,0.0008);
#2006=VERTEX_POINT('',#2569);
#2007=ELLIPSE('',#2570,0.000979795897113271,0.0008);
#2008=VERTEX_POINT('',#2571);
#2009=LINE('',#2572,#2573);
#2010=VERTEX_POINT('',#2574);
#2011=ELLIPSE('',#2575,0.0013856406460551,0.0008);
#2012=ELLIPSE('',#2576,0.0013856406460551,0.0008);
#2013=VERTEX_POINT('',#2577);
#2014=VERTEX_POINT('',#2578);
#2015=LINE('',#2579,#2580);
#2016=ELLIPSE('',#2581,0.000979795897113271,0.0008);
#2017=VERTEX_POINT('',#2582);
#2018=ELLIPSE('',#2583,0.000979795897113271,0.0008);
#2019=LINE('',#2584,#2585);
#2020=ELLIPSE('',#2586,0.0013856406460551,0.0008);
#2021=VERTEX_POINT('',#2587);
#2022=VERTEX_POINT('',#2588);
#2023=LINE('',#2589,#2590);
#2024=VERTEX_POINT('',#2591);
#2025=ELLIPSE('',#2592,0.0013856406460551,0.000800000000000001);
#2026=VERTEX_POINT('',#2593);
#2027=ELLIPSE('',#2594,0.0013856406460551,0.000800000000000001);
#2028=VERTEX_POINT('',#2595);
#2029=ELLIPSE('',#2596,0.0013856406460551,0.0008);
#2030=LINE('',#2597,#2598);
#2031=VERTEX_POINT('',#2599);
#2032=ELLIPSE('',#2600,0.000979795897113272,0.000800000000000001);
#2033=ELLIPSE('',#2601,0.000979795897113273,0.000800000000000001);
#2034=VERTEX_POINT('',#2602);
#2035=LINE('',#2603,#2604);
#2036=VERTEX_POINT('',#2605);
#2037=ELLIPSE('',#2606,0.0013856406460551,0.000800000000000001);
#2038=VERTEX_POINT('',#2607);
#2039=LINE('',#2608,#2609);
#2040=ELLIPSE('',#2610,0.000979795897113271,0.000800000000000001);
#2041=ELLIPSE('',#2611,0.00097979589711327,0.0008);
#2042=VERTEX_POINT('',#2612);
#2043=LINE('',#2613,#2614);
#2044=VERTEX_POINT('',#2615);
#2045=ELLIPSE('',#2616,0.0013856406460551,0.000800000000000001);
#2046=VERTEX_POINT('',#2617);
#2047=ELLIPSE('',#2618,0.0013856406460551,0.000800000000000001);
#2048=VERTEX_POINT('',#2619);
#2049=ELLIPSE('',#2620,0.0013856406460551,0.000800000000000001);
#2050=VERTEX_POINT('',#2621);
#2051=LINE('',#2622,#2623);
#2052=VERTEX_POINT('',#2624);
#2053=ELLIPSE('',#2625,0.000979795897113271,0.0008);
#2054=ELLIPSE('',#2626,0.000979795897113273,0.000800000000000001);
#2055=VERTEX_POINT('',#2627);
#2056=LINE('',#2628,#2629);
#2057=LINE('',#2630,#2631);
#2058=VERTEX_POINT('',#2632);
#2059=ELLIPSE('',#2633,0.0013856406460551,0.0008);
#2060=ELLIPSE('',#2634,0.0013856406460551,0.0008);
#2061=VERTEX_POINT('',#2635);
#2062=LINE('',#2636,#2637);
#2063=ELLIPSE('',#2638,0.000979795897113271,0.0008);
#2064=VERTEX_POINT('',#2639);
#2065=ELLIPSE('',#2640,0.000979795897113271,0.0008);
#2066=VERTEX_POINT('',#2641);
#2067=LINE('',#2642,#2643);
#2068=ELLIPSE('',#2644,0.0013856406460551,0.0008);
#2069=VERTEX_POINT('',#2645);
#2070=LINE('',#2646,#2647);
#2071=VERTEX_POINT('',#2648);
#2072=ELLIPSE('',#2649,0.0013856406460551,0.000800000000000001);
#2073=VERTEX_POINT('',#2650);
#2074=ELLIPSE('',#2651,0.0013856406460551,0.000800000000000001);
#2075=LINE('',#2652,#2653);
#2076=ELLIPSE('',#2654,0.000979795897113271,0.0008);
#2077=VERTEX_POINT('',#2655);
#2078=LINE('',#2656,#2657);
#2079=VERTEX_POINT('',#2658);
#2080=LINE('',#2659,#2660);
#2081=ELLIPSE('',#2661,0.000979795897113271,0.0008);
#2082=ELLIPSE('',#2662,0.000979795897113271,0.0008);
#2083=VERTEX_POINT('',#2663);
#2084=VERTEX_POINT('',#2664);
#2085=LINE('',#2665,#2666);
#2086=VERTEX_POINT('',#2667);
#2087=ELLIPSE('',#2668,0.0013856406460551,0.000800000000000001);
#2088=VERTEX_POINT('',#2669);
#2089=ELLIPSE('',#2670,0.0013856406460551,0.000800000000000001);
#2090=VERTEX_POINT('',#2671);
#2091=LINE('',#2672,#2673);
#2092=ELLIPSE('',#2674,0.000979795897113273,0.000800000000000001);
#2093=VERTEX_POINT('',#2675);
#2094=ELLIPSE('',#2676,0.000979795897113273,0.000800000000000001);
#2095=ELLIPSE('',#2677,0.000979795897113273,0.000800000000000001);
#2096=LINE('',#2678,#2679);
#2097=VERTEX_POINT('',#2680);
#2098=ELLIPSE('',#2681,0.0013856406460551,0.000800000000000001);
#2099=VERTEX_POINT('',#2682);
#2100=ELLIPSE('',#2683,0.0013856406460551,0.000800000000000001);
#2101=LINE('',#2684,#2685);
#2102=VERTEX_POINT('',#2686);
#2103=LINE('',#2687,#2688);
#2104=VERTEX_POINT('',#2689);
#2105=ELLIPSE('',#2690,0.0013856406460551,0.000800000000000001);
#2106=VERTEX_POINT('',#2691);
#2107=LINE('',#2692,#2693);
#2108=ELLIPSE('',#2694,0.000979795897113271,0.000800000000000001);
#2109=ELLIPSE('',#2695,0.00097979589711327,0.0008);
#2110=VERTEX_POINT('',#2696);
#2111=VERTEX_POINT('',#2697);
#2112=LINE('',#2698,#2699);
#2113=ELLIPSE('',#2700,0.000979795897113271,0.0008);
#2114=VERTEX_POINT('',#2701);
#2115=ELLIPSE('',#2702,0.000979795897113271,0.0008);
#2116=VERTEX_POINT('',#2703);
#2117=LINE('',#2704,#2705);
#2118=VERTEX_POINT('',#2706);
#2119=ELLIPSE('',#2707,0.0013856406460551,0.0008);
#2120=ELLIPSE('',#2708,0.0013856406460551,0.0008);
#2121=VERTEX_POINT('',#2709);
#2122=VERTEX_POINT('',#2710);
#2123=LINE('',#2711,#2712);
#2124=ELLIPSE('',#2713,0.0013856406460551,0.000800000000000001);
#2125=VERTEX_POINT('',#2714);
#2126=LINE('',#2715,#2716);
#2127=ELLIPSE('',#2717,0.00097979589711327,0.0008);
#2128=ELLIPSE('',#2718,0.000979795897113271,0.000800000000000001);
#2129=VERTEX_POINT('',#2719);
#2130=LINE('',#2720,#2721);
#2131=LINE('',#2722,#2723);
#2132=VERTEX_POINT('',#2724);
#2133=LINE('',#2725,#2726);
#2134=LINE('',#2727,#2728);
#2135=VERTEX_POINT('',#2729);
#2136=LINE('',#2730,#2731);
#2137=LINE('',#2732,#2733);
#2138=VERTEX_POINT('',#2734);
#2139=LINE('',#2735,#2736);
#2140=LINE('',#2737,#2738);
#2141=VERTEX_POINT('',#2739);
#2142=ELLIPSE('',#2740,0.000979795897113271,0.000800000000000001);
#2143=VERTEX_POINT('',#2741);
#2144=ELLIPSE('',#2742,0.000979795897113272,0.000800000000000001);
#2145=ELLIPSE('',#2743,0.00097979589711327,0.0008);
#2146=ELLIPSE('',#2744,0.0013856406460551,0.0008);
#2147=ELLIPSE('',#2745,0.0013856406460551,0.000800000000000001);
#2148=ELLIPSE('',#2746,0.0013856406460551,0.0008);
#2149=VERTEX_POINT('',#2747);
#2150=ELLIPSE('',#2748,0.000979795897113271,0.0008);
#2151=VERTEX_POINT('',#2749);
#2152=ELLIPSE('',#2750,0.000979795897113271,0.0008);
#2153=ELLIPSE('',#2751,0.000979795897113271,0.0008);
#2154=VERTEX_POINT('',#2752);
#2155=ELLIPSE('',#2753,0.0013856406460551,0.000800000000000001);
#2156=LINE('',#2754,#2755);
#2157=VERTEX_POINT('',#2756);
#2158=ELLIPSE('',#2757,0.0013856406460551,0.000800000000000001);
#2159=ELLIPSE('',#2758,0.0013856406460551,0.000800000000000001);
#2160=ELLIPSE('',#2759,0.0013856406460551,0.000800000000000001);
#2161=ELLIPSE('',#2760,0.0013856406460551,0.000800000000000001);
#2162=ELLIPSE('',#2761,0.00097979589711327,0.0008);
#2163=ELLIPSE('',#2762,0.000979795897113271,0.000800000000000001);
#2164=ELLIPSE('',#2763,0.0013856406460551,0.000800000000000001);
#2165=VERTEX_POINT('',#2764);
#2166=ELLIPSE('',#2765,0.000979795897113271,0.0008);
#2167=ELLIPSE('',#2766,0.000979795897113273,0.000800000000000001);
#2168=ELLIPSE('',#2767,0.0013856406460551,0.000800000000000001);
#2169=VERTEX_POINT('',#2768);
#2170=ELLIPSE('',#2769,0.000979795897113273,0.0008);
#2171=ELLIPSE('',#2770,0.000979795897113273,0.000800000000000001);
#2172=VERTEX_POINT('',#2771);
#2173=ELLIPSE('',#2772,0.0013856406460551,0.000800000000000001);
#2174=VERTEX_POINT('',#2773);
#2175=ELLIPSE('',#2774,0.0013856406460551,0.000800000000000001);
#2176=ELLIPSE('',#2775,0.0013856406460551,0.000800000000000001);
#2177=VERTEX_POINT('',#2776);
#2178=ELLIPSE('',#2777,0.0013856406460551,0.0008);
#2179=LINE('',#2778,#2779);
#2180=VERTEX_POINT('',#2780);
#2181=VERTEX_POINT('',#2781);
#2182=LINE('',#2782,#2783);
#2183=ELLIPSE('',#2784,0.0013856406460551,0.0008);
#2184=LINE('',#2785,#2786);
#2185=ELLIPSE('',#2787,0.0013856406460551,0.0008);
#2186=VERTEX_POINT('',#2788);
#2187=ELLIPSE('',#2789,0.0013856406460551,0.0008);
#2188=ELLIPSE('',#2790,0.0013856406460551,0.0008);
#2189=ELLIPSE('',#2791,0.0013856406460551,0.0008);
#2190=VERTEX_POINT('',#2792);
#2191=ELLIPSE('',#2793,0.000979795897113271,0.0008);
#2192=VERTEX_POINT('',#2794);
#2193=ELLIPSE('',#2795,0.000979795897113273,0.0008);
#2194=ELLIPSE('',#2796,0.000979795897113271,0.0008);
#2195=VERTEX_POINT('',#2797);
#2196=ELLIPSE('',#2798,0.0013856406460551,0.0008);
#2197=VERTEX_POINT('',#2799);
#2198=ELLIPSE('',#2800,0.0013856406460551,0.0008);
#2199=ELLIPSE('',#2801,0.0013856406460551,0.0008);
#2200=ELLIPSE('',#2802,0.000979795897113273,0.000800000000000001);
#2201=VERTEX_POINT('',#2803);
#2202=ELLIPSE('',#2804,0.0013856406460551,0.000800000000000001);
#2203=ELLIPSE('',#2805,0.0013856406460551,0.0008);
#2204=VERTEX_POINT('',#2806);
#2205=ELLIPSE('',#2807,0.0013856406460551,0.0008);
#2206=ELLIPSE('',#2808,0.0013856406460551,0.0008);
#2207=VERTEX_POINT('',#2809);
#2208=ELLIPSE('',#2810,0.000979795897113271,0.0008);
#2209=VERTEX_POINT('',#2811);
#2210=ELLIPSE('',#2812,0.000979795897113271,0.0008);
#2211=ELLIPSE('',#2813,0.000979795897113271,0.0008);
#2212=VERTEX_POINT('',#2814);
#2213=ELLIPSE('',#2815,0.0013856406460551,0.0008);
#2214=ELLIPSE('',#2816,0.0013856406460551,0.0008);
#2215=VERTEX_POINT('',#2817);
#2216=ELLIPSE('',#2818,0.000979795897113271,0.0008);
#2217=ELLIPSE('',#2819,0.000979795897113271,0.0008);
#2218=ELLIPSE('',#2820,0.000979795897113273,0.000800000000000001);
#2219=VERTEX_POINT('',#2821);
#2220=ELLIPSE('',#2822,0.00097979589711327,0.0008);
#2221=VERTEX_POINT('',#2823);
#2222=ELLIPSE('',#2824,0.000979795897113273,0.000800000000000001);
#2223=ELLIPSE('',#2825,0.000979795897113271,0.000800000000000001);
#2224=ELLIPSE('',#2826,0.0013856406460551,0.000800000000000001);
#2225=ELLIPSE('',#2827,0.0013856406460551,0.0008);
#2226=ELLIPSE('',#2828,0.000979795897113271,0.0008);
#2227=ELLIPSE('',#2829,0.0013856406460551,0.000800000000000001);
#2228=ELLIPSE('',#2830,0.0013856406460551,0.0008);
#2229=VERTEX_POINT('',#2831);
#2230=ELLIPSE('',#2832,0.000979795897113271,0.0008);
#2231=VERTEX_POINT('',#2833);
#2232=ELLIPSE('',#2834,0.000979795897113271,0.0008);
#2233=ELLIPSE('',#2835,0.000979795897113271,0.0008);
#2234=ELLIPSE('',#2836,0.000979795897113271,0.0008);
#2235=ELLIPSE('',#2837,0.000979795897113271,0.0008);
#2236=ELLIPSE('',#2838,0.000979795897113271,0.000800000000000001);
#2237=ELLIPSE('',#2839,0.00097979589711327,0.0008);
#2238=VERTEX_POINT('',#2840);
#2239=ELLIPSE('',#2841,0.0013856406460551,0.0008);
#2240=ELLIPSE('',#2842,0.0013856406460551,0.0008);
#2241=ELLIPSE('',#2843,0.0013856406460551,0.0008);
#2242=ELLIPSE('',#2844,0.0013856406460551,0.0008);
#2243=VERTEX_POINT('',#2845);
#2244=ELLIPSE('',#2846,0.000979795897113271,0.0008);
#2245=ELLIPSE('',#2847,0.000979795897113271,0.0008);
#2246=ELLIPSE('',#2848,0.000979795897113271,0.0008);
#2247=VERTEX_POINT('',#2849);
#2248=ELLIPSE('',#2850,0.0013856406460551,0.0008);
#2249=ELLIPSE('',#2851,0.0013856406460551,0.0008);
#2250=LINE('',#2852,#2853);
#2251=ELLIPSE('',#2854,0.0013856406460551,0.000800000000000001);
#2252=ELLIPSE('',#2855,0.0013856406460551,0.0008);
#2253=ELLIPSE('',#2856,0.000979795897113271,0.0008);
#2254=ELLIPSE('',#2857,0.000979795897113271,0.0008);
#2255=ELLIPSE('',#2858,0.0013856406460551,0.0008);
#2256=ELLIPSE('',#2859,0.000979795897113271,0.0008);
#2257=VERTEX_POINT('',#2860);
#2258=VERTEX_POINT('',#2861);
#2259=LINE('',#2862,#2863);
#2260=ELLIPSE('',#2864,0.0013856406460551,0.000800000000000001);
#2261=LINE('',#2865,#2866);
#2262=VERTEX_POINT('',#2867);
#2263=ELLIPSE('',#2868,0.0013856406460551,0.000800000000000001);
#2264=ELLIPSE('',#2869,0.0013856406460551,0.000800000000000001);
#2265=VERTEX_POINT('',#2870);
#2266=ELLIPSE('',#2871,0.0013856406460551,0.0008);
#2267=VERTEX_POINT('',#2872);
#2268=ELLIPSE('',#2873,0.0013856406460551,0.0008);
#2269=ELLIPSE('',#2874,0.0013856406460551,0.0008);
#2270=ELLIPSE('',#2875,0.0013856406460551,0.0008);
#2271=LINE('',#2876,#2877);
#2272=VERTEX_POINT('',#2878);
#2273=ELLIPSE('',#2879,0.0013856406460551,0.0008);
#2274=ELLIPSE('',#2880,0.0013856406460551,0.0008);
#2275=ELLIPSE('',#2881,0.000979795897113271,0.0008);
#2276=ELLIPSE('',#2882,0.0013856406460551,0.0008);
#2277=VERTEX_POINT('',#2883);
#2278=LINE('',#2884,#2885);
#2279=ELLIPSE('',#2886,0.0013856406460551,0.0008);
#2280=ELLIPSE('',#2887,0.0013856406460551,0.0008);
#2281=VERTEX_POINT('',#2888);
#2282=LINE('',#2889,#2890);
#2283=LINE('',#2891,#2892);
#2284=LINE('',#2893,#2894);
#2285=VERTEX_POINT('',#2895);
#2286=LINE('',#2896,#2897);
#2287=LINE('',#2898,#2899);
#2288=LINE('',#2900,#2901);
#2289=VERTEX_POINT('',#2902);
#2290=LINE('',#2903,#2904);
#2291=ELLIPSE('',#2905,0.0013856406460551,0.000800000000000001);
#2292=ELLIPSE('',#2906,0.0013856406460551,0.000800000000000001);
#2293=ELLIPSE('',#2907,0.0013856406460551,0.0008);
#2294=CARTESIAN_POINT('',(-0.00584852813742386,0.00471715728752538,0.00528284271247462));
#2295=CARTESIAN_POINT('',(-0.01,0.00886862915010152,0.00943431457505076));
#2296=CARTESIAN_POINT('',(-0.00556568542494924,0.00443431457505076,0.005));
#2297=VECTOR('',#2908,1.0);
#2298=CARTESIAN_POINT('',(-0.00548989794855663,0.00451010205144336,0.00548989794855663));
#2299=AXIS2_PLACEMENT_3D('',#2909,#2910,#2911);
#2300=CARTESIAN_POINT('',(-0.00451010205144336,0.00548989794855663,0.00548989794855663));
#2301=AXIS2_PLACEMENT_3D('',#2912,#2913,#2914);
#2302=CARTESIAN_POINT('',(-0.00471715728752538,0.00584852813742386,0.00528284271247462));
#2303=AXIS2_PLACEMENT_3D('',#2915,#2916,#2917);
#2304=CARTESIAN_POINT('',(-0.00886862915010152,0.01,0.00943431457505076));
#2305=CARTESIAN_POINT('',(-0.00443431457505076,0.00556568542494924,0.005));
#2306=VECTOR('',#2918,1.0);
#2307=CARTESIAN_POINT('',(-0.00902020410288673,0.01,0.01));
#2308=AXIS2_PLACEMENT_3D('',#2919,#2920,#2921);
#2309=CARTESIAN_POINT('',(-0.01,0.00902020410288673,0.01));
#2310=AXIS2_PLACEMENT_3D('',#2922,#2923,#2924);
#2311=AXIS2_PLACEMENT_3D('',#2925,#2926,#2927);
#2312=CARTESIAN_POINT('',(0.00886862915010152,-0.01,0.00943431457505076));
#2313=CARTESIAN_POINT('',(0.00471715728752538,-0.00584852813742386,0.00528284271247462));
#2314=CARTESIAN_POINT('',(0.00943431457505076,-0.0105656854249492,0.01));
#2315=VECTOR('',#2928,1.0);
#2316=CARTESIAN_POINT('',(0.00902020410288673,-0.01,0.01));
#2317=AXIS2_PLACEMENT_3D('',#2929,#2930,#2931);
#2318=CARTESIAN_POINT('',(0.01,-0.00902020410288673,0.01));
#2319=AXIS2_PLACEMENT_3D('',#2932,#2933,#2934);
#2320=CARTESIAN_POINT('',(0.01,-0.00886862915010152,0.00943431457505076));
#2321=AXIS2_PLACEMENT_3D('',#2935,#2936,#2937);
#2322=CARTESIAN_POINT('',(0.00584852813742386,-0.00471715728752538,0.00528284271247462));
#2323=CARTESIAN_POINT('',(0.0105656854249492,-0.00943431457505076,0.01));
#2324=VECTOR('',#2938,1.0);
#2325=CARTESIAN_POINT('',(0.00548989794855663,-0.00451010205144336,0.00548989794855663));
#2326=AXIS2_PLACEMENT_3D('',#2939,#2940,#2941);
#2327=CARTESIAN_POINT('',(0.00451010205144336,-0.00548989794855663,0.00548989794855663));
#2328=AXIS2_PLACEMENT_3D('',#2942,#2943,#2944);
#2329=AXIS2_PLACEMENT_3D('',#2945,#2946,#2947);
#2330=CARTESIAN_POINT('',(-2.34736656052681E-20,-0.00113137084989848,0.00943431457505076));
#2331=CARTESIAN_POINT('',(-0.00415147186257614,-0.00528284271247462,0.00528284271247462));
#2332=CARTESIAN_POINT('',(0.000565685424949238,-0.000565685424949238,0.01));
#2333=VECTOR('',#2948,1.0);
#2334=CARTESIAN_POINT('',(-1.35525271560688E-20,-0.000979795897113271,0.01));
#2335=AXIS2_PLACEMENT_3D('',#2949,#2950,#2951);
#2336=CARTESIAN_POINT('',(-0.000979795897113271,-1.69542064565023E-18,0.01));
#2337=AXIS2_PLACEMENT_3D('',#2952,#2953,#2954);
#2338=CARTESIAN_POINT('',(-0.00113137084989847,-1.63551209148481E-18,0.00943431457505076));
#2339=AXIS2_PLACEMENT_3D('',#2955,#2956,#2957);
#2340=CARTESIAN_POINT('',(-0.00528284271247462,-0.00415147186257614,0.00528284271247462));
#2341=CARTESIAN_POINT('',(-0.000565685424949238,0.000565685424949238,0.01));
#2342=VECTOR('',#2958,1.0);
#2343=CARTESIAN_POINT('',(-0.00548989794855664,-0.00451010205144336,0.00548989794855664));
#2344=AXIS2_PLACEMENT_3D('',#2959,#2960,#2961);
#2345=CARTESIAN_POINT('',(-0.00451010205144336,-0.00548989794855663,0.00548989794855663));
#2346=AXIS2_PLACEMENT_3D('',#2962,#2963,#2964);
#2347=AXIS2_PLACEMENT_3D('',#2965,#2966,#2967);
#2348=CARTESIAN_POINT('',(-0.00415147186257614,0.00528284271247462,0.00528284271247462));
#2349=CARTESIAN_POINT('',(2.36345644722689E-18,0.00113137084989848,0.00943431457505076));
#2350=CARTESIAN_POINT('',(-0.00443431457505076,0.00556568542494924,0.005));
#2351=VECTOR('',#2968,1.0);
#2352=AXIS2_PLACEMENT_3D('',#2969,#2970,#2971);
#2353=CARTESIAN_POINT('',(-0.00528284271247462,0.00415147186257614,0.00528284271247462));
#2354=AXIS2_PLACEMENT_3D('',#2972,#2973,#2974);
#2355=CARTESIAN_POINT('',(-0.00556568542494924,0.00443431457505076,0.005));
#2356=VECTOR('',#2975,1.0);
#2357=CARTESIAN_POINT('',(2.09772262617644E-18,0.000979795897113272,0.01));
#2358=AXIS2_PLACEMENT_3D('',#2976,#2977,#2978);
#2359=AXIS2_PLACEMENT_3D('',#2979,#2980,#2981);
#2360=CARTESIAN_POINT('',(-0.01,-0.00886862915010152,-0.00943431457505076));
#2361=CARTESIAN_POINT('',(-0.00584852813742386,-0.00471715728752538,-0.00528284271247462));
#2362=CARTESIAN_POINT('',(-0.0105656854249492,-0.00943431457505076,-0.01));
#2363=VECTOR('',#2982,1.0);
#2364=CARTESIAN_POINT('',(-0.01,-0.01,-0.00902020410288673));
#2365=AXIS2_PLACEMENT_3D('',#2983,#2984,#2985);
#2366=CARTESIAN_POINT('',(-0.00886862915010152,-0.01,-0.00943431457505076));
#2367=AXIS2_PLACEMENT_3D('',#2986,#2987,#2988);
#2368=CARTESIAN_POINT('',(-0.00471715728752538,-0.00584852813742386,-0.00528284271247462));
#2369=CARTESIAN_POINT('',(-0.00943431457505076,-0.0105656854249492,-0.01));
#2370=VECTOR('',#2989,1.0);
#2371=CARTESIAN_POINT('',(-0.00528284271247462,-0.00584852813742386,-0.00471715728752538));
#2372=AXIS2_PLACEMENT_3D('',#2990,#2991,#2992);
#2373=CARTESIAN_POINT('',(-0.00548989794855664,-0.00548989794855664,-0.00451010205144337));
#2374=AXIS2_PLACEMENT_3D('',#2993,#2994,#2995);
#2375=CARTESIAN_POINT('',(-0.00584852813742386,-0.00528284271247462,-0.00471715728752538));
#2376=AXIS2_PLACEMENT_3D('',#2996,#2997,#2998);
#2377=AXIS2_PLACEMENT_3D('',#2999,#3000,#3001);
#2378=CARTESIAN_POINT('',(0.00471715728752538,0.00584852813742386,-0.00528284271247462));
#2379=CARTESIAN_POINT('',(0.00886862915010152,0.01,-0.00943431457505076));
#2380=CARTESIAN_POINT('',(0.00443431457505076,0.00556568542494924,-0.005));
#2381=VECTOR('',#3002,1.0);
#2382=CARTESIAN_POINT('',(0.00528284271247462,0.00584852813742386,-0.00471715728752538));
#2383=AXIS2_PLACEMENT_3D('',#3003,#3004,#3005);
#2384=CARTESIAN_POINT('',(0.00548989794855664,0.00548989794855663,-0.00451010205144336));
#2385=AXIS2_PLACEMENT_3D('',#3006,#3007,#3008);
#2386=CARTESIAN_POINT('',(0.00584852813742386,0.00528284271247462,-0.00471715728752538));
#2387=AXIS2_PLACEMENT_3D('',#3009,#3010,#3011);
#2388=CARTESIAN_POINT('',(0.00584852813742386,0.00471715728752538,-0.00528284271247462));
#2389=AXIS2_PLACEMENT_3D('',#3012,#3013,#3014);
#2390=CARTESIAN_POINT('',(0.01,0.00886862915010152,-0.00943431457505076));
#2391=CARTESIAN_POINT('',(0.00556568542494924,0.00443431457505076,-0.005));
#2392=VECTOR('',#3015,1.0);
#2393=CARTESIAN_POINT('',(0.01,0.01,-0.00902020410288673));
#2394=AXIS2_PLACEMENT_3D('',#3016,#3017,#3018);
#2395=AXIS2_PLACEMENT_3D('',#3019,#3020,#3021);
#2396=CARTESIAN_POINT('',(0.00113137084989847,-1.63551209148481E-18,-0.00943431457505076));
#2397=CARTESIAN_POINT('',(0.00528284271247462,-0.00415147186257614,-0.00528284271247462));
#2398=CARTESIAN_POINT('',(0.000565685424949238,0.000565685424949237,-0.01));
#2399=VECTOR('',#3022,1.0);
#2400=CARTESIAN_POINT('',(0.0,-1.373439074127E-18,-0.00902020410288673));
#2401=AXIS2_PLACEMENT_3D('',#3023,#3024,#3025);
#2402=CARTESIAN_POINT('',(0.0,-0.00113137084989848,-0.00943431457505076));
#2403=AXIS2_PLACEMENT_3D('',#3026,#3027,#3028);
#2404=CARTESIAN_POINT('',(0.00415147186257614,-0.00528284271247462,-0.00528284271247462));
#2405=CARTESIAN_POINT('',(-0.000565685424949237,-0.000565685424949238,-0.01));
#2406=VECTOR('',#3029,1.0);
#2407=CARTESIAN_POINT('',(0.00415147186257614,-0.00471715728752538,-0.00471715728752538));
#2408=AXIS2_PLACEMENT_3D('',#3030,#3031,#3032);
#2409=CARTESIAN_POINT('',(0.00451010205144336,-0.00451010205144336,-0.00451010205144337));
#2410=AXIS2_PLACEMENT_3D('',#3033,#3034,#3035);
#2411=CARTESIAN_POINT('',(0.00471715728752538,-0.00415147186257614,-0.00471715728752538));
#2412=AXIS2_PLACEMENT_3D('',#3036,#3037,#3038);
#2413=AXIS2_PLACEMENT_3D('',#3039,#3040,#3041);
#2414=CARTESIAN_POINT('',(0.00528284271247462,0.00415147186257614,-0.00528284271247462));
#2415=CARTESIAN_POINT('',(0.00556568542494924,0.00443431457505076,-0.005));
#2416=VECTOR('',#3042,1.0);
#2417=CARTESIAN_POINT('',(0.00471715728752538,0.00415147186257614,-0.00471715728752538));
#2418=AXIS2_PLACEMENT_3D('',#3043,#3044,#3045);
#2419=CARTESIAN_POINT('',(0.00451010205144337,0.00451010205144337,-0.00451010205144337));
#2420=AXIS2_PLACEMENT_3D('',#3046,#3047,#3048);
#2421=CARTESIAN_POINT('',(0.00415147186257614,0.00471715728752538,-0.00471715728752538));
#2422=AXIS2_PLACEMENT_3D('',#3049,#3050,#3051);
#2423=CARTESIAN_POINT('',(0.00415147186257614,0.00528284271247462,-0.00528284271247462));
#2424=AXIS2_PLACEMENT_3D('',#3052,#3053,#3054);
#2425=CARTESIAN_POINT('',(2.36345644722689E-18,0.00113137084989848,-0.00943431457505076));
#2426=CARTESIAN_POINT('',(0.00443431457505076,0.00556568542494924,-0.005));
#2427=VECTOR('',#3055,1.0);
#2428=AXIS2_PLACEMENT_3D('',#3056,#3057,#3058);
#2429=CARTESIAN_POINT('',(-0.00584852813742386,0.00471715728752538,-0.00528284271247462));
#2430=CARTESIAN_POINT('',(-0.01,0.00886862915010152,-0.00943431457505076));
#2431=CARTESIAN_POINT('',(-0.00556568542494924,0.00443431457505076,-0.005));
#2432=VECTOR('',#3059,1.0);
#2433=CARTESIAN_POINT('',(-0.00584852813742386,0.00528284271247462,-0.00471715728752538));
#2434=AXIS2_PLACEMENT_3D('',#3060,#3061,#3062);
#2435=CARTESIAN_POINT('',(-0.00548989794855553,0.00548989794855701,-0.004510102051443));
#2436=AXIS2_PLACEMENT_3D('',#3063,#3064,#3065);
#2437=CARTESIAN_POINT('',(-0.00528284271247462,0.00584852813742386,-0.00471715728752538));
#2438=AXIS2_PLACEMENT_3D('',#3066,#3067,#3068);
#2439=CARTESIAN_POINT('',(-0.00471715728752538,0.00584852813742386,-0.00528284271247462));
#2440=AXIS2_PLACEMENT_3D('',#3069,#3070,#3071);
#2441=CARTESIAN_POINT('',(-0.00886862915010152,0.01,-0.00943431457505076));
#2442=CARTESIAN_POINT('',(-0.00443431457505076,0.00556568542494924,-0.005));
#2443=VECTOR('',#3072,1.0);
#2444=CARTESIAN_POINT('',(-0.01,0.01,-0.00902020410288673));
#2445=AXIS2_PLACEMENT_3D('',#3073,#3074,#3075);
#2446=AXIS2_PLACEMENT_3D('',#3076,#3077,#3078);
#2447=CARTESIAN_POINT('',(-0.01,-0.00886862915010152,0.00943431457505076));
#2448=CARTESIAN_POINT('',(-0.00584852813742386,-0.00471715728752538,0.00528284271247462));
#2449=CARTESIAN_POINT('',(-0.0105656854249492,-0.00943431457505076,0.01));
#2450=VECTOR('',#3079,1.0);
#2451=CARTESIAN_POINT('',(-0.01,-0.00902020410288673,0.01));
#2452=AXIS2_PLACEMENT_3D('',#3080,#3081,#3082);
#2453=CARTESIAN_POINT('',(-0.00902020410288673,-0.01,0.01));
#2454=AXIS2_PLACEMENT_3D('',#3083,#3084,#3085);
#2455=CARTESIAN_POINT('',(-0.00886862915010152,-0.01,0.00943431457505076));
#2456=AXIS2_PLACEMENT_3D('',#3086,#3087,#3088);
#2457=CARTESIAN_POINT('',(-0.00471715728752538,-0.00584852813742386,0.00528284271247462));
#2458=CARTESIAN_POINT('',(-0.00943431457505076,-0.0105656854249492,0.01));
#2459=VECTOR('',#3089,1.0);
#2460=AXIS2_PLACEMENT_3D('',#3090,#3091,#3092);
#2461=AXIS2_PLACEMENT_3D('',#3093,#3094,#3095);
#2462=CARTESIAN_POINT('',(-0.00471715728752538,0.00415147186257614,-0.00471715728752538));
#2463=CARTESIAN_POINT('',(-0.00886862915010152,1.30441327371071E-18,-0.000565685424949237));
#2464=CARTESIAN_POINT('',(-0.00443431457505076,0.00443431457505076,-0.005));
#2465=VECTOR('',#3096,1.0);
#2466=CARTESIAN_POINT('',(-0.00451010205144336,0.00451010205144336,-0.00451010205144336));
#2467=AXIS2_PLACEMENT_3D('',#3097,#3098,#3099);
#2468=AXIS2_PLACEMENT_3D('',#3100,#3101,#3102);
#2469=CARTESIAN_POINT('',(-0.01,0.00113137084989848,-0.000565685424949238));
#2470=CARTESIAN_POINT('',(-0.00556568542494924,0.00556568542494924,-0.005));
#2471=VECTOR('',#3103,1.0);
#2472=CARTESIAN_POINT('',(-0.01,0.000979795897113271,0.0));
#2473=AXIS2_PLACEMENT_3D('',#3104,#3105,#3106);
#2474=CARTESIAN_POINT('',(-0.00902020410288673,7.53103354711397E-19,1.24858097647909E-19));
#2475=AXIS2_PLACEMENT_3D('',#3107,#3108,#3109);
#2476=AXIS2_PLACEMENT_3D('',#3110,#3111,#3112);
#2477=CARTESIAN_POINT('',(-0.00471715728752538,0.00415147186257614,0.00471715728752538));
#2478=CARTESIAN_POINT('',(-0.00886862915010152,1.30441327371071E-18,0.000565685424949237));
#2479=CARTESIAN_POINT('',(-0.00443431457505076,0.00443431457505076,0.005));
#2480=VECTOR('',#3113,1.0);
#2481=AXIS2_PLACEMENT_3D('',#3114,#3115,#3116);
#2482=CARTESIAN_POINT('',(-0.00584852813742386,0.00528284271247462,0.00471715728752538));
#2483=AXIS2_PLACEMENT_3D('',#3117,#3118,#3119);
#2484=CARTESIAN_POINT('',(-0.01,0.00113137084989848,0.000565685424949238));
#2485=CARTESIAN_POINT('',(-0.00556568542494924,0.00556568542494924,0.005));
#2486=VECTOR('',#3120,1.0);
#2487=CARTESIAN_POINT('',(-0.01,7.53103354711397E-19,0.000979795897113272));
#2488=AXIS2_PLACEMENT_3D('',#3121,#3122,#3123);
#2489=AXIS2_PLACEMENT_3D('',#3124,#3125,#3126);
#2490=CARTESIAN_POINT('',(0.00471715728752538,0.00584852813742386,0.00528284271247462));
#2491=CARTESIAN_POINT('',(0.00886862915010152,0.01,0.00943431457505076));
#2492=CARTESIAN_POINT('',(0.00443431457505076,0.00556568542494924,0.005));
#2493=VECTOR('',#3127,1.0);
#2494=CARTESIAN_POINT('',(0.00451010205144447,0.00548989794855701,0.00548989794855701));
#2495=AXIS2_PLACEMENT_3D('',#3128,#3129,#3130);
#2496=CARTESIAN_POINT('',(0.00548989794855664,0.00451010205144336,0.00548989794855664));
#2497=AXIS2_PLACEMENT_3D('',#3131,#3132,#3133);
#2498=CARTESIAN_POINT('',(0.00584852813742386,0.00471715728752538,0.00528284271247462));
#2499=AXIS2_PLACEMENT_3D('',#3134,#3135,#3136);
#2500=CARTESIAN_POINT('',(0.01,0.00886862915010152,0.00943431457505076));
#2501=CARTESIAN_POINT('',(0.00556568542494924,0.00443431457505076,0.005));
#2502=VECTOR('',#3137,1.0);
#2503=CARTESIAN_POINT('',(0.01,0.00902020410288673,0.01));
#2504=AXIS2_PLACEMENT_3D('',#3138,#3139,#3140);
#2505=CARTESIAN_POINT('',(0.00902020410288673,0.01,0.01));
#2506=AXIS2_PLACEMENT_3D('',#3141,#3142,#3143);
#2507=AXIS2_PLACEMENT_3D('',#3144,#3145,#3146);
#2508=CARTESIAN_POINT('',(-0.00113137084989848,0.01,-0.000565685424949237));
#2509=CARTESIAN_POINT('',(-0.00556568542494924,0.00556568542494924,-0.005));
#2510=VECTOR('',#3147,1.0);
#2511=CARTESIAN_POINT('',(-0.00415147186257614,0.00471715728752538,-0.00471715728752538));
#2512=AXIS2_PLACEMENT_3D('',#3148,#3149,#3150);
#2513=CARTESIAN_POINT('',(2.36345644722689E-18,0.00886862915010152,-0.00056568542494924));
#2514=CARTESIAN_POINT('',(-0.00443431457505076,0.00443431457505076,-0.005));
#2515=VECTOR('',#3151,1.0);
#2516=CARTESIAN_POINT('',(2.09772262617644E-18,0.00902020410288673,1.65436979383479E-18));
#2517=AXIS2_PLACEMENT_3D('',#3152,#3153,#3154);
#2518=CARTESIAN_POINT('',(-0.000979795897113271,0.01,0.0));
#2519=AXIS2_PLACEMENT_3D('',#3155,#3156,#3157);
#2520=AXIS2_PLACEMENT_3D('',#3158,#3159,#3160);
#2521=CARTESIAN_POINT('',(0.00443431457505076,0.00443431457505076,-0.005));
#2522=VECTOR('',#3161,1.0);
#2523=AXIS2_PLACEMENT_3D('',#3162,#3163,#3164);
#2524=CARTESIAN_POINT('',(0.00113137084989848,0.01,-0.000565685424949238));
#2525=CARTESIAN_POINT('',(0.00556568542494924,0.00556568542494924,-0.005));
#2526=VECTOR('',#3165,1.0);
#2527=CARTESIAN_POINT('',(0.000979795897113271,0.01,0.0));
#2528=AXIS2_PLACEMENT_3D('',#3166,#3167,#3168);
#2529=AXIS2_PLACEMENT_3D('',#3169,#3170,#3171);
#2530=CARTESIAN_POINT('',(0.00528284271247462,0.00415147186257614,0.00528284271247462));
#2531=CARTESIAN_POINT('',(0.00113137084989847,-1.63551209148481E-18,0.00943431457505076));
#2532=CARTESIAN_POINT('',(0.00556568542494924,0.00443431457505076,0.005));
#2533=VECTOR('',#3172,1.0);
#2534=AXIS2_PLACEMENT_3D('',#3173,#3174,#3175);
#2535=CARTESIAN_POINT('',(0.00415147186257614,0.00528284271247462,0.00528284271247462));
#2536=AXIS2_PLACEMENT_3D('',#3176,#3177,#3178);
#2537=CARTESIAN_POINT('',(0.00443431457505076,0.00556568542494924,0.005));
#2538=VECTOR('',#3179,1.0);
#2539=CARTESIAN_POINT('',(0.000979795897113271,-1.69542064565023E-18,0.01));
#2540=AXIS2_PLACEMENT_3D('',#3180,#3181,#3182);
#2541=AXIS2_PLACEMENT_3D('',#3183,#3184,#3185);
#2542=CARTESIAN_POINT('',(0.00528284271247462,-0.00415147186257614,0.00528284271247462));
#2543=CARTESIAN_POINT('',(0.000565685424949238,0.000565685424949238,0.01));
#2544=VECTOR('',#3186,1.0);
#2545=AXIS2_PLACEMENT_3D('',#3187,#3188,#3189);
#2546=CARTESIAN_POINT('',(0.00415147186257614,-0.00528284271247462,0.00528284271247462));
#2547=CARTESIAN_POINT('',(-0.000565685424949238,-0.000565685424949238,0.01));
#2548=VECTOR('',#3190,1.0);
#2549=AXIS2_PLACEMENT_3D('',#3191,#3192,#3193);
#2550=AXIS2_PLACEMENT_3D('',#3194,#3195,#3196);
#2551=CARTESIAN_POINT('',(-0.00113137084989848,-0.01,0.000565685424949238));
#2552=CARTESIAN_POINT('',(-0.00528284271247462,-0.00584852813742386,0.00471715728752538));
#2553=CARTESIAN_POINT('',(-0.000565685424949238,-0.0105656854249492,3.33066907387547E-19));
#2554=VECTOR('',#3197,1.0);
#2555=CARTESIAN_POINT('',(6.89363673245864E-20,-0.01,0.000979795897113272));
#2556=AXIS2_PLACEMENT_3D('',#3198,#3199,#3200);
#2557=CARTESIAN_POINT('',(6.89363673245864E-20,-0.00886862915010152,0.000565685424949238));
#2558=AXIS2_PLACEMENT_3D('',#3201,#3202,#3203);
#2559=CARTESIAN_POINT('',(-0.00415147186257614,-0.00471715728752538,0.00471715728752538));
#2560=CARTESIAN_POINT('',(0.000565685424949239,-0.00943431457505076,-3.33066907387547E-19));
#2561=VECTOR('',#3204,1.0);
#2562=AXIS2_PLACEMENT_3D('',#3205,#3206,#3207);
#2563=AXIS2_PLACEMENT_3D('',#3208,#3209,#3210);
#2564=CARTESIAN_POINT('',(0.00415147186257614,0.00471715728752538,0.00471715728752538));
#2565=CARTESIAN_POINT('',(2.36345644722689E-18,0.00886862915010152,0.000565685424949238));
#2566=CARTESIAN_POINT('',(0.00443431457505076,0.00443431457505076,0.005));
#2567=VECTOR('',#3211,1.0);
#2568=AXIS2_PLACEMENT_3D('',#3212,#3213,#3214);
#2569=CARTESIAN_POINT('',(0.00528284271247462,0.00584852813742386,0.00471715728752538));
#2570=AXIS2_PLACEMENT_3D('',#3215,#3216,#3217);
#2571=CARTESIAN_POINT('',(0.00113137084989848,0.01,0.000565685424949238));
#2572=CARTESIAN_POINT('',(0.00556568542494924,0.00556568542494924,0.005));
#2573=VECTOR('',#3218,1.0);
#2574=CARTESIAN_POINT('',(2.09772262617644E-18,0.01,0.000979795897113272));
#2575=AXIS2_PLACEMENT_3D('',#3219,#3220,#3221);
#2576=AXIS2_PLACEMENT_3D('',#3222,#3223,#3224);
#2577=CARTESIAN_POINT('',(-0.00528284271247462,0.00584852813742386,0.00471715728752538));
#2578=CARTESIAN_POINT('',(-0.00113137084989848,0.01,0.000565685424949237));
#2579=CARTESIAN_POINT('',(-0.00556568542494924,0.00556568542494924,0.005));
#2580=VECTOR('',#3225,1.0);
#2581=AXIS2_PLACEMENT_3D('',#3226,#3227,#3228);
#2582=CARTESIAN_POINT('',(-0.00415147186257614,0.00471715728752538,0.00471715728752538));
#2583=AXIS2_PLACEMENT_3D('',#3229,#3230,#3231);
#2584=CARTESIAN_POINT('',(-0.00443431457505076,0.00443431457505076,0.005));
#2585=VECTOR('',#3232,1.0);
#2586=AXIS2_PLACEMENT_3D('',#3233,#3234,#3235);
#2587=CARTESIAN_POINT('',(0.01,-0.00113137084989848,-0.000565685424949239));
#2588=CARTESIAN_POINT('',(0.00584852813742386,-0.00528284271247462,-0.00471715728752538));
#2589=CARTESIAN_POINT('',(0.0105656854249492,-0.000565685424949238,-9.48415209617185E-19));
#2590=VECTOR('',#3236,1.0);
#2591=CARTESIAN_POINT('',(0.01,-0.000979795897113272,5.42101086242752E-20));
#2592=AXIS2_PLACEMENT_3D('',#3237,#3238,#3239);
#2593=CARTESIAN_POINT('',(0.00902020410288673,-7.8656801900952E-19,-2.34108933089829E-18));
#2594=AXIS2_PLACEMENT_3D('',#3240,#3241,#3242);
#2595=CARTESIAN_POINT('',(0.00886862915010152,-9.24700510357889E-20,-0.000565685424949237));
#2596=AXIS2_PLACEMENT_3D('',#3243,#3244,#3245);
#2597=CARTESIAN_POINT('',(0.00943431457505076,0.000565685424949239,-1.93463552872078E-19));
#2598=VECTOR('',#3246,1.0);
#2599=CARTESIAN_POINT('',(0.00548989794855664,-0.00548989794855664,-0.00451010205144336));
#2600=AXIS2_PLACEMENT_3D('',#3247,#3248,#3249);
#2601=AXIS2_PLACEMENT_3D('',#3250,#3251,#3252);
#2602=CARTESIAN_POINT('',(-0.00471715728752538,-0.00415147186257614,0.00471715728752538));
#2603=CARTESIAN_POINT('',(-0.00943431457505076,0.000565685424949238,-3.77475828372554E-19));
#2604=VECTOR('',#3253,1.0);
#2605=CARTESIAN_POINT('',(-0.01,-0.00113137084989848,0.000565685424949239));
#2606=AXIS2_PLACEMENT_3D('',#3254,#3255,#3256);
#2607=CARTESIAN_POINT('',(-0.00584852813742386,-0.00528284271247462,0.00471715728752538));
#2608=CARTESIAN_POINT('',(-0.0105656854249492,-0.000565685424949239,3.77475828372554E-19));
#2609=VECTOR('',#3257,1.0);
#2610=AXIS2_PLACEMENT_3D('',#3258,#3259,#3260);
#2611=AXIS2_PLACEMENT_3D('',#3261,#3262,#3263);
#2612=CARTESIAN_POINT('',(-0.00113137084989848,-0.01,-0.000565685424949239));
#2613=CARTESIAN_POINT('',(-0.000565685424949238,-0.0105656854249492,-1.60635393875453E-19));
#2614=VECTOR('',#3264,1.0);
#2615=CARTESIAN_POINT('',(-0.000979795897113272,-0.01,5.42101086242752E-20));
#2616=AXIS2_PLACEMENT_3D('',#3265,#3266,#3267);
#2617=CARTESIAN_POINT('',(6.89363673245864E-20,-0.00902020410288673,-1.56072622059886E-19));
#2618=AXIS2_PLACEMENT_3D('',#3268,#3269,#3270);
#2619=CARTESIAN_POINT('',(6.89363673245864E-20,-0.00886862915010152,-0.000565685424949238));
#2620=AXIS2_PLACEMENT_3D('',#3271,#3272,#3273);
#2621=CARTESIAN_POINT('',(-0.00415147186257614,-0.00471715728752538,-0.00471715728752538));
#2622=CARTESIAN_POINT('',(0.000565685424949239,-0.00943431457505076,5.94316262869655E-19));
#2623=VECTOR('',#3274,1.0);
#2624=CARTESIAN_POINT('',(-0.00451010205144336,-0.00451010205144336,-0.00451010205144337));
#2625=AXIS2_PLACEMENT_3D('',#3275,#3276,#3277);
#2626=AXIS2_PLACEMENT_3D('',#3278,#3279,#3280);
#2627=CARTESIAN_POINT('',(0.01,0.00113137084989848,-0.000565685424949238));
#2628=CARTESIAN_POINT('',(0.00556568542494924,0.00556568542494924,-0.005));
#2629=VECTOR('',#3281,1.0);
#2630=CARTESIAN_POINT('',(0.00443431457505076,0.00443431457505076,-0.005));
#2631=VECTOR('',#3282,1.0);
#2632=CARTESIAN_POINT('',(0.01,0.000979795897113271,0.0));
#2633=AXIS2_PLACEMENT_3D('',#3283,#3284,#3285);
#2634=AXIS2_PLACEMENT_3D('',#3286,#3287,#3288);
#2635=CARTESIAN_POINT('',(-0.00415147186257614,0.00528284271247462,-0.00528284271247462));
#2636=CARTESIAN_POINT('',(-0.00443431457505076,0.00556568542494924,-0.005));
#2637=VECTOR('',#3289,1.0);
#2638=AXIS2_PLACEMENT_3D('',#3290,#3291,#3292);
#2639=CARTESIAN_POINT('',(-0.00528284271247462,0.00415147186257614,-0.00528284271247462));
#2640=AXIS2_PLACEMENT_3D('',#3293,#3294,#3295);
#2641=CARTESIAN_POINT('',(-0.00113137084989847,-1.63551209148481E-18,-0.00943431457505076));
#2642=CARTESIAN_POINT('',(-0.00556568542494924,0.00443431457505076,-0.005));
#2643=VECTOR('',#3296,1.0);
#2644=AXIS2_PLACEMENT_3D('',#3297,#3298,#3299);
#2645=CARTESIAN_POINT('',(-0.00471715728752538,-0.00415147186257614,-0.00471715728752538));
#2646=CARTESIAN_POINT('',(-0.00943431457505076,0.000565685424949239,5.49907341884648E-19));
#2647=VECTOR('',#3300,1.0);
#2648=CARTESIAN_POINT('',(-0.01,-0.000979795897113272,2.16840434497101E-19));
#2649=AXIS2_PLACEMENT_3D('',#3301,#3302,#3303);
#2650=CARTESIAN_POINT('',(-0.01,-0.00113137084989848,-0.000565685424949239));
#2651=AXIS2_PLACEMENT_3D('',#3304,#3305,#3306);
#2652=CARTESIAN_POINT('',(-0.0105656854249492,-0.000565685424949239,-1.16226472890447E-19));
#2653=VECTOR('',#3307,1.0);
#2654=AXIS2_PLACEMENT_3D('',#3308,#3309,#3310);
#2655=CARTESIAN_POINT('',(-0.00415147186257614,-0.00528284271247462,-0.00528284271247462));
#2656=CARTESIAN_POINT('',(0.000565685424949237,-0.000565685424949238,-0.01));
#2657=VECTOR('',#3311,1.0);
#2658=CARTESIAN_POINT('',(-0.00528284271247462,-0.00415147186257614,-0.00528284271247462));
#2659=CARTESIAN_POINT('',(-0.000565685424949238,0.000565685424949237,-0.01));
#2660=VECTOR('',#3312,1.0);
#2661=AXIS2_PLACEMENT_3D('',#3313,#3314,#3315);
#2662=AXIS2_PLACEMENT_3D('',#3316,#3317,#3318);
#2663=CARTESIAN_POINT('',(0.00886862915010152,-0.01,-0.00943431457505076));
#2664=CARTESIAN_POINT('',(0.00471715728752538,-0.00584852813742386,-0.00528284271247462));
#2665=CARTESIAN_POINT('',(0.00943431457505076,-0.0105656854249492,-0.01));
#2666=VECTOR('',#3319,1.0);
#2667=CARTESIAN_POINT('',(0.01,-0.01,-0.00902020410288673));
#2668=AXIS2_PLACEMENT_3D('',#3320,#3321,#3322);
#2669=CARTESIAN_POINT('',(0.01,-0.00886862915010152,-0.00943431457505076));
#2670=AXIS2_PLACEMENT_3D('',#3323,#3324,#3325);
#2671=CARTESIAN_POINT('',(0.00584852813742386,-0.00471715728752538,-0.00528284271247462));
#2672=CARTESIAN_POINT('',(0.0105656854249492,-0.00943431457505076,-0.01));
#2673=VECTOR('',#3326,1.0);
#2674=AXIS2_PLACEMENT_3D('',#3327,#3328,#3329);
#2675=CARTESIAN_POINT('',(0.00528284271247462,-0.00584852813742386,-0.00471715728752538));
#2676=AXIS2_PLACEMENT_3D('',#3330,#3331,#3332);
#2677=AXIS2_PLACEMENT_3D('',#3333,#3334,#3335);
#2678=CARTESIAN_POINT('',(-0.000565685424949238,-0.00943431457505076,3.33066907387547E-19));
#2679=VECTOR('',#3336,1.0);
#2680=CARTESIAN_POINT('',(0.000979795897113272,-0.01,2.16840434497101E-19));
#2681=AXIS2_PLACEMENT_3D('',#3337,#3338,#3339);
#2682=CARTESIAN_POINT('',(0.00113137084989848,-0.01,-0.000565685424949239));
#2683=AXIS2_PLACEMENT_3D('',#3340,#3341,#3342);
#2684=CARTESIAN_POINT('',(0.000565685424949239,-0.0105656854249492,-3.33066907387547E-19));
#2685=VECTOR('',#3343,1.0);
#2686=CARTESIAN_POINT('',(0.00415147186257614,-0.00471715728752538,0.00471715728752538));
#2687=CARTESIAN_POINT('',(-0.000565685424949238,-0.00943431457505076,-1.60635393875453E-19));
#2688=VECTOR('',#3344,1.0);
#2689=CARTESIAN_POINT('',(0.00113137084989848,-0.01,0.000565685424949239));
#2690=AXIS2_PLACEMENT_3D('',#3345,#3346,#3347);
#2691=CARTESIAN_POINT('',(0.00528284271247462,-0.00584852813742386,0.00471715728752538));
#2692=CARTESIAN_POINT('',(0.000565685424949239,-0.0105656854249492,5.94316262869655E-19));
#2693=VECTOR('',#3348,1.0);
#2694=AXIS2_PLACEMENT_3D('',#3349,#3350,#3351);
#2695=AXIS2_PLACEMENT_3D('',#3352,#3353,#3354);
#2696=CARTESIAN_POINT('',(0.00584852813742386,0.00528284271247462,0.00471715728752538));
#2697=CARTESIAN_POINT('',(0.01,0.00113137084989848,0.000565685424949237));
#2698=CARTESIAN_POINT('',(0.00556568542494924,0.00556568542494924,0.005));
#2699=VECTOR('',#3355,1.0);
#2700=AXIS2_PLACEMENT_3D('',#3356,#3357,#3358);
#2701=CARTESIAN_POINT('',(0.00471715728752538,0.00415147186257614,0.00471715728752538));
#2702=AXIS2_PLACEMENT_3D('',#3359,#3360,#3361);
#2703=CARTESIAN_POINT('',(0.00886862915010152,-9.24700510357897E-20,0.000565685424949237));
#2704=CARTESIAN_POINT('',(0.00443431457505076,0.00443431457505076,0.005));
#2705=VECTOR('',#3362,1.0);
#2706=CARTESIAN_POINT('',(0.01,-7.86568019009524E-19,0.00097979589711327));
#2707=AXIS2_PLACEMENT_3D('',#3363,#3364,#3365);
#2708=AXIS2_PLACEMENT_3D('',#3366,#3367,#3368);
#2709=CARTESIAN_POINT('',(0.01,-0.00113137084989848,0.000565685424949239));
#2710=CARTESIAN_POINT('',(0.00584852813742386,-0.00528284271247462,0.00471715728752538));
#2711=CARTESIAN_POINT('',(0.0105656854249492,-0.000565685424949239,5.49907341884648E-19));
#2712=VECTOR('',#3369,1.0);
#2713=AXIS2_PLACEMENT_3D('',#3370,#3371,#3372);
#2714=CARTESIAN_POINT('',(0.00471715728752538,-0.00415147186257614,0.00471715728752538));
#2715=CARTESIAN_POINT('',(0.00943431457505076,0.000565685424949239,-1.16226472890447E-19));
#2716=VECTOR('',#3373,1.0);
#2717=AXIS2_PLACEMENT_3D('',#3374,#3375,#3376);
#2718=AXIS2_PLACEMENT_3D('',#3377,#3378,#3379);
#2719=CARTESIAN_POINT('',(-0.01,-0.01,0.01));
#2720=CARTESIAN_POINT('',(-0.01,0.0,0.01));
#2721=VECTOR('',#3380,1.0);
#2722=CARTESIAN_POINT('',(0.0,-0.01,0.01));
#2723=VECTOR('',#3381,1.0);
#2724=CARTESIAN_POINT('',(-0.01,0.01,0.01));
#2725=CARTESIAN_POINT('',(-0.01,0.0,0.01));
#2726=VECTOR('',#3382,1.0);
#2727=CARTESIAN_POINT('',(0.0,0.01,0.01));
#2728=VECTOR('',#3383,1.0);
#2729=CARTESIAN_POINT('',(0.01,-0.01,0.01));
#2730=CARTESIAN_POINT('',(0.01,0.0,0.01));
#2731=VECTOR('',#3384,1.0);
#2732=CARTESIAN_POINT('',(0.0,-0.01,0.01));
#2733=VECTOR('',#3385,1.0);
#2734=CARTESIAN_POINT('',(0.01,0.01,0.01));
#2735=CARTESIAN_POINT('',(0.01,0.0,0.01));
#2736=VECTOR('',#3386,1.0);
#2737=CARTESIAN_POINT('',(0.0,0.01,0.01));
#2738=VECTOR('',#3387,1.0);
#2739=CARTESIAN_POINT('',(0.00548989794855663,-0.00548989794855664,0.00451010205144336));
#2740=AXIS2_PLACEMENT_3D('',#3388,#3389,#3390);
#2741=CARTESIAN_POINT('',(0.00451010205144336,-0.00451010205144337,0.00451010205144337));
#2742=AXIS2_PLACEMENT_3D('',#3391,#3392,#3393);
#2743=AXIS2_PLACEMENT_3D('',#3394,#3395,#3396);
#2744=AXIS2_PLACEMENT_3D('',#3397,#3398,#3399);
#2745=AXIS2_PLACEMENT_3D('',#3400,#3401,#3402);
#2746=AXIS2_PLACEMENT_3D('',#3403,#3404,#3405);
#2747=CARTESIAN_POINT('',(0.00451010205144336,0.00451010205144336,0.00451010205144336));
#2748=AXIS2_PLACEMENT_3D('',#3406,#3407,#3408);
#2749=CARTESIAN_POINT('',(0.00548989794855663,0.00548989794855663,0.00451010205144336));
#2750=AXIS2_PLACEMENT_3D('',#3409,#3410,#3411);
#2751=AXIS2_PLACEMENT_3D('',#3412,#3413,#3414);
#2752=CARTESIAN_POINT('',(0.01,-0.01,0.00902020410288673));
#2753=AXIS2_PLACEMENT_3D('',#3415,#3416,#3417);
#2754=CARTESIAN_POINT('',(0.01,-0.01,0.0));
#2755=VECTOR('',#3418,1.0);
#2756=CARTESIAN_POINT('',(6.89363673245864E-20,-0.01,-0.000979795897113272));
#2757=AXIS2_PLACEMENT_3D('',#3419,#3420,#3421);
#2758=AXIS2_PLACEMENT_3D('',#3422,#3423,#3424);
#2759=AXIS2_PLACEMENT_3D('',#3425,#3426,#3427);
#2760=AXIS2_PLACEMENT_3D('',#3428,#3429,#3430);
#2761=AXIS2_PLACEMENT_3D('',#3431,#3432,#3433);
#2762=AXIS2_PLACEMENT_3D('',#3434,#3435,#3436);
#2763=AXIS2_PLACEMENT_3D('',#3437,#3438,#3439);
#2764=CARTESIAN_POINT('',(0.00451010205144337,-0.00548989794855664,-0.00548989794855664));
#2765=AXIS2_PLACEMENT_3D('',#3440,#3441,#3442);
#2766=AXIS2_PLACEMENT_3D('',#3443,#3444,#3445);
#2767=AXIS2_PLACEMENT_3D('',#3446,#3447,#3448);
#2768=CARTESIAN_POINT('',(0.00548989794855664,-0.00451010205144337,-0.00548989794855664));
#2769=AXIS2_PLACEMENT_3D('',#3449,#3450,#3451);
#2770=AXIS2_PLACEMENT_3D('',#3452,#3453,#3454);
#2771=CARTESIAN_POINT('',(0.01,-0.00902020410288673,-0.01));
#2772=AXIS2_PLACEMENT_3D('',#3455,#3456,#3457);
#2773=CARTESIAN_POINT('',(0.00902020410288673,-0.01,-0.01));
#2774=AXIS2_PLACEMENT_3D('',#3458,#3459,#3460);
#2775=AXIS2_PLACEMENT_3D('',#3461,#3462,#3463);
#2776=CARTESIAN_POINT('',(-0.01,0.01,0.00902020410288673));
#2777=AXIS2_PLACEMENT_3D('',#3464,#3465,#3466);
#2778=CARTESIAN_POINT('',(-0.01,0.01,0.0));
#2779=VECTOR('',#3467,1.0);
#2780=CARTESIAN_POINT('',(0.00902020410288673,0.01,-0.01));
#2781=CARTESIAN_POINT('',(0.01,0.01,-0.01));
#2782=CARTESIAN_POINT('',(0.0,0.01,-0.01));
#2783=VECTOR('',#3468,1.0);
#2784=AXIS2_PLACEMENT_3D('',#3469,#3470,#3471);
#2785=CARTESIAN_POINT('',(0.01,0.01,0.0));
#2786=VECTOR('',#3472,1.0);
#2787=AXIS2_PLACEMENT_3D('',#3473,#3474,#3475);
#2788=CARTESIAN_POINT('',(2.09772262617644E-18,0.01,-0.000979795897113272));
#2789=AXIS2_PLACEMENT_3D('',#3476,#3477,#3478);
#2790=AXIS2_PLACEMENT_3D('',#3479,#3480,#3481);
#2791=AXIS2_PLACEMENT_3D('',#3482,#3483,#3484);
#2792=CARTESIAN_POINT('',(-0.00451010205144337,-0.00548989794855664,-0.00548989794855664));
#2793=AXIS2_PLACEMENT_3D('',#3485,#3486,#3487);
#2794=CARTESIAN_POINT('',(-0.00548989794855664,-0.00451010205144337,-0.00548989794855664));
#2795=AXIS2_PLACEMENT_3D('',#3488,#3489,#3490);
#2796=AXIS2_PLACEMENT_3D('',#3491,#3492,#3493);
#2797=CARTESIAN_POINT('',(-0.000979795897113271,-1.69542064565023E-18,-0.01));
#2798=AXIS2_PLACEMENT_3D('',#3494,#3495,#3496);
#2799=CARTESIAN_POINT('',(0.0,-0.000979795897113271,-0.01));
#2800=AXIS2_PLACEMENT_3D('',#3497,#3498,#3499);
#2801=AXIS2_PLACEMENT_3D('',#3500,#3501,#3502);
#2802=AXIS2_PLACEMENT_3D('',#3503,#3504,#3505);
#2803=CARTESIAN_POINT('',(-0.01,7.53103354711397E-19,-0.000979795897113272));
#2804=AXIS2_PLACEMENT_3D('',#3506,#3507,#3508);
#2805=AXIS2_PLACEMENT_3D('',#3509,#3510,#3511);
#2806=CARTESIAN_POINT('',(2.09772262617644E-18,0.000979795897113272,-0.01));
#2807=AXIS2_PLACEMENT_3D('',#3512,#3513,#3514);
#2808=AXIS2_PLACEMENT_3D('',#3515,#3516,#3517);
#2809=CARTESIAN_POINT('',(-0.00548989794855664,0.00451010205144336,-0.00548989794855664));
#2810=AXIS2_PLACEMENT_3D('',#3518,#3519,#3520);
#2811=CARTESIAN_POINT('',(-0.00451010205144336,0.00548989794855664,-0.00548989794855664));
#2812=AXIS2_PLACEMENT_3D('',#3521,#3522,#3523);
#2813=AXIS2_PLACEMENT_3D('',#3524,#3525,#3526);
#2814=CARTESIAN_POINT('',(0.01,-7.86568019009524E-19,-0.00097979589711327));
#2815=AXIS2_PLACEMENT_3D('',#3527,#3528,#3529);
#2816=AXIS2_PLACEMENT_3D('',#3530,#3531,#3532);
#2817=CARTESIAN_POINT('',(0.00548989794855663,0.00451010205144336,-0.00548989794855663));
#2818=AXIS2_PLACEMENT_3D('',#3533,#3534,#3535);
#2819=AXIS2_PLACEMENT_3D('',#3536,#3537,#3538);
#2820=AXIS2_PLACEMENT_3D('',#3539,#3540,#3541);
#2821=CARTESIAN_POINT('',(-0.00451010205144336,-0.00451010205144336,0.00451010205144337));
#2822=AXIS2_PLACEMENT_3D('',#3542,#3543,#3544);
#2823=CARTESIAN_POINT('',(-0.00548989794855663,-0.00548989794855664,0.00451010205144336));
#2824=AXIS2_PLACEMENT_3D('',#3545,#3546,#3547);
#2825=AXIS2_PLACEMENT_3D('',#3548,#3549,#3550);
#2826=AXIS2_PLACEMENT_3D('',#3551,#3552,#3553);
#2827=AXIS2_PLACEMENT_3D('',#3554,#3555,#3556);
#2828=AXIS2_PLACEMENT_3D('',#3557,#3558,#3559);
#2829=AXIS2_PLACEMENT_3D('',#3560,#3561,#3562);
#2830=AXIS2_PLACEMENT_3D('',#3563,#3564,#3565);
#2831=CARTESIAN_POINT('',(-0.00451010205144336,0.00451010205144336,0.00451010205144336));
#2832=AXIS2_PLACEMENT_3D('',#3566,#3567,#3568);
#2833=CARTESIAN_POINT('',(-0.00548989794855664,0.00548989794855664,0.00451010205144336));
#2834=AXIS2_PLACEMENT_3D('',#3569,#3570,#3571);
#2835=AXIS2_PLACEMENT_3D('',#3572,#3573,#3574);
#2836=AXIS2_PLACEMENT_3D('',#3575,#3576,#3577);
#2837=AXIS2_PLACEMENT_3D('',#3578,#3579,#3580);
#2838=AXIS2_PLACEMENT_3D('',#3581,#3582,#3583);
#2839=AXIS2_PLACEMENT_3D('',#3584,#3585,#3586);
#2840=CARTESIAN_POINT('',(-1.35525271560688E-20,-4.99432390591634E-19,0.00902020410288673));
#2841=AXIS2_PLACEMENT_3D('',#3587,#3588,#3589);
#2842=AXIS2_PLACEMENT_3D('',#3590,#3591,#3592);
#2843=AXIS2_PLACEMENT_3D('',#3593,#3594,#3595);
#2844=AXIS2_PLACEMENT_3D('',#3596,#3597,#3598);
#2845=CARTESIAN_POINT('',(0.00451010205144336,0.00548989794855664,-0.00548989794855664));
#2846=AXIS2_PLACEMENT_3D('',#3599,#3600,#3601);
#2847=AXIS2_PLACEMENT_3D('',#3602,#3603,#3604);
#2848=AXIS2_PLACEMENT_3D('',#3605,#3606,#3607);
#2849=CARTESIAN_POINT('',(0.01,0.01,0.00902020410288673));
#2850=AXIS2_PLACEMENT_3D('',#3608,#3609,#3610);
#2851=AXIS2_PLACEMENT_3D('',#3611,#3612,#3613);
#2852=CARTESIAN_POINT('',(0.01,0.01,0.0));
#2853=VECTOR('',#3614,1.0);
#2854=AXIS2_PLACEMENT_3D('',#3615,#3616,#3617);
#2855=AXIS2_PLACEMENT_3D('',#3618,#3619,#3620);
#2856=AXIS2_PLACEMENT_3D('',#3621,#3622,#3623);
#2857=AXIS2_PLACEMENT_3D('',#3624,#3625,#3626);
#2858=AXIS2_PLACEMENT_3D('',#3627,#3628,#3629);
#2859=AXIS2_PLACEMENT_3D('',#3630,#3631,#3632);
#2860=CARTESIAN_POINT('',(-0.00902020410288673,-0.01,-0.01));
#2861=CARTESIAN_POINT('',(-0.01,-0.01,-0.01));
#2862=CARTESIAN_POINT('',(0.0,-0.01,-0.01));
#2863=VECTOR('',#3633,1.0);
#2864=AXIS2_PLACEMENT_3D('',#3634,#3635,#3636);
#2865=CARTESIAN_POINT('',(-0.01,-0.01,0.0));
#2866=VECTOR('',#3637,1.0);
#2867=CARTESIAN_POINT('',(-0.01,-0.01,0.00902020410288673));
#2868=AXIS2_PLACEMENT_3D('',#3638,#3639,#3640);
#2869=AXIS2_PLACEMENT_3D('',#3641,#3642,#3643);
#2870=CARTESIAN_POINT('',(-0.01,0.00902020410288673,-0.01));
#2871=AXIS2_PLACEMENT_3D('',#3644,#3645,#3646);
#2872=CARTESIAN_POINT('',(-0.00902020410288673,0.01,-0.01));
#2873=AXIS2_PLACEMENT_3D('',#3647,#3648,#3649);
#2874=AXIS2_PLACEMENT_3D('',#3650,#3651,#3652);
#2875=AXIS2_PLACEMENT_3D('',#3653,#3654,#3655);
#2876=CARTESIAN_POINT('',(-0.01,-0.01,0.0));
#2877=VECTOR('',#3656,1.0);
#2878=CARTESIAN_POINT('',(0.000979795897113271,-1.69542064565023E-18,-0.01));
#2879=AXIS2_PLACEMENT_3D('',#3657,#3658,#3659);
#2880=AXIS2_PLACEMENT_3D('',#3660,#3661,#3662);
#2881=AXIS2_PLACEMENT_3D('',#3663,#3664,#3665);
#2882=AXIS2_PLACEMENT_3D('',#3666,#3667,#3668);
#2883=CARTESIAN_POINT('',(0.01,0.00902020410288673,-0.01));
#2884=CARTESIAN_POINT('',(0.01,0.0,-0.01));
#2885=VECTOR('',#3669,1.0);
#2886=AXIS2_PLACEMENT_3D('',#3670,#3671,#3672);
#2887=AXIS2_PLACEMENT_3D('',#3673,#3674,#3675);
#2888=CARTESIAN_POINT('',(0.01,-0.01,-0.01));
#2889=CARTESIAN_POINT('',(0.01,0.0,-0.01));
#2890=VECTOR('',#3676,1.0);
#2891=CARTESIAN_POINT('',(0.01,-0.01,0.0));
#2892=VECTOR('',#3677,1.0);
#2893=CARTESIAN_POINT('',(0.0,-0.01,-0.01));
#2894=VECTOR('',#3678,1.0);
#2895=CARTESIAN_POINT('',(-0.01,0.01,-0.01));
#2896=CARTESIAN_POINT('',(-0.01,0.0,-0.01));
#2897=VECTOR('',#3679,1.0);
#2898=CARTESIAN_POINT('',(-0.01,0.01,0.0));
#2899=VECTOR('',#3680,1.0);
#2900=CARTESIAN_POINT('',(0.0,0.01,-0.01));
#2901=VECTOR('',#3681,1.0);
#2902=CARTESIAN_POINT('',(-0.01,-0.00902020410288673,-0.01));
#2903=CARTESIAN_POINT('',(-0.01,0.0,-0.01));
#2904=VECTOR('',#3682,1.0);
#2905=AXIS2_PLACEMENT_3D('',#3683,#3684,#3685);
#2906=AXIS2_PLACEMENT_3D('',#3686,#3687,#3688);
#2907=AXIS2_PLACEMENT_3D('',#3689,#3690,#3691);
#2908=DIRECTION('',(-0.577350269189626,0.577350269189626,0.577350269189626));
#2909=CARTESIAN_POINT('',(-0.005,0.005,0.005));
#2910=DIRECTION('',(0.0,-0.707106781186548,-0.707106781186548));
#2911=DIRECTION('',(-1.0,-2.21311841717207E-16,2.21311841717207E-16));
#2912=CARTESIAN_POINT('',(-0.005,0.005,0.005));
#2913=DIRECTION('',(0.707106781186547,-0.707106781186547,1.73740026848802E-32));
#2914=DIRECTION('',(-1.22852751148321E-32,1.22852751148321E-32,1.0));
#2915=CARTESIAN_POINT('',(-0.005,0.005,0.005));
#2916=DIRECTION('',(0.707106781186548,0.0,-0.707106781186548));
#2917=DIRECTION('',(-2.21311841717207E-16,-1.0,-2.21311841717207E-16));
#2918=DIRECTION('',(0.577350269189626,-0.577350269189626,-0.577350269189626));
#2919=CARTESIAN_POINT('',(-0.01,0.01,0.01));
#2920=DIRECTION('',(-0.0,-1.0,0.0));
#2921=DIRECTION('',(-0.707106781186548,0.0,0.707106781186548));
#2922=CARTESIAN_POINT('',(-0.01,0.01,0.01));
#2923=DIRECTION('',(0.0,-0.0,-1.0));
#2924=DIRECTION('',(0.707106781186548,-0.707106781186548,0.0));
#2925=CARTESIAN_POINT('',(-0.01,0.01,0.01));
#2926=DIRECTION('',(-1.0,-0.0,0.0));
#2927=DIRECTION('',(0.0,-0.707106781186548,-0.707106781186548));
#2928=DIRECTION('',(-0.577350269189626,0.577350269189626,-0.577350269189626));
#2929=CARTESIAN_POINT('',(0.01,-0.01,0.01));
#2930=DIRECTION('',(-0.0,-1.0,0.0));
#2931=DIRECTION('',(-0.707106781186547,0.0,-0.707106781186548));
#2932=CARTESIAN_POINT('',(0.01,-0.01,0.01));
#2933=DIRECTION('',(-0.0,0.0,-1.0));
#2934=DIRECTION('',(-0.707106781186547,0.707106781186547,0.0));
#2935=CARTESIAN_POINT('',(0.01,-0.01,0.01));
#2936=DIRECTION('',(-1.0,-0.0,0.0));
#2937=DIRECTION('',(0.0,-0.707106781186547,0.707106781186548));
#2938=DIRECTION('',(0.577350269189626,-0.577350269189626,0.577350269189626));
#2939=CARTESIAN_POINT('',(0.005,-0.005,0.005));
#2940=DIRECTION('',(-2.50385766456194E-15,0.707106781186547,-0.707106781186547));
#2941=DIRECTION('',(-1.0,-1.43852697116185E-15,2.10246249631347E-15));
#2942=CARTESIAN_POINT('',(0.005,-0.005,0.005));
#2943=DIRECTION('',(0.707106781186547,-0.707106781186547,2.50385766456193E-15));
#2944=DIRECTION('',(-1.77049473373765E-15,1.77049473373765E-15,1.0));
#2945=CARTESIAN_POINT('',(0.005,-0.005,0.005));
#2946=DIRECTION('',(-0.707106781186547,2.50385766456194E-15,-0.707106781186547));
#2947=DIRECTION('',(-1.43852697116185E-15,-1.0,-2.10246249631347E-15));
#2948=DIRECTION('',(-0.577350269189626,-0.577350269189626,-0.577350269189626));
#2949=CARTESIAN_POINT('',(0.0,0.0,0.01));
#2950=DIRECTION('',(-1.0,5.53279604293017E-17,5.53279604293017E-17));
#2951=DIRECTION('',(7.82455520175604E-17,0.707106781186548,0.707106781186547));
#2952=CARTESIAN_POINT('',(0.0,0.0,0.01));
#2953=DIRECTION('',(-0.0,0.0,-1.0));
#2954=DIRECTION('',(-0.707106781186548,-0.707106781186548,0.0));
#2955=CARTESIAN_POINT('',(0.0,0.0,0.01));
#2956=DIRECTION('',(1.70324966680555E-15,-1.0,-5.96690458219515E-16));
#2957=DIRECTION('',(0.707106781186547,7.82455520175602E-16,0.707106781186548));
#2958=DIRECTION('',(0.577350269189626,0.577350269189626,0.577350269189626));
#2959=CARTESIAN_POINT('',(-0.005,-0.005,0.005));
#2960=DIRECTION('',(-0.707106781186548,-1.25192883228097E-15,-0.707106781186547));
#2961=DIRECTION('',(1.90881463481091E-15,-1.0,-1.38319901073255E-16));
#2962=CARTESIAN_POINT('',(-0.005,-0.005,0.005));
#2963=DIRECTION('',(-0.707106781186547,-0.707106781186547,2.50385766456193E-15));
#2964=DIRECTION('',(1.77049473373765E-15,1.77049473373765E-15,1.0));
#2965=CARTESIAN_POINT('',(-0.005,-0.005,0.005));
#2966=DIRECTION('',(-1.25192883228097E-15,-0.707106781186548,-0.707106781186547));
#2967=DIRECTION('',(1.0,-1.77049473373766E-15,0.0));
#2968=DIRECTION('',(0.577350269189626,-0.577350269189626,0.577350269189626));
#2969=CARTESIAN_POINT('',(-0.005,0.005,0.005));
#2970=DIRECTION('',(0.0,0.707106781186548,-0.707106781186548));
#2971=DIRECTION('',(1.0,2.21311841717207E-16,2.21311841717207E-16));
#2972=CARTESIAN_POINT('',(-0.005,0.005,0.005));
#2973=DIRECTION('',(-0.707106781186548,0.0,-0.707106781186548));
#2974=DIRECTION('',(2.21311841717207E-16,1.0,-2.21311841717207E-16));
#2975=DIRECTION('',(-0.577350269189626,0.577350269189626,-0.577350269189626));
#2976=CARTESIAN_POINT('',(0.0,0.0,0.01));
#2977=DIRECTION('',(-0.0,0.0,-1.0));
#2978=DIRECTION('',(-0.707106781186548,0.707106781186548,0.0));
#2979=CARTESIAN_POINT('',(1.73472347597681E-18,1.73472347597681E-18,0.01));
#2980=DIRECTION('',(-1.0,4.42623683434413E-16,-4.42623683434414E-16));
#2981=DIRECTION('',(-6.25964416140483E-16,-0.707106781186548,0.707106781186547));
#2982=DIRECTION('',(0.577350269189626,0.577350269189626,0.577350269189626));
#2983=CARTESIAN_POINT('',(-0.01,-0.01,-0.01));
#2984=DIRECTION('',(-1.0,0.0,0.0));
#2985=DIRECTION('',(0.0,0.707106781186547,0.707106781186548));
#2986=CARTESIAN_POINT('',(-0.01,-0.01,-0.01));
#2987=DIRECTION('',(-0.0,-1.0,0.0));
#2988=DIRECTION('',(-0.707106781186547,0.0,-0.707106781186548));
#2989=DIRECTION('',(-0.577350269189626,-0.577350269189626,-0.577350269189626));
#2990=CARTESIAN_POINT('',(-0.005,-0.005,-0.005));
#2991=DIRECTION('',(-0.707106781186547,-1.25192883228097E-15,-0.707106781186547));
#2992=DIRECTION('',(5.53279604293017E-16,-1.0,1.21721512944464E-15));
#2993=CARTESIAN_POINT('',(-0.005,-0.005,-0.005));
#2994=DIRECTION('',(-0.707106781186547,-1.25192883228097E-15,-0.707106781186547));
#2995=DIRECTION('',(5.53279604293017E-16,-1.0,1.21721512944464E-15));
#2996=CARTESIAN_POINT('',(-0.005,-0.005,-0.005));
#2997=DIRECTION('',(-1.25192883228097E-15,-0.707106781186547,-0.707106781186547));
#2998=DIRECTION('',(1.0,-5.53279604293017E-16,-1.21721512944464E-15));
#2999=CARTESIAN_POINT('',(-0.005,-0.005,-0.005));
#3000=DIRECTION('',(-1.25192883228097E-15,-0.707106781186547,-0.707106781186547));
#3001=DIRECTION('',(1.0,-5.53279604293017E-16,-1.21721512944464E-15));
#3002=DIRECTION('',(0.577350269189626,0.577350269189626,-0.577350269189626));
#3003=CARTESIAN_POINT('',(0.005,0.005,-0.005));
#3004=DIRECTION('',(0.707106781186548,0.0,-0.707106781186548));
#3005=DIRECTION('',(-2.21311841717207E-16,-1.0,-2.21311841717207E-16));
#3006=CARTESIAN_POINT('',(0.005,0.005,-0.005));
#3007=DIRECTION('',(0.707106781186548,0.0,-0.707106781186548));
#3008=DIRECTION('',(-2.21311841717207E-16,-1.0,-2.21311841717207E-16));
#3009=CARTESIAN_POINT('',(0.005,0.005,-0.005));
#3010=DIRECTION('',(0.0,0.707106781186548,-0.707106781186548));
#3011=DIRECTION('',(1.0,2.21311841717207E-16,2.21311841717207E-16));
#3012=CARTESIAN_POINT('',(0.005,0.005,-0.005));
#3013=DIRECTION('',(0.0,0.707106781186548,-0.707106781186548));
#3014=DIRECTION('',(1.0,2.21311841717207E-16,2.21311841717207E-16));
#3015=DIRECTION('',(-0.577350269189626,-0.577350269189626,0.577350269189626));
#3016=CARTESIAN_POINT('',(0.01,0.01,-0.01));
#3017=DIRECTION('',(-1.0,0.0,-0.0));
#3018=DIRECTION('',(0.0,0.707106781186548,-0.707106781186548));
#3019=CARTESIAN_POINT('',(0.01,0.01,-0.01));
#3020=DIRECTION('',(-0.0,-1.0,0.0));
#3021=DIRECTION('',(-0.707106781186548,0.0,0.707106781186548));
#3022=DIRECTION('',(0.577350269189626,-0.577350269189626,0.577350269189626));
#3023=CARTESIAN_POINT('',(0.0,0.0,-0.01));
#3024=DIRECTION('',(-1.70324966680555E-15,-1.0,5.96690458219515E-16));
#3025=DIRECTION('',(0.707106781186547,-7.82455520175602E-16,0.707106781186548));
#3026=CARTESIAN_POINT('',(0.0,0.0,-0.01));
#3027=DIRECTION('',(-1.0,0.0,-0.0));
#3028=DIRECTION('',(0.0,0.707106781186548,-0.707106781186547));
#3029=DIRECTION('',(-0.577350269189626,0.577350269189626,-0.577350269189626));
#3030=CARTESIAN_POINT('',(0.005,-0.005,-0.005));
#3031=DIRECTION('',(1.25192883228097E-15,0.707106781186548,-0.707106781186548));
#3032=DIRECTION('',(-1.0,1.24487910965929E-15,-5.25615624078368E-16));
#3033=CARTESIAN_POINT('',(0.005,-0.005,-0.005));
#3034=DIRECTION('',(1.25192883228097E-15,0.707106781186548,-0.707106781186548));
#3035=DIRECTION('',(-1.0,1.24487910965929E-15,-5.25615624078368E-16));
#3036=CARTESIAN_POINT('',(0.005,-0.005,-0.005));
#3037=DIRECTION('',(-0.707106781186548,-1.25192883228097E-15,-0.707106781186548));
#3038=DIRECTION('',(1.24487910965929E-15,-1.0,5.25615624078368E-16));
#3039=CARTESIAN_POINT('',(0.005,-0.005,-0.005));
#3040=DIRECTION('',(-0.707106781186548,-1.25192883228097E-15,-0.707106781186548));
#3041=DIRECTION('',(1.24487910965929E-15,-1.0,5.25615624078368E-16));
#3042=DIRECTION('',(-0.577350269189626,-0.577350269189626,-0.577350269189626));
#3043=CARTESIAN_POINT('',(0.005,0.005,-0.005));
#3044=DIRECTION('',(-0.707106781186548,0.0,-0.707106781186548));
#3045=DIRECTION('',(2.21311841717207E-16,1.0,-2.21311841717207E-16));
#3046=CARTESIAN_POINT('',(0.005,0.005,-0.005));
#3047=DIRECTION('',(-0.707106781186548,0.0,-0.707106781186548));
#3048=DIRECTION('',(2.21311841717207E-16,1.0,-2.21311841717207E-16));
#3049=CARTESIAN_POINT('',(0.005,0.005,-0.005));
#3050=DIRECTION('',(0.0,-0.707106781186548,-0.707106781186548));
#3051=DIRECTION('',(-1.0,-2.21311841717207E-16,2.21311841717207E-16));
#3052=CARTESIAN_POINT('',(0.005,0.005,-0.005));
#3053=DIRECTION('',(0.0,-0.707106781186548,-0.707106781186548));
#3054=DIRECTION('',(-1.0,-2.21311841717207E-16,2.21311841717207E-16));
#3055=DIRECTION('',(0.577350269189626,0.577350269189626,0.577350269189626));
#3056=CARTESIAN_POINT('',(1.73472347597681E-18,1.73472347597681E-18,-0.01));
#3057=DIRECTION('',(-1.0,4.42623683434413E-16,4.42623683434414E-16));
#3058=DIRECTION('',(-6.25964416140483E-16,-0.707106781186548,-0.707106781186547));
#3059=DIRECTION('',(-0.577350269189626,0.577350269189626,-0.577350269189626));
#3060=CARTESIAN_POINT('',(-0.005,0.005,-0.005));
#3061=DIRECTION('',(0.0,0.707106781186548,-0.707106781186548));
#3062=DIRECTION('',(1.0,-2.21311841717207E-16,-2.21311841717207E-16));
#3063=CARTESIAN_POINT('',(-0.005,0.005,-0.005));
#3064=DIRECTION('',(0.0,0.707106781186548,-0.707106781186548));
#3065=DIRECTION('',(1.0,-2.21311841717207E-16,-2.21311841717207E-16));
#3066=CARTESIAN_POINT('',(-0.005,0.005,-0.005));
#3067=DIRECTION('',(-0.707106781186548,0.0,-0.707106781186548));
#3068=DIRECTION('',(-2.21311841717207E-16,1.0,2.21311841717207E-16));
#3069=CARTESIAN_POINT('',(-0.005,0.005,-0.005));
#3070=DIRECTION('',(-0.707106781186548,0.0,-0.707106781186548));
#3071=DIRECTION('',(-2.21311841717207E-16,1.0,2.21311841717207E-16));
#3072=DIRECTION('',(0.577350269189626,-0.577350269189626,0.577350269189626));
#3073=CARTESIAN_POINT('',(-0.01,0.01,-0.01));
#3074=DIRECTION('',(-0.0,-1.0,0.0));
#3075=DIRECTION('',(-0.707106781186548,0.0,-0.707106781186548));
#3076=CARTESIAN_POINT('',(-0.01,0.01,-0.01));
#3077=DIRECTION('',(-1.0,-0.0,0.0));
#3078=DIRECTION('',(0.0,-0.707106781186548,0.707106781186548));
#3079=DIRECTION('',(0.577350269189626,0.577350269189626,-0.577350269189626));
#3080=CARTESIAN_POINT('',(-0.01,-0.01,0.01));
#3081=DIRECTION('',(-1.0,0.0,-0.0));
#3082=DIRECTION('',(0.0,0.707106781186547,-0.707106781186548));
#3083=CARTESIAN_POINT('',(-0.01,-0.01,0.01));
#3084=DIRECTION('',(0.0,0.0,-1.0));
#3085=DIRECTION('',(0.707106781186547,0.707106781186547,0.0));
#3086=CARTESIAN_POINT('',(-0.01,-0.01,0.01));
#3087=DIRECTION('',(-0.0,-1.0,0.0));
#3088=DIRECTION('',(-0.707106781186547,0.0,0.707106781186548));
#3089=DIRECTION('',(-0.577350269189626,-0.577350269189626,0.577350269189626));
#3090=CARTESIAN_POINT('',(-0.005,-0.005,0.005));
#3091=DIRECTION('',(0.707106781186547,2.50385766456194E-15,-0.707106781186547));
#3092=DIRECTION('',(-1.43852697116185E-15,1.0,2.10246249631347E-15));
#3093=CARTESIAN_POINT('',(-0.005,-0.005,0.005));
#3094=DIRECTION('',(2.50385766456194E-15,0.707106781186547,-0.707106781186547));
#3095=DIRECTION('',(-1.0,1.43852697116185E-15,-2.10246249631347E-15));
#3096=DIRECTION('',(-0.577350269189626,-0.577350269189626,0.577350269189626));
#3097=CARTESIAN_POINT('',(-0.005,0.005,-0.005));
#3098=DIRECTION('',(0.707106781186548,0.0,-0.707106781186548));
#3099=DIRECTION('',(2.21311841717207E-16,-1.0,2.21311841717207E-16));
#3100=CARTESIAN_POINT('',(-0.005,0.005,-0.005));
#3101=DIRECTION('',(-0.707106781186547,-0.707106781186547,1.73740026848802E-32));
#3102=DIRECTION('',(1.22852751148321E-32,1.22852751148321E-32,1.0));
#3103=DIRECTION('',(0.577350269189626,0.577350269189626,-0.577350269189626));
#3104=CARTESIAN_POINT('',(-0.01,0.0,0.0));
#3105=DIRECTION('',(-1.0,-0.0,0.0));
#3106=DIRECTION('',(0.0,-0.707106781186548,0.707106781186548));
#3107=CARTESIAN_POINT('',(-0.01,0.0,0.0));
#3108=DIRECTION('',(0.0,-0.0,-1.0));
#3109=DIRECTION('',(-0.707106781186548,-0.707106781186548,0.0));
#3110=CARTESIAN_POINT('',(-0.01,0.0,0.0));
#3111=DIRECTION('',(8.29919406439524E-16,-1.0,-8.29919406439524E-16));
#3112=DIRECTION('',(0.707106781186547,1.1736832802634E-15,-0.707106781186548));
#3113=DIRECTION('',(-0.577350269189626,-0.577350269189626,-0.577350269189626));
#3114=CARTESIAN_POINT('',(-0.005,0.005,0.005));
#3115=DIRECTION('',(-0.707106781186548,0.0,-0.707106781186548));
#3116=DIRECTION('',(2.21311841717207E-16,1.0,-2.21311841717207E-16));
#3117=CARTESIAN_POINT('',(-0.005,0.005,0.005));
#3118=DIRECTION('',(0.0,-0.707106781186548,-0.707106781186548));
#3119=DIRECTION('',(-1.0,-2.21311841717207E-16,2.21311841717207E-16));
#3120=DIRECTION('',(0.577350269189626,0.577350269189626,0.577350269189626));
#3121=CARTESIAN_POINT('',(-0.01,0.0,0.0));
#3122=DIRECTION('',(-1.0,-0.0,0.0));
#3123=DIRECTION('',(0.0,-0.707106781186548,-0.707106781186548));
#3124=CARTESIAN_POINT('',(-0.01,0.0,0.0));
#3125=DIRECTION('',(8.29919406439524E-16,-1.0,8.29919406439524E-16));
#3126=DIRECTION('',(0.707106781186547,1.1736832802634E-15,0.707106781186548));
#3127=DIRECTION('',(0.577350269189626,0.577350269189626,0.577350269189626));
#3128=CARTESIAN_POINT('',(0.005,0.005,0.005));
#3129=DIRECTION('',(-0.707106781186548,0.0,-0.707106781186548));
#3130=DIRECTION('',(-2.21311841717207E-16,1.0,2.21311841717207E-16));
#3131=CARTESIAN_POINT('',(0.005,0.005,0.005));
#3132=DIRECTION('',(-0.707106781186547,-0.707106781186547,1.73740026848802E-32));
#3133=DIRECTION('',(1.22852751148321E-32,1.22852751148321E-32,1.0));
#3134=CARTESIAN_POINT('',(0.005,0.005,0.005));
#3135=DIRECTION('',(0.0,-0.707106781186548,-0.707106781186548));
#3136=DIRECTION('',(-1.0,2.21311841717207E-16,-2.21311841717207E-16));
#3137=DIRECTION('',(-0.577350269189626,-0.577350269189626,-0.577350269189626));
#3138=CARTESIAN_POINT('',(0.01,0.01,0.01));
#3139=DIRECTION('',(-1.0,0.0,0.0));
#3140=DIRECTION('',(0.0,0.707106781186548,0.707106781186548));
#3141=CARTESIAN_POINT('',(0.01,0.01,0.01));
#3142=DIRECTION('',(-0.0,0.0,-1.0));
#3143=DIRECTION('',(-0.707106781186548,-0.707106781186548,0.0));
#3144=CARTESIAN_POINT('',(0.01,0.01,0.01));
#3145=DIRECTION('',(-0.0,-1.0,0.0));
#3146=DIRECTION('',(-0.707106781186548,0.0,-0.707106781186548));
#3147=DIRECTION('',(0.577350269189626,0.577350269189626,0.577350269189626));
#3148=CARTESIAN_POINT('',(-0.005,0.005,-0.005));
#3149=DIRECTION('',(0.0,-0.707106781186548,-0.707106781186548));
#3150=DIRECTION('',(-1.0,2.21311841717207E-16,-2.21311841717207E-16));
#3151=DIRECTION('',(-0.577350269189626,-0.577350269189626,-0.577350269189626));
#3152=CARTESIAN_POINT('',(1.73472347597681E-18,0.01,-1.73472347597681E-18));
#3153=DIRECTION('',(-1.0,-4.42623683434414E-16,-4.42623683434413E-16));
#3154=DIRECTION('',(6.25964416140483E-16,-0.707106781186548,-0.707106781186547));
#3155=CARTESIAN_POINT('',(0.0,0.01,0.0));
#3156=DIRECTION('',(0.0,0.0,-1.0));
#3157=DIRECTION('',(0.707106781186548,0.707106781186548,0.0));
#3158=CARTESIAN_POINT('',(0.0,0.01,0.0));
#3159=DIRECTION('',(-0.0,-1.0,0.0));
#3160=DIRECTION('',(-0.707106781186548,0.0,-0.707106781186548));
#3161=DIRECTION('',(-0.577350269189626,0.577350269189626,0.577350269189626));
#3162=CARTESIAN_POINT('',(0.005,0.005,-0.005));
#3163=DIRECTION('',(0.707106781186547,-0.707106781186547,1.73740026848802E-32));
#3164=DIRECTION('',(-1.22852751148321E-32,1.22852751148321E-32,1.0));
#3165=DIRECTION('',(0.577350269189626,-0.577350269189626,-0.577350269189626));
#3166=CARTESIAN_POINT('',(0.0,0.01,0.0));
#3167=DIRECTION('',(-0.0,-1.0,0.0));
#3168=DIRECTION('',(-0.707106781186548,0.0,0.707106781186548));
#3169=CARTESIAN_POINT('',(0.0,0.01,0.0));
#3170=DIRECTION('',(0.0,0.0,-1.0));
#3171=DIRECTION('',(-0.707106781186548,0.707106781186548,0.0));
#3172=DIRECTION('',(-0.577350269189626,-0.577350269189626,0.577350269189626));
#3173=CARTESIAN_POINT('',(0.005,0.005,0.005));
#3174=DIRECTION('',(0.707106781186548,0.0,-0.707106781186548));
#3175=DIRECTION('',(2.21311841717207E-16,-1.0,2.21311841717207E-16));
#3176=CARTESIAN_POINT('',(0.005,0.005,0.005));
#3177=DIRECTION('',(0.0,0.707106781186548,-0.707106781186548));
#3178=DIRECTION('',(1.0,-2.21311841717207E-16,-2.21311841717207E-16));
#3179=DIRECTION('',(0.577350269189626,0.577350269189626,-0.577350269189626));
#3180=CARTESIAN_POINT('',(0.0,0.0,0.01));
#3181=DIRECTION('',(0.0,0.0,-1.0));
#3182=DIRECTION('',(0.707106781186548,0.707106781186548,0.0));
#3183=CARTESIAN_POINT('',(0.0,0.0,0.01));
#3184=DIRECTION('',(-1.70324966680555E-15,-1.0,-5.96690458219515E-16));
#3185=DIRECTION('',(0.707106781186547,-7.82455520175602E-16,-0.707106781186548));
#3186=DIRECTION('',(0.577350269189626,-0.577350269189626,-0.577350269189626));
#3187=CARTESIAN_POINT('',(0.0,0.0,0.01));
#3188=DIRECTION('',(0.0,-0.0,-1.0));
#3189=DIRECTION('',(0.707106781186548,-0.707106781186548,0.0));
#3190=DIRECTION('',(-0.577350269189626,0.577350269189626,0.577350269189626));
#3191=CARTESIAN_POINT('',(0.005,-0.005,0.005));
#3192=DIRECTION('',(1.25192883228097E-15,-0.707106781186548,-0.707106781186547));
#3193=DIRECTION('',(1.0,1.90881463481091E-15,-1.38319901073255E-16));
#3194=CARTESIAN_POINT('',(0.005,-0.005,0.005));
#3195=DIRECTION('',(0.707106781186548,-1.25192883228097E-15,-0.707106781186547));
#3196=DIRECTION('',(1.77049473373766E-15,1.0,0.0));
#3197=DIRECTION('',(-0.577350269189626,0.577350269189626,0.577350269189626));
#3198=CARTESIAN_POINT('',(1.77356584573137E-19,-0.01,-1.77356584573137E-19));
#3199=DIRECTION('',(-0.0,-1.0,0.0));
#3200=DIRECTION('',(-0.707106781186547,0.0,0.707106781186547));
#3201=CARTESIAN_POINT('',(6.89363673245864E-20,-0.01,6.89363673245864E-20));
#3202=DIRECTION('',(-1.0,2.01490177904875E-17,2.01490177904875E-17));
#3203=DIRECTION('',(2.84950142278042E-17,0.707106781186547,0.707106781186548));
#3204=DIRECTION('',(0.577350269189626,-0.577350269189626,-0.577350269189626));
#3205=CARTESIAN_POINT('',(-0.005,-0.005,0.005));
#3206=DIRECTION('',(-1.25192883228097E-15,-0.707106781186548,-0.707106781186547));
#3207=DIRECTION('',(1.0,-1.77049473373766E-15,0.0));
#3208=CARTESIAN_POINT('',(-0.005,-0.005,0.005));
#3209=DIRECTION('',(0.707106781186547,2.50385766456194E-15,-0.707106781186547));
#3210=DIRECTION('',(-1.43852697116185E-15,1.0,2.10246249631347E-15));
#3211=DIRECTION('',(-0.577350269189626,0.577350269189626,-0.577350269189626));
#3212=CARTESIAN_POINT('',(0.005,0.005,0.005));
#3213=DIRECTION('',(0.0,0.707106781186548,-0.707106781186548));
#3214=DIRECTION('',(1.0,-2.21311841717207E-16,-2.21311841717207E-16));
#3215=CARTESIAN_POINT('',(0.005,0.005,0.005));
#3216=DIRECTION('',(-0.707106781186548,0.0,-0.707106781186548));
#3217=DIRECTION('',(-2.21311841717207E-16,1.0,2.21311841717207E-16));
#3218=DIRECTION('',(0.577350269189626,-0.577350269189626,0.577350269189626));
#3219=CARTESIAN_POINT('',(0.0,0.01,0.0));
#3220=DIRECTION('',(-0.0,-1.0,0.0));
#3221=DIRECTION('',(-0.707106781186548,0.0,-0.707106781186548));
#3222=CARTESIAN_POINT('',(1.73472347597681E-18,0.01,1.73472347597681E-18));
#3223=DIRECTION('',(-1.0,-4.42623683434414E-16,4.42623683434413E-16));
#3224=DIRECTION('',(6.25964416140483E-16,-0.707106781186548,0.707106781186547));
#3225=DIRECTION('',(0.577350269189626,0.577350269189626,-0.577350269189626));
#3226=CARTESIAN_POINT('',(-0.005,0.005,0.005));
#3227=DIRECTION('',(0.707106781186548,0.0,-0.707106781186548));
#3228=DIRECTION('',(-2.21311841717207E-16,-1.0,-2.21311841717207E-16));
#3229=CARTESIAN_POINT('',(-0.005,0.005,0.005));
#3230=DIRECTION('',(0.0,0.707106781186548,-0.707106781186548));
#3231=DIRECTION('',(1.0,2.21311841717207E-16,2.21311841717207E-16));
#3232=DIRECTION('',(-0.577350269189626,-0.577350269189626,0.577350269189626));
#3233=CARTESIAN_POINT('',(0.0,0.01,0.0));
#3234=DIRECTION('',(-0.0,-1.0,0.0));
#3235=DIRECTION('',(-0.707106781186548,0.0,0.707106781186548));
#3236=DIRECTION('',(-0.577350269189626,-0.577350269189626,-0.577350269189626));
#3237=CARTESIAN_POINT('',(0.01,1.77356584573137E-19,1.77356584573137E-19));
#3238=DIRECTION('',(-1.0,-0.0,0.0));
#3239=DIRECTION('',(0.0,-0.707106781186547,-0.707106781186547));
#3240=CARTESIAN_POINT('',(0.01,0.0,0.0));
#3241=DIRECTION('',(-5.53279604293017E-17,-5.53279604293017E-17,-1.0));
#3242=DIRECTION('',(0.707106781186547,0.707106781186548,-7.82455520175603E-17));
#3243=CARTESIAN_POINT('',(0.01,-1.73472347597681E-18,1.73472347597681E-18));
#3244=DIRECTION('',(-8.85247366868825E-16,-1.0,-8.85247366868825E-16));
#3245=DIRECTION('',(0.707106781186547,-1.25192883228096E-15,0.707106781186547));
#3246=DIRECTION('',(0.577350269189626,0.577350269189626,0.577350269189626));
#3247=CARTESIAN_POINT('',(0.005,-0.005,-0.005));
#3248=DIRECTION('',(-0.707106781186547,-0.707106781186547,0.0));
#3249=DIRECTION('',(3.04303782361159E-16,-3.04303782361159E-16,1.0));
#3250=CARTESIAN_POINT('',(0.005,-0.005,-0.005));
#3251=DIRECTION('',(1.25192883228097E-15,-0.707106781186547,-0.707106781186547));
#3252=DIRECTION('',(1.0,5.53279604293017E-16,1.21721512944464E-15));
#3253=DIRECTION('',(0.577350269189626,-0.577350269189626,0.577350269189626));
#3254=CARTESIAN_POINT('',(-0.01,-1.77356584573137E-19,1.77356584573137E-19));
#3255=DIRECTION('',(-1.0,0.0,-0.0));
#3256=DIRECTION('',(0.0,0.707106781186547,-0.707106781186547));
#3257=DIRECTION('',(-0.577350269189626,0.577350269189626,-0.577350269189626));
#3258=CARTESIAN_POINT('',(-0.005,-0.005,0.005));
#3259=DIRECTION('',(2.50385766456194E-15,0.707106781186547,-0.707106781186547));
#3260=DIRECTION('',(-1.0,1.43852697116185E-15,-2.10246249631347E-15));
#3261=CARTESIAN_POINT('',(-0.005,-0.005,0.005));
#3262=DIRECTION('',(-0.707106781186548,-1.25192883228097E-15,-0.707106781186547));
#3263=DIRECTION('',(1.90881463481091E-15,-1.0,-1.38319901073255E-16));
#3264=DIRECTION('',(-0.577350269189626,0.577350269189626,-0.577350269189626));
#3265=CARTESIAN_POINT('',(1.77356584573137E-19,-0.01,1.77356584573137E-19));
#3266=DIRECTION('',(-0.0,-1.0,0.0));
#3267=DIRECTION('',(-0.707106781186547,0.0,-0.707106781186547));
#3268=CARTESIAN_POINT('',(0.0,-0.01,0.0));
#3269=DIRECTION('',(-5.53279604293017E-17,5.53279604293017E-17,-1.0));
#3270=DIRECTION('',(0.707106781186548,-0.707106781186547,-7.82455520175603E-17));
#3271=CARTESIAN_POINT('',(6.89363673245864E-20,-0.01,-6.89363673245864E-20));
#3272=DIRECTION('',(-1.0,2.01490177904875E-17,-2.01490177904875E-17));
#3273=DIRECTION('',(2.84950142278042E-17,0.707106781186547,-0.707106781186548));
#3274=DIRECTION('',(0.577350269189626,-0.577350269189626,0.577350269189626));
#3275=CARTESIAN_POINT('',(-0.005,-0.005,-0.005));
#3276=DIRECTION('',(-1.25192883228097E-15,0.707106781186548,-0.707106781186548));
#3277=DIRECTION('',(-1.0,-1.24487910965929E-15,5.25615624078368E-16));
#3278=CARTESIAN_POINT('',(-0.005,-0.005,-0.005));
#3279=DIRECTION('',(0.707106781186547,-0.707106781186547,6.25964416140484E-16));
#3280=DIRECTION('',(-7.46927465795573E-16,1.38319901073255E-16,1.0));
#3281=DIRECTION('',(0.577350269189626,-0.577350269189626,0.577350269189626));
#3282=DIRECTION('',(-0.577350269189626,0.577350269189626,-0.577350269189626));
#3283=CARTESIAN_POINT('',(0.01,0.0,0.0));
#3284=DIRECTION('',(0.0,0.0,-1.0));
#3285=DIRECTION('',(0.707106781186548,-0.707106781186548,0.0));
#3286=CARTESIAN_POINT('',(0.01,0.0,0.0));
#3287=DIRECTION('',(-1.0,0.0,-0.0));
#3288=DIRECTION('',(0.0,0.707106781186548,-0.707106781186548));
#3289=DIRECTION('',(0.577350269189626,-0.577350269189626,-0.577350269189626));
#3290=CARTESIAN_POINT('',(-0.005,0.005,-0.005));
#3291=DIRECTION('',(0.0,-0.707106781186548,-0.707106781186548));
#3292=DIRECTION('',(-1.0,2.21311841717207E-16,-2.21311841717207E-16));
#3293=CARTESIAN_POINT('',(-0.005,0.005,-0.005));
#3294=DIRECTION('',(0.707106781186548,0.0,-0.707106781186548));
#3295=DIRECTION('',(2.21311841717207E-16,-1.0,2.21311841717207E-16));
#3296=DIRECTION('',(-0.577350269189626,0.577350269189626,0.577350269189626));
#3297=CARTESIAN_POINT('',(0.0,0.0,-0.01));
#3298=DIRECTION('',(1.70324966680555E-15,-1.0,5.96690458219515E-16));
#3299=DIRECTION('',(0.707106781186547,7.82455520175602E-16,-0.707106781186548));
#3300=DIRECTION('',(0.577350269189626,-0.577350269189626,-0.577350269189626));
#3301=CARTESIAN_POINT('',(-0.01,2.40741243048404E-35,-2.40741243048404E-35));
#3302=DIRECTION('',(1.65983881287905E-16,-1.65983881287905E-16,-1.0));
#3303=DIRECTION('',(-0.707106781186547,0.707106781186548,-2.34736656052681E-16));
#3304=CARTESIAN_POINT('',(-0.01,-1.77356584573137E-19,-1.77356584573137E-19));
#3305=DIRECTION('',(-1.0,0.0,0.0));
#3306=DIRECTION('',(0.0,0.707106781186547,0.707106781186547));
#3307=DIRECTION('',(-0.577350269189626,0.577350269189626,0.577350269189626));
#3308=CARTESIAN_POINT('',(-0.005,-0.005,-0.005));
#3309=DIRECTION('',(0.707106781186548,-1.25192883228097E-15,-0.707106781186548));
#3310=DIRECTION('',(1.24487910965929E-15,1.0,-5.25615624078368E-16));
#3311=DIRECTION('',(-0.577350269189626,-0.577350269189626,0.577350269189626));
#3312=DIRECTION('',(0.577350269189626,0.577350269189626,-0.577350269189626));
#3313=CARTESIAN_POINT('',(-0.005,-0.005,-0.005));
#3314=DIRECTION('',(0.707106781186548,-1.25192883228097E-15,-0.707106781186548));
#3315=DIRECTION('',(1.24487910965929E-15,1.0,-5.25615624078368E-16));
#3316=CARTESIAN_POINT('',(-0.005,-0.005,-0.005));
#3317=DIRECTION('',(-1.25192883228097E-15,0.707106781186548,-0.707106781186548));
#3318=DIRECTION('',(-1.0,-1.24487910965929E-15,5.25615624078368E-16));
#3319=DIRECTION('',(-0.577350269189626,0.577350269189626,0.577350269189626));
#3320=CARTESIAN_POINT('',(0.01,-0.01,-0.01));
#3321=DIRECTION('',(-0.0,-1.0,0.0));
#3322=DIRECTION('',(-0.707106781186547,0.0,0.707106781186548));
#3323=CARTESIAN_POINT('',(0.01,-0.01,-0.01));
#3324=DIRECTION('',(-1.0,-0.0,0.0));
#3325=DIRECTION('',(0.0,-0.707106781186547,-0.707106781186548));
#3326=DIRECTION('',(0.577350269189626,-0.577350269189626,-0.577350269189626));
#3327=CARTESIAN_POINT('',(0.005,-0.005,-0.005));
#3328=DIRECTION('',(1.25192883228097E-15,-0.707106781186547,-0.707106781186547));
#3329=DIRECTION('',(1.0,5.53279604293017E-16,1.21721512944464E-15));
#3330=CARTESIAN_POINT('',(0.005,-0.005,-0.005));
#3331=DIRECTION('',(0.707106781186547,-1.25192883228097E-15,-0.707106781186547));
#3332=DIRECTION('',(5.53279604293017E-16,1.0,-1.21721512944464E-15));
#3333=CARTESIAN_POINT('',(0.005,-0.005,-0.005));
#3334=DIRECTION('',(0.707106781186547,-1.25192883228097E-15,-0.707106781186547));
#3335=DIRECTION('',(5.53279604293017E-16,1.0,-1.21721512944464E-15));
#3336=DIRECTION('',(0.577350269189626,0.577350269189626,-0.577350269189626));
#3337=CARTESIAN_POINT('',(-2.40741243048404E-35,-0.01,-2.40741243048404E-35));
#3338=DIRECTION('',(1.65983881287905E-16,1.65983881287905E-16,-1.0));
#3339=DIRECTION('',(-0.707106781186548,-0.707106781186547,-2.34736656052681E-16));
#3340=CARTESIAN_POINT('',(1.77356584573137E-19,-0.01,-1.77356584573137E-19));
#3341=DIRECTION('',(-0.0,-1.0,0.0));
#3342=DIRECTION('',(-0.707106781186547,0.0,0.707106781186547));
#3343=DIRECTION('',(-0.577350269189626,-0.577350269189626,0.577350269189626));
#3344=DIRECTION('',(0.577350269189626,0.577350269189626,0.577350269189626));
#3345=CARTESIAN_POINT('',(1.77356584573137E-19,-0.01,1.77356584573137E-19));
#3346=DIRECTION('',(-0.0,-1.0,0.0));
#3347=DIRECTION('',(-0.707106781186547,0.0,-0.707106781186547));
#3348=DIRECTION('',(-0.577350269189626,-0.577350269189626,-0.577350269189626));
#3349=CARTESIAN_POINT('',(0.005,-0.005,0.005));
#3350=DIRECTION('',(-0.707106781186547,2.50385766456194E-15,-0.707106781186547));
#3351=DIRECTION('',(-1.43852697116185E-15,-1.0,-2.10246249631347E-15));
#3352=CARTESIAN_POINT('',(0.005,-0.005,0.005));
#3353=DIRECTION('',(1.25192883228097E-15,-0.707106781186548,-0.707106781186547));
#3354=DIRECTION('',(1.0,1.90881463481091E-15,-1.38319901073255E-16));
#3355=DIRECTION('',(0.577350269189626,-0.577350269189626,-0.577350269189626));
#3356=CARTESIAN_POINT('',(0.005,0.005,0.005));
#3357=DIRECTION('',(0.0,-0.707106781186548,-0.707106781186548));
#3358=DIRECTION('',(-1.0,2.21311841717207E-16,-2.21311841717207E-16));
#3359=CARTESIAN_POINT('',(0.005,0.005,0.005));
#3360=DIRECTION('',(0.707106781186548,0.0,-0.707106781186548));
#3361=DIRECTION('',(2.21311841717207E-16,-1.0,2.21311841717207E-16));
#3362=DIRECTION('',(-0.577350269189626,0.577350269189626,0.577350269189626));
#3363=CARTESIAN_POINT('',(0.01,-1.73472347597681E-18,-1.73472347597681E-18));
#3364=DIRECTION('',(-8.85247366868825E-16,-1.0,8.85247366868825E-16));
#3365=DIRECTION('',(0.707106781186547,-1.25192883228096E-15,-0.707106781186547));
#3366=CARTESIAN_POINT('',(0.01,0.0,0.0));
#3367=DIRECTION('',(-1.0,0.0,0.0));
#3368=DIRECTION('',(0.0,0.707106781186548,0.707106781186548));
#3369=DIRECTION('',(-0.577350269189626,-0.577350269189626,0.577350269189626));
#3370=CARTESIAN_POINT('',(0.01,1.77356584573137E-19,-1.77356584573137E-19));
#3371=DIRECTION('',(-1.0,-0.0,0.0));
#3372=DIRECTION('',(0.0,-0.707106781186547,0.707106781186547));
#3373=DIRECTION('',(0.577350269189626,0.577350269189626,-0.577350269189626));
#3374=CARTESIAN_POINT('',(0.005,-0.005,0.005));
#3375=DIRECTION('',(0.707106781186548,-1.25192883228097E-15,-0.707106781186547));
#3376=DIRECTION('',(1.77049473373766E-15,1.0,0.0));
#3377=CARTESIAN_POINT('',(0.005,-0.005,0.005));
#3378=DIRECTION('',(-2.50385766456194E-15,0.707106781186547,-0.707106781186547));
#3379=DIRECTION('',(-1.0,-1.43852697116185E-15,2.10246249631347E-15));
#3380=DIRECTION('',(0.0,1.0,0.0));
#3381=DIRECTION('',(-1.0,0.0,0.0));
#3382=DIRECTION('',(0.0,1.0,0.0));
#3383=DIRECTION('',(1.0,-0.0,0.0));
#3384=DIRECTION('',(0.0,-1.0,0.0));
#3385=DIRECTION('',(-1.0,0.0,0.0));
#3386=DIRECTION('',(0.0,-1.0,0.0));
#3387=DIRECTION('',(1.0,-0.0,0.0));
#3388=CARTESIAN_POINT('',(0.005,-0.005,0.005));
#3389=DIRECTION('',(-2.50385766456194E-15,0.707106781186547,-0.707106781186547));
#3390=DIRECTION('',(-1.0,-1.43852697116185E-15,2.10246249631347E-15));
#3391=CARTESIAN_POINT('',(0.005,-0.005,0.005));
#3392=DIRECTION('',(-0.707106781186547,-0.707106781186547,0.0));
#3393=DIRECTION('',(-3.04303782361159E-16,3.04303782361159E-16,1.0));
#3394=CARTESIAN_POINT('',(0.005,-0.005,0.005));
#3395=DIRECTION('',(0.707106781186548,-1.25192883228097E-15,-0.707106781186547));
#3396=DIRECTION('',(1.77049473373766E-15,1.0,0.0));
#3397=CARTESIAN_POINT('',(0.01,-1.73472347597681E-18,-1.73472347597681E-18));
#3398=DIRECTION('',(-8.85247366868825E-16,-1.0,8.85247366868825E-16));
#3399=DIRECTION('',(0.707106781186547,-1.25192883228096E-15,-0.707106781186547));
#3400=CARTESIAN_POINT('',(0.01,1.77356584573137E-19,-1.77356584573137E-19));
#3401=DIRECTION('',(-1.0,-0.0,0.0));
#3402=DIRECTION('',(0.0,-0.707106781186547,0.707106781186547));
#3403=CARTESIAN_POINT('',(0.01,0.0,0.0));
#3404=DIRECTION('',(-1.0,0.0,0.0));
#3405=DIRECTION('',(0.0,0.707106781186548,0.707106781186548));
#3406=CARTESIAN_POINT('',(0.005,0.005,0.005));
#3407=DIRECTION('',(0.707106781186548,0.0,-0.707106781186548));
#3408=DIRECTION('',(2.21311841717207E-16,-1.0,2.21311841717207E-16));
#3409=CARTESIAN_POINT('',(0.005,0.005,0.005));
#3410=DIRECTION('',(0.707106781186547,-0.707106781186547,-1.73740026848802E-32));
#3411=DIRECTION('',(1.22852751148321E-32,-1.22852751148321E-32,1.0));
#3412=CARTESIAN_POINT('',(0.005,0.005,0.005));
#3413=DIRECTION('',(0.0,-0.707106781186548,-0.707106781186548));
#3414=DIRECTION('',(-1.0,2.21311841717207E-16,-2.21311841717207E-16));
#3415=CARTESIAN_POINT('',(0.01,-0.01,0.01));
#3416=DIRECTION('',(-0.0,-1.0,0.0));
#3417=DIRECTION('',(-0.707106781186547,0.0,-0.707106781186548));
#3418=DIRECTION('',(-0.0,0.0,1.0));
#3419=CARTESIAN_POINT('',(1.77356584573137E-19,-0.01,-1.77356584573137E-19));
#3420=DIRECTION('',(-0.0,-1.0,0.0));
#3421=DIRECTION('',(-0.707106781186547,0.0,0.707106781186547));
#3422=CARTESIAN_POINT('',(1.77356584573137E-19,-0.01,1.77356584573137E-19));
#3423=DIRECTION('',(-0.0,-1.0,0.0));
#3424=DIRECTION('',(-0.707106781186547,0.0,-0.707106781186547));
#3425=CARTESIAN_POINT('',(1.77356584573137E-19,-0.01,-1.77356584573137E-19));
#3426=DIRECTION('',(-0.0,-1.0,0.0));
#3427=DIRECTION('',(-0.707106781186547,0.0,0.707106781186547));
#3428=CARTESIAN_POINT('',(1.77356584573137E-19,-0.01,1.77356584573137E-19));
#3429=DIRECTION('',(-0.0,-1.0,0.0));
#3430=DIRECTION('',(-0.707106781186547,0.0,-0.707106781186547));
#3431=CARTESIAN_POINT('',(0.005,-0.005,0.005));
#3432=DIRECTION('',(1.25192883228097E-15,-0.707106781186548,-0.707106781186547));
#3433=DIRECTION('',(1.0,1.90881463481091E-15,-1.38319901073255E-16));
#3434=CARTESIAN_POINT('',(0.005,-0.005,0.005));
#3435=DIRECTION('',(-0.707106781186547,2.50385766456194E-15,-0.707106781186547));
#3436=DIRECTION('',(-1.43852697116185E-15,-1.0,-2.10246249631347E-15));
#3437=CARTESIAN_POINT('',(6.89363673245864E-20,-0.01,6.89363673245864E-20));
#3438=DIRECTION('',(-1.0,2.01490177904875E-17,2.01490177904875E-17));
#3439=DIRECTION('',(2.84950142278042E-17,0.707106781186547,0.707106781186548));
#3440=CARTESIAN_POINT('',(0.005,-0.005,-0.005));
#3441=DIRECTION('',(1.25192883228097E-15,0.707106781186548,-0.707106781186548));
#3442=DIRECTION('',(-1.0,1.24487910965929E-15,-5.25615624078368E-16));
#3443=CARTESIAN_POINT('',(0.005,-0.005,-0.005));
#3444=DIRECTION('',(0.707106781186547,-1.25192883228097E-15,-0.707106781186547));
#3445=DIRECTION('',(5.53279604293017E-16,1.0,-1.21721512944464E-15));
#3446=CARTESIAN_POINT('',(6.89363673245864E-20,-0.01,-6.89363673245864E-20));
#3447=DIRECTION('',(-1.0,2.01490177904875E-17,-2.01490177904875E-17));
#3448=DIRECTION('',(2.84950142278042E-17,0.707106781186547,-0.707106781186548));
#3449=CARTESIAN_POINT('',(0.005,-0.005,-0.005));
#3450=DIRECTION('',(0.707106781186547,-0.707106781186547,-2.50385766456193E-15));
#3451=DIRECTION('',(1.77049473373765E-15,-1.77049473373765E-15,1.0));
#3452=CARTESIAN_POINT('',(0.005,-0.005,-0.005));
#3453=DIRECTION('',(1.25192883228097E-15,-0.707106781186547,-0.707106781186547));
#3454=DIRECTION('',(1.0,5.53279604293017E-16,1.21721512944464E-15));
#3455=CARTESIAN_POINT('',(0.01,-0.01,-0.01));
#3456=DIRECTION('',(-1.0,-0.0,0.0));
#3457=DIRECTION('',(0.0,-0.707106781186547,-0.707106781186548));
#3458=CARTESIAN_POINT('',(0.01,-0.01,-0.01));
#3459=DIRECTION('',(0.0,-0.0,-1.0));
#3460=DIRECTION('',(0.707106781186547,-0.707106781186547,0.0));
#3461=CARTESIAN_POINT('',(0.01,-0.01,-0.01));
#3462=DIRECTION('',(-0.0,-1.0,0.0));
#3463=DIRECTION('',(-0.707106781186547,0.0,0.707106781186548));
#3464=CARTESIAN_POINT('',(-0.01,0.01,0.01));
#3465=DIRECTION('',(-0.0,-1.0,0.0));
#3466=DIRECTION('',(-0.707106781186548,0.0,0.707106781186548));
#3467=DIRECTION('',(0.0,-0.0,-1.0));
#3468=DIRECTION('',(1.0,-0.0,0.0));
#3469=CARTESIAN_POINT('',(0.01,0.01,-0.01));
#3470=DIRECTION('',(-0.0,-1.0,0.0));
#3471=DIRECTION('',(-0.707106781186548,0.0,0.707106781186548));
#3472=DIRECTION('',(0.0,-0.0,-1.0));
#3473=CARTESIAN_POINT('',(0.0,0.01,0.0));
#3474=DIRECTION('',(-0.0,-1.0,0.0));
#3475=DIRECTION('',(-0.707106781186548,0.0,-0.707106781186548));
#3476=CARTESIAN_POINT('',(0.0,0.01,0.0));
#3477=DIRECTION('',(-0.0,-1.0,0.0));
#3478=DIRECTION('',(-0.707106781186548,0.0,0.707106781186548));
#3479=CARTESIAN_POINT('',(0.0,0.01,0.0));
#3480=DIRECTION('',(-0.0,-1.0,0.0));
#3481=DIRECTION('',(-0.707106781186548,0.0,-0.707106781186548));
#3482=CARTESIAN_POINT('',(0.0,0.01,0.0));
#3483=DIRECTION('',(-0.0,-1.0,0.0));
#3484=DIRECTION('',(-0.707106781186548,0.0,0.707106781186548));
#3485=CARTESIAN_POINT('',(-0.005,-0.005,-0.005));
#3486=DIRECTION('',(-1.25192883228097E-15,0.707106781186548,-0.707106781186548));
#3487=DIRECTION('',(-1.0,-1.24487910965929E-15,5.25615624078368E-16));
#3488=CARTESIAN_POINT('',(-0.005,-0.005,-0.005));
#3489=DIRECTION('',(-0.707106781186547,-0.707106781186547,-2.50385766456193E-15));
#3490=DIRECTION('',(-1.77049473373765E-15,-1.77049473373765E-15,1.0));
#3491=CARTESIAN_POINT('',(-0.005,-0.005,-0.005));
#3492=DIRECTION('',(0.707106781186548,-1.25192883228097E-15,-0.707106781186548));
#3493=DIRECTION('',(1.24487910965929E-15,1.0,-5.25615624078368E-16));
#3494=CARTESIAN_POINT('',(0.0,0.0,-0.01));
#3495=DIRECTION('',(1.70324966680555E-15,-1.0,5.96690458219515E-16));
#3496=DIRECTION('',(0.707106781186547,7.82455520175602E-16,-0.707106781186548));
#3497=CARTESIAN_POINT('',(0.0,0.0,-0.01));
#3498=DIRECTION('',(0.0,0.0,-1.0));
#3499=DIRECTION('',(0.707106781186548,0.707106781186548,0.0));
#3500=CARTESIAN_POINT('',(0.0,0.0,-0.01));
#3501=DIRECTION('',(-1.0,0.0,-0.0));
#3502=DIRECTION('',(0.0,0.707106781186548,-0.707106781186547));
#3503=CARTESIAN_POINT('',(-0.005,-0.005,-0.005));
#3504=DIRECTION('',(-1.25192883228097E-15,-0.707106781186547,-0.707106781186547));
#3505=DIRECTION('',(1.0,-5.53279604293017E-16,-1.21721512944464E-15));
#3506=CARTESIAN_POINT('',(-0.01,-1.77356584573137E-19,-1.77356584573137E-19));
#3507=DIRECTION('',(-1.0,0.0,0.0));
#3508=DIRECTION('',(0.0,0.707106781186547,0.707106781186547));
#3509=CARTESIAN_POINT('',(-0.01,0.0,0.0));
#3510=DIRECTION('',(8.29919406439524E-16,-1.0,-8.29919406439524E-16));
#3511=DIRECTION('',(0.707106781186547,1.1736832802634E-15,-0.707106781186548));
#3512=CARTESIAN_POINT('',(1.73472347597681E-18,1.73472347597681E-18,-0.01));
#3513=DIRECTION('',(-1.0,4.42623683434413E-16,4.42623683434414E-16));
#3514=DIRECTION('',(-6.25964416140483E-16,-0.707106781186548,-0.707106781186547));
#3515=CARTESIAN_POINT('',(0.0,0.0,-0.01));
#3516=DIRECTION('',(0.0,-0.0,-1.0));
#3517=DIRECTION('',(0.707106781186548,-0.707106781186548,0.0));
#3518=CARTESIAN_POINT('',(-0.005,0.005,-0.005));
#3519=DIRECTION('',(0.707106781186548,0.0,-0.707106781186548));
#3520=DIRECTION('',(2.21311841717207E-16,-1.0,2.21311841717207E-16));
#3521=CARTESIAN_POINT('',(-0.005,0.005,-0.005));
#3522=DIRECTION('',(0.707106781186547,-0.707106781186547,-1.73740026848802E-32));
#3523=DIRECTION('',(1.22852751148321E-32,-1.22852751148321E-32,1.0));
#3524=CARTESIAN_POINT('',(-0.005,0.005,-0.005));
#3525=DIRECTION('',(0.0,-0.707106781186548,-0.707106781186548));
#3526=DIRECTION('',(-1.0,2.21311841717207E-16,-2.21311841717207E-16));
#3527=CARTESIAN_POINT('',(0.01,0.0,0.0));
#3528=DIRECTION('',(-1.0,0.0,-0.0));
#3529=DIRECTION('',(0.0,0.707106781186548,-0.707106781186548));
#3530=CARTESIAN_POINT('',(0.01,-1.73472347597681E-18,1.73472347597681E-18));
#3531=DIRECTION('',(-8.85247366868825E-16,-1.0,-8.85247366868825E-16));
#3532=DIRECTION('',(0.707106781186547,-1.25192883228096E-15,0.707106781186547));
#3533=CARTESIAN_POINT('',(0.005,0.005,-0.005));
#3534=DIRECTION('',(-0.707106781186548,0.0,-0.707106781186548));
#3535=DIRECTION('',(2.21311841717207E-16,1.0,-2.21311841717207E-16));
#3536=CARTESIAN_POINT('',(0.005,0.005,-0.005));
#3537=DIRECTION('',(0.0,0.707106781186548,-0.707106781186548));
#3538=DIRECTION('',(1.0,2.21311841717207E-16,2.21311841717207E-16));
#3539=CARTESIAN_POINT('',(-0.005,-0.005,-0.005));
#3540=DIRECTION('',(-0.707106781186547,-1.25192883228097E-15,-0.707106781186547));
#3541=DIRECTION('',(5.53279604293017E-16,-1.0,1.21721512944464E-15));
#3542=CARTESIAN_POINT('',(-0.005,-0.005,0.005));
#3543=DIRECTION('',(-0.707106781186548,-1.25192883228097E-15,-0.707106781186547));
#3544=DIRECTION('',(1.90881463481091E-15,-1.0,-1.38319901073255E-16));
#3545=CARTESIAN_POINT('',(-0.005,-0.005,0.005));
#3546=DIRECTION('',(0.707106781186547,-0.707106781186547,-6.25964416140484E-16));
#3547=DIRECTION('',(7.46927465795573E-16,-1.38319901073255E-16,1.0));
#3548=CARTESIAN_POINT('',(-0.005,-0.005,0.005));
#3549=DIRECTION('',(2.50385766456194E-15,0.707106781186547,-0.707106781186547));
#3550=DIRECTION('',(-1.0,1.43852697116185E-15,-2.10246249631347E-15));
#3551=CARTESIAN_POINT('',(-0.01,-1.77356584573137E-19,1.77356584573137E-19));
#3552=DIRECTION('',(-1.0,0.0,-0.0));
#3553=DIRECTION('',(0.0,0.707106781186547,-0.707106781186547));
#3554=CARTESIAN_POINT('',(-0.01,0.0,0.0));
#3555=DIRECTION('',(8.29919406439524E-16,-1.0,8.29919406439524E-16));
#3556=DIRECTION('',(0.707106781186547,1.1736832802634E-15,0.707106781186548));
#3557=CARTESIAN_POINT('',(0.005,-0.005,-0.005));
#3558=DIRECTION('',(-0.707106781186548,-1.25192883228097E-15,-0.707106781186548));
#3559=DIRECTION('',(1.24487910965929E-15,-1.0,5.25615624078368E-16));
#3560=CARTESIAN_POINT('',(0.01,1.77356584573137E-19,1.77356584573137E-19));
#3561=DIRECTION('',(-1.0,-0.0,0.0));
#3562=DIRECTION('',(0.0,-0.707106781186547,-0.707106781186547));
#3563=CARTESIAN_POINT('',(1.73472347597681E-18,0.01,1.73472347597681E-18));
#3564=DIRECTION('',(-1.0,-4.42623683434414E-16,4.42623683434413E-16));
#3565=DIRECTION('',(6.25964416140483E-16,-0.707106781186548,0.707106781186547));
#3566=CARTESIAN_POINT('',(-0.005,0.005,0.005));
#3567=DIRECTION('',(0.0,0.707106781186548,-0.707106781186548));
#3568=DIRECTION('',(1.0,2.21311841717207E-16,2.21311841717207E-16));
#3569=CARTESIAN_POINT('',(-0.005,0.005,0.005));
#3570=DIRECTION('',(-0.707106781186547,-0.707106781186547,-1.73740026848802E-32));
#3571=DIRECTION('',(-1.22852751148321E-32,-1.22852751148321E-32,1.0));
#3572=CARTESIAN_POINT('',(-0.005,0.005,0.005));
#3573=DIRECTION('',(0.707106781186548,0.0,-0.707106781186548));
#3574=DIRECTION('',(-2.21311841717207E-16,-1.0,-2.21311841717207E-16));
#3575=CARTESIAN_POINT('',(0.005,0.005,0.005));
#3576=DIRECTION('',(-0.707106781186548,0.0,-0.707106781186548));
#3577=DIRECTION('',(-2.21311841717207E-16,1.0,2.21311841717207E-16));
#3578=CARTESIAN_POINT('',(0.005,0.005,0.005));
#3579=DIRECTION('',(0.0,0.707106781186548,-0.707106781186548));
#3580=DIRECTION('',(1.0,-2.21311841717207E-16,-2.21311841717207E-16));
#3581=CARTESIAN_POINT('',(-0.005,-0.005,0.005));
#3582=DIRECTION('',(0.707106781186547,2.50385766456194E-15,-0.707106781186547));
#3583=DIRECTION('',(-1.43852697116185E-15,1.0,2.10246249631347E-15));
#3584=CARTESIAN_POINT('',(-0.005,-0.005,0.005));
#3585=DIRECTION('',(-1.25192883228097E-15,-0.707106781186548,-0.707106781186547));
#3586=DIRECTION('',(1.0,-1.77049473373766E-15,0.0));
#3587=CARTESIAN_POINT('',(0.0,0.0,0.01));
#3588=DIRECTION('',(-1.0,5.53279604293017E-17,5.53279604293017E-17));
#3589=DIRECTION('',(7.82455520175604E-17,0.707106781186548,0.707106781186547));
#3590=CARTESIAN_POINT('',(0.0,0.0,0.01));
#3591=DIRECTION('',(-1.70324966680555E-15,-1.0,-5.96690458219515E-16));
#3592=DIRECTION('',(0.707106781186547,-7.82455520175602E-16,-0.707106781186548));
#3593=CARTESIAN_POINT('',(1.73472347597681E-18,1.73472347597681E-18,0.01));
#3594=DIRECTION('',(-1.0,4.42623683434413E-16,-4.42623683434414E-16));
#3595=DIRECTION('',(-6.25964416140483E-16,-0.707106781186548,0.707106781186547));
#3596=CARTESIAN_POINT('',(1.73472347597681E-18,0.01,-1.73472347597681E-18));
#3597=DIRECTION('',(-1.0,-4.42623683434414E-16,-4.42623683434413E-16));
#3598=DIRECTION('',(6.25964416140483E-16,-0.707106781186548,-0.707106781186547));
#3599=CARTESIAN_POINT('',(0.005,0.005,-0.005));
#3600=DIRECTION('',(0.707106781186548,0.0,-0.707106781186548));
#3601=DIRECTION('',(-2.21311841717207E-16,-1.0,-2.21311841717207E-16));
#3602=CARTESIAN_POINT('',(0.005,0.005,-0.005));
#3603=DIRECTION('',(0.0,-0.707106781186548,-0.707106781186548));
#3604=DIRECTION('',(-1.0,-2.21311841717207E-16,2.21311841717207E-16));
#3605=CARTESIAN_POINT('',(-0.005,0.005,-0.005));
#3606=DIRECTION('',(-0.707106781186548,0.0,-0.707106781186548));
#3607=DIRECTION('',(-2.21311841717207E-16,1.0,2.21311841717207E-16));
#3608=CARTESIAN_POINT('',(0.01,0.01,0.01));
#3609=DIRECTION('',(-0.0,-1.0,0.0));
#3610=DIRECTION('',(-0.707106781186548,0.0,-0.707106781186548));
#3611=CARTESIAN_POINT('',(0.01,0.01,0.01));
#3612=DIRECTION('',(-1.0,0.0,0.0));
#3613=DIRECTION('',(0.0,0.707106781186548,0.707106781186548));
#3614=DIRECTION('',(0.0,-0.0,-1.0));
#3615=CARTESIAN_POINT('',(0.01,-0.01,0.01));
#3616=DIRECTION('',(-1.0,-0.0,0.0));
#3617=DIRECTION('',(0.0,-0.707106781186547,0.707106781186548));
#3618=CARTESIAN_POINT('',(-0.01,0.0,0.0));
#3619=DIRECTION('',(-1.0,-0.0,0.0));
#3620=DIRECTION('',(0.0,-0.707106781186548,-0.707106781186548));
#3621=CARTESIAN_POINT('',(-0.005,0.005,0.005));
#3622=DIRECTION('',(0.0,-0.707106781186548,-0.707106781186548));
#3623=DIRECTION('',(-1.0,-2.21311841717207E-16,2.21311841717207E-16));
#3624=CARTESIAN_POINT('',(-0.005,0.005,0.005));
#3625=DIRECTION('',(-0.707106781186548,0.0,-0.707106781186548));
#3626=DIRECTION('',(2.21311841717207E-16,1.0,-2.21311841717207E-16));
#3627=CARTESIAN_POINT('',(-0.01,0.0,0.0));
#3628=DIRECTION('',(-1.0,-0.0,0.0));
#3629=DIRECTION('',(0.0,-0.707106781186548,0.707106781186548));
#3630=CARTESIAN_POINT('',(-0.005,0.005,-0.005));
#3631=DIRECTION('',(0.0,0.707106781186548,-0.707106781186548));
#3632=DIRECTION('',(1.0,-2.21311841717207E-16,-2.21311841717207E-16));
#3633=DIRECTION('',(-1.0,0.0,0.0));
#3634=CARTESIAN_POINT('',(-0.01,-0.01,-0.01));
#3635=DIRECTION('',(-0.0,-1.0,0.0));
#3636=DIRECTION('',(-0.707106781186547,0.0,-0.707106781186548));
#3637=DIRECTION('',(-0.0,0.0,1.0));
#3638=CARTESIAN_POINT('',(-0.01,-0.01,0.01));
#3639=DIRECTION('',(-0.0,-1.0,0.0));
#3640=DIRECTION('',(-0.707106781186547,0.0,0.707106781186548));
#3641=CARTESIAN_POINT('',(-0.01,-0.01,0.01));
#3642=DIRECTION('',(-1.0,0.0,-0.0));
#3643=DIRECTION('',(0.0,0.707106781186547,-0.707106781186548));
#3644=CARTESIAN_POINT('',(-0.01,0.01,-0.01));
#3645=DIRECTION('',(-1.0,-0.0,0.0));
#3646=DIRECTION('',(0.0,-0.707106781186548,0.707106781186548));
#3647=CARTESIAN_POINT('',(-0.01,0.01,-0.01));
#3648=DIRECTION('',(-0.0,0.0,-1.0));
#3649=DIRECTION('',(-0.707106781186548,0.707106781186548,0.0));
#3650=CARTESIAN_POINT('',(-0.01,0.01,-0.01));
#3651=DIRECTION('',(-0.0,-1.0,0.0));
#3652=DIRECTION('',(-0.707106781186548,0.0,-0.707106781186548));
#3653=CARTESIAN_POINT('',(-0.01,0.01,0.01));
#3654=DIRECTION('',(-1.0,-0.0,0.0));
#3655=DIRECTION('',(0.0,-0.707106781186548,-0.707106781186548));
#3656=DIRECTION('',(-0.0,0.0,1.0));
#3657=CARTESIAN_POINT('',(0.0,0.0,-0.01));
#3658=DIRECTION('',(-1.70324966680555E-15,-1.0,5.96690458219515E-16));
#3659=DIRECTION('',(0.707106781186547,-7.82455520175602E-16,0.707106781186548));
#3660=CARTESIAN_POINT('',(0.0,0.0,-0.01));
#3661=DIRECTION('',(-0.0,0.0,-1.0));
#3662=DIRECTION('',(-0.707106781186548,-0.707106781186548,0.0));
#3663=CARTESIAN_POINT('',(0.005,0.005,-0.005));
#3664=DIRECTION('',(-0.707106781186547,-0.707106781186547,-1.73740026848802E-32));
#3665=DIRECTION('',(-1.22852751148321E-32,-1.22852751148321E-32,1.0));
#3666=CARTESIAN_POINT('',(0.0,0.0,-0.01));
#3667=DIRECTION('',(-0.0,0.0,-1.0));
#3668=DIRECTION('',(-0.707106781186548,0.707106781186548,0.0));
#3669=DIRECTION('',(0.0,-1.0,0.0));
#3670=CARTESIAN_POINT('',(0.01,0.01,-0.01));
#3671=DIRECTION('',(-1.0,0.0,-0.0));
#3672=DIRECTION('',(0.0,0.707106781186548,-0.707106781186548));
#3673=CARTESIAN_POINT('',(0.01,0.01,-0.01));
#3674=DIRECTION('',(0.0,0.0,-1.0));
#3675=DIRECTION('',(0.707106781186548,0.707106781186548,0.0));
#3676=DIRECTION('',(0.0,-1.0,0.0));
#3677=DIRECTION('',(-0.0,0.0,1.0));
#3678=DIRECTION('',(-1.0,0.0,0.0));
#3679=DIRECTION('',(0.0,1.0,0.0));
#3680=DIRECTION('',(0.0,-0.0,-1.0));
#3681=DIRECTION('',(1.0,-0.0,0.0));
#3682=DIRECTION('',(0.0,1.0,0.0));
#3683=CARTESIAN_POINT('',(-0.01,-0.01,-0.01));
#3684=DIRECTION('',(-1.0,0.0,0.0));
#3685=DIRECTION('',(0.0,0.707106781186547,0.707106781186548));
#3686=CARTESIAN_POINT('',(-0.01,-0.01,-0.01));
#3687=DIRECTION('',(-0.0,0.0,-1.0));
#3688=DIRECTION('',(-0.707106781186547,-0.707106781186547,0.0));
#3689=CARTESIAN_POINT('',(0.0,0.0,0.01));
#3690=DIRECTION('',(1.70324966680555E-15,-1.0,-5.96690458219515E-16));
#3691=DIRECTION('',(0.707106781186547,7.82455520175602E-16,0.707106781186548));
#3692=PRESENTATION_LAYER_ASSIGNMENT('9','\X2\56FE5C42\X0\0',(#25));
ENDSEC;
END-ISO-10303-21;
