ISO-10303-21;
HEADER;
FILE_DESCRIPTION(('STEP AP214'),'1');
FILE_NAME('Octet02.stp','2026-06-24T13:58:14',(' '),(' '),'Spatial InterOp 3D',' ',' ');
FILE_SCHEMA(('AUTOMOTIVE_DESIGN { 1 0 10303 214 1 1 1 1 }'));
ENDSEC;
DATA;
#1=MECHANICAL_DESIGN_GEOMETRIC_PRESENTATION_REPRESENTATION(' ',(#10),#6);
#2=PRODUCT_DEFINITION_CONTEXT('',#11,'design');
#3=APPLICATION_PROTOCOL_DEFINITION('INTERNATIONAL STANDARD','automotive_design',1994,#11);
#4=PRODUCT_CATEGORY_RELATIONSHIP('NONE','NONE',#12,#13);
#5=SHAPE_DEFINITION_REPRESENTATION(#14,#15);
#6= (GEOMETRIC_REPRESENTATION_CONTEXT(3)GLOBAL_UNCERTAINTY_ASSIGNED_CONTEXT((#18))GLOBAL_UNIT_ASSIGNED_CONTEXT((#20,#21,#22))REPRESENTATION_CONTEXT('NONE','WORKSPACE'));
#10=STYLED_ITEM('',(#24),#25);
#11=APPLICATION_CONTEXT(' ');
#12=PRODUCT_CATEGORY('part','NONE');
#13=PRODUCT_RELATED_PRODUCT_CATEGORY('detail',' ',(#26));
#14=PRODUCT_DEFINITION_SHAPE('NONE','NONE',#27);
#15=ADVANCED_BREP_SHAPE_REPRESENTATION('\X2\5B9E4F53\X0\111',(#25,#28),#6);
#18=UNCERTAINTY_MEASURE_WITH_UNIT(LENGTH_MEASURE(1.0E-08),#20,'','');
#20= (CONVERSION_BASED_UNIT('METRE',#31)LENGTH_UNIT()NAMED_UNIT(#34));
#21= (NAMED_UNIT(#36)PLANE_ANGLE_UNIT()SI_UNIT($,.RADIAN.));
#22= (NAMED_UNIT(#36)SOLID_ANGLE_UNIT()SI_UNIT($,.STERADIAN.));
#24=PRESENTATION_STYLE_ASSIGNMENT((#42));
#25=MANIFOLD_SOLID_BREP('\X2\5B9E4F53\X0\111',#43);
#26=PRODUCT('\X2\5B9E4F53\X0\111','','PART--DESC',(#44));
#27=PRODUCT_DEFINITION('','NONE',#45,#2);
#28=AXIS2_PLACEMENT_3D('',#46,#47,#48);
#31=LENGTH_MEASURE_WITH_UNIT(LENGTH_MEASURE(1.0),#49);
#34=DIMENSIONAL_EXPONENTS(1.0,0.0,0.0,0.0,0.0,0.0,0.0);
#36=DIMENSIONAL_EXPONENTS(0.0,0.0,0.0,0.0,0.0,0.0,0.0);
#42=SURFACE_STYLE_USAGE(.BOTH.,#50);
#43=CLOSED_SHELL('',(#51,#52,#53,#54,#55,#56,#57,#58,#59,#60,#61,#62,#63,#64,#65,#66,#67,#68,#69,#70,#71,#72,#73,#74,#75,#76,#77,#78,#79,#80,#81,#82,#83,#84,#85,#86,#87,#88,#89,#90,#91,#92,#93,#94,#95,#96,#97,#98,#99,#100,#101,#102,#103,#104));
#44=PRODUCT_CONTEXT('',#11,'mechanical');
#45=PRODUCT_DEFINITION_FORMATION_WITH_SPECIFIED_SOURCE(' ','NONE',#26,.NOT_KNOWN.);
#46=CARTESIAN_POINT('',(0.0,0.0,0.0));
#47=DIRECTION('',(0.0,0.0,1.0));
#48=DIRECTION('',(1.0,0.0,0.0));
#49= (NAMED_UNIT(#34)LENGTH_UNIT()SI_UNIT($,.METRE.));
#50=SURFACE_SIDE_STYLE('',(#106));
#51=ADVANCED_FACE('4:2554',(#107),#108,.T.);
#52=ADVANCED_FACE('4:2194',(#109),#110,.T.);
#53=ADVANCED_FACE('4:2374',(#111),#112,.T.);
#54=ADVANCED_FACE('4:2689',(#113),#114,.T.);
#55=ADVANCED_FACE('4:2419',(#115),#116,.T.);
#56=ADVANCED_FACE('4:2059',(#117),#118,.T.);
#57=ADVANCED_FACE('4:1789',(#119),#120,.T.);
#58=ADVANCED_FACE('4:2239',(#121),#122,.T.);
#59=ADVANCED_FACE('4:1699',(#123),#124,.T.);
#60=ADVANCED_FACE('4:2014',(#125),#126,.T.);
#61=ADVANCED_FACE('4:1744',(#127),#128,.T.);
#62=ADVANCED_FACE('4:1654',(#129),#130,.T.);
#63=ADVANCED_FACE('4:14520',(#131),#132,.F.);
#64=ADVANCED_FACE('4:14589',(#133),#134,.T.);
#65=ADVANCED_FACE('4:14563',(#135),#136,.T.);
#66=ADVANCED_FACE('4:14530',(#137),#138,.T.);
#67=ADVANCED_FACE('4:14034',(#139),#140,.T.);
#68=ADVANCED_FACE('4:14051',(#141),#142,.T.);
#69=ADVANCED_FACE('4:14606',(#143),#144,.F.);
#70=ADVANCED_FACE('4:12399',(#145),#146,.T.);
#71=ADVANCED_FACE('4:12937',(#147),#148,.T.);
#72=ADVANCED_FACE('4:11079',(#149),#150,.T.);
#73=ADVANCED_FACE('4:11039',(#151),#152,.T.);
#74=ADVANCED_FACE('4:10979',(#153),#154,.T.);
#75=ADVANCED_FACE('4:12449',(#155),#156,.T.);
#76=ADVANCED_FACE('4:14596',(#157),#158,.T.);
#77=ADVANCED_FACE('4:1654',(#159),#160,.T.);
#78=ADVANCED_FACE('4:1744',(#161),#162,.T.);
#79=ADVANCED_FACE('4:2014',(#163),#164,.T.);
#80=ADVANCED_FACE('4:10996',(#165),#166,.T.);
#81=ADVANCED_FACE('4:1699',(#167),#168,.T.);
#82=ADVANCED_FACE('4:12957',(#169),#170,.T.);
#83=ADVANCED_FACE('4:2239',(#171),#172,.T.);
#84=ADVANCED_FACE('4:1789',(#173),#174,.T.);
#85=ADVANCED_FACE('4:10201',(#175),#176,.T.);
#86=ADVANCED_FACE('4:2059',(#177),#178,.T.);
#87=ADVANCED_FACE('4:12406',(#179),#180,.T.);
#88=ADVANCED_FACE('4:12376',(#181),#182,.T.);
#89=ADVANCED_FACE('4:2419',(#183),#184,.T.);
#90=ADVANCED_FACE('4:2689',(#185),#186,.T.);
#91=ADVANCED_FACE('4:2374',(#187),#188,.T.);
#92=ADVANCED_FACE('4:2194',(#189),#190,.T.);
#93=ADVANCED_FACE('4:2554',(#191),#192,.T.);
#94=ADVANCED_FACE('4:10184',(#193),#194,.T.);
#95=ADVANCED_FACE('4:14537',(#195),#196,.T.);
#96=ADVANCED_FACE('4:13000',(#197),#198,.T.);
#97=ADVANCED_FACE('4:10264',(#199),#200,.T.);
#98=ADVANCED_FACE('4:10284',(#201),#202,.T.);
#99=ADVANCED_FACE('4:14084',(#203),#204,.T.);
#100=ADVANCED_FACE('4:12950',(#205),#206,.T.);
#101=ADVANCED_FACE('4:14120',(#207),#208,.T.);
#102=ADVANCED_FACE('4:14077',(#209),#210,.T.);
#103=ADVANCED_FACE('4:14547',(#211),#212,.T.);
#104=ADVANCED_FACE('4:14573',(#213),#214,.F.);
#106=SURFACE_STYLE_FILL_AREA(#215);
#107=FACE_OUTER_BOUND('',#216,.T.);
#108=CYLINDRICAL_SURFACE('',#217,0.0002);
#109=FACE_OUTER_BOUND('',#218,.T.);
#110=CYLINDRICAL_SURFACE('',#219,0.0002);
#111=FACE_OUTER_BOUND('',#220,.T.);
#112=CYLINDRICAL_SURFACE('',#221,0.0002);
#113=FACE_OUTER_BOUND('',#222,.T.);
#114=CYLINDRICAL_SURFACE('',#223,0.0002);
#115=FACE_OUTER_BOUND('',#224,.T.);
#116=CYLINDRICAL_SURFACE('',#225,0.0002);
#117=FACE_OUTER_BOUND('',#226,.T.);
#118=CYLINDRICAL_SURFACE('',#227,0.0002);
#119=FACE_OUTER_BOUND('',#228,.T.);
#120=CYLINDRICAL_SURFACE('',#229,0.0002);
#121=FACE_OUTER_BOUND('',#230,.T.);
#122=CYLINDRICAL_SURFACE('',#231,0.0002);
#123=FACE_OUTER_BOUND('',#232,.T.);
#124=CYLINDRICAL_SURFACE('',#233,0.0002);
#125=FACE_OUTER_BOUND('',#234,.T.);
#126=CYLINDRICAL_SURFACE('',#235,0.0002);
#127=FACE_OUTER_BOUND('',#236,.T.);
#128=CYLINDRICAL_SURFACE('',#237,0.0002);
#129=FACE_OUTER_BOUND('',#238,.T.);
#130=CYLINDRICAL_SURFACE('',#239,0.0002);
#131=FACE_OUTER_BOUND('',#240,.T.);
#132=PLANE('',#241);
#133=FACE_OUTER_BOUND('',#242,.T.);
#134=CYLINDRICAL_SURFACE('',#243,0.0002);
#135=FACE_OUTER_BOUND('',#244,.T.);
#136=PLANE('',#245);
#137=FACE_OUTER_BOUND('',#246,.T.);
#138=CYLINDRICAL_SURFACE('',#247,0.0002);
#139=FACE_OUTER_BOUND('',#248,.T.);
#140=PLANE('',#249);
#141=FACE_OUTER_BOUND('',#250,.T.);
#142=CYLINDRICAL_SURFACE('',#251,0.0002);
#143=FACE_OUTER_BOUND('',#252,.T.);
#144=PLANE('',#253);
#145=FACE_OUTER_BOUND('',#254,.T.);
#146=CYLINDRICAL_SURFACE('',#255,0.0002);
#147=FACE_OUTER_BOUND('',#256,.T.);
#148=CYLINDRICAL_SURFACE('',#257,0.0002);
#149=FACE_OUTER_BOUND('',#258,.T.);
#150=CYLINDRICAL_SURFACE('',#259,0.0002);
#151=FACE_OUTER_BOUND('',#260,.T.);
#152=CYLINDRICAL_SURFACE('',#261,0.0002);
#153=FACE_OUTER_BOUND('',#262,.T.);
#154=CYLINDRICAL_SURFACE('',#263,0.0002);
#155=FACE_OUTER_BOUND('',#264,.T.);
#156=CYLINDRICAL_SURFACE('',#265,0.0002);
#157=FACE_OUTER_BOUND('',#266,.T.);
#158=CYLINDRICAL_SURFACE('',#267,0.0002);
#159=FACE_OUTER_BOUND('',#268,.T.);
#160=CYLINDRICAL_SURFACE('',#269,0.0002);
#161=FACE_OUTER_BOUND('',#270,.T.);
#162=CYLINDRICAL_SURFACE('',#271,0.0002);
#163=FACE_OUTER_BOUND('',#272,.T.);
#164=CYLINDRICAL_SURFACE('',#273,0.0002);
#165=FACE_OUTER_BOUND('',#274,.T.);
#166=CYLINDRICAL_SURFACE('',#275,0.0002);
#167=FACE_OUTER_BOUND('',#276,.T.);
#168=CYLINDRICAL_SURFACE('',#277,0.0002);
#169=FACE_OUTER_BOUND('',#278,.T.);
#170=CYLINDRICAL_SURFACE('',#279,0.0002);
#171=FACE_OUTER_BOUND('',#280,.T.);
#172=CYLINDRICAL_SURFACE('',#281,0.0002);
#173=FACE_OUTER_BOUND('',#282,.T.);
#174=CYLINDRICAL_SURFACE('',#283,0.0002);
#175=FACE_OUTER_BOUND('',#284,.T.);
#176=CYLINDRICAL_SURFACE('',#285,0.0002);
#177=FACE_OUTER_BOUND('',#286,.T.);
#178=CYLINDRICAL_SURFACE('',#287,0.0002);
#179=FACE_OUTER_BOUND('',#288,.T.);
#180=CYLINDRICAL_SURFACE('',#289,0.0002);
#181=FACE_OUTER_BOUND('',#290,.T.);
#182=CYLINDRICAL_SURFACE('',#291,0.0002);
#183=FACE_OUTER_BOUND('',#292,.T.);
#184=CYLINDRICAL_SURFACE('',#293,0.0002);
#185=FACE_OUTER_BOUND('',#294,.T.);
#186=CYLINDRICAL_SURFACE('',#295,0.0002);
#187=FACE_OUTER_BOUND('',#296,.T.);
#188=CYLINDRICAL_SURFACE('',#297,0.0002);
#189=FACE_OUTER_BOUND('',#298,.T.);
#190=CYLINDRICAL_SURFACE('',#299,0.0002);
#191=FACE_OUTER_BOUND('',#300,.T.);
#192=CYLINDRICAL_SURFACE('',#301,0.0002);
#193=FACE_OUTER_BOUND('',#302,.T.);
#194=CYLINDRICAL_SURFACE('',#303,0.0002);
#195=FACE_OUTER_BOUND('',#304,.T.);
#196=CYLINDRICAL_SURFACE('',#305,0.0002);
#197=FACE_OUTER_BOUND('',#306,.T.);
#198=CYLINDRICAL_SURFACE('',#307,0.0002);
#199=FACE_OUTER_BOUND('',#308,.T.);
#200=CYLINDRICAL_SURFACE('',#309,0.0002);
#201=FACE_OUTER_BOUND('',#310,.T.);
#202=CYLINDRICAL_SURFACE('',#311,0.0002);
#203=FACE_OUTER_BOUND('',#312,.T.);
#204=CYLINDRICAL_SURFACE('',#313,0.0002);
#205=FACE_OUTER_BOUND('',#314,.T.);
#206=CYLINDRICAL_SURFACE('',#315,0.0002);
#207=FACE_OUTER_BOUND('',#316,.T.);
#208=CYLINDRICAL_SURFACE('',#317,0.0002);
#209=FACE_OUTER_BOUND('',#318,.T.);
#210=CYLINDRICAL_SURFACE('',#319,0.0002);
#211=FACE_OUTER_BOUND('',#320,.T.);
#212=PLANE('',#321);
#213=FACE_OUTER_BOUND('',#322,.T.);
#214=PLANE('',#323);
#215=FILL_AREA_STYLE('',(#324));
#216=EDGE_LOOP('',(#325,#326,#327,#328,#329,#330));
#217=AXIS2_PLACEMENT_3D('',#331,#332,#333);
#218=EDGE_LOOP('',(#334,#335,#336,#337,#338,#339));
#219=AXIS2_PLACEMENT_3D('',#340,#341,#342);
#220=EDGE_LOOP('',(#343,#344,#345,#346,#347,#348));
#221=AXIS2_PLACEMENT_3D('',#349,#350,#351);
#222=EDGE_LOOP('',(#352,#353,#354,#355,#356,#357));
#223=AXIS2_PLACEMENT_3D('',#358,#359,#360);
#224=EDGE_LOOP('',(#361,#362,#363,#364,#365,#366));
#225=AXIS2_PLACEMENT_3D('',#367,#368,#369);
#226=EDGE_LOOP('',(#370,#371,#372,#373,#374,#375));
#227=AXIS2_PLACEMENT_3D('',#376,#377,#378);
#228=EDGE_LOOP('',(#379,#380,#381,#382,#383,#384));
#229=AXIS2_PLACEMENT_3D('',#385,#386,#387);
#230=EDGE_LOOP('',(#388,#389,#390,#391,#392,#393));
#231=AXIS2_PLACEMENT_3D('',#394,#395,#396);
#232=EDGE_LOOP('',(#397,#398,#399,#400,#401,#402));
#233=AXIS2_PLACEMENT_3D('',#403,#404,#405);
#234=EDGE_LOOP('',(#406,#407,#408,#409,#410,#411));
#235=AXIS2_PLACEMENT_3D('',#412,#413,#414);
#236=EDGE_LOOP('',(#415,#416,#417,#418,#419,#420));
#237=AXIS2_PLACEMENT_3D('',#421,#422,#423);
#238=EDGE_LOOP('',(#424,#425,#426,#427,#428,#429));
#239=AXIS2_PLACEMENT_3D('',#430,#431,#432);
#240=EDGE_LOOP('',(#433,#434,#435,#436,#437,#438,#439,#440,#441,#442,#443,#444,#445,#446,#447,#448));
#241=AXIS2_PLACEMENT_3D('',#449,#450,#451);
#242=EDGE_LOOP('',(#452,#453,#454,#455,#456,#457));
#243=AXIS2_PLACEMENT_3D('',#458,#459,#460);
#244=EDGE_LOOP('',(#461,#462,#463,#464,#465,#466,#467,#468,#469,#470,#471,#472,#473,#474,#475,#476));
#245=AXIS2_PLACEMENT_3D('',#477,#478,#479);
#246=EDGE_LOOP('',(#480,#481,#482,#483,#484,#485));
#247=AXIS2_PLACEMENT_3D('',#486,#487,#488);
#248=EDGE_LOOP('',(#489,#490,#491,#492,#493,#494,#495,#496,#497,#498,#499,#500,#501,#502,#503,#504));
#249=AXIS2_PLACEMENT_3D('',#505,#506,#507);
#250=EDGE_LOOP('',(#508,#509,#510,#511,#512,#513));
#251=AXIS2_PLACEMENT_3D('',#514,#515,#516);
#252=EDGE_LOOP('',(#517,#518,#519,#520,#521,#522,#523,#524,#525,#526,#527,#528,#529,#530,#531,#532));
#253=AXIS2_PLACEMENT_3D('',#533,#534,#535);
#254=EDGE_LOOP('',(#536,#537,#538,#539,#540,#541));
#255=AXIS2_PLACEMENT_3D('',#542,#543,#544);
#256=EDGE_LOOP('',(#545,#546,#547,#548,#549,#550));
#257=AXIS2_PLACEMENT_3D('',#551,#552,#553);
#258=EDGE_LOOP('',(#554,#555,#556,#557,#558,#559));
#259=AXIS2_PLACEMENT_3D('',#560,#561,#562);
#260=EDGE_LOOP('',(#563,#564,#565,#566,#567,#568));
#261=AXIS2_PLACEMENT_3D('',#569,#570,#571);
#262=EDGE_LOOP('',(#572,#573,#574,#575,#576,#577));
#263=AXIS2_PLACEMENT_3D('',#578,#579,#580);
#264=EDGE_LOOP('',(#581,#582,#583,#584,#585,#586));
#265=AXIS2_PLACEMENT_3D('',#587,#588,#589);
#266=EDGE_LOOP('',(#590,#591,#592,#593,#594,#595));
#267=AXIS2_PLACEMENT_3D('',#596,#597,#598);
#268=EDGE_LOOP('',(#599,#600,#601,#602,#603,#604));
#269=AXIS2_PLACEMENT_3D('',#605,#606,#607);
#270=EDGE_LOOP('',(#608,#609,#610,#611,#612,#613));
#271=AXIS2_PLACEMENT_3D('',#614,#615,#616);
#272=EDGE_LOOP('',(#617,#618,#619,#620,#621,#622));
#273=AXIS2_PLACEMENT_3D('',#623,#624,#625);
#274=EDGE_LOOP('',(#626,#627,#628,#629,#630,#631));
#275=AXIS2_PLACEMENT_3D('',#632,#633,#634);
#276=EDGE_LOOP('',(#635,#636,#637,#638,#639,#640));
#277=AXIS2_PLACEMENT_3D('',#641,#642,#643);
#278=EDGE_LOOP('',(#644,#645,#646,#647,#648,#649));
#279=AXIS2_PLACEMENT_3D('',#650,#651,#652);
#280=EDGE_LOOP('',(#653,#654,#655,#656,#657,#658));
#281=AXIS2_PLACEMENT_3D('',#659,#660,#661);
#282=EDGE_LOOP('',(#662,#663,#664,#665,#666,#667));
#283=AXIS2_PLACEMENT_3D('',#668,#669,#670);
#284=EDGE_LOOP('',(#671,#672,#673,#674,#675,#676));
#285=AXIS2_PLACEMENT_3D('',#677,#678,#679);
#286=EDGE_LOOP('',(#680,#681,#682,#683,#684,#685));
#287=AXIS2_PLACEMENT_3D('',#686,#687,#688);
#288=EDGE_LOOP('',(#689,#690,#691,#692,#693,#694));
#289=AXIS2_PLACEMENT_3D('',#695,#696,#697);
#290=EDGE_LOOP('',(#698,#699,#700,#701,#702,#703));
#291=AXIS2_PLACEMENT_3D('',#704,#705,#706);
#292=EDGE_LOOP('',(#707,#708,#709,#710,#711,#712));
#293=AXIS2_PLACEMENT_3D('',#713,#714,#715);
#294=EDGE_LOOP('',(#716,#717,#718,#719,#720,#721));
#295=AXIS2_PLACEMENT_3D('',#722,#723,#724);
#296=EDGE_LOOP('',(#725,#726,#727,#728,#729,#730));
#297=AXIS2_PLACEMENT_3D('',#731,#732,#733);
#298=EDGE_LOOP('',(#734,#735,#736,#737,#738,#739));
#299=AXIS2_PLACEMENT_3D('',#740,#741,#742);
#300=EDGE_LOOP('',(#743,#744,#745,#746,#747,#748));
#301=AXIS2_PLACEMENT_3D('',#749,#750,#751);
#302=EDGE_LOOP('',(#752,#753,#754,#755,#756,#757));
#303=AXIS2_PLACEMENT_3D('',#758,#759,#760);
#304=EDGE_LOOP('',(#761,#762,#763,#764,#765,#766));
#305=AXIS2_PLACEMENT_3D('',#767,#768,#769);
#306=EDGE_LOOP('',(#770,#771,#772,#773,#774,#775));
#307=AXIS2_PLACEMENT_3D('',#776,#777,#778);
#308=EDGE_LOOP('',(#779,#780,#781,#782,#783,#784));
#309=AXIS2_PLACEMENT_3D('',#785,#786,#787);
#310=EDGE_LOOP('',(#788,#789,#790,#791,#792,#793));
#311=AXIS2_PLACEMENT_3D('',#794,#795,#796);
#312=EDGE_LOOP('',(#797,#798,#799,#800,#801,#802));
#313=AXIS2_PLACEMENT_3D('',#803,#804,#805);
#314=EDGE_LOOP('',(#806,#807,#808,#809,#810,#811));
#315=AXIS2_PLACEMENT_3D('',#812,#813,#814);
#316=EDGE_LOOP('',(#815,#816,#817,#818,#819,#820));
#317=AXIS2_PLACEMENT_3D('',#821,#822,#823);
#318=EDGE_LOOP('',(#824,#825,#826,#827,#828,#829));
#319=AXIS2_PLACEMENT_3D('',#830,#831,#832);
#320=EDGE_LOOP('',(#833,#834,#835,#836,#837,#838,#839,#840,#841,#842,#843,#844,#845,#846,#847,#848));
#321=AXIS2_PLACEMENT_3D('',#849,#850,#851);
#322=EDGE_LOOP('',(#852,#853,#854,#855,#856,#857,#858,#859,#860,#861,#862,#863,#864,#865,#866,#867));
#323=AXIS2_PLACEMENT_3D('',#868,#869,#870);
#324=FILL_AREA_STYLE_COLOUR('',#871);
#325=ORIENTED_EDGE('',*,*,#872,.F.);
#326=ORIENTED_EDGE('',*,*,#873,.F.);
#327=ORIENTED_EDGE('',*,*,#874,.F.);
#328=ORIENTED_EDGE('',*,*,#875,.F.);
#329=ORIENTED_EDGE('',*,*,#876,.T.);
#330=ORIENTED_EDGE('',*,*,#877,.T.);
#331=CARTESIAN_POINT('',(0.01,0.0,-7.66646708341687E-20));
#332=DIRECTION('',(-0.707106781186548,0.0,0.707106781186547));
#333=DIRECTION('',(0.707106781186547,0.0,0.707106781186548));
#334=ORIENTED_EDGE('',*,*,#878,.F.);
#335=ORIENTED_EDGE('',*,*,#879,.F.);
#336=ORIENTED_EDGE('',*,*,#880,.F.);
#337=ORIENTED_EDGE('',*,*,#881,.F.);
#338=ORIENTED_EDGE('',*,*,#882,.T.);
#339=ORIENTED_EDGE('',*,*,#883,.T.);
#340=CARTESIAN_POINT('',(0.0,-0.01,-7.66646708341687E-20));
#341=DIRECTION('',(0.0,0.707106781186548,0.707106781186547));
#342=DIRECTION('',(0.0,-0.707106781186547,0.707106781186548));
#343=ORIENTED_EDGE('',*,*,#884,.F.);
#344=ORIENTED_EDGE('',*,*,#885,.T.);
#345=ORIENTED_EDGE('',*,*,#886,.T.);
#346=ORIENTED_EDGE('',*,*,#887,.F.);
#347=ORIENTED_EDGE('',*,*,#888,.F.);
#348=ORIENTED_EDGE('',*,*,#889,.F.);
#349=CARTESIAN_POINT('',(7.66646708341687E-20,0.0,0.01));
#350=DIRECTION('',(-0.707106781186547,0.0,-0.707106781186548));
#351=DIRECTION('',(-0.707106781186548,0.0,0.707106781186547));
#352=ORIENTED_EDGE('',*,*,#890,.F.);
#353=ORIENTED_EDGE('',*,*,#891,.F.);
#354=ORIENTED_EDGE('',*,*,#892,.F.);
#355=ORIENTED_EDGE('',*,*,#893,.F.);
#356=ORIENTED_EDGE('',*,*,#894,.T.);
#357=ORIENTED_EDGE('',*,*,#876,.F.);
#358=CARTESIAN_POINT('',(0.0,0.01,7.66646708341687E-20));
#359=DIRECTION('',(0.0,-0.707106781186548,0.707106781186547));
#360=DIRECTION('',(0.0,-0.707106781186547,-0.707106781186548));
#361=ORIENTED_EDGE('',*,*,#895,.F.);
#362=ORIENTED_EDGE('',*,*,#874,.T.);
#363=ORIENTED_EDGE('',*,*,#896,.T.);
#364=ORIENTED_EDGE('',*,*,#897,.F.);
#365=ORIENTED_EDGE('',*,*,#898,.T.);
#366=ORIENTED_EDGE('',*,*,#891,.T.);
#367=CARTESIAN_POINT('',(0.01,7.66646708341687E-20,0.0));
#368=DIRECTION('',(-0.707106781186548,0.707106781186547,0.0));
#369=DIRECTION('',(-0.707106781186547,-0.707106781186548,0.0));
#370=ORIENTED_EDGE('',*,*,#899,.F.);
#371=ORIENTED_EDGE('',*,*,#900,.T.);
#372=ORIENTED_EDGE('',*,*,#901,.T.);
#373=ORIENTED_EDGE('',*,*,#902,.F.);
#374=ORIENTED_EDGE('',*,*,#880,.T.);
#375=ORIENTED_EDGE('',*,*,#903,.T.);
#376=CARTESIAN_POINT('',(0.01,7.66646708341687E-20,0.0));
#377=DIRECTION('',(-0.707106781186548,-0.707106781186547,0.0));
#378=DIRECTION('',(0.707106781186547,-0.707106781186548,0.0));
#379=ORIENTED_EDGE('',*,*,#904,.F.);
#380=ORIENTED_EDGE('',*,*,#905,.T.);
#381=ORIENTED_EDGE('',*,*,#906,.T.);
#382=ORIENTED_EDGE('',*,*,#907,.F.);
#383=ORIENTED_EDGE('',*,*,#908,.F.);
#384=ORIENTED_EDGE('',*,*,#909,.F.);
#385=CARTESIAN_POINT('',(0.0,0.01,7.66646708341687E-20));
#386=DIRECTION('',(0.0,-0.707106781186548,-0.707106781186547));
#387=DIRECTION('',(0.0,0.707106781186547,-0.707106781186548));
#388=ORIENTED_EDGE('',*,*,#910,.F.);
#389=ORIENTED_EDGE('',*,*,#911,.T.);
#390=ORIENTED_EDGE('',*,*,#912,.T.);
#391=ORIENTED_EDGE('',*,*,#913,.F.);
#392=ORIENTED_EDGE('',*,*,#914,.T.);
#393=ORIENTED_EDGE('',*,*,#888,.T.);
#394=CARTESIAN_POINT('',(-7.66646708341687E-20,0.01,0.0));
#395=DIRECTION('',(-0.707106781186547,-0.707106781186548,0.0));
#396=DIRECTION('',(0.707106781186548,-0.707106781186547,0.0));
#397=ORIENTED_EDGE('',*,*,#915,.F.);
#398=ORIENTED_EDGE('',*,*,#916,.T.);
#399=ORIENTED_EDGE('',*,*,#917,.F.);
#400=ORIENTED_EDGE('',*,*,#918,.F.);
#401=ORIENTED_EDGE('',*,*,#919,.T.);
#402=ORIENTED_EDGE('',*,*,#920,.T.);
#403=CARTESIAN_POINT('',(-7.66646708341687E-20,0.0,-0.01));
#404=DIRECTION('',(-0.707106781186547,0.0,0.707106781186548));
#405=DIRECTION('',(0.707106781186548,0.0,0.707106781186547));
#406=ORIENTED_EDGE('',*,*,#921,.F.);
#407=ORIENTED_EDGE('',*,*,#922,.T.);
#408=ORIENTED_EDGE('',*,*,#923,.T.);
#409=ORIENTED_EDGE('',*,*,#924,.F.);
#410=ORIENTED_EDGE('',*,*,#925,.T.);
#411=ORIENTED_EDGE('',*,*,#926,.T.);
#412=CARTESIAN_POINT('',(7.66646708341687E-20,-0.01,0.0));
#413=DIRECTION('',(-0.707106781186547,0.707106781186548,0.0));
#414=DIRECTION('',(-0.707106781186548,-0.707106781186547,0.0));
#415=ORIENTED_EDGE('',*,*,#927,.F.);
#416=ORIENTED_EDGE('',*,*,#928,.T.);
#417=ORIENTED_EDGE('',*,*,#929,.T.);
#418=ORIENTED_EDGE('',*,*,#930,.F.);
#419=ORIENTED_EDGE('',*,*,#931,.F.);
#420=ORIENTED_EDGE('',*,*,#908,.T.);
#421=CARTESIAN_POINT('',(0.01,0.0,-7.66646708341687E-20));
#422=DIRECTION('',(-0.707106781186548,0.0,-0.707106781186547));
#423=DIRECTION('',(-0.707106781186547,0.0,0.707106781186548));
#424=ORIENTED_EDGE('',*,*,#932,.F.);
#425=ORIENTED_EDGE('',*,*,#933,.F.);
#426=ORIENTED_EDGE('',*,*,#934,.T.);
#427=ORIENTED_EDGE('',*,*,#935,.F.);
#428=ORIENTED_EDGE('',*,*,#936,.T.);
#429=ORIENTED_EDGE('',*,*,#937,.F.);
#430=CARTESIAN_POINT('',(0.0,7.66646708341687E-20,-0.01));
#431=DIRECTION('',(0.0,-0.707106781186547,0.707106781186548));
#432=DIRECTION('',(0.0,-0.707106781186548,-0.707106781186547));
#433=ORIENTED_EDGE('',*,*,#938,.T.);
#434=ORIENTED_EDGE('',*,*,#939,.T.);
#435=ORIENTED_EDGE('',*,*,#940,.T.);
#436=ORIENTED_EDGE('',*,*,#941,.T.);
#437=ORIENTED_EDGE('',*,*,#942,.T.);
#438=ORIENTED_EDGE('',*,*,#943,.T.);
#439=ORIENTED_EDGE('',*,*,#944,.T.);
#440=ORIENTED_EDGE('',*,*,#945,.T.);
#441=ORIENTED_EDGE('',*,*,#946,.T.);
#442=ORIENTED_EDGE('',*,*,#947,.T.);
#443=ORIENTED_EDGE('',*,*,#948,.T.);
#444=ORIENTED_EDGE('',*,*,#949,.T.);
#445=ORIENTED_EDGE('',*,*,#950,.T.);
#446=ORIENTED_EDGE('',*,*,#951,.T.);
#447=ORIENTED_EDGE('',*,*,#952,.T.);
#448=ORIENTED_EDGE('',*,*,#953,.T.);
#449=CARTESIAN_POINT('',(0.0,0.0,-0.01));
#450=DIRECTION('',(0.0,0.0,1.0));
#451=DIRECTION('',(1.0,0.0,0.0));
#452=ORIENTED_EDGE('',*,*,#945,.F.);
#453=ORIENTED_EDGE('',*,*,#954,.T.);
#454=ORIENTED_EDGE('',*,*,#955,.T.);
#455=ORIENTED_EDGE('',*,*,#942,.F.);
#456=ORIENTED_EDGE('',*,*,#956,.T.);
#457=ORIENTED_EDGE('',*,*,#933,.T.);
#458=CARTESIAN_POINT('',(0.01,-0.01,-0.01));
#459=DIRECTION('',(-0.707106781186547,0.707106781186547,0.0));
#460=DIRECTION('',(-0.707106781186548,-0.707106781186548,0.0));
#461=ORIENTED_EDGE('',*,*,#943,.F.);
#462=ORIENTED_EDGE('',*,*,#957,.F.);
#463=ORIENTED_EDGE('',*,*,#958,.F.);
#464=ORIENTED_EDGE('',*,*,#940,.F.);
#465=ORIENTED_EDGE('',*,*,#959,.F.);
#466=ORIENTED_EDGE('',*,*,#960,.F.);
#467=ORIENTED_EDGE('',*,*,#961,.F.);
#468=ORIENTED_EDGE('',*,*,#962,.F.);
#469=ORIENTED_EDGE('',*,*,#963,.T.);
#470=ORIENTED_EDGE('',*,*,#964,.F.);
#471=ORIENTED_EDGE('',*,*,#965,.F.);
#472=ORIENTED_EDGE('',*,*,#966,.T.);
#473=ORIENTED_EDGE('',*,*,#967,.F.);
#474=ORIENTED_EDGE('',*,*,#968,.F.);
#475=ORIENTED_EDGE('',*,*,#969,.F.);
#476=ORIENTED_EDGE('',*,*,#970,.F.);
#477=CARTESIAN_POINT('',(0.01,0.0,0.0));
#478=DIRECTION('',(1.0,0.0,0.0));
#479=DIRECTION('',(0.0,1.0,0.0));
#480=ORIENTED_EDGE('',*,*,#941,.F.);
#481=ORIENTED_EDGE('',*,*,#971,.T.);
#482=ORIENTED_EDGE('',*,*,#972,.T.);
#483=ORIENTED_EDGE('',*,*,#938,.F.);
#484=ORIENTED_EDGE('',*,*,#909,.T.);
#485=ORIENTED_EDGE('',*,*,#931,.T.);
#486=CARTESIAN_POINT('',(0.0,0.0,-0.01));
#487=DIRECTION('',(0.707106781186548,0.707106781186548,0.0));
#488=DIRECTION('',(-0.707106781186547,0.707106781186547,0.0));
#489=ORIENTED_EDGE('',*,*,#966,.F.);
#490=ORIENTED_EDGE('',*,*,#973,.F.);
#491=ORIENTED_EDGE('',*,*,#974,.F.);
#492=ORIENTED_EDGE('',*,*,#963,.F.);
#493=ORIENTED_EDGE('',*,*,#975,.F.);
#494=ORIENTED_EDGE('',*,*,#976,.F.);
#495=ORIENTED_EDGE('',*,*,#977,.F.);
#496=ORIENTED_EDGE('',*,*,#978,.F.);
#497=ORIENTED_EDGE('',*,*,#979,.F.);
#498=ORIENTED_EDGE('',*,*,#980,.F.);
#499=ORIENTED_EDGE('',*,*,#981,.F.);
#500=ORIENTED_EDGE('',*,*,#982,.F.);
#501=ORIENTED_EDGE('',*,*,#983,.F.);
#502=ORIENTED_EDGE('',*,*,#984,.F.);
#503=ORIENTED_EDGE('',*,*,#985,.F.);
#504=ORIENTED_EDGE('',*,*,#986,.F.);
#505=CARTESIAN_POINT('',(0.0,0.0,0.01));
#506=DIRECTION('',(0.0,0.0,1.0));
#507=DIRECTION('',(1.0,0.0,0.0));
#508=ORIENTED_EDGE('',*,*,#985,.T.);
#509=ORIENTED_EDGE('',*,*,#883,.F.);
#510=ORIENTED_EDGE('',*,*,#987,.F.);
#511=ORIENTED_EDGE('',*,*,#973,.T.);
#512=ORIENTED_EDGE('',*,*,#988,.F.);
#513=ORIENTED_EDGE('',*,*,#989,.F.);
#514=CARTESIAN_POINT('',(0.01,-0.01,0.01));
#515=DIRECTION('',(-0.707106781186547,0.707106781186547,0.0));
#516=DIRECTION('',(-0.707106781186548,-0.707106781186548,0.0));
#517=ORIENTED_EDGE('',*,*,#947,.F.);
#518=ORIENTED_EDGE('',*,*,#990,.T.);
#519=ORIENTED_EDGE('',*,*,#991,.T.);
#520=ORIENTED_EDGE('',*,*,#944,.F.);
#521=ORIENTED_EDGE('',*,*,#970,.T.);
#522=ORIENTED_EDGE('',*,*,#992,.T.);
#523=ORIENTED_EDGE('',*,*,#993,.T.);
#524=ORIENTED_EDGE('',*,*,#967,.T.);
#525=ORIENTED_EDGE('',*,*,#986,.T.);
#526=ORIENTED_EDGE('',*,*,#994,.T.);
#527=ORIENTED_EDGE('',*,*,#995,.T.);
#528=ORIENTED_EDGE('',*,*,#983,.T.);
#529=ORIENTED_EDGE('',*,*,#996,.F.);
#530=ORIENTED_EDGE('',*,*,#997,.T.);
#531=ORIENTED_EDGE('',*,*,#998,.T.);
#532=ORIENTED_EDGE('',*,*,#999,.F.);
#533=CARTESIAN_POINT('',(0.0,-0.01,0.0));
#534=DIRECTION('',(0.0,1.0,-0.0));
#535=DIRECTION('',(-1.0,0.0,0.0));
#536=ORIENTED_EDGE('',*,*,#964,.T.);
#537=ORIENTED_EDGE('',*,*,#1000,.T.);
#538=ORIENTED_EDGE('',*,*,#1001,.T.);
#539=ORIENTED_EDGE('',*,*,#961,.T.);
#540=ORIENTED_EDGE('',*,*,#896,.F.);
#541=ORIENTED_EDGE('',*,*,#873,.T.);
#542=CARTESIAN_POINT('',(0.01,0.0,0.0));
#543=DIRECTION('',(0.0,0.707106781186548,0.707106781186548));
#544=DIRECTION('',(0.0,-0.707106781186547,0.707106781186547));
#545=ORIENTED_EDGE('',*,*,#1002,.F.);
#546=ORIENTED_EDGE('',*,*,#926,.F.);
#547=ORIENTED_EDGE('',*,*,#1003,.T.);
#548=ORIENTED_EDGE('',*,*,#1004,.F.);
#549=ORIENTED_EDGE('',*,*,#1005,.T.);
#550=ORIENTED_EDGE('',*,*,#1006,.F.);
#551=CARTESIAN_POINT('',(-0.01,-0.01,0.01));
#552=DIRECTION('',(0.0,0.707106781186547,-0.707106781186547));
#553=DIRECTION('',(0.0,0.707106781186548,0.707106781186548));
#554=ORIENTED_EDGE('',*,*,#998,.F.);
#555=ORIENTED_EDGE('',*,*,#1007,.T.);
#556=ORIENTED_EDGE('',*,*,#1008,.T.);
#557=ORIENTED_EDGE('',*,*,#990,.F.);
#558=ORIENTED_EDGE('',*,*,#1009,.F.);
#559=ORIENTED_EDGE('',*,*,#1010,.T.);
#560=CARTESIAN_POINT('',(-0.01,-0.01,-0.01));
#561=DIRECTION('',(0.707106781186547,0.0,0.707106781186547));
#562=DIRECTION('',(0.707106781186548,0.0,-0.707106781186548));
#563=ORIENTED_EDGE('',*,*,#997,.F.);
#564=ORIENTED_EDGE('',*,*,#1006,.T.);
#565=ORIENTED_EDGE('',*,*,#1011,.T.);
#566=ORIENTED_EDGE('',*,*,#995,.F.);
#567=ORIENTED_EDGE('',*,*,#1012,.T.);
#568=ORIENTED_EDGE('',*,*,#922,.F.);
#569=CARTESIAN_POINT('',(-0.01,-0.01,0.01));
#570=DIRECTION('',(0.707106781186547,0.0,-0.707106781186547));
#571=DIRECTION('',(-0.707106781186548,0.0,-0.707106781186548));
#572=ORIENTED_EDGE('',*,*,#994,.F.);
#573=ORIENTED_EDGE('',*,*,#989,.T.);
#574=ORIENTED_EDGE('',*,*,#1013,.T.);
#575=ORIENTED_EDGE('',*,*,#993,.F.);
#576=ORIENTED_EDGE('',*,*,#903,.F.);
#577=ORIENTED_EDGE('',*,*,#879,.T.);
#578=CARTESIAN_POINT('',(0.01,-0.01,0.01));
#579=DIRECTION('',(-0.707106781186547,0.0,-0.707106781186547));
#580=DIRECTION('',(-0.707106781186548,0.0,0.707106781186548));
#581=ORIENTED_EDGE('',*,*,#968,.T.);
#582=ORIENTED_EDGE('',*,*,#1013,.F.);
#583=ORIENTED_EDGE('',*,*,#988,.T.);
#584=ORIENTED_EDGE('',*,*,#965,.T.);
#585=ORIENTED_EDGE('',*,*,#1014,.T.);
#586=ORIENTED_EDGE('',*,*,#900,.F.);
#587=CARTESIAN_POINT('',(0.01,0.0,0.0));
#588=DIRECTION('',(0.0,-0.707106781186548,0.707106781186548));
#589=DIRECTION('',(0.0,-0.707106781186547,-0.707106781186547));
#590=ORIENTED_EDGE('',*,*,#946,.F.);
#591=ORIENTED_EDGE('',*,*,#1015,.T.);
#592=ORIENTED_EDGE('',*,*,#1016,.T.);
#593=ORIENTED_EDGE('',*,*,#949,.F.);
#594=ORIENTED_EDGE('',*,*,#1017,.T.);
#595=ORIENTED_EDGE('',*,*,#1009,.T.);
#596=CARTESIAN_POINT('',(-0.01,-0.01,-0.01));
#597=DIRECTION('',(0.707106781186547,0.707106781186547,0.0));
#598=DIRECTION('',(-0.707106781186548,0.707106781186548,0.0));
#599=ORIENTED_EDGE('',*,*,#932,.T.);
#600=ORIENTED_EDGE('',*,*,#1008,.F.);
#601=ORIENTED_EDGE('',*,*,#1018,.T.);
#602=ORIENTED_EDGE('',*,*,#935,.T.);
#603=ORIENTED_EDGE('',*,*,#1019,.T.);
#604=ORIENTED_EDGE('',*,*,#1015,.F.);
#605=CARTESIAN_POINT('',(0.0,7.66646708341687E-20,-0.01));
#606=DIRECTION('',(0.0,-0.707106781186547,0.707106781186548));
#607=DIRECTION('',(0.0,-0.707106781186548,-0.707106781186547));
#608=ORIENTED_EDGE('',*,*,#927,.T.);
#609=ORIENTED_EDGE('',*,*,#934,.F.);
#610=ORIENTED_EDGE('',*,*,#956,.F.);
#611=ORIENTED_EDGE('',*,*,#930,.T.);
#612=ORIENTED_EDGE('',*,*,#1020,.F.);
#613=ORIENTED_EDGE('',*,*,#1021,.T.);
#614=CARTESIAN_POINT('',(0.01,0.0,-7.66646708341687E-20));
#615=DIRECTION('',(-0.707106781186548,0.0,-0.707106781186547));
#616=DIRECTION('',(-0.707106781186547,0.0,0.707106781186548));
#617=ORIENTED_EDGE('',*,*,#921,.T.);
#618=ORIENTED_EDGE('',*,*,#1022,.F.);
#619=ORIENTED_EDGE('',*,*,#1023,.F.);
#620=ORIENTED_EDGE('',*,*,#924,.T.);
#621=ORIENTED_EDGE('',*,*,#1018,.F.);
#622=ORIENTED_EDGE('',*,*,#1007,.F.);
#623=CARTESIAN_POINT('',(7.66646708341687E-20,-0.01,0.0));
#624=DIRECTION('',(-0.707106781186547,0.707106781186548,0.0));
#625=DIRECTION('',(-0.707106781186548,-0.707106781186547,0.0));
#626=ORIENTED_EDGE('',*,*,#991,.F.);
#627=ORIENTED_EDGE('',*,*,#937,.T.);
#628=ORIENTED_EDGE('',*,*,#1024,.T.);
#629=ORIENTED_EDGE('',*,*,#992,.F.);
#630=ORIENTED_EDGE('',*,*,#1025,.T.);
#631=ORIENTED_EDGE('',*,*,#954,.F.);
#632=CARTESIAN_POINT('',(0.01,-0.01,-0.01));
#633=DIRECTION('',(-0.707106781186547,0.0,0.707106781186547));
#634=DIRECTION('',(0.707106781186548,0.0,0.707106781186548));
#635=ORIENTED_EDGE('',*,*,#915,.T.);
#636=ORIENTED_EDGE('',*,*,#1023,.T.);
#637=ORIENTED_EDGE('',*,*,#1026,.F.);
#638=ORIENTED_EDGE('',*,*,#918,.T.);
#639=ORIENTED_EDGE('',*,*,#1016,.F.);
#640=ORIENTED_EDGE('',*,*,#1019,.F.);
#641=CARTESIAN_POINT('',(-7.66646708341687E-20,0.0,-0.01));
#642=DIRECTION('',(-0.707106781186547,0.0,0.707106781186548));
#643=DIRECTION('',(0.707106781186548,0.0,0.707106781186547));
#644=ORIENTED_EDGE('',*,*,#1027,.F.);
#645=ORIENTED_EDGE('',*,*,#1026,.T.);
#646=ORIENTED_EDGE('',*,*,#1022,.T.);
#647=ORIENTED_EDGE('',*,*,#1028,.F.);
#648=ORIENTED_EDGE('',*,*,#1010,.F.);
#649=ORIENTED_EDGE('',*,*,#1017,.F.);
#650=CARTESIAN_POINT('',(-0.01,-0.01,-0.01));
#651=DIRECTION('',(0.0,0.707106781186547,0.707106781186547));
#652=DIRECTION('',(0.0,-0.707106781186548,0.707106781186548));
#653=ORIENTED_EDGE('',*,*,#910,.T.);
#654=ORIENTED_EDGE('',*,*,#920,.F.);
#655=ORIENTED_EDGE('',*,*,#1029,.F.);
#656=ORIENTED_EDGE('',*,*,#913,.T.);
#657=ORIENTED_EDGE('',*,*,#1030,.F.);
#658=ORIENTED_EDGE('',*,*,#1031,.F.);
#659=CARTESIAN_POINT('',(-7.66646708341687E-20,0.01,0.0));
#660=DIRECTION('',(-0.707106781186547,-0.707106781186548,0.0));
#661=DIRECTION('',(0.707106781186548,-0.707106781186547,0.0));
#662=ORIENTED_EDGE('',*,*,#904,.T.);
#663=ORIENTED_EDGE('',*,*,#1032,.F.);
#664=ORIENTED_EDGE('',*,*,#916,.F.);
#665=ORIENTED_EDGE('',*,*,#907,.T.);
#666=ORIENTED_EDGE('',*,*,#1031,.T.);
#667=ORIENTED_EDGE('',*,*,#1033,.T.);
#668=CARTESIAN_POINT('',(0.0,0.01,7.66646708341687E-20));
#669=DIRECTION('',(0.0,-0.707106781186548,-0.707106781186547));
#670=DIRECTION('',(0.0,0.707106781186547,-0.707106781186548));
#671=ORIENTED_EDGE('',*,*,#1034,.T.);
#672=ORIENTED_EDGE('',*,*,#1035,.T.);
#673=ORIENTED_EDGE('',*,*,#905,.F.);
#674=ORIENTED_EDGE('',*,*,#1036,.T.);
#675=ORIENTED_EDGE('',*,*,#972,.F.);
#676=ORIENTED_EDGE('',*,*,#1037,.F.);
#677=CARTESIAN_POINT('',(0.0,0.01,0.0));
#678=DIRECTION('',(0.707106781186548,0.0,-0.707106781186548));
#679=DIRECTION('',(-0.707106781186547,0.0,-0.707106781186547));
#680=ORIENTED_EDGE('',*,*,#899,.T.);
#681=ORIENTED_EDGE('',*,*,#1024,.F.);
#682=ORIENTED_EDGE('',*,*,#936,.F.);
#683=ORIENTED_EDGE('',*,*,#902,.T.);
#684=ORIENTED_EDGE('',*,*,#1021,.F.);
#685=ORIENTED_EDGE('',*,*,#1038,.F.);
#686=CARTESIAN_POINT('',(0.01,7.66646708341687E-20,0.0));
#687=DIRECTION('',(-0.707106781186548,-0.707106781186547,0.0));
#688=DIRECTION('',(0.707106781186547,-0.707106781186548,0.0));
#689=ORIENTED_EDGE('',*,*,#969,.T.);
#690=ORIENTED_EDGE('',*,*,#1038,.T.);
#691=ORIENTED_EDGE('',*,*,#1020,.T.);
#692=ORIENTED_EDGE('',*,*,#957,.T.);
#693=ORIENTED_EDGE('',*,*,#955,.F.);
#694=ORIENTED_EDGE('',*,*,#1025,.F.);
#695=CARTESIAN_POINT('',(0.01,0.0,0.0));
#696=DIRECTION('',(0.0,-0.707106781186548,-0.707106781186548));
#697=DIRECTION('',(0.0,0.707106781186547,-0.707106781186547));
#698=ORIENTED_EDGE('',*,*,#958,.T.);
#699=ORIENTED_EDGE('',*,*,#929,.F.);
#700=ORIENTED_EDGE('',*,*,#1039,.T.);
#701=ORIENTED_EDGE('',*,*,#960,.T.);
#702=ORIENTED_EDGE('',*,*,#1037,.T.);
#703=ORIENTED_EDGE('',*,*,#971,.F.);
#704=CARTESIAN_POINT('',(0.01,0.0,0.0));
#705=DIRECTION('',(0.0,0.707106781186548,-0.707106781186548));
#706=DIRECTION('',(0.0,0.707106781186547,0.707106781186547));
#707=ORIENTED_EDGE('',*,*,#895,.T.);
#708=ORIENTED_EDGE('',*,*,#906,.F.);
#709=ORIENTED_EDGE('',*,*,#1035,.F.);
#710=ORIENTED_EDGE('',*,*,#897,.T.);
#711=ORIENTED_EDGE('',*,*,#1039,.F.);
#712=ORIENTED_EDGE('',*,*,#928,.F.);
#713=CARTESIAN_POINT('',(0.01,7.66646708341687E-20,0.0));
#714=DIRECTION('',(-0.707106781186548,0.707106781186547,0.0));
#715=DIRECTION('',(-0.707106781186547,-0.707106781186548,0.0));
#716=ORIENTED_EDGE('',*,*,#890,.T.);
#717=ORIENTED_EDGE('',*,*,#886,.F.);
#718=ORIENTED_EDGE('',*,*,#1040,.T.);
#719=ORIENTED_EDGE('',*,*,#893,.T.);
#720=ORIENTED_EDGE('',*,*,#1041,.F.);
#721=ORIENTED_EDGE('',*,*,#911,.F.);
#722=CARTESIAN_POINT('',(0.0,0.01,7.66646708341687E-20));
#723=DIRECTION('',(0.0,-0.707106781186548,0.707106781186547));
#724=DIRECTION('',(0.0,-0.707106781186547,-0.707106781186548));
#725=ORIENTED_EDGE('',*,*,#884,.T.);
#726=ORIENTED_EDGE('',*,*,#1003,.F.);
#727=ORIENTED_EDGE('',*,*,#925,.F.);
#728=ORIENTED_EDGE('',*,*,#887,.T.);
#729=ORIENTED_EDGE('',*,*,#1042,.F.);
#730=ORIENTED_EDGE('',*,*,#1043,.T.);
#731=CARTESIAN_POINT('',(7.66646708341687E-20,0.0,0.01));
#732=DIRECTION('',(-0.707106781186547,0.0,-0.707106781186548));
#733=DIRECTION('',(-0.707106781186548,0.0,0.707106781186547));
#734=ORIENTED_EDGE('',*,*,#878,.T.);
#735=ORIENTED_EDGE('',*,*,#1044,.T.);
#736=ORIENTED_EDGE('',*,*,#1042,.T.);
#737=ORIENTED_EDGE('',*,*,#881,.T.);
#738=ORIENTED_EDGE('',*,*,#923,.F.);
#739=ORIENTED_EDGE('',*,*,#1012,.F.);
#740=CARTESIAN_POINT('',(0.0,-0.01,-7.66646708341687E-20));
#741=DIRECTION('',(0.0,0.707106781186548,0.707106781186547));
#742=DIRECTION('',(0.0,-0.707106781186547,0.707106781186548));
#743=ORIENTED_EDGE('',*,*,#872,.T.);
#744=ORIENTED_EDGE('',*,*,#987,.T.);
#745=ORIENTED_EDGE('',*,*,#882,.F.);
#746=ORIENTED_EDGE('',*,*,#875,.T.);
#747=ORIENTED_EDGE('',*,*,#901,.F.);
#748=ORIENTED_EDGE('',*,*,#1014,.F.);
#749=CARTESIAN_POINT('',(0.01,0.0,-7.66646708341687E-20));
#750=DIRECTION('',(-0.707106781186548,0.0,0.707106781186547));
#751=DIRECTION('',(0.707106781186547,0.0,0.707106781186548));
#752=ORIENTED_EDGE('',*,*,#1045,.T.);
#753=ORIENTED_EDGE('',*,*,#1046,.F.);
#754=ORIENTED_EDGE('',*,*,#1047,.F.);
#755=ORIENTED_EDGE('',*,*,#1048,.T.);
#756=ORIENTED_EDGE('',*,*,#1033,.F.);
#757=ORIENTED_EDGE('',*,*,#1030,.T.);
#758=CARTESIAN_POINT('',(0.0,0.01,0.0));
#759=DIRECTION('',(-0.707106781186548,0.0,-0.707106781186548));
#760=DIRECTION('',(-0.707106781186547,0.0,0.707106781186547));
#761=ORIENTED_EDGE('',*,*,#950,.F.);
#762=ORIENTED_EDGE('',*,*,#917,.T.);
#763=ORIENTED_EDGE('',*,*,#1032,.T.);
#764=ORIENTED_EDGE('',*,*,#953,.F.);
#765=ORIENTED_EDGE('',*,*,#1047,.T.);
#766=ORIENTED_EDGE('',*,*,#1049,.T.);
#767=CARTESIAN_POINT('',(0.0,0.0,-0.01));
#768=DIRECTION('',(-0.707106781186548,0.707106781186548,0.0));
#769=DIRECTION('',(-0.707106781186547,-0.707106781186547,0.0));
#770=ORIENTED_EDGE('',*,*,#1050,.F.);
#771=ORIENTED_EDGE('',*,*,#1049,.F.);
#772=ORIENTED_EDGE('',*,*,#1046,.T.);
#773=ORIENTED_EDGE('',*,*,#1051,.F.);
#774=ORIENTED_EDGE('',*,*,#1029,.T.);
#775=ORIENTED_EDGE('',*,*,#919,.F.);
#776=CARTESIAN_POINT('',(-0.01,0.01,-0.01));
#777=DIRECTION('',(0.0,-0.707106781186547,0.707106781186547));
#778=DIRECTION('',(0.0,-0.707106781186548,-0.707106781186548));
#779=ORIENTED_EDGE('',*,*,#1052,.T.);
#780=ORIENTED_EDGE('',*,*,#1053,.T.);
#781=ORIENTED_EDGE('',*,*,#1054,.F.);
#782=ORIENTED_EDGE('',*,*,#1055,.T.);
#783=ORIENTED_EDGE('',*,*,#912,.F.);
#784=ORIENTED_EDGE('',*,*,#1041,.T.);
#785=CARTESIAN_POINT('',(0.0,0.01,0.0));
#786=DIRECTION('',(-0.707106781186548,0.0,0.707106781186548));
#787=DIRECTION('',(0.707106781186547,0.0,0.707106781186547));
#788=ORIENTED_EDGE('',*,*,#1056,.T.);
#789=ORIENTED_EDGE('',*,*,#892,.T.);
#790=ORIENTED_EDGE('',*,*,#898,.F.);
#791=ORIENTED_EDGE('',*,*,#1057,.T.);
#792=ORIENTED_EDGE('',*,*,#1001,.F.);
#793=ORIENTED_EDGE('',*,*,#1058,.T.);
#794=CARTESIAN_POINT('',(0.0,0.01,0.0));
#795=DIRECTION('',(0.707106781186548,0.0,0.707106781186548));
#796=DIRECTION('',(0.707106781186547,0.0,-0.707106781186547));
#797=ORIENTED_EDGE('',*,*,#981,.T.);
#798=ORIENTED_EDGE('',*,*,#1043,.F.);
#799=ORIENTED_EDGE('',*,*,#1044,.F.);
#800=ORIENTED_EDGE('',*,*,#984,.T.);
#801=ORIENTED_EDGE('',*,*,#1011,.F.);
#802=ORIENTED_EDGE('',*,*,#1005,.F.);
#803=CARTESIAN_POINT('',(-0.01,-0.01,0.01));
#804=DIRECTION('',(0.707106781186547,0.707106781186547,0.0));
#805=DIRECTION('',(-0.707106781186548,0.707106781186548,0.0));
#806=ORIENTED_EDGE('',*,*,#1059,.F.);
#807=ORIENTED_EDGE('',*,*,#1054,.T.);
#808=ORIENTED_EDGE('',*,*,#1060,.T.);
#809=ORIENTED_EDGE('',*,*,#1061,.F.);
#810=ORIENTED_EDGE('',*,*,#889,.T.);
#811=ORIENTED_EDGE('',*,*,#914,.F.);
#812=CARTESIAN_POINT('',(-0.01,0.01,0.01));
#813=DIRECTION('',(0.0,-0.707106781186547,-0.707106781186547));
#814=DIRECTION('',(0.0,0.707106781186548,-0.707106781186548));
#815=ORIENTED_EDGE('',*,*,#980,.T.);
#816=ORIENTED_EDGE('',*,*,#1060,.F.);
#817=ORIENTED_EDGE('',*,*,#1053,.F.);
#818=ORIENTED_EDGE('',*,*,#977,.T.);
#819=ORIENTED_EDGE('',*,*,#1040,.F.);
#820=ORIENTED_EDGE('',*,*,#885,.F.);
#821=CARTESIAN_POINT('',(-0.01,0.01,0.01));
#822=DIRECTION('',(0.707106781186547,-0.707106781186547,0.0));
#823=DIRECTION('',(0.707106781186548,0.707106781186548,0.0));
#824=ORIENTED_EDGE('',*,*,#976,.T.);
#825=ORIENTED_EDGE('',*,*,#1058,.F.);
#826=ORIENTED_EDGE('',*,*,#1000,.F.);
#827=ORIENTED_EDGE('',*,*,#974,.T.);
#828=ORIENTED_EDGE('',*,*,#877,.F.);
#829=ORIENTED_EDGE('',*,*,#894,.F.);
#830=CARTESIAN_POINT('',(0.01,0.01,0.01));
#831=DIRECTION('',(-0.707106781186547,-0.707106781186547,0.0));
#832=DIRECTION('',(0.707106781186548,-0.707106781186548,0.0));
#833=ORIENTED_EDGE('',*,*,#952,.F.);
#834=ORIENTED_EDGE('',*,*,#1062,.F.);
#835=ORIENTED_EDGE('',*,*,#1045,.F.);
#836=ORIENTED_EDGE('',*,*,#1055,.F.);
#837=ORIENTED_EDGE('',*,*,#1063,.F.);
#838=ORIENTED_EDGE('',*,*,#978,.T.);
#839=ORIENTED_EDGE('',*,*,#1052,.F.);
#840=ORIENTED_EDGE('',*,*,#1056,.F.);
#841=ORIENTED_EDGE('',*,*,#975,.T.);
#842=ORIENTED_EDGE('',*,*,#962,.T.);
#843=ORIENTED_EDGE('',*,*,#1057,.F.);
#844=ORIENTED_EDGE('',*,*,#1034,.F.);
#845=ORIENTED_EDGE('',*,*,#959,.T.);
#846=ORIENTED_EDGE('',*,*,#939,.F.);
#847=ORIENTED_EDGE('',*,*,#1036,.F.);
#848=ORIENTED_EDGE('',*,*,#1048,.F.);
#849=CARTESIAN_POINT('',(0.0,0.01,0.0));
#850=DIRECTION('',(0.0,1.0,-0.0));
#851=DIRECTION('',(-1.0,0.0,0.0));
#852=ORIENTED_EDGE('',*,*,#948,.F.);
#853=ORIENTED_EDGE('',*,*,#999,.T.);
#854=ORIENTED_EDGE('',*,*,#1028,.T.);
#855=ORIENTED_EDGE('',*,*,#1002,.T.);
#856=ORIENTED_EDGE('',*,*,#996,.T.);
#857=ORIENTED_EDGE('',*,*,#982,.T.);
#858=ORIENTED_EDGE('',*,*,#1004,.T.);
#859=ORIENTED_EDGE('',*,*,#1061,.T.);
#860=ORIENTED_EDGE('',*,*,#979,.T.);
#861=ORIENTED_EDGE('',*,*,#1063,.T.);
#862=ORIENTED_EDGE('',*,*,#1059,.T.);
#863=ORIENTED_EDGE('',*,*,#1051,.T.);
#864=ORIENTED_EDGE('',*,*,#1062,.T.);
#865=ORIENTED_EDGE('',*,*,#951,.F.);
#866=ORIENTED_EDGE('',*,*,#1050,.T.);
#867=ORIENTED_EDGE('',*,*,#1027,.T.);
#868=CARTESIAN_POINT('',(-0.01,0.0,0.0));
#869=DIRECTION('',(1.0,0.0,0.0));
#870=DIRECTION('',(0.0,1.0,0.0));
#871=COLOUR_RGB('',0.560784339904785,0.686274528503418,0.560784339904785);
#872=EDGE_CURVE('',#1064,#1065,#1066,.T.);
#873=EDGE_CURVE('4:5517',#1067,#1064,#1068,.T.);
#874=EDGE_CURVE('4:5565',#1069,#1067,#1070,.T.);
#875=EDGE_CURVE('',#1071,#1069,#1072,.T.);
#876=EDGE_CURVE('4:5847',#1071,#1073,#1074,.T.);
#877=EDGE_CURVE('4:6252',#1073,#1065,#1075,.T.);
#878=EDGE_CURVE('',#1076,#1077,#1078,.T.);
#879=EDGE_CURVE('4:4845',#1079,#1076,#1080,.T.);
#880=EDGE_CURVE('4:4887',#1081,#1079,#1082,.T.);
#881=EDGE_CURVE('',#1071,#1081,#1083,.T.);
#882=EDGE_CURVE('4:5586',#1071,#1084,#1085,.T.);
#883=EDGE_CURVE('4:6024',#1084,#1077,#1086,.T.);
#884=EDGE_CURVE('',#1087,#1088,#1089,.T.);
#885=EDGE_CURVE('4:6129',#1087,#1090,#1091,.T.);
#886=EDGE_CURVE('4:6210',#1090,#1071,#1092,.T.);
#887=EDGE_CURVE('',#1093,#1071,#1094,.T.);
#888=EDGE_CURVE('4:5181',#1095,#1093,#1096,.T.);
#889=EDGE_CURVE('4:5169',#1088,#1095,#1097,.T.);
#890=EDGE_CURVE('',#1098,#1071,#1099,.T.);
#891=EDGE_CURVE('4:5802',#1100,#1098,#1101,.T.);
#892=EDGE_CURVE('4:5793',#1102,#1100,#1103,.T.);
#893=EDGE_CURVE('',#1104,#1102,#1105,.T.);
#894=EDGE_CURVE('4:6261',#1104,#1073,#1106,.T.);
#895=EDGE_CURVE('',#1069,#1098,#1107,.T.);
#896=EDGE_CURVE('4:5649',#1067,#1108,#1109,.T.);
#897=EDGE_CURVE('',#1110,#1108,#1111,.T.);
#898=EDGE_CURVE('4:5727',#1110,#1100,#1112,.T.);
#899=EDGE_CURVE('',#1113,#1114,#1115,.T.);
#900=EDGE_CURVE('4:5400',#1113,#1116,#1117,.T.);
#901=EDGE_CURVE('4:5553',#1116,#1069,#1118,.T.);
#902=EDGE_CURVE('',#1081,#1069,#1119,.T.);
#903=EDGE_CURVE('4:4947',#1079,#1114,#1120,.T.);
#904=EDGE_CURVE('',#1121,#1122,#1123,.T.);
#905=EDGE_CURVE('4:4524',#1121,#1124,#1125,.T.);
#906=EDGE_CURVE('4:5337',#1124,#1098,#1126,.T.);
#907=EDGE_CURVE('',#1127,#1098,#1128,.T.);
#908=EDGE_CURVE('4:4296',#1129,#1127,#1130,.T.);
#909=EDGE_CURVE('4:4326',#1122,#1129,#1131,.T.);
#910=EDGE_CURVE('',#1098,#1093,#1132,.T.);
#911=EDGE_CURVE('4:5871',#1098,#1133,#1134,.T.);
#912=EDGE_CURVE('4:5919',#1133,#1135,#1136,.T.);
#913=EDGE_CURVE('',#1137,#1135,#1138,.T.);
#914=EDGE_CURVE('4:5109',#1137,#1095,#1139,.T.);
#915=EDGE_CURVE('',#1127,#1093,#1140,.T.);
#916=EDGE_CURVE('4:4305',#1127,#1141,#1142,.T.);
#917=EDGE_CURVE('4:4125',#1143,#1141,#1144,.T.);
#918=EDGE_CURVE('',#1145,#1143,#1146,.T.);
#919=EDGE_CURVE('4:4398',#1145,#1147,#1148,.T.);
#920=EDGE_CURVE('4:4962',#1147,#1093,#1149,.T.);
#921=EDGE_CURVE('',#1150,#1151,#1152,.T.);
#922=EDGE_CURVE('4:4734',#1150,#1153,#1154,.T.);
#923=EDGE_CURVE('4:4878',#1153,#1081,#1155,.T.);
#924=EDGE_CURVE('',#1093,#1081,#1156,.T.);
#925=EDGE_CURVE('4:5226',#1093,#1157,#1158,.T.);
#926=EDGE_CURVE('4:5271',#1157,#1151,#1159,.T.);
#927=EDGE_CURVE('',#1069,#1127,#1160,.T.);
#928=EDGE_CURVE('4:5310',#1069,#1161,#1162,.T.);
#929=EDGE_CURVE('4:5373',#1161,#1163,#1164,.T.);
#930=EDGE_CURVE('',#1165,#1163,#1166,.T.);
#931=EDGE_CURVE('4:4386',#1129,#1165,#1167,.T.);
#932=EDGE_CURVE('',#1168,#1169,#1170,.T.);
#933=EDGE_CURVE('4:4278',#1171,#1168,#1172,.T.);
#934=EDGE_CURVE('4:4206',#1171,#1127,#1173,.T.);
#935=EDGE_CURVE('',#1081,#1127,#1174,.T.);
#936=EDGE_CURVE('4:4641',#1081,#1175,#1176,.T.);
#937=EDGE_CURVE('4:4044',#1169,#1175,#1177,.T.);
#938=EDGE_CURVE('4:14648',#1122,#1178,#1179,.T.);
#939=EDGE_CURVE('4:14669',#1178,#1180,#1181,.T.);
#940=EDGE_CURVE('4:14660',#1180,#1182,#1183,.T.);
#941=EDGE_CURVE('4:14651',#1182,#1165,#1184,.T.);
#942=EDGE_CURVE('4:14639',#1165,#1185,#1186,.T.);
#943=EDGE_CURVE('4:14663',#1185,#1187,#1188,.T.);
#944=EDGE_CURVE('4:14630',#1187,#1189,#1190,.T.);
#945=EDGE_CURVE('4:14636',#1189,#1168,#1191,.T.);
#946=EDGE_CURVE('4:14645',#1168,#1192,#1193,.T.);
#947=EDGE_CURVE('4:14633',#1192,#1194,#1195,.T.);
#948=EDGE_CURVE('4:14672',#1194,#1196,#1197,.T.);
#949=EDGE_CURVE('4:14642',#1196,#1143,#1198,.T.);
#950=EDGE_CURVE('4:14654',#1143,#1199,#1200,.T.);
#951=EDGE_CURVE('4:14675',#1199,#1201,#1202,.T.);
#952=EDGE_CURVE('4:14666',#1201,#1203,#1204,.T.);
#953=EDGE_CURVE('4:14657',#1203,#1122,#1205,.T.);
#954=EDGE_CURVE('4:11341',#1189,#1206,#1207,.T.);
#955=EDGE_CURVE('4:12587',#1206,#1185,#1208,.T.);
#956=EDGE_CURVE('4:4245',#1165,#1171,#1209,.T.);
#957=EDGE_CURVE('4:12546',#1163,#1185,#1210,.T.);
#958=EDGE_CURVE('4:12540',#1182,#1163,#1211,.T.);
#959=EDGE_CURVE('4:14727',#1212,#1180,#1213,.T.);
#960=EDGE_CURVE('4:12531',#1108,#1212,#1214,.T.);
#961=EDGE_CURVE('4:12537',#1215,#1108,#1216,.T.);
#962=EDGE_CURVE('4:14251',#1217,#1215,#1218,.T.);
#963=EDGE_CURVE('4:14204',#1217,#1219,#1220,.T.);
#964=EDGE_CURVE('4:12555',#1064,#1219,#1221,.T.);
#965=EDGE_CURVE('4:12561',#1222,#1064,#1223,.T.);
#966=EDGE_CURVE('4:14189',#1222,#1224,#1225,.T.);
#967=EDGE_CURVE('4:14238',#1226,#1224,#1227,.T.);
#968=EDGE_CURVE('4:12570',#1113,#1226,#1228,.T.);
#969=EDGE_CURVE('4:12564',#1229,#1113,#1230,.T.);
#970=EDGE_CURVE('4:14750',#1187,#1229,#1231,.T.);
#971=EDGE_CURVE('4:12580',#1182,#1232,#1233,.T.);
#972=EDGE_CURVE('4:10493',#1232,#1178,#1234,.T.);
#973=EDGE_CURVE('4:14192',#1065,#1222,#1235,.T.);
#974=EDGE_CURVE('4:14198',#1219,#1065,#1236,.T.);
#975=EDGE_CURVE('4:14210',#1237,#1217,#1238,.T.);
#976=EDGE_CURVE('4:14216',#1104,#1237,#1239,.T.);
#977=EDGE_CURVE('4:14222',#1240,#1104,#1241,.T.);
#978=EDGE_CURVE('4:14228',#1242,#1240,#1243,.T.);
#979=EDGE_CURVE('4:14234',#1244,#1242,#1245,.T.);
#980=EDGE_CURVE('4:14231',#1087,#1244,#1246,.T.);
#981=EDGE_CURVE('4:14225',#1247,#1087,#1248,.T.);
#982=EDGE_CURVE('4:14219',#1249,#1247,#1250,.T.);
#983=EDGE_CURVE('4:14213',#1251,#1249,#1252,.T.);
#984=EDGE_CURVE('4:14207',#1077,#1251,#1253,.T.);
#985=EDGE_CURVE('4:14201',#1254,#1077,#1255,.T.);
#986=EDGE_CURVE('4:14195',#1224,#1254,#1256,.T.);
#987=EDGE_CURVE('4:6333',#1065,#1084,#1257,.T.);
#988=EDGE_CURVE('4:12607',#1258,#1222,#1259,.T.);
#989=EDGE_CURVE('4:11301',#1254,#1258,#1260,.T.);
#990=EDGE_CURVE('4:11143',#1192,#1169,#1261,.T.);
#991=EDGE_CURVE('4:11152',#1169,#1189,#1262,.T.);
#992=EDGE_CURVE('4:11149',#1229,#1114,#1263,.T.);
#993=EDGE_CURVE('4:11176',#1114,#1226,#1264,.T.);
#994=EDGE_CURVE('4:11173',#1254,#1076,#1265,.T.);
#995=EDGE_CURVE('4:11158',#1076,#1251,#1266,.T.);
#996=EDGE_CURVE('4:14258',#1267,#1249,#1268,.T.);
#997=EDGE_CURVE('4:11155',#1267,#1150,#1269,.T.);
#998=EDGE_CURVE('4:11146',#1150,#1270,#1271,.T.);
#999=EDGE_CURVE('4:14760',#1194,#1270,#1272,.T.);
#1000=EDGE_CURVE('4:12600',#1219,#1273,#1274,.T.);
#1001=EDGE_CURVE('4:10573',#1273,#1215,#1275,.T.);
#1002=EDGE_CURVE('4:13064',#1151,#1267,#1276,.T.);
#1003=EDGE_CURVE('4:5193',#1157,#1088,#1277,.T.);
#1004=EDGE_CURVE('4:13061',#1247,#1088,#1278,.T.);
#1005=EDGE_CURVE('4:13131',#1247,#1279,#1280,.T.);
#1006=EDGE_CURVE('4:11381',#1267,#1279,#1281,.T.);
#1007=EDGE_CURVE('4:4770',#1150,#1282,#1283,.T.);
#1008=EDGE_CURVE('4:4623',#1282,#1169,#1284,.T.);
#1009=EDGE_CURVE('4:11368',#1285,#1192,#1286,.T.);
#1010=EDGE_CURVE('4:11408',#1285,#1270,#1287,.T.);
#1011=EDGE_CURVE('4:11328',#1279,#1251,#1288,.T.);
#1012=EDGE_CURVE('4:4866',#1076,#1153,#1289,.T.);
#1013=EDGE_CURVE('4:11258',#1258,#1226,#1290,.T.);
#1014=EDGE_CURVE('4:5538',#1064,#1116,#1291,.T.);
#1015=EDGE_CURVE('4:4059',#1168,#1292,#1293,.T.);
#1016=EDGE_CURVE('4:4161',#1292,#1143,#1294,.T.);
#1017=EDGE_CURVE('4:13151',#1196,#1285,#1295,.T.);
#1018=EDGE_CURVE('4:4584',#1282,#1081,#1296,.T.);
#1019=EDGE_CURVE('4:4284',#1127,#1292,#1297,.T.);
#1020=EDGE_CURVE('4:4707',#1298,#1163,#1299,.T.);
#1021=EDGE_CURVE('4:4653',#1298,#1069,#1300,.T.);
#1022=EDGE_CURVE('4:4575',#1301,#1151,#1302,.T.);
#1023=EDGE_CURVE('4:5028',#1093,#1301,#1303,.T.);
#1024=EDGE_CURVE('4:4680',#1175,#1114,#1304,.T.);
#1025=EDGE_CURVE('4:11291',#1229,#1206,#1305,.T.);
#1026=EDGE_CURVE('4:4428',#1145,#1301,#1306,.T.);
#1027=EDGE_CURVE('4:13052',#1145,#1196,#1307,.T.);
#1028=EDGE_CURVE('4:13049',#1270,#1151,#1308,.T.);
#1029=EDGE_CURVE('4:5163',#1137,#1147,#1309,.T.);
#1030=EDGE_CURVE('4:4977',#1310,#1135,#1311,.T.);
#1031=EDGE_CURVE('4:5376',#1098,#1310,#1312,.T.);
#1032=EDGE_CURVE('4:4362',#1141,#1122,#1313,.T.);
#1033=EDGE_CURVE('4:5025',#1310,#1121,#1314,.T.);
#1034=EDGE_CURVE('4:10442',#1212,#1110,#1315,.T.);
#1035=EDGE_CURVE('4:5787',#1110,#1124,#1316,.T.);
#1036=EDGE_CURVE('4:10418',#1121,#1178,#1317,.T.);
#1037=EDGE_CURVE('4:10546',#1212,#1232,#1318,.T.);
#1038=EDGE_CURVE('4:5442',#1113,#1298,#1319,.T.);
#1039=EDGE_CURVE('4:5325',#1161,#1108,#1320,.T.);
#1040=EDGE_CURVE('4:6138',#1090,#1104,#1321,.T.);
#1041=EDGE_CURVE('4:5823',#1133,#1102,#1322,.T.);
#1042=EDGE_CURVE('4:6009',#1323,#1071,#1324,.T.);
#1043=EDGE_CURVE('4:5943',#1323,#1087,#1325,.T.);
#1044=EDGE_CURVE('4:6108',#1077,#1323,#1326,.T.);
#1045=EDGE_CURVE('4:10433',#1135,#1327,#1328,.T.);
#1046=EDGE_CURVE('4:10523',#1329,#1327,#1330,.T.);
#1047=EDGE_CURVE('4:10476',#1203,#1329,#1331,.T.);
#1048=EDGE_CURVE('4:10412',#1203,#1121,#1332,.T.);
#1049=EDGE_CURVE('4:13158',#1329,#1199,#1333,.T.);
#1050=EDGE_CURVE('4:13040',#1199,#1145,#1334,.T.);
#1051=EDGE_CURVE('4:13043',#1137,#1327,#1335,.T.);
#1052=EDGE_CURVE('4:10463',#1102,#1240,#1336,.T.);
#1053=EDGE_CURVE('4:10606',#1240,#1337,#1338,.T.);
#1054=EDGE_CURVE('4:10556',#1339,#1337,#1340,.T.);
#1055=EDGE_CURVE('4:10439',#1339,#1135,#1341,.T.);
#1056=EDGE_CURVE('4:10469',#1237,#1102,#1342,.T.);
#1057=EDGE_CURVE('4:10448',#1110,#1215,#1343,.T.);
#1058=EDGE_CURVE('4:10623',#1273,#1237,#1344,.T.);
#1059=EDGE_CURVE('4:13034',#1339,#1137,#1345,.T.);
#1060=EDGE_CURVE('4:13138',#1337,#1244,#1346,.T.);
#1061=EDGE_CURVE('4:13037',#1088,#1244,#1347,.T.);
#1062=EDGE_CURVE('4:14737',#1327,#1201,#1348,.T.);
#1063=EDGE_CURVE('4:14271',#1242,#1339,#1349,.T.);
#1064=VERTEX_POINT('',#1350);
#1065=VERTEX_POINT('',#1351);
#1066=LINE('',#1352,#1353);
#1067=VERTEX_POINT('',#1354);
#1068=ELLIPSE('',#1355,0.0004,0.0002);
#1069=VERTEX_POINT('',#1356);
#1070=ELLIPSE('',#1357,0.0004,0.0002);
#1071=VERTEX_POINT('',#1358);
#1072=LINE('',#1359,#1360);
#1073=VERTEX_POINT('',#1361);
#1074=ELLIPSE('',#1362,0.000400000000000001,0.0002);
#1075=ELLIPSE('',#1363,0.000399999999999999,0.0002);
#1076=VERTEX_POINT('',#1364);
#1077=VERTEX_POINT('',#1365);
#1078=LINE('',#1366,#1367);
#1079=VERTEX_POINT('',#1368);
#1080=ELLIPSE('',#1369,0.0004,0.0002);
#1081=VERTEX_POINT('',#1370);
#1082=ELLIPSE('',#1371,0.000400000000000001,0.0002);
#1083=LINE('',#1372,#1373);
#1084=VERTEX_POINT('',#1374);
#1085=ELLIPSE('',#1375,0.000399999999999999,0.0002);
#1086=ELLIPSE('',#1376,0.000399999999999999,0.0002);
#1087=VERTEX_POINT('',#1377);
#1088=VERTEX_POINT('',#1378);
#1089=LINE('',#1379,#1380);
#1090=VERTEX_POINT('',#1381);
#1091=ELLIPSE('',#1382,0.000400000000000005,0.0002);
#1092=ELLIPSE('',#1383,0.000400000000000004,0.0002);
#1093=VERTEX_POINT('',#1384);
#1094=LINE('',#1385,#1386);
#1095=VERTEX_POINT('',#1387);
#1096=ELLIPSE('',#1388,0.0004,0.0002);
#1097=ELLIPSE('',#1389,0.000399999999999998,0.0002);
#1098=VERTEX_POINT('',#1390);
#1099=LINE('',#1391,#1392);
#1100=VERTEX_POINT('',#1393);
#1101=ELLIPSE('',#1394,0.000400000000000001,0.0002);
#1102=VERTEX_POINT('',#1395);
#1103=ELLIPSE('',#1396,0.0004,0.0002);
#1104=VERTEX_POINT('',#1397);
#1105=LINE('',#1398,#1399);
#1106=ELLIPSE('',#1400,0.000399999999999999,0.0002);
#1107=LINE('',#1401,#1402);
#1108=VERTEX_POINT('',#1403);
#1109=ELLIPSE('',#1404,0.0004,0.0002);
#1110=VERTEX_POINT('',#1405);
#1111=LINE('',#1406,#1407);
#1112=ELLIPSE('',#1408,0.000400000000000001,0.0002);
#1113=VERTEX_POINT('',#1409);
#1114=VERTEX_POINT('',#1410);
#1115=LINE('',#1411,#1412);
#1116=VERTEX_POINT('',#1413);
#1117=ELLIPSE('',#1414,0.0004,0.0002);
#1118=ELLIPSE('',#1415,0.0004,0.0002);
#1119=LINE('',#1416,#1417);
#1120=ELLIPSE('',#1418,0.000400000000000001,0.0002);
#1121=VERTEX_POINT('',#1419);
#1122=VERTEX_POINT('',#1420);
#1123=LINE('',#1421,#1422);
#1124=VERTEX_POINT('',#1423);
#1125=ELLIPSE('',#1424,0.0004,0.0002);
#1126=ELLIPSE('',#1425,0.000400000000000005,0.0002);
#1127=VERTEX_POINT('',#1426);
#1128=LINE('',#1427,#1428);
#1129=VERTEX_POINT('',#1429);
#1130=ELLIPSE('',#1430,0.000399999999999999,0.0002);
#1131=ELLIPSE('',#1431,0.000400000000000003,0.0002);
#1132=LINE('',#1432,#1433);
#1133=VERTEX_POINT('',#1434);
#1134=ELLIPSE('',#1435,0.0004,0.0002);
#1135=VERTEX_POINT('',#1436);
#1136=ELLIPSE('',#1437,0.0004,0.0002);
#1137=VERTEX_POINT('',#1438);
#1138=LINE('',#1439,#1440);
#1139=ELLIPSE('',#1441,0.000400000000000001,0.0002);
#1140=LINE('',#1442,#1443);
#1141=VERTEX_POINT('',#1444);
#1142=ELLIPSE('',#1445,0.000400000000000004,0.0002);
#1143=VERTEX_POINT('',#1446);
#1144=ELLIPSE('',#1447,0.0004,0.0002);
#1145=VERTEX_POINT('',#1448);
#1146=LINE('',#1449,#1450);
#1147=VERTEX_POINT('',#1451);
#1148=ELLIPSE('',#1452,0.000399999999999999,0.0002);
#1149=ELLIPSE('',#1453,0.000400000000000001,0.0002);
#1150=VERTEX_POINT('',#1454);
#1151=VERTEX_POINT('',#1455);
#1152=LINE('',#1456,#1457);
#1153=VERTEX_POINT('',#1458);
#1154=ELLIPSE('',#1459,0.000400000000000005,0.0002);
#1155=ELLIPSE('',#1460,0.0004,0.0002);
#1156=LINE('',#1461,#1462);
#1157=VERTEX_POINT('',#1463);
#1158=ELLIPSE('',#1464,0.0004,0.0002);
#1159=ELLIPSE('',#1465,0.000400000000000001,0.0002);
#1160=LINE('',#1466,#1467);
#1161=VERTEX_POINT('',#1468);
#1162=ELLIPSE('',#1469,0.0004,0.0002);
#1163=VERTEX_POINT('',#1470);
#1164=ELLIPSE('',#1471,0.0004,0.0002);
#1165=VERTEX_POINT('',#1472);
#1166=LINE('',#1473,#1474);
#1167=ELLIPSE('',#1475,0.000400000000000003,0.0002);
#1168=VERTEX_POINT('',#1476);
#1169=VERTEX_POINT('',#1477);
#1170=LINE('',#1478,#1479);
#1171=VERTEX_POINT('',#1480);
#1172=ELLIPSE('',#1481,0.0004,0.0002);
#1173=ELLIPSE('',#1482,0.000400000000000004,0.0002);
#1174=LINE('',#1483,#1484);
#1175=VERTEX_POINT('',#1485);
#1176=ELLIPSE('',#1486,0.000400000000000001,0.0002);
#1177=ELLIPSE('',#1487,0.000399999999999998,0.0002);
#1178=VERTEX_POINT('',#1488);
#1179=LINE('',#1489,#1490);
#1180=VERTEX_POINT('',#1491);
#1181=LINE('',#1492,#1493);
#1182=VERTEX_POINT('',#1494);
#1183=LINE('',#1495,#1496);
#1184=LINE('',#1497,#1498);
#1185=VERTEX_POINT('',#1499);
#1186=LINE('',#1500,#1501);
#1187=VERTEX_POINT('',#1502);
#1188=LINE('',#1503,#1504);
#1189=VERTEX_POINT('',#1505);
#1190=LINE('',#1506,#1507);
#1191=LINE('',#1508,#1509);
#1192=VERTEX_POINT('',#1510);
#1193=LINE('',#1511,#1512);
#1194=VERTEX_POINT('',#1513);
#1195=LINE('',#1514,#1515);
#1196=VERTEX_POINT('',#1516);
#1197=LINE('',#1517,#1518);
#1198=LINE('',#1519,#1520);
#1199=VERTEX_POINT('',#1521);
#1200=LINE('',#1522,#1523);
#1201=VERTEX_POINT('',#1524);
#1202=LINE('',#1525,#1526);
#1203=VERTEX_POINT('',#1527);
#1204=LINE('',#1528,#1529);
#1205=LINE('',#1530,#1531);
#1206=VERTEX_POINT('',#1532);
#1207=ELLIPSE('',#1533,0.000400000000000001,0.0002);
#1208=ELLIPSE('',#1534,0.000400000000000004,0.0002);
#1209=ELLIPSE('',#1535,0.000399999999999998,0.0002);
#1210=LINE('',#1536,#1537);
#1211=LINE('',#1538,#1539);
#1212=VERTEX_POINT('',#1540);
#1213=LINE('',#1541,#1542);
#1214=LINE('',#1543,#1544);
#1215=VERTEX_POINT('',#1545);
#1216=LINE('',#1546,#1547);
#1217=VERTEX_POINT('',#1548);
#1218=LINE('',#1549,#1550);
#1219=VERTEX_POINT('',#1551);
#1220=LINE('',#1552,#1553);
#1221=LINE('',#1554,#1555);
#1222=VERTEX_POINT('',#1556);
#1223=LINE('',#1557,#1558);
#1224=VERTEX_POINT('',#1559);
#1225=LINE('',#1560,#1561);
#1226=VERTEX_POINT('',#1562);
#1227=LINE('',#1563,#1564);
#1228=LINE('',#1565,#1566);
#1229=VERTEX_POINT('',#1567);
#1230=LINE('',#1568,#1569);
#1231=LINE('',#1570,#1571);
#1232=VERTEX_POINT('',#1572);
#1233=ELLIPSE('',#1573,0.000399999999999994,0.0002);
#1234=ELLIPSE('',#1574,0.000399999999999994,0.0002);
#1235=LINE('',#1575,#1576);
#1236=LINE('',#1577,#1578);
#1237=VERTEX_POINT('',#1579);
#1238=LINE('',#1580,#1581);
#1239=LINE('',#1582,#1583);
#1240=VERTEX_POINT('',#1584);
#1241=LINE('',#1585,#1586);
#1242=VERTEX_POINT('',#1587);
#1243=LINE('',#1588,#1589);
#1244=VERTEX_POINT('',#1590);
#1245=LINE('',#1591,#1592);
#1246=LINE('',#1593,#1594);
#1247=VERTEX_POINT('',#1595);
#1248=LINE('',#1596,#1597);
#1249=VERTEX_POINT('',#1598);
#1250=LINE('',#1599,#1600);
#1251=VERTEX_POINT('',#1601);
#1252=LINE('',#1602,#1603);
#1253=LINE('',#1604,#1605);
#1254=VERTEX_POINT('',#1606);
#1255=LINE('',#1607,#1608);
#1256=LINE('',#1609,#1610);
#1257=ELLIPSE('',#1611,0.000399999999999999,0.0002);
#1258=VERTEX_POINT('',#1612);
#1259=ELLIPSE('',#1613,0.000399999999999999,0.0002);
#1260=ELLIPSE('',#1614,0.000400000000000001,0.0002);
#1261=LINE('',#1615,#1616);
#1262=LINE('',#1617,#1618);
#1263=LINE('',#1619,#1620);
#1264=LINE('',#1621,#1622);
#1265=LINE('',#1623,#1624);
#1266=LINE('',#1625,#1626);
#1267=VERTEX_POINT('',#1627);
#1268=LINE('',#1628,#1629);
#1269=LINE('',#1630,#1631);
#1270=VERTEX_POINT('',#1632);
#1271=LINE('',#1633,#1634);
#1272=LINE('',#1635,#1636);
#1273=VERTEX_POINT('',#1637);
#1274=ELLIPSE('',#1638,0.000399999999999999,0.0002);
#1275=ELLIPSE('',#1639,0.000399999999999994,0.0002);
#1276=LINE('',#1640,#1641);
#1277=ELLIPSE('',#1642,0.000399999999999998,0.0002);
#1278=LINE('',#1643,#1644);
#1279=VERTEX_POINT('',#1645);
#1280=ELLIPSE('',#1646,0.000400000000000001,0.0002);
#1281=ELLIPSE('',#1647,0.000400000000000001,0.0002);
#1282=VERTEX_POINT('',#1648);
#1283=ELLIPSE('',#1649,0.000399999999999998,0.0002);
#1284=ELLIPSE('',#1650,0.000399999999999998,0.0002);
#1285=VERTEX_POINT('',#1651);
#1286=ELLIPSE('',#1652,0.000400000000000001,0.0002);
#1287=ELLIPSE('',#1653,0.000400000000000001,0.0002);
#1288=ELLIPSE('',#1654,0.000400000000000001,0.0002);
#1289=ELLIPSE('',#1655,0.0004,0.0002);
#1290=ELLIPSE('',#1656,0.000400000000000004,0.0002);
#1291=ELLIPSE('',#1657,0.0004,0.0002);
#1292=VERTEX_POINT('',#1658);
#1293=ELLIPSE('',#1659,0.0004,0.0002);
#1294=ELLIPSE('',#1660,0.0004,0.0002);
#1295=ELLIPSE('',#1661,0.000400000000000001,0.0002);
#1296=ELLIPSE('',#1662,0.000400000000000001,0.0002);
#1297=ELLIPSE('',#1663,0.0004,0.0002);
#1298=VERTEX_POINT('',#1664);
#1299=ELLIPSE('',#1665,0.0004,0.0002);
#1300=ELLIPSE('',#1666,0.000400000000000001,0.0002);
#1301=VERTEX_POINT('',#1667);
#1302=ELLIPSE('',#1668,0.000399999999999998,0.0002);
#1303=ELLIPSE('',#1669,0.000400000000000001,0.0002);
#1304=ELLIPSE('',#1670,0.000399999999999998,0.0002);
#1305=ELLIPSE('',#1671,0.000400000000000004,0.0002);
#1306=ELLIPSE('',#1672,0.000399999999999998,0.0002);
#1307=LINE('',#1673,#1674);
#1308=LINE('',#1675,#1676);
#1309=ELLIPSE('',#1677,0.000399999999999998,0.0002);
#1310=VERTEX_POINT('',#1678);
#1311=ELLIPSE('',#1679,0.0004,0.0002);
#1312=ELLIPSE('',#1680,0.0004,0.0002);
#1313=ELLIPSE('',#1681,0.000400000000000003,0.0002);
#1314=ELLIPSE('',#1682,0.0004,0.0002);
#1315=LINE('',#1683,#1684);
#1316=ELLIPSE('',#1685,0.000400000000000003,0.0002);
#1317=LINE('',#1686,#1687);
#1318=ELLIPSE('',#1688,0.000399999999999994,0.0002);
#1319=ELLIPSE('',#1689,0.0004,0.0002);
#1320=ELLIPSE('',#1690,0.0004,0.0002);
#1321=ELLIPSE('',#1691,0.000399999999999999,0.0002);
#1322=ELLIPSE('',#1692,0.0004,0.0002);
#1323=VERTEX_POINT('',#1693);
#1324=ELLIPSE('',#1694,0.000400000000000001,0.0002);
#1325=ELLIPSE('',#1695,0.000400000000000005,0.0002);
#1326=ELLIPSE('',#1696,0.000399999999999999,0.0002);
#1327=VERTEX_POINT('',#1697);
#1328=LINE('',#1698,#1699);
#1329=VERTEX_POINT('',#1700);
#1330=ELLIPSE('',#1701,0.000400000000000004,0.0002);
#1331=ELLIPSE('',#1702,0.000399999999999994,0.0002);
#1332=LINE('',#1703,#1704);
#1333=ELLIPSE('',#1705,0.000399999999999998,0.0002);
#1334=LINE('',#1706,#1707);
#1335=LINE('',#1708,#1709);
#1336=LINE('',#1710,#1711);
#1337=VERTEX_POINT('',#1712);
#1338=ELLIPSE('',#1713,0.000399999999999999,0.0002);
#1339=VERTEX_POINT('',#1714);
#1340=ELLIPSE('',#1715,0.000400000000000004,0.0002);
#1341=LINE('',#1716,#1717);
#1342=LINE('',#1718,#1719);
#1343=LINE('',#1720,#1721);
#1344=ELLIPSE('',#1722,0.000399999999999999,0.0002);
#1345=LINE('',#1723,#1724);
#1346=ELLIPSE('',#1725,0.000400000000000001,0.0002);
#1347=LINE('',#1726,#1727);
#1348=LINE('',#1728,#1729);
#1349=LINE('',#1730,#1731);
#1350=CARTESIAN_POINT('',(0.01,2.71050543121376E-20,0.000282842712474619));
#1351=CARTESIAN_POINT('',(0.000282842712474619,5.54798387232727E-19,0.01));
#1352=CARTESIAN_POINT('',(0.0101414213562373,-2.44929359829471E-20,0.000141421356237309));
#1353=VECTOR('',#1732,1.0);
#1354=CARTESIAN_POINT('',(0.0098,0.0002,0.0002));
#1355=AXIS2_PLACEMENT_3D('',#1733,#1734,#1735);
#1356=CARTESIAN_POINT('',(0.00971715728752538,1.78849480094762E-19,1.1314967108036E-19));
#1357=AXIS2_PLACEMENT_3D('',#1736,#1737,#1738);
#1358=CARTESIAN_POINT('',(2.28569906177596E-19,-7.1723660214349E-19,0.00971715728752538));
#1359=CARTESIAN_POINT('',(0.00985857864376269,2.44929359829471E-20,-0.00014142135623731));
#1360=VECTOR('',#1739,1.0);
#1361=CARTESIAN_POINT('',(0.0002,0.000199999999999997,0.0098));
#1362=AXIS2_PLACEMENT_3D('',#1740,#1741,#1742);
#1363=AXIS2_PLACEMENT_3D('',#1743,#1744,#1745);
#1364=CARTESIAN_POINT('',(-1.73472347597681E-18,-0.01,0.000282842712474618));
#1365=CARTESIAN_POINT('',(1.20449649859739E-19,-0.000282842712474619,0.01));
#1366=CARTESIAN_POINT('',(-2.44929359829471E-20,-0.0101414213562373,0.000141421356237309));
#1367=VECTOR('',#1746,1.0);
#1368=CARTESIAN_POINT('',(0.0002,-0.0098,0.000199999999999997));
#1369=AXIS2_PLACEMENT_3D('',#1747,#1748,#1749);
#1370=CARTESIAN_POINT('',(6.20498196247142E-20,-0.00971715728752538,-9.01547379253201E-19));
#1371=AXIS2_PLACEMENT_3D('',#1750,#1751,#1752);
#1372=CARTESIAN_POINT('',(2.44929359829471E-20,-0.00985857864376269,-0.000141421356237311));
#1373=VECTOR('',#1753,1.0);
#1374=CARTESIAN_POINT('',(0.000199999999999995,-0.0002,0.0098));
#1375=AXIS2_PLACEMENT_3D('',#1754,#1755,#1756);
#1376=AXIS2_PLACEMENT_3D('',#1757,#1758,#1759);
#1377=CARTESIAN_POINT('',(-0.00028284271247462,-6.20498196247131E-20,0.01));
#1378=CARTESIAN_POINT('',(-0.01,-1.73472347597681E-18,0.000282842712474618));
#1379=CARTESIAN_POINT('',(-0.000141421356237309,-2.44929359829471E-20,0.0101414213562373));
#1380=VECTOR('',#1760,1.0);
#1381=CARTESIAN_POINT('',(-0.0002,0.000199999999999999,0.0098));
#1382=AXIS2_PLACEMENT_3D('',#1761,#1762,#1763);
#1383=AXIS2_PLACEMENT_3D('',#1764,#1765,#1766);
#1384=CARTESIAN_POINT('',(-0.00971715728752538,-3.83248885917348E-19,-3.43464001569738E-18));
#1385=CARTESIAN_POINT('',(0.00014142135623731,2.44929359829471E-20,0.00985857864376269));
#1386=VECTOR('',#1767,1.0);
#1387=CARTESIAN_POINT('',(-0.0098,0.0002,0.000199999999999997));
#1388=AXIS2_PLACEMENT_3D('',#1768,#1769,#1770);
#1389=AXIS2_PLACEMENT_3D('',#1771,#1772,#1773);
#1390=CARTESIAN_POINT('',(3.46748992020453E-19,0.00971715728752538,3.39449013241075E-19));
#1391=CARTESIAN_POINT('',(-2.44929359828853E-20,0.00985857864376269,-0.00014142135623731));
#1392=VECTOR('',#1774,1.0);
#1393=CARTESIAN_POINT('',(0.0002,0.0098,0.000199999999999999));
#1394=AXIS2_PLACEMENT_3D('',#1775,#1776,#1777);
#1395=CARTESIAN_POINT('',(2.71050543121376E-20,0.01,0.000282842712474619));
#1396=AXIS2_PLACEMENT_3D('',#1778,#1779,#1780);
#1397=CARTESIAN_POINT('',(6.82548015871852E-19,0.000282842712474618,0.01));
#1398=CARTESIAN_POINT('',(2.44929359830089E-20,0.0101414213562373,0.000141421356237309));
#1399=VECTOR('',#1781,1.0);
#1400=AXIS2_PLACEMENT_3D('',#1782,#1783,#1784);
#1401=CARTESIAN_POINT('',(0.00985857864376269,-0.000141421356237311,-2.44929359829471E-20));
#1402=VECTOR('',#1785,1.0);
#1403=CARTESIAN_POINT('',(0.01,0.000282842712474619,2.55499257278233E-19));
#1404=AXIS2_PLACEMENT_3D('',#1786,#1787,#1788);
#1405=CARTESIAN_POINT('',(0.000282842712474618,0.01,-6.9349798404091E-19));
#1406=CARTESIAN_POINT('',(0.0101414213562373,0.000141421356237309,2.44929359829471E-20));
#1407=VECTOR('',#1789,1.0);
#1408=AXIS2_PLACEMENT_3D('',#1790,#1791,#1792);
#1409=CARTESIAN_POINT('',(0.01,-0.000282842712474619,1.75199490705073E-19));
#1410=CARTESIAN_POINT('',(0.000282842712474617,-0.01,-2.05494402639492E-18));
#1411=CARTESIAN_POINT('',(0.0101414213562373,-0.00014142135623731,-2.44929359829471E-20));
#1412=VECTOR('',#1793,1.0);
#1413=CARTESIAN_POINT('',(0.0098,-0.0002,0.0002));
#1414=AXIS2_PLACEMENT_3D('',#1794,#1795,#1796);
#1415=AXIS2_PLACEMENT_3D('',#1797,#1798,#1799);
#1416=CARTESIAN_POINT('',(0.00985857864376269,0.00014142135623731,2.44929359829471E-20));
#1417=VECTOR('',#1800,1.0);
#1418=AXIS2_PLACEMENT_3D('',#1801,#1802,#1803);
#1419=CARTESIAN_POINT('',(3.15268836107029E-20,0.01,-0.000282842712474619));
#1420=CARTESIAN_POINT('',(2.71050543121376E-20,0.000282842712474619,-0.01));
#1421=CARTESIAN_POINT('',(-2.44929359829473E-20,0.0101414213562373,-0.000141421356237309));
#1422=VECTOR('',#1804,1.0);
#1423=CARTESIAN_POINT('',(0.0002,0.0098,-0.0002));
#1424=AXIS2_PLACEMENT_3D('',#1805,#1806,#1807);
#1425=AXIS2_PLACEMENT_3D('',#1808,#1809,#1810);
#1426=CARTESIAN_POINT('',(1.82170282264332E-19,1.96458147539965E-19,-0.00971715728752538));
#1427=CARTESIAN_POINT('',(2.44929359829469E-20,0.00985857864376269,0.00014142135623731));
#1428=VECTOR('',#1811,1.0);
#1429=CARTESIAN_POINT('',(0.0002,0.0002,-0.0098));
#1430=AXIS2_PLACEMENT_3D('',#1812,#1813,#1814);
#1431=AXIS2_PLACEMENT_3D('',#1815,#1816,#1817);
#1432=CARTESIAN_POINT('',(0.00014142135623731,0.00985857864376269,-2.4492935982947E-20));
#1433=VECTOR('',#1818,1.0);
#1434=CARTESIAN_POINT('',(-0.000200000000000168,0.0098,0.0002));
#1435=AXIS2_PLACEMENT_3D('',#1819,#1820,#1821);
#1436=CARTESIAN_POINT('',(-0.000282842712474619,0.01,2.91999151175123E-19));
#1437=AXIS2_PLACEMENT_3D('',#1822,#1823,#1824);
#1438=CARTESIAN_POINT('',(-0.01,0.000282842712474617,-2.30314330489379E-18));
#1439=CARTESIAN_POINT('',(-0.00014142135623731,0.0101414213562373,2.44929359829471E-20));
#1440=VECTOR('',#1825,1.0);
#1441=AXIS2_PLACEMENT_3D('',#1826,#1827,#1828);
#1442=CARTESIAN_POINT('',(0.00014142135623731,-2.44929359829471E-20,-0.00985857864376269));
#1443=VECTOR('',#1829,1.0);
#1444=CARTESIAN_POINT('',(-0.0002,0.0002,-0.0098));
#1445=AXIS2_PLACEMENT_3D('',#1830,#1831,#1832);
#1446=CARTESIAN_POINT('',(-0.000282842712474619,0.0,-0.01));
#1447=AXIS2_PLACEMENT_3D('',#1833,#1834,#1835);
#1448=CARTESIAN_POINT('',(-0.01,-1.71033343588063E-18,-0.000282842712474617));
#1449=CARTESIAN_POINT('',(-0.000141421356237309,2.44929359829471E-20,-0.0101414213562373));
#1450=VECTOR('',#1836,1.0);
#1451=CARTESIAN_POINT('',(-0.0098,0.000199999999999996,-0.0002));
#1452=AXIS2_PLACEMENT_3D('',#1837,#1838,#1839);
#1453=AXIS2_PLACEMENT_3D('',#1840,#1841,#1842);
#1454=CARTESIAN_POINT('',(-0.000282842712474618,-0.01,-2.04764404761558E-18));
#1455=CARTESIAN_POINT('',(-0.01,-0.000282842712474618,-2.60974241362765E-18));
#1456=CARTESIAN_POINT('',(-0.000141421356237309,-0.0101414213562373,-2.44929359829471E-20));
#1457=VECTOR('',#1843,1.0);
#1458=CARTESIAN_POINT('',(-0.0002,-0.0098,0.0002));
#1459=AXIS2_PLACEMENT_3D('',#1844,#1845,#1846);
#1460=AXIS2_PLACEMENT_3D('',#1847,#1848,#1849);
#1461=CARTESIAN_POINT('',(0.00014142135623731,-0.00985857864376269,2.44929359829471E-20));
#1462=VECTOR('',#1850,1.0);
#1463=CARTESIAN_POINT('',(-0.0098,-0.0002,0.000199999999999997));
#1464=AXIS2_PLACEMENT_3D('',#1851,#1852,#1853);
#1465=AXIS2_PLACEMENT_3D('',#1854,#1855,#1856);
#1466=CARTESIAN_POINT('',(0.00985857864376269,-2.4492935982947E-20,0.00014142135623731));
#1467=VECTOR('',#1857,1.0);
#1468=CARTESIAN_POINT('',(0.0098,0.0002,-0.0002));
#1469=AXIS2_PLACEMENT_3D('',#1858,#1859,#1860);
#1470=CARTESIAN_POINT('',(0.01,4.09849486939138E-19,-0.000282842712474619));
#1471=AXIS2_PLACEMENT_3D('',#1861,#1862,#1863);
#1472=CARTESIAN_POINT('',(0.000282842712474619,0.0,-0.01));
#1473=CARTESIAN_POINT('',(0.0101414213562373,2.44929359829472E-20,-0.00014142135623731));
#1474=VECTOR('',#1864,1.0);
#1475=AXIS2_PLACEMENT_3D('',#1865,#1866,#1867);
#1476=CARTESIAN_POINT('',(-1.73472347597681E-18,-0.000282842712474618,-0.01));
#1477=CARTESIAN_POINT('',(-1.73472347597681E-18,-0.01,-0.000282842712474618));
#1478=CARTESIAN_POINT('',(-2.44929359829471E-20,-0.000141421356237309,-0.0101414213562373));
#1479=VECTOR('',#1868,1.0);
#1480=CARTESIAN_POINT('',(0.0002,-0.0002,-0.0098));
#1481=AXIS2_PLACEMENT_3D('',#1869,#1870,#1871);
#1482=AXIS2_PLACEMENT_3D('',#1872,#1873,#1874);
#1483=CARTESIAN_POINT('',(2.44929359829471E-20,0.000141421356237311,-0.00985857864376269));
#1484=VECTOR('',#1875,1.0);
#1485=CARTESIAN_POINT('',(0.0002,-0.0098,-0.0002));
#1486=AXIS2_PLACEMENT_3D('',#1876,#1877,#1878);
#1487=AXIS2_PLACEMENT_3D('',#1879,#1880,#1881);
#1488=CARTESIAN_POINT('',(0.00971715728752539,0.01,-0.01));
#1489=CARTESIAN_POINT('',(-0.00014142135623731,0.00014142135623731,-0.01));
#1490=VECTOR('',#1882,1.0);
#1491=CARTESIAN_POINT('',(0.01,0.01,-0.01));
#1492=CARTESIAN_POINT('',(0.0,0.01,-0.01));
#1493=VECTOR('',#1883,1.0);
#1494=CARTESIAN_POINT('',(0.01,0.00971715728752539,-0.01));
#1495=CARTESIAN_POINT('',(0.01,0.0,-0.01));
#1496=VECTOR('',#1884,1.0);
#1497=CARTESIAN_POINT('',(0.00014142135623731,-0.00014142135623731,-0.01));
#1498=VECTOR('',#1885,1.0);
#1499=CARTESIAN_POINT('',(0.01,-0.00971715728752538,-0.01));
#1500=CARTESIAN_POINT('',(0.0101414213562373,-0.00985857864376269,-0.01));
#1501=VECTOR('',#1886,1.0);
#1502=CARTESIAN_POINT('',(0.01,-0.01,-0.01));
#1503=CARTESIAN_POINT('',(0.01,0.0,-0.01));
#1504=VECTOR('',#1887,1.0);
#1505=CARTESIAN_POINT('',(0.00971715728752538,-0.01,-0.01));
#1506=CARTESIAN_POINT('',(0.0,-0.01,-0.01));
#1507=VECTOR('',#1888,1.0);
#1508=CARTESIAN_POINT('',(0.00985857864376269,-0.0101414213562373,-0.01));
#1509=VECTOR('',#1889,1.0);
#1510=CARTESIAN_POINT('',(-0.00971715728752538,-0.01,-0.01));
#1511=CARTESIAN_POINT('',(-0.00985857864376269,-0.0101414213562373,-0.01));
#1512=VECTOR('',#1890,1.0);
#1513=CARTESIAN_POINT('',(-0.01,-0.01,-0.01));
#1514=CARTESIAN_POINT('',(0.0,-0.01,-0.01));
#1515=VECTOR('',#1891,1.0);
#1516=CARTESIAN_POINT('',(-0.01,-0.00971715728752538,-0.01));
#1517=CARTESIAN_POINT('',(-0.01,0.0,-0.01));
#1518=VECTOR('',#1892,1.0);
#1519=CARTESIAN_POINT('',(-0.0101414213562373,-0.00985857864376269,-0.01));
#1520=VECTOR('',#1893,1.0);
#1521=CARTESIAN_POINT('',(-0.01,0.00971715728752538,-0.01));
#1522=CARTESIAN_POINT('',(-0.00014142135623731,-0.00014142135623731,-0.01));
#1523=VECTOR('',#1894,1.0);
#1524=CARTESIAN_POINT('',(-0.01,0.01,-0.01));
#1525=CARTESIAN_POINT('',(-0.01,0.0,-0.01));
#1526=VECTOR('',#1895,1.0);
#1527=CARTESIAN_POINT('',(-0.00971715728752539,0.01,-0.01));
#1528=CARTESIAN_POINT('',(0.0,0.01,-0.01));
#1529=VECTOR('',#1896,1.0);
#1530=CARTESIAN_POINT('',(0.00014142135623731,0.00014142135623731,-0.01));
#1531=VECTOR('',#1897,1.0);
#1532=CARTESIAN_POINT('',(0.0098,-0.0098,-0.0098));
#1533=AXIS2_PLACEMENT_3D('',#1898,#1899,#1900);
#1534=AXIS2_PLACEMENT_3D('',#1901,#1902,#1903);
#1535=AXIS2_PLACEMENT_3D('',#1904,#1905,#1906);
#1536=CARTESIAN_POINT('',(0.01,0.00014142135623731,-0.00014142135623731));
#1537=VECTOR('',#1907,1.0);
#1538=CARTESIAN_POINT('',(0.01,-0.00014142135623731,-0.00014142135623731));
#1539=VECTOR('',#1908,1.0);
#1540=CARTESIAN_POINT('',(0.01,0.01,-0.00971715728752539));
#1541=CARTESIAN_POINT('',(0.01,0.01,0.0));
#1542=VECTOR('',#1909,1.0);
#1543=CARTESIAN_POINT('',(0.01,0.00014142135623731,0.00014142135623731));
#1544=VECTOR('',#1910,1.0);
#1545=CARTESIAN_POINT('',(0.01,0.01,0.00971715728752539));
#1546=CARTESIAN_POINT('',(0.01,0.00014142135623731,-0.00014142135623731));
#1547=VECTOR('',#1911,1.0);
#1548=CARTESIAN_POINT('',(0.01,0.01,0.01));
#1549=CARTESIAN_POINT('',(0.01,0.01,0.0));
#1550=VECTOR('',#1912,1.0);
#1551=CARTESIAN_POINT('',(0.01,0.00971715728752538,0.01));
#1552=CARTESIAN_POINT('',(0.01,0.0,0.01));
#1553=VECTOR('',#1913,1.0);
#1554=CARTESIAN_POINT('',(0.01,-0.00014142135623731,0.00014142135623731));
#1555=VECTOR('',#1914,1.0);
#1556=CARTESIAN_POINT('',(0.01,-0.00971715728752538,0.01));
#1557=CARTESIAN_POINT('',(0.01,0.00014142135623731,0.00014142135623731));
#1558=VECTOR('',#1915,1.0);
#1559=CARTESIAN_POINT('',(0.01,-0.01,0.01));
#1560=CARTESIAN_POINT('',(0.01,0.0,0.01));
#1561=VECTOR('',#1916,1.0);
#1562=CARTESIAN_POINT('',(0.01,-0.01,0.00971715728752538));
#1563=CARTESIAN_POINT('',(0.01,-0.01,0.0));
#1564=VECTOR('',#1917,1.0);
#1565=CARTESIAN_POINT('',(0.01,-0.00014142135623731,-0.00014142135623731));
#1566=VECTOR('',#1918,1.0);
#1567=CARTESIAN_POINT('',(0.01,-0.01,-0.00971715728752538));
#1568=CARTESIAN_POINT('',(0.01,-0.00014142135623731,0.00014142135623731));
#1569=VECTOR('',#1919,1.0);
#1570=CARTESIAN_POINT('',(0.01,-0.01,0.0));
#1571=VECTOR('',#1920,1.0);
#1572=CARTESIAN_POINT('',(0.0098,0.0098,-0.00980000000000001));
#1573=AXIS2_PLACEMENT_3D('',#1921,#1922,#1923);
#1574=AXIS2_PLACEMENT_3D('',#1924,#1925,#1926);
#1575=CARTESIAN_POINT('',(0.0101414213562373,-0.00985857864376269,0.01));
#1576=VECTOR('',#1927,1.0);
#1577=CARTESIAN_POINT('',(0.0101414213562373,0.00985857864376269,0.01));
#1578=VECTOR('',#1928,1.0);
#1579=CARTESIAN_POINT('',(0.00971715728752538,0.01,0.01));
#1580=CARTESIAN_POINT('',(0.0,0.01,0.01));
#1581=VECTOR('',#1929,1.0);
#1582=CARTESIAN_POINT('',(0.00985857864376269,0.0101414213562373,0.01));
#1583=VECTOR('',#1930,1.0);
#1584=CARTESIAN_POINT('',(-0.00971715728752538,0.01,0.01));
#1585=CARTESIAN_POINT('',(-0.00985857864376269,0.0101414213562373,0.01));
#1586=VECTOR('',#1931,1.0);
#1587=CARTESIAN_POINT('',(-0.01,0.01,0.01));
#1588=CARTESIAN_POINT('',(0.0,0.01,0.01));
#1589=VECTOR('',#1932,1.0);
#1590=CARTESIAN_POINT('',(-0.01,0.00971715728752538,0.01));
#1591=CARTESIAN_POINT('',(-0.01,0.0,0.01));
#1592=VECTOR('',#1933,1.0);
#1593=CARTESIAN_POINT('',(-0.0101414213562373,0.00985857864376269,0.01));
#1594=VECTOR('',#1934,1.0);
#1595=CARTESIAN_POINT('',(-0.01,-0.00971715728752538,0.01));
#1596=CARTESIAN_POINT('',(-0.0101414213562373,-0.00985857864376269,0.01));
#1597=VECTOR('',#1935,1.0);
#1598=CARTESIAN_POINT('',(-0.01,-0.01,0.01));
#1599=CARTESIAN_POINT('',(-0.01,0.0,0.01));
#1600=VECTOR('',#1936,1.0);
#1601=CARTESIAN_POINT('',(-0.00971715728752538,-0.01,0.01));
#1602=CARTESIAN_POINT('',(0.0,-0.01,0.01));
#1603=VECTOR('',#1937,1.0);
#1604=CARTESIAN_POINT('',(-0.00985857864376269,-0.0101414213562373,0.01));
#1605=VECTOR('',#1938,1.0);
#1606=CARTESIAN_POINT('',(0.00971715728752538,-0.01,0.01));
#1607=CARTESIAN_POINT('',(0.00985857864376269,-0.0101414213562373,0.01));
#1608=VECTOR('',#1939,1.0);
#1609=CARTESIAN_POINT('',(0.0,-0.01,0.01));
#1610=VECTOR('',#1940,1.0);
#1611=AXIS2_PLACEMENT_3D('',#1941,#1942,#1943);
#1612=CARTESIAN_POINT('',(0.0098,-0.0098,0.0098));
#1613=AXIS2_PLACEMENT_3D('',#1944,#1945,#1946);
#1614=AXIS2_PLACEMENT_3D('',#1947,#1948,#1949);
#1615=CARTESIAN_POINT('',(-0.00985857864376269,-0.01,-0.0101414213562373));
#1616=VECTOR('',#1950,1.0);
#1617=CARTESIAN_POINT('',(0.00985857864376269,-0.01,-0.0101414213562373));
#1618=VECTOR('',#1951,1.0);
#1619=CARTESIAN_POINT('',(0.0101414213562373,-0.01,-0.00985857864376269));
#1620=VECTOR('',#1952,1.0);
#1621=CARTESIAN_POINT('',(0.0101414213562373,-0.01,0.00985857864376269));
#1622=VECTOR('',#1953,1.0);
#1623=CARTESIAN_POINT('',(0.00985857864376269,-0.01,0.0101414213562373));
#1624=VECTOR('',#1954,1.0);
#1625=CARTESIAN_POINT('',(-0.00985857864376269,-0.01,0.0101414213562373));
#1626=VECTOR('',#1955,1.0);
#1627=CARTESIAN_POINT('',(-0.01,-0.01,0.00971715728752538));
#1628=CARTESIAN_POINT('',(-0.01,-0.01,0.0));
#1629=VECTOR('',#1956,1.0);
#1630=CARTESIAN_POINT('',(-0.0101414213562373,-0.01,0.00985857864376269));
#1631=VECTOR('',#1957,1.0);
#1632=CARTESIAN_POINT('',(-0.01,-0.01,-0.00971715728752538));
#1633=CARTESIAN_POINT('',(-0.0101414213562373,-0.01,-0.00985857864376269));
#1634=VECTOR('',#1958,1.0);
#1635=CARTESIAN_POINT('',(-0.01,-0.01,0.0));
#1636=VECTOR('',#1959,1.0);
#1637=CARTESIAN_POINT('',(0.00980000000000001,0.0098,0.0098));
#1638=AXIS2_PLACEMENT_3D('',#1960,#1961,#1962);
#1639=AXIS2_PLACEMENT_3D('',#1963,#1964,#1965);
#1640=CARTESIAN_POINT('',(-0.01,-0.0101414213562373,0.00985857864376269));
#1641=VECTOR('',#1966,1.0);
#1642=AXIS2_PLACEMENT_3D('',#1967,#1968,#1969);
#1643=CARTESIAN_POINT('',(-0.01,-0.00985857864376269,0.0101414213562373));
#1644=VECTOR('',#1970,1.0);
#1645=CARTESIAN_POINT('',(-0.0098,-0.0098,0.0098));
#1646=AXIS2_PLACEMENT_3D('',#1971,#1972,#1973);
#1647=AXIS2_PLACEMENT_3D('',#1974,#1975,#1976);
#1648=CARTESIAN_POINT('',(-0.0002,-0.0098,-0.0002));
#1649=AXIS2_PLACEMENT_3D('',#1977,#1978,#1979);
#1650=AXIS2_PLACEMENT_3D('',#1980,#1981,#1982);
#1651=CARTESIAN_POINT('',(-0.0098,-0.0098,-0.0098));
#1652=AXIS2_PLACEMENT_3D('',#1983,#1984,#1985);
#1653=AXIS2_PLACEMENT_3D('',#1986,#1987,#1988);
#1654=AXIS2_PLACEMENT_3D('',#1989,#1990,#1991);
#1655=AXIS2_PLACEMENT_3D('',#1992,#1993,#1994);
#1656=AXIS2_PLACEMENT_3D('',#1995,#1996,#1997);
#1657=AXIS2_PLACEMENT_3D('',#1998,#1999,#2000);
#1658=CARTESIAN_POINT('',(-0.0002,-0.0002,-0.0098));
#1659=AXIS2_PLACEMENT_3D('',#2001,#2002,#2003);
#1660=AXIS2_PLACEMENT_3D('',#2004,#2005,#2006);
#1661=AXIS2_PLACEMENT_3D('',#2007,#2008,#2009);
#1662=AXIS2_PLACEMENT_3D('',#2010,#2011,#2012);
#1663=AXIS2_PLACEMENT_3D('',#2013,#2014,#2015);
#1664=CARTESIAN_POINT('',(0.0098,-0.0002,-0.0002));
#1665=AXIS2_PLACEMENT_3D('',#2016,#2017,#2018);
#1666=AXIS2_PLACEMENT_3D('',#2019,#2020,#2021);
#1667=CARTESIAN_POINT('',(-0.00980000000000001,-0.0002,-0.0002));
#1668=AXIS2_PLACEMENT_3D('',#2022,#2023,#2024);
#1669=AXIS2_PLACEMENT_3D('',#2025,#2026,#2027);
#1670=AXIS2_PLACEMENT_3D('',#2028,#2029,#2030);
#1671=AXIS2_PLACEMENT_3D('',#2031,#2032,#2033);
#1672=AXIS2_PLACEMENT_3D('',#2034,#2035,#2036);
#1673=CARTESIAN_POINT('',(-0.01,-0.00985857864376269,-0.0101414213562373));
#1674=VECTOR('',#2037,1.0);
#1675=CARTESIAN_POINT('',(-0.01,-0.0101414213562373,-0.00985857864376269));
#1676=VECTOR('',#2038,1.0);
#1677=AXIS2_PLACEMENT_3D('',#2039,#2040,#2041);
#1678=CARTESIAN_POINT('',(-0.000200000000000001,0.0098,-0.0002));
#1679=AXIS2_PLACEMENT_3D('',#2042,#2043,#2044);
#1680=AXIS2_PLACEMENT_3D('',#2045,#2046,#2047);
#1681=AXIS2_PLACEMENT_3D('',#2048,#2049,#2050);
#1682=AXIS2_PLACEMENT_3D('',#2051,#2052,#2053);
#1683=CARTESIAN_POINT('',(0.00014142135623731,0.01,0.00014142135623731));
#1684=VECTOR('',#2054,1.0);
#1685=AXIS2_PLACEMENT_3D('',#2055,#2056,#2057);
#1686=CARTESIAN_POINT('',(-0.00014142135623731,0.01,-0.00014142135623731));
#1687=VECTOR('',#2058,1.0);
#1688=AXIS2_PLACEMENT_3D('',#2059,#2060,#2061);
#1689=AXIS2_PLACEMENT_3D('',#2062,#2063,#2064);
#1690=AXIS2_PLACEMENT_3D('',#2065,#2066,#2067);
#1691=AXIS2_PLACEMENT_3D('',#2068,#2069,#2070);
#1692=AXIS2_PLACEMENT_3D('',#2071,#2072,#2073);
#1693=CARTESIAN_POINT('',(-0.000199999999999999,-0.0002,0.0098));
#1694=AXIS2_PLACEMENT_3D('',#2074,#2075,#2076);
#1695=AXIS2_PLACEMENT_3D('',#2077,#2078,#2079);
#1696=AXIS2_PLACEMENT_3D('',#2080,#2081,#2082);
#1697=CARTESIAN_POINT('',(-0.01,0.01,-0.00971715728752538));
#1698=CARTESIAN_POINT('',(-0.00014142135623731,0.01,0.00014142135623731));
#1699=VECTOR('',#2083,1.0);
#1700=CARTESIAN_POINT('',(-0.0098,0.0098,-0.0098));
#1701=AXIS2_PLACEMENT_3D('',#2084,#2085,#2086);
#1702=AXIS2_PLACEMENT_3D('',#2087,#2088,#2089);
#1703=CARTESIAN_POINT('',(0.00014142135623731,0.01,-0.00014142135623731));
#1704=VECTOR('',#2090,1.0);
#1705=AXIS2_PLACEMENT_3D('',#2091,#2092,#2093);
#1706=CARTESIAN_POINT('',(-0.01,0.00985857864376269,-0.0101414213562373));
#1707=VECTOR('',#2094,1.0);
#1708=CARTESIAN_POINT('',(-0.01,0.0101414213562373,-0.00985857864376269));
#1709=VECTOR('',#2095,1.0);
#1710=CARTESIAN_POINT('',(0.00014142135623731,0.01,0.00014142135623731));
#1711=VECTOR('',#2096,1.0);
#1712=CARTESIAN_POINT('',(-0.0098,0.0098,0.0098));
#1713=AXIS2_PLACEMENT_3D('',#2097,#2098,#2099);
#1714=CARTESIAN_POINT('',(-0.01,0.01,0.00971715728752538));
#1715=AXIS2_PLACEMENT_3D('',#2100,#2101,#2102);
#1716=CARTESIAN_POINT('',(-0.00014142135623731,0.01,-0.00014142135623731));
#1717=VECTOR('',#2103,1.0);
#1718=CARTESIAN_POINT('',(-0.00014142135623731,0.01,0.00014142135623731));
#1719=VECTOR('',#2104,1.0);
#1720=CARTESIAN_POINT('',(0.00014142135623731,0.01,-0.00014142135623731));
#1721=VECTOR('',#2105,1.0);
#1722=AXIS2_PLACEMENT_3D('',#2106,#2107,#2108);
#1723=CARTESIAN_POINT('',(-0.01,0.0101414213562373,0.00985857864376269));
#1724=VECTOR('',#2109,1.0);
#1725=AXIS2_PLACEMENT_3D('',#2110,#2111,#2112);
#1726=CARTESIAN_POINT('',(-0.01,0.00985857864376269,0.0101414213562373));
#1727=VECTOR('',#2113,1.0);
#1728=CARTESIAN_POINT('',(-0.01,0.01,0.0));
#1729=VECTOR('',#2114,1.0);
#1730=CARTESIAN_POINT('',(-0.01,0.01,0.0));
#1731=VECTOR('',#2115,1.0);
#1732=DIRECTION('',(-0.707106781186548,0.0,0.707106781186548));
#1733=CARTESIAN_POINT('',(0.01,0.0,-7.66646708341687E-20));
#1734=DIRECTION('',(0.707106781186548,0.707106781186547,6.2038545941477E-16));
#1735=DIRECTION('',(-0.408248290463862,0.408248290463863,0.816496580927726));
#1736=CARTESIAN_POINT('',(0.01,0.0,-5.42101086242752E-20));
#1737=DIRECTION('',(4.13590306276513E-17,0.707106781186547,-0.707106781186548));
#1738=DIRECTION('',(0.816496580927726,-0.408248290463863,-0.408248290463863));
#1739=DIRECTION('',(0.707106781186548,-0.0,-0.707106781186548));
#1740=CARTESIAN_POINT('',(0.0,-3.46944695195361E-18,0.01));
#1741=DIRECTION('',(0.707106781186547,-0.707106781186548,-9.92616735063631E-16));
#1742=DIRECTION('',(0.408248290463862,0.408248290463863,-0.816496580927726));
#1743=CARTESIAN_POINT('',(-3.46944695195361E-18,-3.46944695195361E-18,0.01));
#1744=DIRECTION('',(-2.19202862326553E-15,-0.707106781186549,-0.707106781186546));
#1745=DIRECTION('',(0.816496580927726,0.408248290463861,-0.408248290463865));
#1746=DIRECTION('',(0.0,0.707106781186548,0.707106781186548));
#1747=CARTESIAN_POINT('',(0.0,-0.01,-1.81138814681098E-18));
#1748=DIRECTION('',(0.707106781186547,-0.707106781186548,8.27180612553026E-16));
#1749=DIRECTION('',(0.408248290463862,0.408248290463863,0.816496580927727));
#1750=CARTESIAN_POINT('',(0.0,-0.01,-1.2603850255144E-18));
#1751=DIRECTION('',(0.707106781186548,7.03103520670071E-16,-0.707106781186547));
#1752=DIRECTION('',(-0.408248290463862,-0.816496580927726,-0.408248290463864));
#1753=DIRECTION('',(-0.0,-0.707106781186548,-0.707106781186548));
#1754=CARTESIAN_POINT('',(-3.46944695195361E-18,0.0,0.01));
#1755=DIRECTION('',(-0.707106781186549,-0.707106781186546,1.4475660719678E-15));
#1756=DIRECTION('',(-0.408248290463861,0.408248290463865,0.816496580927726));
#1757=CARTESIAN_POINT('',(-3.46944695195361E-18,3.46944695195361E-18,0.01));
#1758=DIRECTION('',(-0.707106781186549,2.19202862326553E-15,-0.707106781186546));
#1759=DIRECTION('',(0.408248290463861,-0.816496580927726,-0.408248290463865));
#1760=DIRECTION('',(-0.707106781186548,0.0,-0.707106781186548));
#1761=CARTESIAN_POINT('',(3.46944695195361E-18,-3.46944695195361E-18,0.01));
#1762=DIRECTION('',(-5.2939559203393E-15,-0.707106781186545,-0.70710678118655));
#1763=DIRECTION('',(0.816496580927726,-0.408248290463868,0.408248290463858));
#1764=CARTESIAN_POINT('',(0.0,-3.46944695195361E-18,0.01));
#1765=DIRECTION('',(-0.707106781186549,-0.707106781186546,-4.83900658343516E-15));
#1766=DIRECTION('',(-0.408248290463859,0.408248290463866,-0.816496580927726));
#1767=DIRECTION('',(0.707106781186548,-0.0,0.707106781186548));
#1768=CARTESIAN_POINT('',(-0.01,0.0,-5.20417042793042E-18));
#1769=DIRECTION('',(-2.06795153138257E-16,0.707106781186546,-0.707106781186549));
#1770=DIRECTION('',(-0.816496580927726,-0.408248290463863,-0.408248290463862));
#1771=CARTESIAN_POINT('',(-0.01,0.0,-3.46944695195361E-18));
#1772=DIRECTION('',(-0.707106781186549,0.707106781186546,-1.69572025573371E-15));
#1773=DIRECTION('',(0.40824829046386,0.408248290463865,0.816496580927726));
#1774=DIRECTION('',(0.0,-0.707106781186548,0.707106781186548));
#1775=CARTESIAN_POINT('',(0.0,0.01,-1.20617491689012E-18));
#1776=DIRECTION('',(0.707106781186548,-8.27180612553024E-16,-0.707106781186547));
#1777=DIRECTION('',(0.408248290463862,-0.816496580927726,0.408248290463864));
#1778=CARTESIAN_POINT('',(0.0,0.01,7.66646708341687E-20));
#1779=DIRECTION('',(0.707106781186547,0.707106781186548,7.44462551297724E-16));
#1780=DIRECTION('',(-0.408248290463863,0.408248290463862,-0.816496580927727));
#1781=DIRECTION('',(-0.0,0.707106781186548,-0.707106781186548));
#1782=CARTESIAN_POINT('',(-3.46944695195361E-18,-3.46944695195361E-18,0.01));
#1783=DIRECTION('',(-0.707106781186549,-2.19202862326553E-15,-0.707106781186546));
#1784=DIRECTION('',(-0.408248290463861,-0.816496580927726,0.408248290463865));
#1785=DIRECTION('',(-0.707106781186548,0.707106781186548,0.0));
#1786=CARTESIAN_POINT('',(0.01,2.71050543121376E-20,2.71050543121376E-20));
#1787=DIRECTION('',(-0.707106781186548,-2.8951321439356E-16,-0.707106781186547));
#1788=DIRECTION('',(0.408248290463863,-0.816496580927726,-0.408248290463864));
#1789=DIRECTION('',(0.707106781186548,-0.707106781186548,-0.0));
#1790=CARTESIAN_POINT('',(-1.22650370762423E-18,0.01,-1.22650370762423E-18));
#1791=DIRECTION('',(2.89513214393559E-16,-0.707106781186549,-0.707106781186546));
#1792=DIRECTION('',(0.816496580927726,-0.408248290463863,0.408248290463864));
#1793=DIRECTION('',(-0.707106781186548,-0.707106781186548,0.0));
#1794=CARTESIAN_POINT('',(0.01,2.71050543121376E-20,-2.71050543121376E-20));
#1795=DIRECTION('',(-0.707106781186548,2.8951321439356E-16,-0.707106781186547));
#1796=DIRECTION('',(-0.408248290463863,-0.816496580927726,0.408248290463864));
#1797=CARTESIAN_POINT('',(0.01,0.0,0.0));
#1798=DIRECTION('',(0.0,-0.707106781186548,-0.707106781186548));
#1799=DIRECTION('',(0.816496580927726,0.408248290463863,-0.408248290463863));
#1800=DIRECTION('',(0.707106781186548,0.707106781186548,-0.0));
#1801=CARTESIAN_POINT('',(-3.46944695195361E-18,-0.01,-3.46944695195361E-18));
#1802=DIRECTION('',(2.06795153138256E-16,0.707106781186548,-0.707106781186547));
#1803=DIRECTION('',(-0.816496580927726,-0.408248290463863,-0.408248290463863));
#1804=DIRECTION('',(0.0,-0.707106781186548,-0.707106781186548));
#1805=CARTESIAN_POINT('',(-2.71050543121376E-20,0.01,2.71050543121376E-20));
#1806=DIRECTION('',(-0.707106781186547,-0.707106781186548,3.30872245021211E-16));
#1807=DIRECTION('',(0.408248290463864,-0.408248290463863,-0.816496580927726));
#1808=CARTESIAN_POINT('',(-1.73472347597681E-18,0.01,0.0));
#1809=DIRECTION('',(-0.707106781186546,-6.16249556351997E-15,-0.707106781186549));
#1810=DIRECTION('',(0.408248290463867,-0.816496580927726,-0.408248290463858));
#1811=DIRECTION('',(-0.0,0.707106781186548,0.707106781186548));
#1812=CARTESIAN_POINT('',(0.0,-3.46944695195361E-18,-0.01));
#1813=DIRECTION('',(0.707106781186546,-0.707106781186549,-1.4475660719678E-15));
#1814=DIRECTION('',(-0.408248290463865,-0.408248290463861,-0.816496580927726));
#1815=CARTESIAN_POINT('',(0.0,-3.46944695195361E-18,-0.01));
#1816=DIRECTION('',(0.707106781186549,4.34269821590335E-15,-0.707106781186547));
#1817=DIRECTION('',(0.408248290463859,0.816496580927726,0.408248290463866));
#1818=DIRECTION('',(-0.707106781186548,-0.707106781186548,0.0));
#1819=CARTESIAN_POINT('',(0.0,0.01,1.20370621524202E-35));
#1820=DIRECTION('',(-0.707106781186547,0.0,-0.707106781186548));
#1821=DIRECTION('',(-0.408248290463863,-0.816496580927726,0.408248290463863));
#1822=CARTESIAN_POINT('',(-2.71050543121376E-20,0.01,2.71050543121376E-20));
#1823=DIRECTION('',(2.8951321439356E-16,-0.707106781186548,-0.707106781186547));
#1824=DIRECTION('',(0.816496580927726,0.408248290463863,-0.408248290463864));
#1825=DIRECTION('',(0.707106781186548,0.707106781186548,-0.0));
#1826=CARTESIAN_POINT('',(-0.01,-3.46944695195361E-18,-3.46944695195361E-18));
#1827=DIRECTION('',(0.707106781186548,2.06795153138256E-16,-0.707106781186547));
#1828=DIRECTION('',(0.408248290463863,0.816496580927726,0.408248290463863));
#1829=DIRECTION('',(-0.707106781186548,0.0,0.707106781186548));
#1830=CARTESIAN_POINT('',(0.0,-3.46944695195361E-18,-0.01));
#1831=DIRECTION('',(-0.707106781186549,-0.707106781186546,5.12851979782871E-15));
#1832=DIRECTION('',(0.408248290463859,-0.408248290463866,-0.816496580927726));
#1833=CARTESIAN_POINT('',(-7.66646708341687E-20,0.0,-0.01));
#1834=DIRECTION('',(-7.44462551297724E-16,0.707106781186547,-0.707106781186548));
#1835=DIRECTION('',(0.816496580927727,-0.408248290463863,-0.408248290463862));
#1836=DIRECTION('',(0.707106781186548,-0.0,-0.707106781186548));
#1837=CARTESIAN_POINT('',(-0.01,-3.46944695195361E-18,3.46944695195361E-18));
#1838=DIRECTION('',(0.707106781186546,-0.707106781186549,2.19202862326553E-15));
#1839=DIRECTION('',(0.408248290463865,0.408248290463861,-0.816496580927726));
#1840=CARTESIAN_POINT('',(-0.01,-3.46944695195361E-18,0.0));
#1841=DIRECTION('',(9.92616735063631E-16,-0.707106781186548,-0.707106781186547));
#1842=DIRECTION('',(0.816496580927726,0.408248290463863,-0.408248290463862));
#1843=DIRECTION('',(-0.707106781186548,0.707106781186548,0.0));
#1844=CARTESIAN_POINT('',(3.46944695195361E-18,-0.01,-3.46944695195361E-18));
#1845=DIRECTION('',(-5.2939559203393E-15,0.70710678118655,-0.707106781186545));
#1846=DIRECTION('',(-0.816496580927726,0.408248290463858,0.408248290463868));
#1847=CARTESIAN_POINT('',(0.0,-0.01,0.0));
#1848=DIRECTION('',(-0.707106781186548,0.0,-0.707106781186548));
#1849=DIRECTION('',(0.408248290463863,-0.816496580927726,-0.408248290463863));
#1850=DIRECTION('',(0.707106781186548,-0.707106781186548,-0.0));
#1851=CARTESIAN_POINT('',(-0.01,0.0,-5.20417042793042E-18));
#1852=DIRECTION('',(-2.06795153138257E-16,-0.707106781186546,-0.707106781186549));
#1853=DIRECTION('',(-0.816496580927726,0.408248290463863,-0.408248290463862));
#1854=CARTESIAN_POINT('',(-0.01,3.46944695195361E-18,-3.46944695195361E-18));
#1855=DIRECTION('',(0.707106781186548,-2.06795153138256E-16,-0.707106781186547));
#1856=DIRECTION('',(-0.408248290463863,0.816496580927726,-0.408248290463863));
#1857=DIRECTION('',(-0.707106781186548,0.0,-0.707106781186548));
#1858=CARTESIAN_POINT('',(0.01,2.40741243048404E-35,0.0));
#1859=DIRECTION('',(1.24077091882954E-16,-0.707106781186548,-0.707106781186548));
#1860=DIRECTION('',(-0.816496580927726,0.408248290463863,-0.408248290463863));
#1861=CARTESIAN_POINT('',(0.01,2.71050543121376E-20,-2.71050543121376E-20));
#1862=DIRECTION('',(-0.707106781186548,-0.707106781186547,3.30872245021211E-16));
#1863=DIRECTION('',(0.408248290463863,-0.408248290463864,0.816496580927726));
#1864=DIRECTION('',(0.707106781186548,-0.0,0.707106781186548));
#1865=CARTESIAN_POINT('',(-3.46944695195361E-18,0.0,-0.01));
#1866=DIRECTION('',(4.34269821590335E-15,0.707106781186549,-0.707106781186547));
#1867=DIRECTION('',(-0.816496580927726,-0.408248290463859,-0.408248290463866));
#1868=DIRECTION('',(0.0,-0.707106781186548,0.707106781186548));
#1869=CARTESIAN_POINT('',(0.0,1.81138814681098E-18,-0.01));
#1870=DIRECTION('',(0.707106781186547,-8.27180612553026E-16,-0.707106781186548));
#1871=DIRECTION('',(0.408248290463862,-0.816496580927726,0.408248290463863));
#1872=CARTESIAN_POINT('',(-3.46944695195361E-18,0.0,-0.01));
#1873=DIRECTION('',(-0.707106781186546,-0.707106781186549,4.83900658343516E-15));
#1874=DIRECTION('',(0.408248290463866,-0.408248290463859,0.816496580927726));
#1875=DIRECTION('',(-0.0,0.707106781186548,-0.707106781186548));
#1876=CARTESIAN_POINT('',(-3.46944695195361E-18,-0.01,0.0));
#1877=DIRECTION('',(-0.707106781186548,9.92616735063631E-16,-0.707106781186547));
#1878=DIRECTION('',(-0.408248290463863,-0.816496580927726,0.408248290463862));
#1879=CARTESIAN_POINT('',(0.0,-0.01,3.46944695195361E-18));
#1880=DIRECTION('',(0.707106781186546,-0.707106781186549,1.69572025573371E-15));
#1881=DIRECTION('',(0.408248290463865,0.40824829046386,-0.816496580927726));
#1882=DIRECTION('',(0.707106781186547,0.707106781186547,0.0));
#1883=DIRECTION('',(1.0,-0.0,0.0));
#1884=DIRECTION('',(0.0,-1.0,0.0));
#1885=DIRECTION('',(-0.707106781186547,-0.707106781186547,-0.0));
#1886=DIRECTION('',(0.707106781186548,-0.707106781186548,-0.0));
#1887=DIRECTION('',(0.0,-1.0,0.0));
#1888=DIRECTION('',(-1.0,0.0,0.0));
#1889=DIRECTION('',(-0.707106781186548,0.707106781186548,0.0));
#1890=DIRECTION('',(-0.707106781186548,-0.707106781186548,-0.0));
#1891=DIRECTION('',(-1.0,0.0,0.0));
#1892=DIRECTION('',(0.0,1.0,0.0));
#1893=DIRECTION('',(0.707106781186548,0.707106781186548,0.0));
#1894=DIRECTION('',(-0.707106781186547,0.707106781186547,0.0));
#1895=DIRECTION('',(0.0,1.0,0.0));
#1896=DIRECTION('',(1.0,-0.0,0.0));
#1897=DIRECTION('',(0.707106781186547,-0.707106781186547,-0.0));
#1898=CARTESIAN_POINT('',(0.01,-0.01,-0.01));
#1899=DIRECTION('',(0.0,0.707106781186547,-0.707106781186547));
#1900=DIRECTION('',(0.816496580927726,-0.408248290463863,-0.408248290463863));
#1901=CARTESIAN_POINT('',(0.01,-0.01,-0.01));
#1902=DIRECTION('',(-0.70710678118655,4.96308367531811E-15,-0.707106781186545));
#1903=DIRECTION('',(-0.408248290463859,0.816496580927726,0.408248290463867));
#1904=CARTESIAN_POINT('',(-3.46944695195361E-18,0.0,-0.01));
#1905=DIRECTION('',(-1.69572025573371E-15,-0.707106781186546,-0.707106781186549));
#1906=DIRECTION('',(-0.816496580927727,0.408248290463865,-0.40824829046386));
#1907=DIRECTION('',(0.0,-0.707106781186547,-0.707106781186547));
#1908=DIRECTION('',(-0.0,-0.707106781186547,0.707106781186547));
#1909=DIRECTION('',(0.0,-0.0,-1.0));
#1910=DIRECTION('',(0.0,0.707106781186547,-0.707106781186547));
#1911=DIRECTION('',(-0.0,-0.707106781186547,-0.707106781186547));
#1912=DIRECTION('',(0.0,-0.0,-1.0));
#1913=DIRECTION('',(0.0,-1.0,0.0));
#1914=DIRECTION('',(0.0,0.707106781186547,0.707106781186547));
#1915=DIRECTION('',(-0.0,0.707106781186547,-0.707106781186547));
#1916=DIRECTION('',(0.0,-1.0,0.0));
#1917=DIRECTION('',(-0.0,0.0,1.0));
#1918=DIRECTION('',(0.0,-0.707106781186547,0.707106781186547));
#1919=DIRECTION('',(-0.0,0.707106781186547,0.707106781186547));
#1920=DIRECTION('',(-0.0,0.0,1.0));
#1921=CARTESIAN_POINT('',(0.01,0.01,-0.01));
#1922=DIRECTION('',(-0.707106781186544,7.44462551297738E-15,-0.707106781186551));
#1923=DIRECTION('',(0.40824829046387,0.816496580927726,-0.408248290463857));
#1924=CARTESIAN_POINT('',(0.01,0.01,-0.01));
#1925=DIRECTION('',(7.44462551297738E-15,-0.707106781186544,-0.707106781186551));
#1926=DIRECTION('',(-0.816496580927726,-0.40824829046387,0.408248290463857));
#1927=DIRECTION('',(0.707106781186548,-0.707106781186548,-0.0));
#1928=DIRECTION('',(-0.707106781186548,-0.707106781186548,0.0));
#1929=DIRECTION('',(1.0,-0.0,0.0));
#1930=DIRECTION('',(0.707106781186548,0.707106781186548,-0.0));
#1931=DIRECTION('',(0.707106781186548,-0.707106781186548,0.0));
#1932=DIRECTION('',(1.0,-0.0,0.0));
#1933=DIRECTION('',(0.0,1.0,0.0));
#1934=DIRECTION('',(-0.707106781186548,0.707106781186548,-0.0));
#1935=DIRECTION('',(0.707106781186548,0.707106781186548,0.0));
#1936=DIRECTION('',(0.0,1.0,0.0));
#1937=DIRECTION('',(-1.0,0.0,0.0));
#1938=DIRECTION('',(-0.707106781186548,-0.707106781186548,-0.0));
#1939=DIRECTION('',(-0.707106781186548,0.707106781186548,0.0));
#1940=DIRECTION('',(-1.0,0.0,0.0));
#1941=CARTESIAN_POINT('',(-3.46944695195361E-18,3.46944695195361E-18,0.01));
#1942=DIRECTION('',(-2.19202862326553E-15,0.707106781186549,-0.707106781186546));
#1943=DIRECTION('',(-0.816496580927726,0.408248290463861,0.408248290463865));
#1944=CARTESIAN_POINT('',(0.01,-0.01,0.01));
#1945=DIRECTION('',(0.707106781186549,-2.48154183765909E-15,-0.707106781186546));
#1946=DIRECTION('',(0.408248290463861,-0.816496580927726,0.408248290463865));
#1947=CARTESIAN_POINT('',(0.01,-0.01,0.01));
#1948=DIRECTION('',(0.0,-0.707106781186547,-0.707106781186547));
#1949=DIRECTION('',(-0.816496580927726,0.408248290463863,-0.408248290463863));
#1950=DIRECTION('',(0.707106781186548,0.0,0.707106781186548));
#1951=DIRECTION('',(0.707106781186548,-0.0,-0.707106781186548));
#1952=DIRECTION('',(-0.707106781186548,0.0,0.707106781186548));
#1953=DIRECTION('',(0.707106781186548,-0.0,0.707106781186548));
#1954=DIRECTION('',(-0.707106781186548,0.0,-0.707106781186548));
#1955=DIRECTION('',(-0.707106781186548,-0.0,0.707106781186548));
#1956=DIRECTION('',(-0.0,0.0,1.0));
#1957=DIRECTION('',(0.707106781186548,0.0,-0.707106781186548));
#1958=DIRECTION('',(-0.707106781186548,-0.0,-0.707106781186548));
#1959=DIRECTION('',(-0.0,0.0,1.0));
#1960=CARTESIAN_POINT('',(0.01,0.01,0.01));
#1961=DIRECTION('',(0.707106781186549,2.48154183765909E-15,-0.707106781186546));
#1962=DIRECTION('',(-0.408248290463861,-0.816496580927726,-0.408248290463865));
#1963=CARTESIAN_POINT('',(0.01,0.01,0.01));
#1964=DIRECTION('',(0.707106781186551,-0.707106781186544,7.44462551297738E-15));
#1965=DIRECTION('',(-0.408248290463857,-0.40824829046387,-0.816496580927726));
#1966=DIRECTION('',(-0.0,-0.707106781186548,0.707106781186548));
#1967=CARTESIAN_POINT('',(-0.01,0.0,-3.46944695195361E-18));
#1968=DIRECTION('',(-0.707106781186549,-0.707106781186546,-1.69572025573371E-15));
#1969=DIRECTION('',(0.40824829046386,-0.408248290463865,0.816496580927726));
#1970=DIRECTION('',(0.0,0.707106781186548,-0.707106781186548));
#1971=CARTESIAN_POINT('',(-0.01,-0.01,0.01));
#1972=DIRECTION('',(-0.707106781186547,0.0,-0.707106781186547));
#1973=DIRECTION('',(0.408248290463863,0.816496580927726,-0.408248290463863));
#1974=CARTESIAN_POINT('',(-0.01,-0.01,0.01));
#1975=DIRECTION('',(0.707106781186547,-0.707106781186547,0.0));
#1976=DIRECTION('',(-0.408248290463863,-0.408248290463863,0.816496580927726));
#1977=CARTESIAN_POINT('',(1.81138814681097E-18,-0.01,0.0));
#1978=DIRECTION('',(1.69572025573371E-15,-0.707106781186549,-0.707106781186546));
#1979=DIRECTION('',(-0.816496580927726,0.40824829046386,-0.408248290463865));
#1980=CARTESIAN_POINT('',(0.0,-0.01,3.46944695195361E-18));
#1981=DIRECTION('',(-0.707106781186546,-0.707106781186549,1.69572025573371E-15));
#1982=DIRECTION('',(-0.408248290463865,0.40824829046386,-0.816496580927726));
#1983=CARTESIAN_POINT('',(-0.01,-0.01,-0.01));
#1984=DIRECTION('',(0.0,0.707106781186547,-0.707106781186547));
#1985=DIRECTION('',(0.816496580927726,0.408248290463863,0.408248290463863));
#1986=CARTESIAN_POINT('',(-0.01,-0.01,-0.01));
#1987=DIRECTION('',(0.707106781186547,-0.707106781186547,0.0));
#1988=DIRECTION('',(0.408248290463863,0.408248290463863,0.816496580927726));
#1989=CARTESIAN_POINT('',(-0.01,-0.01,0.01));
#1990=DIRECTION('',(0.0,-0.707106781186547,-0.707106781186547));
#1991=DIRECTION('',(-0.816496580927726,-0.408248290463863,0.408248290463863));
#1992=CARTESIAN_POINT('',(0.0,-0.01,-1.81138814681098E-18));
#1993=DIRECTION('',(-0.707106781186547,-0.707106781186548,8.27180612553026E-16));
#1994=DIRECTION('',(-0.408248290463862,0.408248290463863,0.816496580927727));
#1995=CARTESIAN_POINT('',(0.01,-0.01,0.01));
#1996=DIRECTION('',(-0.70710678118655,-0.707106781186545,-4.96308367531812E-15));
#1997=DIRECTION('',(-0.408248290463859,0.408248290463867,-0.816496580927726));
#1998=CARTESIAN_POINT('',(0.01,0.0,-7.66646708341687E-20));
#1999=DIRECTION('',(0.707106781186548,-0.707106781186547,6.2038545941477E-16));
#2000=DIRECTION('',(-0.408248290463862,-0.408248290463863,0.816496580927726));
#2001=CARTESIAN_POINT('',(0.0,1.81138814681098E-18,-0.01));
#2002=DIRECTION('',(-0.707106781186547,-8.27180612553026E-16,-0.707106781186548));
#2003=DIRECTION('',(-0.408248290463862,-0.816496580927726,0.408248290463863));
#2004=CARTESIAN_POINT('',(1.65805880514264E-18,0.0,-0.01));
#2005=DIRECTION('',(-8.27180612553026E-16,-0.707106781186547,-0.707106781186548));
#2006=DIRECTION('',(0.816496580927726,0.408248290463862,-0.408248290463863));
#2007=CARTESIAN_POINT('',(-0.01,-0.01,-0.01));
#2008=DIRECTION('',(0.707106781186547,0.0,-0.707106781186547));
#2009=DIRECTION('',(-0.408248290463863,-0.816496580927726,-0.408248290463863));
#2010=CARTESIAN_POINT('',(1.31459513413867E-18,-0.01,0.0));
#2011=DIRECTION('',(0.707106781186547,7.85821581925373E-16,-0.707106781186548));
#2012=DIRECTION('',(0.408248290463864,-0.816496580927726,0.408248290463862));
#2013=CARTESIAN_POINT('',(-5.42101086242752E-20,0.0,-0.01));
#2014=DIRECTION('',(0.707106781186548,-0.707106781186547,-8.27180612553026E-17));
#2015=DIRECTION('',(-0.408248290463863,-0.408248290463863,0.816496580927726));
#2016=CARTESIAN_POINT('',(0.01,0.0,-7.66646708341687E-20));
#2017=DIRECTION('',(0.707106781186548,-0.707106781186547,-7.44462551297724E-16));
#2018=DIRECTION('',(0.408248290463862,0.408248290463863,0.816496580927727));
#2019=CARTESIAN_POINT('',(0.01,5.42101086242752E-20,0.0));
#2020=DIRECTION('',(4.13590306276513E-17,0.707106781186547,-0.707106781186548));
#2021=DIRECTION('',(0.816496580927726,0.408248290463863,0.408248290463863));
#2022=CARTESIAN_POINT('',(-0.01,3.46944695195361E-18,0.0));
#2023=DIRECTION('',(-0.707106781186549,1.69572025573371E-15,-0.707106781186546));
#2024=DIRECTION('',(0.40824829046386,-0.816496580927726,-0.408248290463865));
#2025=CARTESIAN_POINT('',(-0.01,3.46944695195361E-18,0.0));
#2026=DIRECTION('',(9.92616735063631E-16,0.707106781186548,-0.707106781186547));
#2027=DIRECTION('',(-0.816496580927726,0.408248290463863,0.408248290463862));
#2028=CARTESIAN_POINT('',(-3.46944695195361E-18,-0.01,0.0));
#2029=DIRECTION('',(-1.69572025573371E-15,-0.707106781186549,-0.707106781186546));
#2030=DIRECTION('',(0.816496580927726,0.40824829046386,-0.408248290463865));
#2031=CARTESIAN_POINT('',(0.01,-0.01,-0.01));
#2032=DIRECTION('',(-0.70710678118655,-0.707106781186545,4.96308367531812E-15));
#2033=DIRECTION('',(0.408248290463859,-0.408248290463867,-0.816496580927726));
#2034=CARTESIAN_POINT('',(-0.01,0.0,3.46944695195361E-18));
#2035=DIRECTION('',(-0.707106781186549,-0.707106781186546,1.69572025573371E-15));
#2036=DIRECTION('',(-0.40824829046386,0.408248290463865,0.816496580927726));
#2037=DIRECTION('',(-0.0,-0.707106781186548,-0.707106781186548));
#2038=DIRECTION('',(0.0,0.707106781186548,0.707106781186548));
#2039=CARTESIAN_POINT('',(-0.01,-3.46944695195361E-18,0.0));
#2040=DIRECTION('',(-0.707106781186549,-1.69572025573371E-15,-0.707106781186546));
#2041=DIRECTION('',(-0.40824829046386,-0.816496580927726,0.408248290463865));
#2042=CARTESIAN_POINT('',(-7.66646708341687E-20,0.01,0.0));
#2043=DIRECTION('',(-7.03103520670072E-16,0.707106781186548,-0.707106781186547));
#2044=DIRECTION('',(0.816496580927726,0.408248290463862,0.408248290463863));
#2045=CARTESIAN_POINT('',(-5.42101086242752E-20,0.01,0.0));
#2046=DIRECTION('',(0.707106781186548,1.65436122510605E-16,-0.707106781186548));
#2047=DIRECTION('',(-0.408248290463863,-0.816496580927726,-0.408248290463863));
#2048=CARTESIAN_POINT('',(0.0,-3.46944695195361E-18,-0.01));
#2049=DIRECTION('',(-0.707106781186549,4.34269821590335E-15,-0.707106781186547));
#2050=DIRECTION('',(-0.408248290463859,0.816496580927726,0.408248290463866));
#2051=CARTESIAN_POINT('',(2.71050543121376E-20,0.01,2.71050543121376E-20));
#2052=DIRECTION('',(0.707106781186547,-0.707106781186548,2.8951321439356E-16));
#2053=DIRECTION('',(0.408248290463864,0.408248290463863,0.816496580927726));
#2054=DIRECTION('',(-0.707106781186547,-0.0,0.707106781186547));
#2055=CARTESIAN_POINT('',(-3.46944695195361E-18,0.01,0.0));
#2056=DIRECTION('',(3.8877488789992E-15,0.707106781186547,-0.707106781186548));
#2057=DIRECTION('',(-0.816496580927726,0.408248290463865,0.40824829046386));
#2058=DIRECTION('',(0.707106781186547,0.0,-0.707106781186547));
#2059=CARTESIAN_POINT('',(0.01,0.01,-0.01));
#2060=DIRECTION('',(0.707106781186551,-0.707106781186544,-7.44462551297738E-15));
#2061=DIRECTION('',(0.408248290463857,0.40824829046387,-0.816496580927726));
#2062=CARTESIAN_POINT('',(0.01,7.66646708341687E-20,0.0));
#2063=DIRECTION('',(0.707106781186548,-6.2038545941477E-16,-0.707106781186547));
#2064=DIRECTION('',(-0.408248290463862,-0.816496580927726,-0.408248290463863));
#2065=CARTESIAN_POINT('',(0.01,7.66646708341687E-20,0.0));
#2066=DIRECTION('',(0.707106781186548,7.03103520670072E-16,-0.707106781186547));
#2067=DIRECTION('',(0.408248290463862,-0.816496580927726,0.408248290463863));
#2068=CARTESIAN_POINT('',(3.46944695195361E-18,-3.46944695195361E-18,0.01));
#2069=DIRECTION('',(0.707106781186549,-2.19202862326553E-15,-0.707106781186546));
#2070=DIRECTION('',(-0.408248290463861,0.816496580927726,-0.408248290463865));
#2071=CARTESIAN_POINT('',(0.0,0.01,7.66646708341687E-20));
#2072=DIRECTION('',(-0.707106781186547,0.707106781186548,7.44462551297724E-16));
#2073=DIRECTION('',(0.408248290463863,0.408248290463862,-0.816496580927727));
#2074=CARTESIAN_POINT('',(1.31459513413867E-18,0.0,0.01));
#2075=DIRECTION('',(0.707106781186547,-0.707106781186548,-8.27180612553024E-16));
#2076=DIRECTION('',(0.408248290463864,0.408248290463862,0.816496580927726));
#2077=CARTESIAN_POINT('',(3.46944695195361E-18,3.46944695195361E-18,0.01));
#2078=DIRECTION('',(-5.2939559203393E-15,0.707106781186545,-0.70710678118655));
#2079=DIRECTION('',(-0.816496580927726,-0.408248290463868,-0.408248290463858));
#2080=CARTESIAN_POINT('',(3.46944695195361E-18,3.46944695195361E-18,0.01));
#2081=DIRECTION('',(0.707106781186549,2.19202862326553E-15,-0.707106781186546));
#2082=DIRECTION('',(0.408248290463861,0.816496580927726,0.408248290463865));
#2083=DIRECTION('',(-0.707106781186547,0.0,-0.707106781186547));
#2084=CARTESIAN_POINT('',(-0.01,0.01,-0.01));
#2085=DIRECTION('',(-0.707106781186545,-0.70710678118655,4.96308367531812E-15));
#2086=DIRECTION('',(0.408248290463867,-0.408248290463859,0.816496580927726));
#2087=CARTESIAN_POINT('',(-0.01,0.01,-0.01));
#2088=DIRECTION('',(-7.44462551297738E-15,-0.707106781186544,-0.707106781186551));
#2089=DIRECTION('',(-0.816496580927726,0.40824829046387,-0.408248290463857));
#2090=DIRECTION('',(0.707106781186547,-0.0,0.707106781186547));
#2091=CARTESIAN_POINT('',(-0.01,0.01,-0.01));
#2092=DIRECTION('',(0.707106781186546,2.48154183765909E-15,-0.707106781186549));
#2093=DIRECTION('',(0.408248290463865,-0.816496580927726,0.408248290463861));
#2094=DIRECTION('',(0.0,-0.707106781186548,0.707106781186548));
#2095=DIRECTION('',(-0.0,0.707106781186548,-0.707106781186548));
#2096=DIRECTION('',(-0.707106781186547,0.0,0.707106781186547));
#2097=CARTESIAN_POINT('',(-0.01,0.01,0.01));
#2098=DIRECTION('',(-2.48154183765909E-15,0.707106781186549,-0.707106781186546));
#2099=DIRECTION('',(0.816496580927726,-0.408248290463861,-0.408248290463865));
#2100=CARTESIAN_POINT('',(-0.01,0.01,0.01));
#2101=DIRECTION('',(-0.707106781186545,-0.70710678118655,-4.96308367531812E-15));
#2102=DIRECTION('',(-0.408248290463867,0.408248290463859,0.816496580927726));
#2103=DIRECTION('',(0.707106781186547,-0.0,-0.707106781186547));
#2104=DIRECTION('',(-0.707106781186547,-0.0,-0.707106781186547));
#2105=DIRECTION('',(0.707106781186547,0.0,0.707106781186547));
#2106=CARTESIAN_POINT('',(0.01,0.01,0.01));
#2107=DIRECTION('',(2.48154183765909E-15,0.707106781186549,-0.707106781186546));
#2108=DIRECTION('',(0.816496580927726,0.408248290463861,0.408248290463865));
#2109=DIRECTION('',(0.0,-0.707106781186548,-0.707106781186548));
#2110=CARTESIAN_POINT('',(-0.01,0.01,0.01));
#2111=DIRECTION('',(-0.707106781186547,0.0,-0.707106781186547));
#2112=DIRECTION('',(-0.408248290463863,0.816496580927726,0.408248290463863));
#2113=DIRECTION('',(-0.0,0.707106781186548,0.707106781186548));
#2114=DIRECTION('',(0.0,-0.0,-1.0));
#2115=DIRECTION('',(0.0,-0.0,-1.0));
#2116=PRESENTATION_LAYER_ASSIGNMENT('9','\X2\56FE5C42\X0\0',(#25));
ENDSEC;
END-ISO-10303-21;
